[2025-07-06T09:02:57.685+0000] {processor.py:161} INFO - Started process (PID=8337) to work on /opt/airflow/dags/trustpilot_dag.py
[2025-07-06T09:02:57.687+0000] {processor.py:830} INFO - Processing file /opt/airflow/dags/trustpilot_dag.py for tasks to queue
[2025-07-06T09:02:57.690+0000] {logging_mixin.py:188} INFO - [2025-07-06T09:02:57.689+0000] {dagbag.py:545} INFO - Filling up the DagBag from /opt/airflow/dags/trustpilot_dag.py
[2025-07-06T09:02:59.137+0000] {logging_mixin.py:188} INFO - 📁 Fichier .env chargé
[2025-07-06T09:02:59.138+0000] {logging_mixin.py:188} INFO - 👉 Mode scraping : prod
[2025-07-06T09:02:59.138+0000] {logging_mixin.py:188} INFO - 👉 Fichier d’entrée : data/verbatims_test.csv
[2025-07-06T09:02:59.145+0000] {processor.py:840} INFO - DAG(s) 'trustpilot_pipeline' retrieved from /opt/airflow/dags/trustpilot_dag.py
[2025-07-06T09:02:59.175+0000] {logging_mixin.py:188} INFO - [2025-07-06T09:02:59.174+0000] {dag.py:3096} INFO - Sync 1 DAGs
[2025-07-06T09:02:59.313+0000] {logging_mixin.py:188} INFO - [2025-07-06T09:02:59.313+0000] {dag.py:3954} INFO - Setting next_dagrun for trustpilot_pipeline to None, run_after=None
[2025-07-06T09:02:59.333+0000] {processor.py:183} INFO - Processing /opt/airflow/dags/trustpilot_dag.py took 1.662 seconds
[2025-07-06T09:03:29.465+0000] {processor.py:161} INFO - Started process (PID=8343) to work on /opt/airflow/dags/trustpilot_dag.py
[2025-07-06T09:03:29.467+0000] {processor.py:830} INFO - Processing file /opt/airflow/dags/trustpilot_dag.py for tasks to queue
[2025-07-06T09:03:29.469+0000] {logging_mixin.py:188} INFO - [2025-07-06T09:03:29.469+0000] {dagbag.py:545} INFO - Filling up the DagBag from /opt/airflow/dags/trustpilot_dag.py
[2025-07-06T09:03:31.043+0000] {logging_mixin.py:188} INFO - 📁 Fichier .env chargé
[2025-07-06T09:03:31.043+0000] {logging_mixin.py:188} INFO - 👉 Mode scraping : prod
[2025-07-06T09:03:31.043+0000] {logging_mixin.py:188} INFO - 👉 Fichier d’entrée : data/verbatims_test.csv
[2025-07-06T09:03:31.050+0000] {processor.py:840} INFO - DAG(s) 'trustpilot_pipeline' retrieved from /opt/airflow/dags/trustpilot_dag.py
[2025-07-06T09:03:31.196+0000] {logging_mixin.py:188} INFO - [2025-07-06T09:03:31.196+0000] {dag.py:3096} INFO - Sync 1 DAGs
[2025-07-06T09:03:31.212+0000] {logging_mixin.py:188} INFO - [2025-07-06T09:03:31.211+0000] {dag.py:3954} INFO - Setting next_dagrun for trustpilot_pipeline to None, run_after=None
[2025-07-06T09:03:31.232+0000] {processor.py:183} INFO - Processing /opt/airflow/dags/trustpilot_dag.py took 1.776 seconds
[2025-07-06T09:04:01.350+0000] {processor.py:161} INFO - Started process (PID=8349) to work on /opt/airflow/dags/trustpilot_dag.py
[2025-07-06T09:04:01.351+0000] {processor.py:830} INFO - Processing file /opt/airflow/dags/trustpilot_dag.py for tasks to queue
[2025-07-06T09:04:01.354+0000] {logging_mixin.py:188} INFO - [2025-07-06T09:04:01.353+0000] {dagbag.py:545} INFO - Filling up the DagBag from /opt/airflow/dags/trustpilot_dag.py
[2025-07-06T09:04:02.939+0000] {logging_mixin.py:188} INFO - 📁 Fichier .env chargé
[2025-07-06T09:04:02.940+0000] {logging_mixin.py:188} INFO - 👉 Mode scraping : prod
[2025-07-06T09:04:02.940+0000] {logging_mixin.py:188} INFO - 👉 Fichier d’entrée : data/verbatims_test.csv
[2025-07-06T09:04:02.949+0000] {processor.py:840} INFO - DAG(s) 'trustpilot_pipeline' retrieved from /opt/airflow/dags/trustpilot_dag.py
[2025-07-06T09:04:03.096+0000] {logging_mixin.py:188} INFO - [2025-07-06T09:04:03.095+0000] {dag.py:3096} INFO - Sync 1 DAGs
[2025-07-06T09:04:03.112+0000] {logging_mixin.py:188} INFO - [2025-07-06T09:04:03.111+0000] {dag.py:3954} INFO - Setting next_dagrun for trustpilot_pipeline to None, run_after=None
[2025-07-06T09:04:03.131+0000] {processor.py:183} INFO - Processing /opt/airflow/dags/trustpilot_dag.py took 1.790 seconds
[2025-07-06T09:04:33.256+0000] {processor.py:161} INFO - Started process (PID=8355) to work on /opt/airflow/dags/trustpilot_dag.py
[2025-07-06T09:04:33.257+0000] {processor.py:830} INFO - Processing file /opt/airflow/dags/trustpilot_dag.py for tasks to queue
[2025-07-06T09:04:33.259+0000] {logging_mixin.py:188} INFO - [2025-07-06T09:04:33.259+0000] {dagbag.py:545} INFO - Filling up the DagBag from /opt/airflow/dags/trustpilot_dag.py
[2025-07-06T09:04:34.839+0000] {logging_mixin.py:188} INFO - 📁 Fichier .env chargé
[2025-07-06T09:04:34.840+0000] {logging_mixin.py:188} INFO - 👉 Mode scraping : prod
[2025-07-06T09:04:34.840+0000] {logging_mixin.py:188} INFO - 👉 Fichier d’entrée : data/verbatims_test.csv
[2025-07-06T09:04:34.847+0000] {processor.py:840} INFO - DAG(s) 'trustpilot_pipeline' retrieved from /opt/airflow/dags/trustpilot_dag.py
[2025-07-06T09:04:34.876+0000] {logging_mixin.py:188} INFO - [2025-07-06T09:04:34.875+0000] {dag.py:3096} INFO - Sync 1 DAGs
[2025-07-06T09:04:34.891+0000] {logging_mixin.py:188} INFO - [2025-07-06T09:04:34.891+0000] {dag.py:3954} INFO - Setting next_dagrun for trustpilot_pipeline to None, run_after=None
[2025-07-06T09:04:34.910+0000] {processor.py:183} INFO - Processing /opt/airflow/dags/trustpilot_dag.py took 1.663 seconds
[2025-07-06T09:05:05.047+0000] {processor.py:161} INFO - Started process (PID=8361) to work on /opt/airflow/dags/trustpilot_dag.py
[2025-07-06T09:05:05.048+0000] {processor.py:830} INFO - Processing file /opt/airflow/dags/trustpilot_dag.py for tasks to queue
[2025-07-06T09:05:05.050+0000] {logging_mixin.py:188} INFO - [2025-07-06T09:05:05.050+0000] {dagbag.py:545} INFO - Filling up the DagBag from /opt/airflow/dags/trustpilot_dag.py
[2025-07-06T09:05:06.616+0000] {logging_mixin.py:188} INFO - 📁 Fichier .env chargé
[2025-07-06T09:05:06.617+0000] {logging_mixin.py:188} INFO - 👉 Mode scraping : prod
[2025-07-06T09:05:06.617+0000] {logging_mixin.py:188} INFO - 👉 Fichier d’entrée : data/verbatims_test.csv
[2025-07-06T09:05:06.624+0000] {processor.py:840} INFO - DAG(s) 'trustpilot_pipeline' retrieved from /opt/airflow/dags/trustpilot_dag.py
[2025-07-06T09:05:06.656+0000] {logging_mixin.py:188} INFO - [2025-07-06T09:05:06.655+0000] {dag.py:3096} INFO - Sync 1 DAGs
[2025-07-06T09:05:06.673+0000] {logging_mixin.py:188} INFO - [2025-07-06T09:05:06.673+0000] {dag.py:3954} INFO - Setting next_dagrun for trustpilot_pipeline to None, run_after=None
[2025-07-06T09:05:06.694+0000] {processor.py:183} INFO - Processing /opt/airflow/dags/trustpilot_dag.py took 1.656 seconds
[2025-07-06T09:05:36.824+0000] {processor.py:161} INFO - Started process (PID=8367) to work on /opt/airflow/dags/trustpilot_dag.py
[2025-07-06T09:05:36.825+0000] {processor.py:830} INFO - Processing file /opt/airflow/dags/trustpilot_dag.py for tasks to queue
[2025-07-06T09:05:36.827+0000] {logging_mixin.py:188} INFO - [2025-07-06T09:05:36.826+0000] {dagbag.py:545} INFO - Filling up the DagBag from /opt/airflow/dags/trustpilot_dag.py
[2025-07-06T09:05:38.418+0000] {logging_mixin.py:188} INFO - 📁 Fichier .env chargé
[2025-07-06T09:05:38.418+0000] {logging_mixin.py:188} INFO - 👉 Mode scraping : prod
[2025-07-06T09:05:38.418+0000] {logging_mixin.py:188} INFO - 👉 Fichier d’entrée : data/verbatims_test.csv
[2025-07-06T09:05:38.426+0000] {processor.py:840} INFO - DAG(s) 'trustpilot_pipeline' retrieved from /opt/airflow/dags/trustpilot_dag.py
[2025-07-06T09:05:38.454+0000] {logging_mixin.py:188} INFO - [2025-07-06T09:05:38.454+0000] {dag.py:3096} INFO - Sync 1 DAGs
[2025-07-06T09:05:38.472+0000] {logging_mixin.py:188} INFO - [2025-07-06T09:05:38.471+0000] {dag.py:3954} INFO - Setting next_dagrun for trustpilot_pipeline to None, run_after=None
[2025-07-06T09:05:38.612+0000] {processor.py:183} INFO - Processing /opt/airflow/dags/trustpilot_dag.py took 1.798 seconds
[2025-07-06T09:06:08.733+0000] {processor.py:161} INFO - Started process (PID=8373) to work on /opt/airflow/dags/trustpilot_dag.py
[2025-07-06T09:06:08.734+0000] {processor.py:830} INFO - Processing file /opt/airflow/dags/trustpilot_dag.py for tasks to queue
[2025-07-06T09:06:08.736+0000] {logging_mixin.py:188} INFO - [2025-07-06T09:06:08.736+0000] {dagbag.py:545} INFO - Filling up the DagBag from /opt/airflow/dags/trustpilot_dag.py
[2025-07-06T09:06:10.346+0000] {logging_mixin.py:188} INFO - 📁 Fichier .env chargé
[2025-07-06T09:06:10.347+0000] {logging_mixin.py:188} INFO - 👉 Mode scraping : prod
[2025-07-06T09:06:10.347+0000] {logging_mixin.py:188} INFO - 👉 Fichier d’entrée : data/verbatims_test.csv
[2025-07-06T09:06:10.354+0000] {processor.py:840} INFO - DAG(s) 'trustpilot_pipeline' retrieved from /opt/airflow/dags/trustpilot_dag.py
[2025-07-06T09:06:10.385+0000] {logging_mixin.py:188} INFO - [2025-07-06T09:06:10.384+0000] {dag.py:3096} INFO - Sync 1 DAGs
[2025-07-06T09:06:10.521+0000] {logging_mixin.py:188} INFO - [2025-07-06T09:06:10.520+0000] {dag.py:3954} INFO - Setting next_dagrun for trustpilot_pipeline to None, run_after=None
[2025-07-06T09:06:10.541+0000] {processor.py:183} INFO - Processing /opt/airflow/dags/trustpilot_dag.py took 1.817 seconds
[2025-07-06T09:06:40.649+0000] {processor.py:161} INFO - Started process (PID=8379) to work on /opt/airflow/dags/trustpilot_dag.py
[2025-07-06T09:06:40.650+0000] {processor.py:830} INFO - Processing file /opt/airflow/dags/trustpilot_dag.py for tasks to queue
[2025-07-06T09:06:40.652+0000] {logging_mixin.py:188} INFO - [2025-07-06T09:06:40.651+0000] {dagbag.py:545} INFO - Filling up the DagBag from /opt/airflow/dags/trustpilot_dag.py
[2025-07-06T09:06:42.265+0000] {logging_mixin.py:188} INFO - 📁 Fichier .env chargé
[2025-07-06T09:06:42.265+0000] {logging_mixin.py:188} INFO - 👉 Mode scraping : prod
[2025-07-06T09:06:42.265+0000] {logging_mixin.py:188} INFO - 👉 Fichier d’entrée : data/verbatims_test.csv
[2025-07-06T09:06:42.273+0000] {processor.py:840} INFO - DAG(s) 'trustpilot_pipeline' retrieved from /opt/airflow/dags/trustpilot_dag.py
[2025-07-06T09:06:42.426+0000] {logging_mixin.py:188} INFO - [2025-07-06T09:06:42.425+0000] {dag.py:3096} INFO - Sync 1 DAGs
[2025-07-06T09:06:42.443+0000] {logging_mixin.py:188} INFO - [2025-07-06T09:06:42.443+0000] {dag.py:3954} INFO - Setting next_dagrun for trustpilot_pipeline to None, run_after=None
[2025-07-06T09:06:42.464+0000] {processor.py:183} INFO - Processing /opt/airflow/dags/trustpilot_dag.py took 1.824 seconds
[2025-07-06T09:07:12.594+0000] {processor.py:161} INFO - Started process (PID=8385) to work on /opt/airflow/dags/trustpilot_dag.py
[2025-07-06T09:07:12.595+0000] {processor.py:830} INFO - Processing file /opt/airflow/dags/trustpilot_dag.py for tasks to queue
[2025-07-06T09:07:12.597+0000] {logging_mixin.py:188} INFO - [2025-07-06T09:07:12.596+0000] {dagbag.py:545} INFO - Filling up the DagBag from /opt/airflow/dags/trustpilot_dag.py
[2025-07-06T09:07:14.206+0000] {logging_mixin.py:188} INFO - 📁 Fichier .env chargé
[2025-07-06T09:07:14.206+0000] {logging_mixin.py:188} INFO - 👉 Mode scraping : prod
[2025-07-06T09:07:14.207+0000] {logging_mixin.py:188} INFO - 👉 Fichier d’entrée : data/verbatims_test.csv
[2025-07-06T09:07:14.216+0000] {processor.py:840} INFO - DAG(s) 'trustpilot_pipeline' retrieved from /opt/airflow/dags/trustpilot_dag.py
[2025-07-06T09:07:14.369+0000] {logging_mixin.py:188} INFO - [2025-07-06T09:07:14.368+0000] {dag.py:3096} INFO - Sync 1 DAGs
[2025-07-06T09:07:14.385+0000] {logging_mixin.py:188} INFO - [2025-07-06T09:07:14.384+0000] {dag.py:3954} INFO - Setting next_dagrun for trustpilot_pipeline to None, run_after=None
[2025-07-06T09:07:14.406+0000] {processor.py:183} INFO - Processing /opt/airflow/dags/trustpilot_dag.py took 1.821 seconds
[2025-07-06T09:07:44.542+0000] {processor.py:161} INFO - Started process (PID=8391) to work on /opt/airflow/dags/trustpilot_dag.py
[2025-07-06T09:07:44.544+0000] {processor.py:830} INFO - Processing file /opt/airflow/dags/trustpilot_dag.py for tasks to queue
[2025-07-06T09:07:44.546+0000] {logging_mixin.py:188} INFO - [2025-07-06T09:07:44.545+0000] {dagbag.py:545} INFO - Filling up the DagBag from /opt/airflow/dags/trustpilot_dag.py
[2025-07-06T09:07:46.203+0000] {logging_mixin.py:188} INFO - 📁 Fichier .env chargé
[2025-07-06T09:07:46.204+0000] {logging_mixin.py:188} INFO - 👉 Mode scraping : prod
[2025-07-06T09:07:46.205+0000] {logging_mixin.py:188} INFO - 👉 Fichier d’entrée : data/verbatims_test.csv
[2025-07-06T09:07:46.213+0000] {processor.py:840} INFO - DAG(s) 'trustpilot_pipeline' retrieved from /opt/airflow/dags/trustpilot_dag.py
[2025-07-06T09:07:46.243+0000] {logging_mixin.py:188} INFO - [2025-07-06T09:07:46.242+0000] {dag.py:3096} INFO - Sync 1 DAGs
[2025-07-06T09:07:46.259+0000] {logging_mixin.py:188} INFO - [2025-07-06T09:07:46.259+0000] {dag.py:3954} INFO - Setting next_dagrun for trustpilot_pipeline to None, run_after=None
[2025-07-06T09:07:46.280+0000] {processor.py:183} INFO - Processing /opt/airflow/dags/trustpilot_dag.py took 1.747 seconds
[2025-07-06T09:08:16.410+0000] {processor.py:161} INFO - Started process (PID=8397) to work on /opt/airflow/dags/trustpilot_dag.py
[2025-07-06T09:08:16.411+0000] {processor.py:830} INFO - Processing file /opt/airflow/dags/trustpilot_dag.py for tasks to queue
[2025-07-06T09:08:16.413+0000] {logging_mixin.py:188} INFO - [2025-07-06T09:08:16.413+0000] {dagbag.py:545} INFO - Filling up the DagBag from /opt/airflow/dags/trustpilot_dag.py
[2025-07-06T09:08:18.040+0000] {logging_mixin.py:188} INFO - 📁 Fichier .env chargé
[2025-07-06T09:08:18.040+0000] {logging_mixin.py:188} INFO - 👉 Mode scraping : prod
[2025-07-06T09:08:18.040+0000] {logging_mixin.py:188} INFO - 👉 Fichier d’entrée : data/verbatims_test.csv
[2025-07-06T09:08:18.048+0000] {processor.py:840} INFO - DAG(s) 'trustpilot_pipeline' retrieved from /opt/airflow/dags/trustpilot_dag.py
[2025-07-06T09:08:18.077+0000] {logging_mixin.py:188} INFO - [2025-07-06T09:08:18.077+0000] {dag.py:3096} INFO - Sync 1 DAGs
[2025-07-06T09:08:18.094+0000] {logging_mixin.py:188} INFO - [2025-07-06T09:08:18.093+0000] {dag.py:3954} INFO - Setting next_dagrun for trustpilot_pipeline to None, run_after=None
[2025-07-06T09:08:18.115+0000] {processor.py:183} INFO - Processing /opt/airflow/dags/trustpilot_dag.py took 1.716 seconds
[2025-07-06T09:08:48.236+0000] {processor.py:161} INFO - Started process (PID=8403) to work on /opt/airflow/dags/trustpilot_dag.py
[2025-07-06T09:08:48.237+0000] {processor.py:830} INFO - Processing file /opt/airflow/dags/trustpilot_dag.py for tasks to queue
[2025-07-06T09:08:48.239+0000] {logging_mixin.py:188} INFO - [2025-07-06T09:08:48.239+0000] {dagbag.py:545} INFO - Filling up the DagBag from /opt/airflow/dags/trustpilot_dag.py
[2025-07-06T09:08:49.714+0000] {logging_mixin.py:188} INFO - 📁 Fichier .env chargé
[2025-07-06T09:08:49.714+0000] {logging_mixin.py:188} INFO - 👉 Mode scraping : prod
[2025-07-06T09:08:49.715+0000] {logging_mixin.py:188} INFO - 👉 Fichier d’entrée : data/verbatims_test.csv
[2025-07-06T09:08:49.719+0000] {processor.py:840} INFO - DAG(s) 'trustpilot_pipeline' retrieved from /opt/airflow/dags/trustpilot_dag.py
[2025-07-06T09:08:49.739+0000] {logging_mixin.py:188} INFO - [2025-07-06T09:08:49.738+0000] {dag.py:3096} INFO - Sync 1 DAGs
[2025-07-06T09:08:49.858+0000] {logging_mixin.py:188} INFO - [2025-07-06T09:08:49.858+0000] {dag.py:3954} INFO - Setting next_dagrun for trustpilot_pipeline to None, run_after=None
[2025-07-06T09:08:49.872+0000] {processor.py:183} INFO - Processing /opt/airflow/dags/trustpilot_dag.py took 1.645 seconds
[2025-07-06T09:09:19.996+0000] {processor.py:161} INFO - Started process (PID=8409) to work on /opt/airflow/dags/trustpilot_dag.py
[2025-07-06T09:09:19.997+0000] {processor.py:830} INFO - Processing file /opt/airflow/dags/trustpilot_dag.py for tasks to queue
[2025-07-06T09:09:20.000+0000] {logging_mixin.py:188} INFO - [2025-07-06T09:09:19.999+0000] {dagbag.py:545} INFO - Filling up the DagBag from /opt/airflow/dags/trustpilot_dag.py
[2025-07-06T09:09:21.612+0000] {logging_mixin.py:188} INFO - 📁 Fichier .env chargé
[2025-07-06T09:09:21.612+0000] {logging_mixin.py:188} INFO - 👉 Mode scraping : prod
[2025-07-06T09:09:21.612+0000] {logging_mixin.py:188} INFO - 👉 Fichier d’entrée : data/verbatims_test.csv
[2025-07-06T09:09:21.620+0000] {processor.py:840} INFO - DAG(s) 'trustpilot_pipeline' retrieved from /opt/airflow/dags/trustpilot_dag.py
[2025-07-06T09:09:21.771+0000] {logging_mixin.py:188} INFO - [2025-07-06T09:09:21.771+0000] {dag.py:3096} INFO - Sync 1 DAGs
[2025-07-06T09:09:21.787+0000] {logging_mixin.py:188} INFO - [2025-07-06T09:09:21.787+0000] {dag.py:3954} INFO - Setting next_dagrun for trustpilot_pipeline to None, run_after=None
[2025-07-06T09:09:21.808+0000] {processor.py:183} INFO - Processing /opt/airflow/dags/trustpilot_dag.py took 1.821 seconds
[2025-07-06T09:09:51.940+0000] {processor.py:161} INFO - Started process (PID=8415) to work on /opt/airflow/dags/trustpilot_dag.py
[2025-07-06T09:09:51.941+0000] {processor.py:830} INFO - Processing file /opt/airflow/dags/trustpilot_dag.py for tasks to queue
[2025-07-06T09:09:51.943+0000] {logging_mixin.py:188} INFO - [2025-07-06T09:09:51.943+0000] {dagbag.py:545} INFO - Filling up the DagBag from /opt/airflow/dags/trustpilot_dag.py
[2025-07-06T09:09:53.543+0000] {logging_mixin.py:188} INFO - 📁 Fichier .env chargé
[2025-07-06T09:09:53.543+0000] {logging_mixin.py:188} INFO - 👉 Mode scraping : prod
[2025-07-06T09:09:53.543+0000] {logging_mixin.py:188} INFO - 👉 Fichier d’entrée : data/verbatims_test.csv
[2025-07-06T09:09:53.552+0000] {processor.py:840} INFO - DAG(s) 'trustpilot_pipeline' retrieved from /opt/airflow/dags/trustpilot_dag.py
[2025-07-06T09:09:53.701+0000] {logging_mixin.py:188} INFO - [2025-07-06T09:09:53.700+0000] {dag.py:3096} INFO - Sync 1 DAGs
[2025-07-06T09:09:53.717+0000] {logging_mixin.py:188} INFO - [2025-07-06T09:09:53.717+0000] {dag.py:3954} INFO - Setting next_dagrun for trustpilot_pipeline to None, run_after=None
[2025-07-06T09:09:53.737+0000] {processor.py:183} INFO - Processing /opt/airflow/dags/trustpilot_dag.py took 1.806 seconds
[2025-07-06T09:10:23.861+0000] {processor.py:161} INFO - Started process (PID=8421) to work on /opt/airflow/dags/trustpilot_dag.py
[2025-07-06T09:10:23.863+0000] {processor.py:830} INFO - Processing file /opt/airflow/dags/trustpilot_dag.py for tasks to queue
[2025-07-06T09:10:23.865+0000] {logging_mixin.py:188} INFO - [2025-07-06T09:10:23.864+0000] {dagbag.py:545} INFO - Filling up the DagBag from /opt/airflow/dags/trustpilot_dag.py
[2025-07-06T09:10:25.451+0000] {logging_mixin.py:188} INFO - 📁 Fichier .env chargé
[2025-07-06T09:10:25.451+0000] {logging_mixin.py:188} INFO - 👉 Mode scraping : prod
[2025-07-06T09:10:25.451+0000] {logging_mixin.py:188} INFO - 👉 Fichier d’entrée : data/verbatims_test.csv
[2025-07-06T09:10:25.459+0000] {processor.py:840} INFO - DAG(s) 'trustpilot_pipeline' retrieved from /opt/airflow/dags/trustpilot_dag.py
[2025-07-06T09:10:25.486+0000] {logging_mixin.py:188} INFO - [2025-07-06T09:10:25.486+0000] {dag.py:3096} INFO - Sync 1 DAGs
[2025-07-06T09:10:25.502+0000] {logging_mixin.py:188} INFO - [2025-07-06T09:10:25.502+0000] {dag.py:3954} INFO - Setting next_dagrun for trustpilot_pipeline to None, run_after=None
[2025-07-06T09:10:25.521+0000] {processor.py:183} INFO - Processing /opt/airflow/dags/trustpilot_dag.py took 1.669 seconds
[2025-07-06T09:10:55.624+0000] {processor.py:161} INFO - Started process (PID=8427) to work on /opt/airflow/dags/trustpilot_dag.py
[2025-07-06T09:10:55.625+0000] {processor.py:830} INFO - Processing file /opt/airflow/dags/trustpilot_dag.py for tasks to queue
[2025-07-06T09:10:55.627+0000] {logging_mixin.py:188} INFO - [2025-07-06T09:10:55.627+0000] {dagbag.py:545} INFO - Filling up the DagBag from /opt/airflow/dags/trustpilot_dag.py
[2025-07-06T09:10:57.207+0000] {logging_mixin.py:188} INFO - 📁 Fichier .env chargé
[2025-07-06T09:10:57.207+0000] {logging_mixin.py:188} INFO - 👉 Mode scraping : prod
[2025-07-06T09:10:57.207+0000] {logging_mixin.py:188} INFO - 👉 Fichier d’entrée : data/verbatims_test.csv
[2025-07-06T09:10:57.215+0000] {processor.py:840} INFO - DAG(s) 'trustpilot_pipeline' retrieved from /opt/airflow/dags/trustpilot_dag.py
[2025-07-06T09:10:57.243+0000] {logging_mixin.py:188} INFO - [2025-07-06T09:10:57.242+0000] {dag.py:3096} INFO - Sync 1 DAGs
[2025-07-06T09:10:57.258+0000] {logging_mixin.py:188} INFO - [2025-07-06T09:10:57.258+0000] {dag.py:3954} INFO - Setting next_dagrun for trustpilot_pipeline to None, run_after=None
[2025-07-06T09:10:57.277+0000] {processor.py:183} INFO - Processing /opt/airflow/dags/trustpilot_dag.py took 1.661 seconds
[2025-07-06T09:11:27.404+0000] {processor.py:161} INFO - Started process (PID=8433) to work on /opt/airflow/dags/trustpilot_dag.py
[2025-07-06T09:11:27.405+0000] {processor.py:830} INFO - Processing file /opt/airflow/dags/trustpilot_dag.py for tasks to queue
[2025-07-06T09:11:27.407+0000] {logging_mixin.py:188} INFO - [2025-07-06T09:11:27.407+0000] {dagbag.py:545} INFO - Filling up the DagBag from /opt/airflow/dags/trustpilot_dag.py
[2025-07-06T09:11:28.989+0000] {logging_mixin.py:188} INFO - 📁 Fichier .env chargé
[2025-07-06T09:11:28.990+0000] {logging_mixin.py:188} INFO - 👉 Mode scraping : prod
[2025-07-06T09:11:28.990+0000] {logging_mixin.py:188} INFO - 👉 Fichier d’entrée : data/verbatims_test.csv
[2025-07-06T09:11:28.997+0000] {processor.py:840} INFO - DAG(s) 'trustpilot_pipeline' retrieved from /opt/airflow/dags/trustpilot_dag.py
[2025-07-06T09:11:29.026+0000] {logging_mixin.py:188} INFO - [2025-07-06T09:11:29.025+0000] {dag.py:3096} INFO - Sync 1 DAGs
[2025-07-06T09:11:29.043+0000] {logging_mixin.py:188} INFO - [2025-07-06T09:11:29.043+0000] {dag.py:3954} INFO - Setting next_dagrun for trustpilot_pipeline to None, run_after=None
[2025-07-06T09:11:29.182+0000] {processor.py:183} INFO - Processing /opt/airflow/dags/trustpilot_dag.py took 1.787 seconds
[2025-07-06T09:11:59.313+0000] {processor.py:161} INFO - Started process (PID=8439) to work on /opt/airflow/dags/trustpilot_dag.py
[2025-07-06T09:11:59.314+0000] {processor.py:830} INFO - Processing file /opt/airflow/dags/trustpilot_dag.py for tasks to queue
[2025-07-06T09:11:59.316+0000] {logging_mixin.py:188} INFO - [2025-07-06T09:11:59.316+0000] {dagbag.py:545} INFO - Filling up the DagBag from /opt/airflow/dags/trustpilot_dag.py
[2025-07-06T09:12:00.897+0000] {logging_mixin.py:188} INFO - 📁 Fichier .env chargé
[2025-07-06T09:12:00.897+0000] {logging_mixin.py:188} INFO - 👉 Mode scraping : prod
[2025-07-06T09:12:00.897+0000] {logging_mixin.py:188} INFO - 👉 Fichier d’entrée : data/verbatims_test.csv
[2025-07-06T09:12:00.905+0000] {processor.py:840} INFO - DAG(s) 'trustpilot_pipeline' retrieved from /opt/airflow/dags/trustpilot_dag.py
[2025-07-06T09:12:00.934+0000] {logging_mixin.py:188} INFO - [2025-07-06T09:12:00.933+0000] {dag.py:3096} INFO - Sync 1 DAGs
[2025-07-06T09:12:01.067+0000] {logging_mixin.py:188} INFO - [2025-07-06T09:12:01.067+0000] {dag.py:3954} INFO - Setting next_dagrun for trustpilot_pipeline to None, run_after=None
[2025-07-06T09:12:01.086+0000] {processor.py:183} INFO - Processing /opt/airflow/dags/trustpilot_dag.py took 1.782 seconds
[2025-07-06T09:12:31.207+0000] {processor.py:161} INFO - Started process (PID=8445) to work on /opt/airflow/dags/trustpilot_dag.py
[2025-07-06T09:12:31.208+0000] {processor.py:830} INFO - Processing file /opt/airflow/dags/trustpilot_dag.py for tasks to queue
[2025-07-06T09:12:31.210+0000] {logging_mixin.py:188} INFO - [2025-07-06T09:12:31.209+0000] {dagbag.py:545} INFO - Filling up the DagBag from /opt/airflow/dags/trustpilot_dag.py
[2025-07-06T09:12:32.786+0000] {logging_mixin.py:188} INFO - 📁 Fichier .env chargé
[2025-07-06T09:12:32.787+0000] {logging_mixin.py:188} INFO - 👉 Mode scraping : prod
[2025-07-06T09:12:32.787+0000] {logging_mixin.py:188} INFO - 👉 Fichier d’entrée : data/verbatims_test.csv
[2025-07-06T09:12:32.794+0000] {processor.py:840} INFO - DAG(s) 'trustpilot_pipeline' retrieved from /opt/airflow/dags/trustpilot_dag.py
[2025-07-06T09:12:32.941+0000] {logging_mixin.py:188} INFO - [2025-07-06T09:12:32.940+0000] {dag.py:3096} INFO - Sync 1 DAGs
[2025-07-06T09:12:32.956+0000] {logging_mixin.py:188} INFO - [2025-07-06T09:12:32.956+0000] {dag.py:3954} INFO - Setting next_dagrun for trustpilot_pipeline to None, run_after=None
[2025-07-06T09:12:32.976+0000] {processor.py:183} INFO - Processing /opt/airflow/dags/trustpilot_dag.py took 1.778 seconds
[2025-07-06T09:13:03.093+0000] {processor.py:161} INFO - Started process (PID=8451) to work on /opt/airflow/dags/trustpilot_dag.py
[2025-07-06T09:13:03.094+0000] {processor.py:830} INFO - Processing file /opt/airflow/dags/trustpilot_dag.py for tasks to queue
[2025-07-06T09:13:03.096+0000] {logging_mixin.py:188} INFO - [2025-07-06T09:13:03.096+0000] {dagbag.py:545} INFO - Filling up the DagBag from /opt/airflow/dags/trustpilot_dag.py
[2025-07-06T09:13:04.677+0000] {logging_mixin.py:188} INFO - 📁 Fichier .env chargé
[2025-07-06T09:13:04.678+0000] {logging_mixin.py:188} INFO - 👉 Mode scraping : prod
[2025-07-06T09:13:04.678+0000] {logging_mixin.py:188} INFO - 👉 Fichier d’entrée : data/verbatims_test.csv
[2025-07-06T09:13:04.685+0000] {processor.py:840} INFO - DAG(s) 'trustpilot_pipeline' retrieved from /opt/airflow/dags/trustpilot_dag.py
[2025-07-06T09:13:04.713+0000] {logging_mixin.py:188} INFO - [2025-07-06T09:13:04.713+0000] {dag.py:3096} INFO - Sync 1 DAGs
[2025-07-06T09:13:04.729+0000] {logging_mixin.py:188} INFO - [2025-07-06T09:13:04.729+0000] {dag.py:3954} INFO - Setting next_dagrun for trustpilot_pipeline to None, run_after=None
[2025-07-06T09:13:04.748+0000] {processor.py:183} INFO - Processing /opt/airflow/dags/trustpilot_dag.py took 1.664 seconds
[2025-07-06T09:13:34.871+0000] {processor.py:161} INFO - Started process (PID=8457) to work on /opt/airflow/dags/trustpilot_dag.py
[2025-07-06T09:13:34.872+0000] {processor.py:830} INFO - Processing file /opt/airflow/dags/trustpilot_dag.py for tasks to queue
[2025-07-06T09:13:34.874+0000] {logging_mixin.py:188} INFO - [2025-07-06T09:13:34.874+0000] {dagbag.py:545} INFO - Filling up the DagBag from /opt/airflow/dags/trustpilot_dag.py
[2025-07-06T09:13:36.452+0000] {logging_mixin.py:188} INFO - 📁 Fichier .env chargé
[2025-07-06T09:13:36.452+0000] {logging_mixin.py:188} INFO - 👉 Mode scraping : prod
[2025-07-06T09:13:36.452+0000] {logging_mixin.py:188} INFO - 👉 Fichier d’entrée : data/verbatims_test.csv
[2025-07-06T09:13:36.460+0000] {processor.py:840} INFO - DAG(s) 'trustpilot_pipeline' retrieved from /opt/airflow/dags/trustpilot_dag.py
[2025-07-06T09:13:36.488+0000] {logging_mixin.py:188} INFO - [2025-07-06T09:13:36.487+0000] {dag.py:3096} INFO - Sync 1 DAGs
[2025-07-06T09:13:36.503+0000] {logging_mixin.py:188} INFO - [2025-07-06T09:13:36.503+0000] {dag.py:3954} INFO - Setting next_dagrun for trustpilot_pipeline to None, run_after=None
[2025-07-06T09:13:36.522+0000] {processor.py:183} INFO - Processing /opt/airflow/dags/trustpilot_dag.py took 1.660 seconds
[2025-07-06T09:14:06.647+0000] {processor.py:161} INFO - Started process (PID=8463) to work on /opt/airflow/dags/trustpilot_dag.py
[2025-07-06T09:14:06.648+0000] {processor.py:830} INFO - Processing file /opt/airflow/dags/trustpilot_dag.py for tasks to queue
[2025-07-06T09:14:06.651+0000] {logging_mixin.py:188} INFO - [2025-07-06T09:14:06.650+0000] {dagbag.py:545} INFO - Filling up the DagBag from /opt/airflow/dags/trustpilot_dag.py
[2025-07-06T09:14:08.254+0000] {logging_mixin.py:188} INFO - 📁 Fichier .env chargé
[2025-07-06T09:14:08.254+0000] {logging_mixin.py:188} INFO - 👉 Mode scraping : prod
[2025-07-06T09:14:08.254+0000] {logging_mixin.py:188} INFO - 👉 Fichier d’entrée : data/verbatims_test.csv
[2025-07-06T09:14:08.262+0000] {processor.py:840} INFO - DAG(s) 'trustpilot_pipeline' retrieved from /opt/airflow/dags/trustpilot_dag.py
[2025-07-06T09:14:08.291+0000] {logging_mixin.py:188} INFO - [2025-07-06T09:14:08.290+0000] {dag.py:3096} INFO - Sync 1 DAGs
[2025-07-06T09:14:08.307+0000] {logging_mixin.py:188} INFO - [2025-07-06T09:14:08.306+0000] {dag.py:3954} INFO - Setting next_dagrun for trustpilot_pipeline to None, run_after=None
[2025-07-06T09:14:08.327+0000] {processor.py:183} INFO - Processing /opt/airflow/dags/trustpilot_dag.py took 1.691 seconds
[2025-07-06T09:14:38.377+0000] {processor.py:161} INFO - Started process (PID=8469) to work on /opt/airflow/dags/trustpilot_dag.py
[2025-07-06T09:14:38.378+0000] {processor.py:830} INFO - Processing file /opt/airflow/dags/trustpilot_dag.py for tasks to queue
[2025-07-06T09:14:38.380+0000] {logging_mixin.py:188} INFO - [2025-07-06T09:14:38.380+0000] {dagbag.py:545} INFO - Filling up the DagBag from /opt/airflow/dags/trustpilot_dag.py
[2025-07-06T09:14:39.959+0000] {logging_mixin.py:188} INFO - 📁 Fichier .env chargé
[2025-07-06T09:14:39.960+0000] {logging_mixin.py:188} INFO - 👉 Mode scraping : prod
[2025-07-06T09:14:39.960+0000] {logging_mixin.py:188} INFO - 👉 Fichier d’entrée : data/verbatims_test.csv
[2025-07-06T09:14:39.967+0000] {processor.py:840} INFO - DAG(s) 'trustpilot_pipeline' retrieved from /opt/airflow/dags/trustpilot_dag.py
[2025-07-06T09:14:39.995+0000] {logging_mixin.py:188} INFO - [2025-07-06T09:14:39.995+0000] {dag.py:3096} INFO - Sync 1 DAGs
[2025-07-06T09:14:40.129+0000] {logging_mixin.py:188} INFO - [2025-07-06T09:14:40.129+0000] {dag.py:3954} INFO - Setting next_dagrun for trustpilot_pipeline to None, run_after=None
[2025-07-06T09:14:40.148+0000] {processor.py:183} INFO - Processing /opt/airflow/dags/trustpilot_dag.py took 1.780 seconds
[2025-07-06T09:15:10.283+0000] {processor.py:161} INFO - Started process (PID=8475) to work on /opt/airflow/dags/trustpilot_dag.py
[2025-07-06T09:15:10.285+0000] {processor.py:830} INFO - Processing file /opt/airflow/dags/trustpilot_dag.py for tasks to queue
[2025-07-06T09:15:10.288+0000] {logging_mixin.py:188} INFO - [2025-07-06T09:15:10.287+0000] {dagbag.py:545} INFO - Filling up the DagBag from /opt/airflow/dags/trustpilot_dag.py
[2025-07-06T09:15:11.890+0000] {logging_mixin.py:188} INFO - 📁 Fichier .env chargé
[2025-07-06T09:15:11.890+0000] {logging_mixin.py:188} INFO - 👉 Mode scraping : prod
[2025-07-06T09:15:11.890+0000] {logging_mixin.py:188} INFO - 👉 Fichier d’entrée : data/verbatims_test.csv
[2025-07-06T09:15:11.897+0000] {processor.py:840} INFO - DAG(s) 'trustpilot_pipeline' retrieved from /opt/airflow/dags/trustpilot_dag.py
[2025-07-06T09:15:12.042+0000] {logging_mixin.py:188} INFO - [2025-07-06T09:15:12.042+0000] {dag.py:3096} INFO - Sync 1 DAGs
[2025-07-06T09:15:12.058+0000] {logging_mixin.py:188} INFO - [2025-07-06T09:15:12.058+0000] {dag.py:3954} INFO - Setting next_dagrun for trustpilot_pipeline to None, run_after=None
[2025-07-06T09:15:12.077+0000] {processor.py:183} INFO - Processing /opt/airflow/dags/trustpilot_dag.py took 1.806 seconds
[2025-07-06T09:15:42.204+0000] {processor.py:161} INFO - Started process (PID=8481) to work on /opt/airflow/dags/trustpilot_dag.py
[2025-07-06T09:15:42.205+0000] {processor.py:830} INFO - Processing file /opt/airflow/dags/trustpilot_dag.py for tasks to queue
[2025-07-06T09:15:42.207+0000] {logging_mixin.py:188} INFO - [2025-07-06T09:15:42.207+0000] {dagbag.py:545} INFO - Filling up the DagBag from /opt/airflow/dags/trustpilot_dag.py
[2025-07-06T09:15:43.783+0000] {logging_mixin.py:188} INFO - 📁 Fichier .env chargé
[2025-07-06T09:15:43.784+0000] {logging_mixin.py:188} INFO - 👉 Mode scraping : prod
[2025-07-06T09:15:43.784+0000] {logging_mixin.py:188} INFO - 👉 Fichier d’entrée : data/verbatims_test.csv
[2025-07-06T09:15:43.906+0000] {processor.py:840} INFO - DAG(s) 'trustpilot_pipeline' retrieved from /opt/airflow/dags/trustpilot_dag.py
[2025-07-06T09:15:43.935+0000] {logging_mixin.py:188} INFO - [2025-07-06T09:15:43.934+0000] {dag.py:3096} INFO - Sync 1 DAGs
[2025-07-06T09:15:43.950+0000] {logging_mixin.py:188} INFO - [2025-07-06T09:15:43.950+0000] {dag.py:3954} INFO - Setting next_dagrun for trustpilot_pipeline to None, run_after=None
[2025-07-06T09:15:43.969+0000] {processor.py:183} INFO - Processing /opt/airflow/dags/trustpilot_dag.py took 1.774 seconds
[2025-07-06T09:16:14.095+0000] {processor.py:161} INFO - Started process (PID=8487) to work on /opt/airflow/dags/trustpilot_dag.py
[2025-07-06T09:16:14.096+0000] {processor.py:830} INFO - Processing file /opt/airflow/dags/trustpilot_dag.py for tasks to queue
[2025-07-06T09:16:14.098+0000] {logging_mixin.py:188} INFO - [2025-07-06T09:16:14.098+0000] {dagbag.py:545} INFO - Filling up the DagBag from /opt/airflow/dags/trustpilot_dag.py
[2025-07-06T09:16:15.675+0000] {logging_mixin.py:188} INFO - 📁 Fichier .env chargé
[2025-07-06T09:16:15.675+0000] {logging_mixin.py:188} INFO - 👉 Mode scraping : prod
[2025-07-06T09:16:15.676+0000] {logging_mixin.py:188} INFO - 👉 Fichier d’entrée : data/verbatims_test.csv
[2025-07-06T09:16:15.683+0000] {processor.py:840} INFO - DAG(s) 'trustpilot_pipeline' retrieved from /opt/airflow/dags/trustpilot_dag.py
[2025-07-06T09:16:15.711+0000] {logging_mixin.py:188} INFO - [2025-07-06T09:16:15.710+0000] {dag.py:3096} INFO - Sync 1 DAGs
[2025-07-06T09:16:15.726+0000] {logging_mixin.py:188} INFO - [2025-07-06T09:16:15.726+0000] {dag.py:3954} INFO - Setting next_dagrun for trustpilot_pipeline to None, run_after=None
[2025-07-06T09:16:15.744+0000] {processor.py:183} INFO - Processing /opt/airflow/dags/trustpilot_dag.py took 1.659 seconds
[2025-07-06T09:16:45.805+0000] {processor.py:161} INFO - Started process (PID=8493) to work on /opt/airflow/dags/trustpilot_dag.py
[2025-07-06T09:16:45.806+0000] {processor.py:830} INFO - Processing file /opt/airflow/dags/trustpilot_dag.py for tasks to queue
[2025-07-06T09:16:45.808+0000] {logging_mixin.py:188} INFO - [2025-07-06T09:16:45.808+0000] {dagbag.py:545} INFO - Filling up the DagBag from /opt/airflow/dags/trustpilot_dag.py
[2025-07-06T09:16:47.392+0000] {logging_mixin.py:188} INFO - 📁 Fichier .env chargé
[2025-07-06T09:16:47.392+0000] {logging_mixin.py:188} INFO - 👉 Mode scraping : prod
[2025-07-06T09:16:47.393+0000] {logging_mixin.py:188} INFO - 👉 Fichier d’entrée : data/verbatims_test.csv
[2025-07-06T09:16:47.400+0000] {processor.py:840} INFO - DAG(s) 'trustpilot_pipeline' retrieved from /opt/airflow/dags/trustpilot_dag.py
[2025-07-06T09:16:47.428+0000] {logging_mixin.py:188} INFO - [2025-07-06T09:16:47.427+0000] {dag.py:3096} INFO - Sync 1 DAGs
[2025-07-06T09:16:47.443+0000] {logging_mixin.py:188} INFO - [2025-07-06T09:16:47.443+0000] {dag.py:3954} INFO - Setting next_dagrun for trustpilot_pipeline to None, run_after=None
[2025-07-06T09:16:47.462+0000] {processor.py:183} INFO - Processing /opt/airflow/dags/trustpilot_dag.py took 1.666 seconds
[2025-07-06T09:17:17.586+0000] {processor.py:161} INFO - Started process (PID=8499) to work on /opt/airflow/dags/trustpilot_dag.py
[2025-07-06T09:17:17.587+0000] {processor.py:830} INFO - Processing file /opt/airflow/dags/trustpilot_dag.py for tasks to queue
[2025-07-06T09:17:17.589+0000] {logging_mixin.py:188} INFO - [2025-07-06T09:17:17.589+0000] {dagbag.py:545} INFO - Filling up the DagBag from /opt/airflow/dags/trustpilot_dag.py
[2025-07-06T09:17:19.166+0000] {logging_mixin.py:188} INFO - 📁 Fichier .env chargé
[2025-07-06T09:17:19.167+0000] {logging_mixin.py:188} INFO - 👉 Mode scraping : prod
[2025-07-06T09:17:19.167+0000] {logging_mixin.py:188} INFO - 👉 Fichier d’entrée : data/verbatims_test.csv
[2025-07-06T09:17:19.174+0000] {processor.py:840} INFO - DAG(s) 'trustpilot_pipeline' retrieved from /opt/airflow/dags/trustpilot_dag.py
[2025-07-06T09:17:19.203+0000] {logging_mixin.py:188} INFO - [2025-07-06T09:17:19.202+0000] {dag.py:3096} INFO - Sync 1 DAGs
[2025-07-06T09:17:19.220+0000] {logging_mixin.py:188} INFO - [2025-07-06T09:17:19.220+0000] {dag.py:3954} INFO - Setting next_dagrun for trustpilot_pipeline to None, run_after=None
[2025-07-06T09:17:19.357+0000] {processor.py:183} INFO - Processing /opt/airflow/dags/trustpilot_dag.py took 1.780 seconds
[2025-07-06T09:17:49.482+0000] {processor.py:161} INFO - Started process (PID=8505) to work on /opt/airflow/dags/trustpilot_dag.py
[2025-07-06T09:17:49.484+0000] {processor.py:830} INFO - Processing file /opt/airflow/dags/trustpilot_dag.py for tasks to queue
[2025-07-06T09:17:49.486+0000] {logging_mixin.py:188} INFO - [2025-07-06T09:17:49.486+0000] {dagbag.py:545} INFO - Filling up the DagBag from /opt/airflow/dags/trustpilot_dag.py
[2025-07-06T09:17:51.096+0000] {logging_mixin.py:188} INFO - 📁 Fichier .env chargé
[2025-07-06T09:17:51.096+0000] {logging_mixin.py:188} INFO - 👉 Mode scraping : prod
[2025-07-06T09:17:51.096+0000] {logging_mixin.py:188} INFO - 👉 Fichier d’entrée : data/verbatims_test.csv
[2025-07-06T09:17:51.104+0000] {processor.py:840} INFO - DAG(s) 'trustpilot_pipeline' retrieved from /opt/airflow/dags/trustpilot_dag.py
[2025-07-06T09:17:51.134+0000] {logging_mixin.py:188} INFO - [2025-07-06T09:17:51.133+0000] {dag.py:3096} INFO - Sync 1 DAGs
[2025-07-06T09:17:51.264+0000] {logging_mixin.py:188} INFO - [2025-07-06T09:17:51.264+0000] {dag.py:3954} INFO - Setting next_dagrun for trustpilot_pipeline to None, run_after=None
[2025-07-06T09:17:51.283+0000] {processor.py:183} INFO - Processing /opt/airflow/dags/trustpilot_dag.py took 1.812 seconds
[2025-07-06T09:18:21.400+0000] {processor.py:161} INFO - Started process (PID=8511) to work on /opt/airflow/dags/trustpilot_dag.py
[2025-07-06T09:18:21.401+0000] {processor.py:830} INFO - Processing file /opt/airflow/dags/trustpilot_dag.py for tasks to queue
[2025-07-06T09:18:21.403+0000] {logging_mixin.py:188} INFO - [2025-07-06T09:18:21.402+0000] {dagbag.py:545} INFO - Filling up the DagBag from /opt/airflow/dags/trustpilot_dag.py
[2025-07-06T09:18:22.979+0000] {logging_mixin.py:188} INFO - 📁 Fichier .env chargé
[2025-07-06T09:18:22.979+0000] {logging_mixin.py:188} INFO - 👉 Mode scraping : prod
[2025-07-06T09:18:22.980+0000] {logging_mixin.py:188} INFO - 👉 Fichier d’entrée : data/verbatims_test.csv
[2025-07-06T09:18:22.989+0000] {processor.py:840} INFO - DAG(s) 'trustpilot_pipeline' retrieved from /opt/airflow/dags/trustpilot_dag.py
[2025-07-06T09:18:23.132+0000] {logging_mixin.py:188} INFO - [2025-07-06T09:18:23.132+0000] {dag.py:3096} INFO - Sync 1 DAGs
[2025-07-06T09:18:23.148+0000] {logging_mixin.py:188} INFO - [2025-07-06T09:18:23.148+0000] {dag.py:3954} INFO - Setting next_dagrun for trustpilot_pipeline to None, run_after=None
[2025-07-06T09:18:23.166+0000] {processor.py:183} INFO - Processing /opt/airflow/dags/trustpilot_dag.py took 1.776 seconds
[2025-07-06T09:18:53.236+0000] {processor.py:161} INFO - Started process (PID=8517) to work on /opt/airflow/dags/trustpilot_dag.py
[2025-07-06T09:18:53.238+0000] {processor.py:830} INFO - Processing file /opt/airflow/dags/trustpilot_dag.py for tasks to queue
[2025-07-06T09:18:53.240+0000] {logging_mixin.py:188} INFO - [2025-07-06T09:18:53.239+0000] {dagbag.py:545} INFO - Filling up the DagBag from /opt/airflow/dags/trustpilot_dag.py
[2025-07-06T09:18:54.819+0000] {logging_mixin.py:188} INFO - 📁 Fichier .env chargé
[2025-07-06T09:18:54.819+0000] {logging_mixin.py:188} INFO - 👉 Mode scraping : prod
[2025-07-06T09:18:54.819+0000] {logging_mixin.py:188} INFO - 👉 Fichier d’entrée : data/verbatims_test.csv
[2025-07-06T09:18:54.826+0000] {processor.py:840} INFO - DAG(s) 'trustpilot_pipeline' retrieved from /opt/airflow/dags/trustpilot_dag.py
[2025-07-06T09:18:54.854+0000] {logging_mixin.py:188} INFO - [2025-07-06T09:18:54.854+0000] {dag.py:3096} INFO - Sync 1 DAGs
[2025-07-06T09:18:54.870+0000] {logging_mixin.py:188} INFO - [2025-07-06T09:18:54.869+0000] {dag.py:3954} INFO - Setting next_dagrun for trustpilot_pipeline to None, run_after=None
[2025-07-06T09:18:54.888+0000] {processor.py:183} INFO - Processing /opt/airflow/dags/trustpilot_dag.py took 1.661 seconds
[2025-07-06T09:19:25.011+0000] {processor.py:161} INFO - Started process (PID=8523) to work on /opt/airflow/dags/trustpilot_dag.py
[2025-07-06T09:19:25.012+0000] {processor.py:830} INFO - Processing file /opt/airflow/dags/trustpilot_dag.py for tasks to queue
[2025-07-06T09:19:25.014+0000] {logging_mixin.py:188} INFO - [2025-07-06T09:19:25.014+0000] {dagbag.py:545} INFO - Filling up the DagBag from /opt/airflow/dags/trustpilot_dag.py
[2025-07-06T09:19:26.590+0000] {logging_mixin.py:188} INFO - 📁 Fichier .env chargé
[2025-07-06T09:19:26.590+0000] {logging_mixin.py:188} INFO - 👉 Mode scraping : prod
[2025-07-06T09:19:26.591+0000] {logging_mixin.py:188} INFO - 👉 Fichier d’entrée : data/verbatims_test.csv
[2025-07-06T09:19:26.598+0000] {processor.py:840} INFO - DAG(s) 'trustpilot_pipeline' retrieved from /opt/airflow/dags/trustpilot_dag.py
[2025-07-06T09:19:26.626+0000] {logging_mixin.py:188} INFO - [2025-07-06T09:19:26.626+0000] {dag.py:3096} INFO - Sync 1 DAGs
[2025-07-06T09:19:26.642+0000] {logging_mixin.py:188} INFO - [2025-07-06T09:19:26.642+0000] {dag.py:3954} INFO - Setting next_dagrun for trustpilot_pipeline to None, run_after=None
[2025-07-06T09:19:26.662+0000] {processor.py:183} INFO - Processing /opt/airflow/dags/trustpilot_dag.py took 1.660 seconds
[2025-07-06T09:19:56.784+0000] {processor.py:161} INFO - Started process (PID=8529) to work on /opt/airflow/dags/trustpilot_dag.py
[2025-07-06T09:19:56.785+0000] {processor.py:830} INFO - Processing file /opt/airflow/dags/trustpilot_dag.py for tasks to queue
[2025-07-06T09:19:56.787+0000] {logging_mixin.py:188} INFO - [2025-07-06T09:19:56.787+0000] {dagbag.py:545} INFO - Filling up the DagBag from /opt/airflow/dags/trustpilot_dag.py
[2025-07-06T09:19:58.366+0000] {logging_mixin.py:188} INFO - 📁 Fichier .env chargé
[2025-07-06T09:19:58.366+0000] {logging_mixin.py:188} INFO - 👉 Mode scraping : prod
[2025-07-06T09:19:58.367+0000] {logging_mixin.py:188} INFO - 👉 Fichier d’entrée : data/verbatims_test.csv
[2025-07-06T09:19:58.374+0000] {processor.py:840} INFO - DAG(s) 'trustpilot_pipeline' retrieved from /opt/airflow/dags/trustpilot_dag.py
[2025-07-06T09:19:58.402+0000] {logging_mixin.py:188} INFO - [2025-07-06T09:19:58.401+0000] {dag.py:3096} INFO - Sync 1 DAGs
[2025-07-06T09:19:58.417+0000] {logging_mixin.py:188} INFO - [2025-07-06T09:19:58.417+0000] {dag.py:3954} INFO - Setting next_dagrun for trustpilot_pipeline to None, run_after=None
[2025-07-06T09:19:58.438+0000] {processor.py:183} INFO - Processing /opt/airflow/dags/trustpilot_dag.py took 1.663 seconds
[2025-07-06T09:20:28.567+0000] {processor.py:161} INFO - Started process (PID=8535) to work on /opt/airflow/dags/trustpilot_dag.py
[2025-07-06T09:20:28.568+0000] {processor.py:830} INFO - Processing file /opt/airflow/dags/trustpilot_dag.py for tasks to queue
[2025-07-06T09:20:28.570+0000] {logging_mixin.py:188} INFO - [2025-07-06T09:20:28.569+0000] {dagbag.py:545} INFO - Filling up the DagBag from /opt/airflow/dags/trustpilot_dag.py
[2025-07-06T09:20:30.147+0000] {logging_mixin.py:188} INFO - 📁 Fichier .env chargé
[2025-07-06T09:20:30.148+0000] {logging_mixin.py:188} INFO - 👉 Mode scraping : prod
[2025-07-06T09:20:30.148+0000] {logging_mixin.py:188} INFO - 👉 Fichier d’entrée : data/verbatims_test.csv
[2025-07-06T09:20:30.155+0000] {processor.py:840} INFO - DAG(s) 'trustpilot_pipeline' retrieved from /opt/airflow/dags/trustpilot_dag.py
[2025-07-06T09:20:30.184+0000] {logging_mixin.py:188} INFO - [2025-07-06T09:20:30.183+0000] {dag.py:3096} INFO - Sync 1 DAGs
[2025-07-06T09:20:30.317+0000] {logging_mixin.py:188} INFO - [2025-07-06T09:20:30.317+0000] {dag.py:3954} INFO - Setting next_dagrun for trustpilot_pipeline to None, run_after=None
[2025-07-06T09:20:30.336+0000] {processor.py:183} INFO - Processing /opt/airflow/dags/trustpilot_dag.py took 1.778 seconds
[2025-07-06T09:21:00.481+0000] {processor.py:161} INFO - Started process (PID=8541) to work on /opt/airflow/dags/trustpilot_dag.py
[2025-07-06T09:21:00.483+0000] {processor.py:830} INFO - Processing file /opt/airflow/dags/trustpilot_dag.py for tasks to queue
[2025-07-06T09:21:00.485+0000] {logging_mixin.py:188} INFO - [2025-07-06T09:21:00.485+0000] {dagbag.py:545} INFO - Filling up the DagBag from /opt/airflow/dags/trustpilot_dag.py
[2025-07-06T09:21:01.547+0000] {logging_mixin.py:188} INFO - 📁 Fichier .env chargé
[2025-07-06T09:21:01.547+0000] {logging_mixin.py:188} INFO - 👉 Mode scraping : prod
[2025-07-06T09:21:01.547+0000] {logging_mixin.py:188} INFO - 👉 Fichier d’entrée : data/verbatims_test.csv
[2025-07-06T09:21:01.551+0000] {processor.py:840} INFO - DAG(s) 'trustpilot_pipeline' retrieved from /opt/airflow/dags/trustpilot_dag.py
[2025-07-06T09:21:01.698+0000] {logging_mixin.py:188} INFO - [2025-07-06T09:21:01.697+0000] {dag.py:3096} INFO - Sync 1 DAGs
[2025-07-06T09:21:01.713+0000] {logging_mixin.py:188} INFO - [2025-07-06T09:21:01.713+0000] {dag.py:3954} INFO - Setting next_dagrun for trustpilot_pipeline to None, run_after=None
[2025-07-06T09:21:01.733+0000] {processor.py:183} INFO - Processing /opt/airflow/dags/trustpilot_dag.py took 1.261 seconds
[2025-07-06T09:21:31.851+0000] {processor.py:161} INFO - Started process (PID=8547) to work on /opt/airflow/dags/trustpilot_dag.py
[2025-07-06T09:21:31.852+0000] {processor.py:830} INFO - Processing file /opt/airflow/dags/trustpilot_dag.py for tasks to queue
[2025-07-06T09:21:31.854+0000] {logging_mixin.py:188} INFO - [2025-07-06T09:21:31.854+0000] {dagbag.py:545} INFO - Filling up the DagBag from /opt/airflow/dags/trustpilot_dag.py
[2025-07-06T09:21:33.431+0000] {logging_mixin.py:188} INFO - 📁 Fichier .env chargé
[2025-07-06T09:21:33.431+0000] {logging_mixin.py:188} INFO - 👉 Mode scraping : prod
[2025-07-06T09:21:33.431+0000] {logging_mixin.py:188} INFO - 👉 Fichier d’entrée : data/verbatims_test.csv
[2025-07-06T09:21:33.555+0000] {processor.py:840} INFO - DAG(s) 'trustpilot_pipeline' retrieved from /opt/airflow/dags/trustpilot_dag.py
[2025-07-06T09:21:33.583+0000] {logging_mixin.py:188} INFO - [2025-07-06T09:21:33.583+0000] {dag.py:3096} INFO - Sync 1 DAGs
[2025-07-06T09:21:33.599+0000] {logging_mixin.py:188} INFO - [2025-07-06T09:21:33.599+0000] {dag.py:3954} INFO - Setting next_dagrun for trustpilot_pipeline to None, run_after=None
[2025-07-06T09:21:33.618+0000] {processor.py:183} INFO - Processing /opt/airflow/dags/trustpilot_dag.py took 1.776 seconds
[2025-07-06T09:22:03.754+0000] {processor.py:161} INFO - Started process (PID=8553) to work on /opt/airflow/dags/trustpilot_dag.py
[2025-07-06T09:22:03.755+0000] {processor.py:830} INFO - Processing file /opt/airflow/dags/trustpilot_dag.py for tasks to queue
[2025-07-06T09:22:03.757+0000] {logging_mixin.py:188} INFO - [2025-07-06T09:22:03.757+0000] {dagbag.py:545} INFO - Filling up the DagBag from /opt/airflow/dags/trustpilot_dag.py
[2025-07-06T09:22:05.362+0000] {logging_mixin.py:188} INFO - 📁 Fichier .env chargé
[2025-07-06T09:22:05.362+0000] {logging_mixin.py:188} INFO - 👉 Mode scraping : prod
[2025-07-06T09:22:05.362+0000] {logging_mixin.py:188} INFO - 👉 Fichier d’entrée : data/verbatims_test.csv
[2025-07-06T09:22:05.370+0000] {processor.py:840} INFO - DAG(s) 'trustpilot_pipeline' retrieved from /opt/airflow/dags/trustpilot_dag.py
[2025-07-06T09:22:05.398+0000] {logging_mixin.py:188} INFO - [2025-07-06T09:22:05.397+0000] {dag.py:3096} INFO - Sync 1 DAGs
[2025-07-06T09:22:05.413+0000] {logging_mixin.py:188} INFO - [2025-07-06T09:22:05.413+0000] {dag.py:3954} INFO - Setting next_dagrun for trustpilot_pipeline to None, run_after=None
[2025-07-06T09:22:05.432+0000] {processor.py:183} INFO - Processing /opt/airflow/dags/trustpilot_dag.py took 1.689 seconds
[2025-07-06T09:22:35.556+0000] {processor.py:161} INFO - Started process (PID=8559) to work on /opt/airflow/dags/trustpilot_dag.py
[2025-07-06T09:22:35.557+0000] {processor.py:830} INFO - Processing file /opt/airflow/dags/trustpilot_dag.py for tasks to queue
[2025-07-06T09:22:35.559+0000] {logging_mixin.py:188} INFO - [2025-07-06T09:22:35.559+0000] {dagbag.py:545} INFO - Filling up the DagBag from /opt/airflow/dags/trustpilot_dag.py
[2025-07-06T09:22:37.156+0000] {logging_mixin.py:188} INFO - 📁 Fichier .env chargé
[2025-07-06T09:22:37.156+0000] {logging_mixin.py:188} INFO - 👉 Mode scraping : prod
[2025-07-06T09:22:37.156+0000] {logging_mixin.py:188} INFO - 👉 Fichier d’entrée : data/verbatims_test.csv
[2025-07-06T09:22:37.164+0000] {processor.py:840} INFO - DAG(s) 'trustpilot_pipeline' retrieved from /opt/airflow/dags/trustpilot_dag.py
[2025-07-06T09:22:37.192+0000] {logging_mixin.py:188} INFO - [2025-07-06T09:22:37.192+0000] {dag.py:3096} INFO - Sync 1 DAGs
[2025-07-06T09:22:37.208+0000] {logging_mixin.py:188} INFO - [2025-07-06T09:22:37.208+0000] {dag.py:3954} INFO - Setting next_dagrun for trustpilot_pipeline to None, run_after=None
[2025-07-06T09:22:37.229+0000] {processor.py:183} INFO - Processing /opt/airflow/dags/trustpilot_dag.py took 1.684 seconds
[2025-07-06T09:23:07.345+0000] {processor.py:161} INFO - Started process (PID=8565) to work on /opt/airflow/dags/trustpilot_dag.py
[2025-07-06T09:23:07.346+0000] {processor.py:830} INFO - Processing file /opt/airflow/dags/trustpilot_dag.py for tasks to queue
[2025-07-06T09:23:07.348+0000] {logging_mixin.py:188} INFO - [2025-07-06T09:23:07.348+0000] {dagbag.py:545} INFO - Filling up the DagBag from /opt/airflow/dags/trustpilot_dag.py
[2025-07-06T09:23:08.932+0000] {logging_mixin.py:188} INFO - 📁 Fichier .env chargé
[2025-07-06T09:23:08.932+0000] {logging_mixin.py:188} INFO - 👉 Mode scraping : prod
[2025-07-06T09:23:08.932+0000] {logging_mixin.py:188} INFO - 👉 Fichier d’entrée : data/verbatims_test.csv
[2025-07-06T09:23:08.939+0000] {processor.py:840} INFO - DAG(s) 'trustpilot_pipeline' retrieved from /opt/airflow/dags/trustpilot_dag.py
[2025-07-06T09:23:08.967+0000] {logging_mixin.py:188} INFO - [2025-07-06T09:23:08.967+0000] {dag.py:3096} INFO - Sync 1 DAGs
[2025-07-06T09:23:09.101+0000] {logging_mixin.py:188} INFO - [2025-07-06T09:23:09.101+0000] {dag.py:3954} INFO - Setting next_dagrun for trustpilot_pipeline to None, run_after=None
[2025-07-06T09:23:09.120+0000] {processor.py:183} INFO - Processing /opt/airflow/dags/trustpilot_dag.py took 1.784 seconds
[2025-07-06T09:23:39.236+0000] {processor.py:161} INFO - Started process (PID=8571) to work on /opt/airflow/dags/trustpilot_dag.py
[2025-07-06T09:23:39.237+0000] {processor.py:830} INFO - Processing file /opt/airflow/dags/trustpilot_dag.py for tasks to queue
[2025-07-06T09:23:39.239+0000] {logging_mixin.py:188} INFO - [2025-07-06T09:23:39.238+0000] {dagbag.py:545} INFO - Filling up the DagBag from /opt/airflow/dags/trustpilot_dag.py
[2025-07-06T09:23:40.822+0000] {logging_mixin.py:188} INFO - 📁 Fichier .env chargé
[2025-07-06T09:23:40.822+0000] {logging_mixin.py:188} INFO - 👉 Mode scraping : prod
[2025-07-06T09:23:40.822+0000] {logging_mixin.py:188} INFO - 👉 Fichier d’entrée : data/verbatims_test.csv
[2025-07-06T09:23:40.830+0000] {processor.py:840} INFO - DAG(s) 'trustpilot_pipeline' retrieved from /opt/airflow/dags/trustpilot_dag.py
[2025-07-06T09:23:40.976+0000] {logging_mixin.py:188} INFO - [2025-07-06T09:23:40.975+0000] {dag.py:3096} INFO - Sync 1 DAGs
[2025-07-06T09:23:40.991+0000] {logging_mixin.py:188} INFO - [2025-07-06T09:23:40.991+0000] {dag.py:3954} INFO - Setting next_dagrun for trustpilot_pipeline to None, run_after=None
[2025-07-06T09:23:41.010+0000] {processor.py:183} INFO - Processing /opt/airflow/dags/trustpilot_dag.py took 1.783 seconds
[2025-07-06T09:24:11.134+0000] {processor.py:161} INFO - Started process (PID=8577) to work on /opt/airflow/dags/trustpilot_dag.py
[2025-07-06T09:24:11.135+0000] {processor.py:830} INFO - Processing file /opt/airflow/dags/trustpilot_dag.py for tasks to queue
[2025-07-06T09:24:11.137+0000] {logging_mixin.py:188} INFO - [2025-07-06T09:24:11.137+0000] {dagbag.py:545} INFO - Filling up the DagBag from /opt/airflow/dags/trustpilot_dag.py
[2025-07-06T09:24:12.712+0000] {logging_mixin.py:188} INFO - 📁 Fichier .env chargé
[2025-07-06T09:24:12.713+0000] {logging_mixin.py:188} INFO - 👉 Mode scraping : prod
[2025-07-06T09:24:12.713+0000] {logging_mixin.py:188} INFO - 👉 Fichier d’entrée : data/verbatims_test.csv
[2025-07-06T09:24:12.721+0000] {processor.py:840} INFO - DAG(s) 'trustpilot_pipeline' retrieved from /opt/airflow/dags/trustpilot_dag.py
[2025-07-06T09:24:12.866+0000] {logging_mixin.py:188} INFO - [2025-07-06T09:24:12.865+0000] {dag.py:3096} INFO - Sync 1 DAGs
[2025-07-06T09:24:12.881+0000] {logging_mixin.py:188} INFO - [2025-07-06T09:24:12.881+0000] {dag.py:3954} INFO - Setting next_dagrun for trustpilot_pipeline to None, run_after=None
[2025-07-06T09:24:12.900+0000] {processor.py:183} INFO - Processing /opt/airflow/dags/trustpilot_dag.py took 1.775 seconds
[2025-07-06T09:24:43.027+0000] {processor.py:161} INFO - Started process (PID=8583) to work on /opt/airflow/dags/trustpilot_dag.py
[2025-07-06T09:24:43.028+0000] {processor.py:830} INFO - Processing file /opt/airflow/dags/trustpilot_dag.py for tasks to queue
[2025-07-06T09:24:43.030+0000] {logging_mixin.py:188} INFO - [2025-07-06T09:24:43.030+0000] {dagbag.py:545} INFO - Filling up the DagBag from /opt/airflow/dags/trustpilot_dag.py
[2025-07-06T09:24:44.614+0000] {logging_mixin.py:188} INFO - 📁 Fichier .env chargé
[2025-07-06T09:24:44.615+0000] {logging_mixin.py:188} INFO - 👉 Mode scraping : prod
[2025-07-06T09:24:44.615+0000] {logging_mixin.py:188} INFO - 👉 Fichier d’entrée : data/verbatims_test.csv
[2025-07-06T09:24:44.622+0000] {processor.py:840} INFO - DAG(s) 'trustpilot_pipeline' retrieved from /opt/airflow/dags/trustpilot_dag.py
[2025-07-06T09:24:44.651+0000] {logging_mixin.py:188} INFO - [2025-07-06T09:24:44.650+0000] {dag.py:3096} INFO - Sync 1 DAGs
[2025-07-06T09:24:44.666+0000] {logging_mixin.py:188} INFO - [2025-07-06T09:24:44.666+0000] {dag.py:3954} INFO - Setting next_dagrun for trustpilot_pipeline to None, run_after=None
[2025-07-06T09:24:44.688+0000] {processor.py:183} INFO - Processing /opt/airflow/dags/trustpilot_dag.py took 1.670 seconds
[2025-07-06T09:25:14.811+0000] {processor.py:161} INFO - Started process (PID=8589) to work on /opt/airflow/dags/trustpilot_dag.py
[2025-07-06T09:25:14.812+0000] {processor.py:830} INFO - Processing file /opt/airflow/dags/trustpilot_dag.py for tasks to queue
[2025-07-06T09:25:14.815+0000] {logging_mixin.py:188} INFO - [2025-07-06T09:25:14.814+0000] {dagbag.py:545} INFO - Filling up the DagBag from /opt/airflow/dags/trustpilot_dag.py
[2025-07-06T09:25:16.414+0000] {logging_mixin.py:188} INFO - 📁 Fichier .env chargé
[2025-07-06T09:25:16.414+0000] {logging_mixin.py:188} INFO - 👉 Mode scraping : prod
[2025-07-06T09:25:16.414+0000] {logging_mixin.py:188} INFO - 👉 Fichier d’entrée : data/verbatims_test.csv
[2025-07-06T09:25:16.422+0000] {processor.py:840} INFO - DAG(s) 'trustpilot_pipeline' retrieved from /opt/airflow/dags/trustpilot_dag.py
[2025-07-06T09:25:16.450+0000] {logging_mixin.py:188} INFO - [2025-07-06T09:25:16.449+0000] {dag.py:3096} INFO - Sync 1 DAGs
[2025-07-06T09:25:16.465+0000] {logging_mixin.py:188} INFO - [2025-07-06T09:25:16.465+0000] {dag.py:3954} INFO - Setting next_dagrun for trustpilot_pipeline to None, run_after=None
[2025-07-06T09:25:16.484+0000] {processor.py:183} INFO - Processing /opt/airflow/dags/trustpilot_dag.py took 1.684 seconds
[2025-07-06T09:25:46.613+0000] {processor.py:161} INFO - Started process (PID=8595) to work on /opt/airflow/dags/trustpilot_dag.py
[2025-07-06T09:25:46.614+0000] {processor.py:830} INFO - Processing file /opt/airflow/dags/trustpilot_dag.py for tasks to queue
[2025-07-06T09:25:46.616+0000] {logging_mixin.py:188} INFO - [2025-07-06T09:25:46.616+0000] {dagbag.py:545} INFO - Filling up the DagBag from /opt/airflow/dags/trustpilot_dag.py
[2025-07-06T09:25:48.203+0000] {logging_mixin.py:188} INFO - 📁 Fichier .env chargé
[2025-07-06T09:25:48.203+0000] {logging_mixin.py:188} INFO - 👉 Mode scraping : prod
[2025-07-06T09:25:48.204+0000] {logging_mixin.py:188} INFO - 👉 Fichier d’entrée : data/verbatims_test.csv
[2025-07-06T09:25:48.211+0000] {processor.py:840} INFO - DAG(s) 'trustpilot_pipeline' retrieved from /opt/airflow/dags/trustpilot_dag.py
[2025-07-06T09:25:48.239+0000] {logging_mixin.py:188} INFO - [2025-07-06T09:25:48.238+0000] {dag.py:3096} INFO - Sync 1 DAGs
[2025-07-06T09:25:48.256+0000] {logging_mixin.py:188} INFO - [2025-07-06T09:25:48.256+0000] {dag.py:3954} INFO - Setting next_dagrun for trustpilot_pipeline to None, run_after=None
[2025-07-06T09:25:48.392+0000] {processor.py:183} INFO - Processing /opt/airflow/dags/trustpilot_dag.py took 1.788 seconds
[2025-07-06T09:26:18.525+0000] {processor.py:161} INFO - Started process (PID=8601) to work on /opt/airflow/dags/trustpilot_dag.py
[2025-07-06T09:26:18.526+0000] {processor.py:830} INFO - Processing file /opt/airflow/dags/trustpilot_dag.py for tasks to queue
[2025-07-06T09:26:18.528+0000] {logging_mixin.py:188} INFO - [2025-07-06T09:26:18.528+0000] {dagbag.py:545} INFO - Filling up the DagBag from /opt/airflow/dags/trustpilot_dag.py
[2025-07-06T09:26:20.104+0000] {logging_mixin.py:188} INFO - 📁 Fichier .env chargé
[2025-07-06T09:26:20.104+0000] {logging_mixin.py:188} INFO - 👉 Mode scraping : prod
[2025-07-06T09:26:20.104+0000] {logging_mixin.py:188} INFO - 👉 Fichier d’entrée : data/verbatims_test.csv
[2025-07-06T09:26:20.112+0000] {processor.py:840} INFO - DAG(s) 'trustpilot_pipeline' retrieved from /opt/airflow/dags/trustpilot_dag.py
[2025-07-06T09:26:20.142+0000] {logging_mixin.py:188} INFO - [2025-07-06T09:26:20.141+0000] {dag.py:3096} INFO - Sync 1 DAGs
[2025-07-06T09:26:20.271+0000] {logging_mixin.py:188} INFO - [2025-07-06T09:26:20.271+0000] {dag.py:3954} INFO - Setting next_dagrun for trustpilot_pipeline to None, run_after=None
[2025-07-06T09:26:20.290+0000] {processor.py:183} INFO - Processing /opt/airflow/dags/trustpilot_dag.py took 1.774 seconds
[2025-07-06T09:26:50.417+0000] {processor.py:161} INFO - Started process (PID=8607) to work on /opt/airflow/dags/trustpilot_dag.py
[2025-07-06T09:26:50.418+0000] {processor.py:830} INFO - Processing file /opt/airflow/dags/trustpilot_dag.py for tasks to queue
[2025-07-06T09:26:50.420+0000] {logging_mixin.py:188} INFO - [2025-07-06T09:26:50.420+0000] {dagbag.py:545} INFO - Filling up the DagBag from /opt/airflow/dags/trustpilot_dag.py
[2025-07-06T09:26:52.019+0000] {logging_mixin.py:188} INFO - 📁 Fichier .env chargé
[2025-07-06T09:26:52.019+0000] {logging_mixin.py:188} INFO - 👉 Mode scraping : prod
[2025-07-06T09:26:52.020+0000] {logging_mixin.py:188} INFO - 👉 Fichier d’entrée : data/verbatims_test.csv
[2025-07-06T09:26:52.027+0000] {processor.py:840} INFO - DAG(s) 'trustpilot_pipeline' retrieved from /opt/airflow/dags/trustpilot_dag.py
[2025-07-06T09:26:52.173+0000] {logging_mixin.py:188} INFO - [2025-07-06T09:26:52.173+0000] {dag.py:3096} INFO - Sync 1 DAGs
[2025-07-06T09:26:52.189+0000] {logging_mixin.py:188} INFO - [2025-07-06T09:26:52.189+0000] {dag.py:3954} INFO - Setting next_dagrun for trustpilot_pipeline to None, run_after=None
[2025-07-06T09:26:52.208+0000] {processor.py:183} INFO - Processing /opt/airflow/dags/trustpilot_dag.py took 1.803 seconds
[2025-07-06T09:27:22.333+0000] {processor.py:161} INFO - Started process (PID=8613) to work on /opt/airflow/dags/trustpilot_dag.py
[2025-07-06T09:27:22.334+0000] {processor.py:830} INFO - Processing file /opt/airflow/dags/trustpilot_dag.py for tasks to queue
[2025-07-06T09:27:22.337+0000] {logging_mixin.py:188} INFO - [2025-07-06T09:27:22.336+0000] {dagbag.py:545} INFO - Filling up the DagBag from /opt/airflow/dags/trustpilot_dag.py
[2025-07-06T09:27:23.935+0000] {logging_mixin.py:188} INFO - 📁 Fichier .env chargé
[2025-07-06T09:27:23.935+0000] {logging_mixin.py:188} INFO - 👉 Mode scraping : prod
[2025-07-06T09:27:23.936+0000] {logging_mixin.py:188} INFO - 👉 Fichier d’entrée : data/verbatims_test.csv
[2025-07-06T09:27:24.056+0000] {processor.py:840} INFO - DAG(s) 'trustpilot_pipeline' retrieved from /opt/airflow/dags/trustpilot_dag.py
[2025-07-06T09:27:24.085+0000] {logging_mixin.py:188} INFO - [2025-07-06T09:27:24.084+0000] {dag.py:3096} INFO - Sync 1 DAGs
[2025-07-06T09:27:24.101+0000] {logging_mixin.py:188} INFO - [2025-07-06T09:27:24.100+0000] {dag.py:3954} INFO - Setting next_dagrun for trustpilot_pipeline to None, run_after=None
[2025-07-06T09:27:24.119+0000] {processor.py:183} INFO - Processing /opt/airflow/dags/trustpilot_dag.py took 1.797 seconds
[2025-07-06T09:27:54.240+0000] {processor.py:161} INFO - Started process (PID=8619) to work on /opt/airflow/dags/trustpilot_dag.py
[2025-07-06T09:27:54.241+0000] {processor.py:830} INFO - Processing file /opt/airflow/dags/trustpilot_dag.py for tasks to queue
[2025-07-06T09:27:54.243+0000] {logging_mixin.py:188} INFO - [2025-07-06T09:27:54.243+0000] {dagbag.py:545} INFO - Filling up the DagBag from /opt/airflow/dags/trustpilot_dag.py
[2025-07-06T09:27:55.825+0000] {logging_mixin.py:188} INFO - 📁 Fichier .env chargé
[2025-07-06T09:27:55.825+0000] {logging_mixin.py:188} INFO - 👉 Mode scraping : prod
[2025-07-06T09:27:55.826+0000] {logging_mixin.py:188} INFO - 👉 Fichier d’entrée : data/verbatims_test.csv
[2025-07-06T09:27:55.833+0000] {processor.py:840} INFO - DAG(s) 'trustpilot_pipeline' retrieved from /opt/airflow/dags/trustpilot_dag.py
[2025-07-06T09:27:55.861+0000] {logging_mixin.py:188} INFO - [2025-07-06T09:27:55.861+0000] {dag.py:3096} INFO - Sync 1 DAGs
[2025-07-06T09:27:55.877+0000] {logging_mixin.py:188} INFO - [2025-07-06T09:27:55.877+0000] {dag.py:3954} INFO - Setting next_dagrun for trustpilot_pipeline to None, run_after=None
[2025-07-06T09:27:55.896+0000] {processor.py:183} INFO - Processing /opt/airflow/dags/trustpilot_dag.py took 1.665 seconds
[2025-07-06T09:28:26.017+0000] {processor.py:161} INFO - Started process (PID=8625) to work on /opt/airflow/dags/trustpilot_dag.py
[2025-07-06T09:28:26.018+0000] {processor.py:830} INFO - Processing file /opt/airflow/dags/trustpilot_dag.py for tasks to queue
[2025-07-06T09:28:26.020+0000] {logging_mixin.py:188} INFO - [2025-07-06T09:28:26.020+0000] {dagbag.py:545} INFO - Filling up the DagBag from /opt/airflow/dags/trustpilot_dag.py
[2025-07-06T09:28:27.597+0000] {logging_mixin.py:188} INFO - 📁 Fichier .env chargé
[2025-07-06T09:28:27.597+0000] {logging_mixin.py:188} INFO - 👉 Mode scraping : prod
[2025-07-06T09:28:27.597+0000] {logging_mixin.py:188} INFO - 👉 Fichier d’entrée : data/verbatims_test.csv
[2025-07-06T09:28:27.604+0000] {processor.py:840} INFO - DAG(s) 'trustpilot_pipeline' retrieved from /opt/airflow/dags/trustpilot_dag.py
[2025-07-06T09:28:27.632+0000] {logging_mixin.py:188} INFO - [2025-07-06T09:28:27.632+0000] {dag.py:3096} INFO - Sync 1 DAGs
[2025-07-06T09:28:27.648+0000] {logging_mixin.py:188} INFO - [2025-07-06T09:28:27.647+0000] {dag.py:3954} INFO - Setting next_dagrun for trustpilot_pipeline to None, run_after=None
[2025-07-06T09:28:27.668+0000] {processor.py:183} INFO - Processing /opt/airflow/dags/trustpilot_dag.py took 1.660 seconds
[2025-07-06T09:28:57.785+0000] {processor.py:161} INFO - Started process (PID=8631) to work on /opt/airflow/dags/trustpilot_dag.py
[2025-07-06T09:28:57.786+0000] {processor.py:830} INFO - Processing file /opt/airflow/dags/trustpilot_dag.py for tasks to queue
[2025-07-06T09:28:57.788+0000] {logging_mixin.py:188} INFO - [2025-07-06T09:28:57.787+0000] {dagbag.py:545} INFO - Filling up the DagBag from /opt/airflow/dags/trustpilot_dag.py
[2025-07-06T09:28:59.365+0000] {logging_mixin.py:188} INFO - 📁 Fichier .env chargé
[2025-07-06T09:28:59.365+0000] {logging_mixin.py:188} INFO - 👉 Mode scraping : prod
[2025-07-06T09:28:59.365+0000] {logging_mixin.py:188} INFO - 👉 Fichier d’entrée : data/verbatims_test.csv
[2025-07-06T09:28:59.372+0000] {processor.py:840} INFO - DAG(s) 'trustpilot_pipeline' retrieved from /opt/airflow/dags/trustpilot_dag.py
[2025-07-06T09:28:59.400+0000] {logging_mixin.py:188} INFO - [2025-07-06T09:28:59.400+0000] {dag.py:3096} INFO - Sync 1 DAGs
[2025-07-06T09:28:59.533+0000] {logging_mixin.py:188} INFO - [2025-07-06T09:28:59.533+0000] {dag.py:3954} INFO - Setting next_dagrun for trustpilot_pipeline to None, run_after=None
[2025-07-06T09:28:59.553+0000] {processor.py:183} INFO - Processing /opt/airflow/dags/trustpilot_dag.py took 1.777 seconds
[2025-07-06T09:29:29.670+0000] {processor.py:161} INFO - Started process (PID=8637) to work on /opt/airflow/dags/trustpilot_dag.py
[2025-07-06T09:29:29.671+0000] {processor.py:830} INFO - Processing file /opt/airflow/dags/trustpilot_dag.py for tasks to queue
[2025-07-06T09:29:29.673+0000] {logging_mixin.py:188} INFO - [2025-07-06T09:29:29.673+0000] {dagbag.py:545} INFO - Filling up the DagBag from /opt/airflow/dags/trustpilot_dag.py
[2025-07-06T09:29:31.257+0000] {logging_mixin.py:188} INFO - 📁 Fichier .env chargé
[2025-07-06T09:29:31.258+0000] {logging_mixin.py:188} INFO - 👉 Mode scraping : prod
[2025-07-06T09:29:31.258+0000] {logging_mixin.py:188} INFO - 👉 Fichier d’entrée : data/verbatims_test.csv
[2025-07-06T09:29:31.265+0000] {processor.py:840} INFO - DAG(s) 'trustpilot_pipeline' retrieved from /opt/airflow/dags/trustpilot_dag.py
[2025-07-06T09:29:31.411+0000] {logging_mixin.py:188} INFO - [2025-07-06T09:29:31.410+0000] {dag.py:3096} INFO - Sync 1 DAGs
[2025-07-06T09:29:31.426+0000] {logging_mixin.py:188} INFO - [2025-07-06T09:29:31.426+0000] {dag.py:3954} INFO - Setting next_dagrun for trustpilot_pipeline to None, run_after=None
[2025-07-06T09:29:31.445+0000] {processor.py:183} INFO - Processing /opt/airflow/dags/trustpilot_dag.py took 1.784 seconds
[2025-07-06T09:30:01.591+0000] {processor.py:161} INFO - Started process (PID=8643) to work on /opt/airflow/dags/trustpilot_dag.py
[2025-07-06T09:30:01.592+0000] {processor.py:830} INFO - Processing file /opt/airflow/dags/trustpilot_dag.py for tasks to queue
[2025-07-06T09:30:01.594+0000] {logging_mixin.py:188} INFO - [2025-07-06T09:30:01.594+0000] {dagbag.py:545} INFO - Filling up the DagBag from /opt/airflow/dags/trustpilot_dag.py
[2025-07-06T09:30:03.195+0000] {logging_mixin.py:188} INFO - 📁 Fichier .env chargé
[2025-07-06T09:30:03.195+0000] {logging_mixin.py:188} INFO - 👉 Mode scraping : prod
[2025-07-06T09:30:03.196+0000] {logging_mixin.py:188} INFO - 👉 Fichier d’entrée : data/verbatims_test.csv
[2025-07-06T09:30:03.204+0000] {processor.py:840} INFO - DAG(s) 'trustpilot_pipeline' retrieved from /opt/airflow/dags/trustpilot_dag.py
[2025-07-06T09:30:03.347+0000] {logging_mixin.py:188} INFO - [2025-07-06T09:30:03.347+0000] {dag.py:3096} INFO - Sync 1 DAGs
[2025-07-06T09:30:03.363+0000] {logging_mixin.py:188} INFO - [2025-07-06T09:30:03.363+0000] {dag.py:3954} INFO - Setting next_dagrun for trustpilot_pipeline to None, run_after=None
[2025-07-06T09:30:03.382+0000] {processor.py:183} INFO - Processing /opt/airflow/dags/trustpilot_dag.py took 1.802 seconds
[2025-07-06T09:30:33.510+0000] {processor.py:161} INFO - Started process (PID=8649) to work on /opt/airflow/dags/trustpilot_dag.py
[2025-07-06T09:30:33.511+0000] {processor.py:830} INFO - Processing file /opt/airflow/dags/trustpilot_dag.py for tasks to queue
[2025-07-06T09:30:33.513+0000] {logging_mixin.py:188} INFO - [2025-07-06T09:30:33.513+0000] {dagbag.py:545} INFO - Filling up the DagBag from /opt/airflow/dags/trustpilot_dag.py
[2025-07-06T09:30:35.088+0000] {logging_mixin.py:188} INFO - 📁 Fichier .env chargé
[2025-07-06T09:30:35.088+0000] {logging_mixin.py:188} INFO - 👉 Mode scraping : prod
[2025-07-06T09:30:35.088+0000] {logging_mixin.py:188} INFO - 👉 Fichier d’entrée : data/verbatims_test.csv
[2025-07-06T09:30:35.095+0000] {processor.py:840} INFO - DAG(s) 'trustpilot_pipeline' retrieved from /opt/airflow/dags/trustpilot_dag.py
[2025-07-06T09:30:35.124+0000] {logging_mixin.py:188} INFO - [2025-07-06T09:30:35.124+0000] {dag.py:3096} INFO - Sync 1 DAGs
[2025-07-06T09:30:35.140+0000] {logging_mixin.py:188} INFO - [2025-07-06T09:30:35.140+0000] {dag.py:3954} INFO - Setting next_dagrun for trustpilot_pipeline to None, run_after=None
[2025-07-06T09:30:35.158+0000] {processor.py:183} INFO - Processing /opt/airflow/dags/trustpilot_dag.py took 1.658 seconds
[2025-07-06T09:31:05.275+0000] {processor.py:161} INFO - Started process (PID=8655) to work on /opt/airflow/dags/trustpilot_dag.py
[2025-07-06T09:31:05.276+0000] {processor.py:830} INFO - Processing file /opt/airflow/dags/trustpilot_dag.py for tasks to queue
[2025-07-06T09:31:05.278+0000] {logging_mixin.py:188} INFO - [2025-07-06T09:31:05.277+0000] {dagbag.py:545} INFO - Filling up the DagBag from /opt/airflow/dags/trustpilot_dag.py
[2025-07-06T09:31:06.863+0000] {logging_mixin.py:188} INFO - 📁 Fichier .env chargé
[2025-07-06T09:31:06.864+0000] {logging_mixin.py:188} INFO - 👉 Mode scraping : prod
[2025-07-06T09:31:06.864+0000] {logging_mixin.py:188} INFO - 👉 Fichier d’entrée : data/verbatims_test.csv
[2025-07-06T09:31:06.871+0000] {processor.py:840} INFO - DAG(s) 'trustpilot_pipeline' retrieved from /opt/airflow/dags/trustpilot_dag.py
[2025-07-06T09:31:06.899+0000] {logging_mixin.py:188} INFO - [2025-07-06T09:31:06.898+0000] {dag.py:3096} INFO - Sync 1 DAGs
[2025-07-06T09:31:06.914+0000] {logging_mixin.py:188} INFO - [2025-07-06T09:31:06.914+0000] {dag.py:3954} INFO - Setting next_dagrun for trustpilot_pipeline to None, run_after=None
[2025-07-06T09:31:06.935+0000] {processor.py:183} INFO - Processing /opt/airflow/dags/trustpilot_dag.py took 1.670 seconds
[2025-07-06T09:31:37.040+0000] {processor.py:161} INFO - Started process (PID=8661) to work on /opt/airflow/dags/trustpilot_dag.py
[2025-07-06T09:31:37.041+0000] {processor.py:830} INFO - Processing file /opt/airflow/dags/trustpilot_dag.py for tasks to queue
[2025-07-06T09:31:37.043+0000] {logging_mixin.py:188} INFO - [2025-07-06T09:31:37.042+0000] {dagbag.py:545} INFO - Filling up the DagBag from /opt/airflow/dags/trustpilot_dag.py
[2025-07-06T09:31:38.629+0000] {logging_mixin.py:188} INFO - 📁 Fichier .env chargé
[2025-07-06T09:31:38.629+0000] {logging_mixin.py:188} INFO - 👉 Mode scraping : prod
[2025-07-06T09:31:38.630+0000] {logging_mixin.py:188} INFO - 👉 Fichier d’entrée : data/verbatims_test.csv
[2025-07-06T09:31:38.637+0000] {processor.py:840} INFO - DAG(s) 'trustpilot_pipeline' retrieved from /opt/airflow/dags/trustpilot_dag.py
[2025-07-06T09:31:38.666+0000] {logging_mixin.py:188} INFO - [2025-07-06T09:31:38.665+0000] {dag.py:3096} INFO - Sync 1 DAGs
[2025-07-06T09:31:38.683+0000] {logging_mixin.py:188} INFO - [2025-07-06T09:31:38.683+0000] {dag.py:3954} INFO - Setting next_dagrun for trustpilot_pipeline to None, run_after=None
[2025-07-06T09:31:38.820+0000] {processor.py:183} INFO - Processing /opt/airflow/dags/trustpilot_dag.py took 1.789 seconds
[2025-07-06T09:32:08.961+0000] {processor.py:161} INFO - Started process (PID=8667) to work on /opt/airflow/dags/trustpilot_dag.py
[2025-07-06T09:32:08.962+0000] {processor.py:830} INFO - Processing file /opt/airflow/dags/trustpilot_dag.py for tasks to queue
[2025-07-06T09:32:08.965+0000] {logging_mixin.py:188} INFO - [2025-07-06T09:32:08.964+0000] {dagbag.py:545} INFO - Filling up the DagBag from /opt/airflow/dags/trustpilot_dag.py
[2025-07-06T09:32:10.563+0000] {logging_mixin.py:188} INFO - 📁 Fichier .env chargé
[2025-07-06T09:32:10.563+0000] {logging_mixin.py:188} INFO - 👉 Mode scraping : prod
[2025-07-06T09:32:10.563+0000] {logging_mixin.py:188} INFO - 👉 Fichier d’entrée : data/verbatims_test.csv
[2025-07-06T09:32:10.571+0000] {processor.py:840} INFO - DAG(s) 'trustpilot_pipeline' retrieved from /opt/airflow/dags/trustpilot_dag.py
[2025-07-06T09:32:10.603+0000] {logging_mixin.py:188} INFO - [2025-07-06T09:32:10.603+0000] {dag.py:3096} INFO - Sync 1 DAGs
[2025-07-06T09:32:10.736+0000] {logging_mixin.py:188} INFO - [2025-07-06T09:32:10.736+0000] {dag.py:3954} INFO - Setting next_dagrun for trustpilot_pipeline to None, run_after=None
[2025-07-06T09:32:10.755+0000] {processor.py:183} INFO - Processing /opt/airflow/dags/trustpilot_dag.py took 1.804 seconds
[2025-07-06T09:32:40.878+0000] {processor.py:161} INFO - Started process (PID=8673) to work on /opt/airflow/dags/trustpilot_dag.py
[2025-07-06T09:32:40.879+0000] {processor.py:830} INFO - Processing file /opt/airflow/dags/trustpilot_dag.py for tasks to queue
[2025-07-06T09:32:40.881+0000] {logging_mixin.py:188} INFO - [2025-07-06T09:32:40.881+0000] {dagbag.py:545} INFO - Filling up the DagBag from /opt/airflow/dags/trustpilot_dag.py
[2025-07-06T09:32:42.456+0000] {logging_mixin.py:188} INFO - 📁 Fichier .env chargé
[2025-07-06T09:32:42.456+0000] {logging_mixin.py:188} INFO - 👉 Mode scraping : prod
[2025-07-06T09:32:42.456+0000] {logging_mixin.py:188} INFO - 👉 Fichier d’entrée : data/verbatims_test.csv
[2025-07-06T09:32:42.463+0000] {processor.py:840} INFO - DAG(s) 'trustpilot_pipeline' retrieved from /opt/airflow/dags/trustpilot_dag.py
[2025-07-06T09:32:42.608+0000] {logging_mixin.py:188} INFO - [2025-07-06T09:32:42.608+0000] {dag.py:3096} INFO - Sync 1 DAGs
[2025-07-06T09:32:42.624+0000] {logging_mixin.py:188} INFO - [2025-07-06T09:32:42.623+0000] {dag.py:3954} INFO - Setting next_dagrun for trustpilot_pipeline to None, run_after=None
[2025-07-06T09:32:42.642+0000] {processor.py:183} INFO - Processing /opt/airflow/dags/trustpilot_dag.py took 1.773 seconds
[2025-07-06T09:33:12.765+0000] {processor.py:161} INFO - Started process (PID=8679) to work on /opt/airflow/dags/trustpilot_dag.py
[2025-07-06T09:33:12.766+0000] {processor.py:830} INFO - Processing file /opt/airflow/dags/trustpilot_dag.py for tasks to queue
[2025-07-06T09:33:12.769+0000] {logging_mixin.py:188} INFO - [2025-07-06T09:33:12.768+0000] {dagbag.py:545} INFO - Filling up the DagBag from /opt/airflow/dags/trustpilot_dag.py
[2025-07-06T09:33:14.353+0000] {logging_mixin.py:188} INFO - 📁 Fichier .env chargé
[2025-07-06T09:33:14.353+0000] {logging_mixin.py:188} INFO - 👉 Mode scraping : prod
[2025-07-06T09:33:14.353+0000] {logging_mixin.py:188} INFO - 👉 Fichier d’entrée : data/verbatims_test.csv
[2025-07-06T09:33:14.361+0000] {processor.py:840} INFO - DAG(s) 'trustpilot_pipeline' retrieved from /opt/airflow/dags/trustpilot_dag.py
[2025-07-06T09:33:14.389+0000] {logging_mixin.py:188} INFO - [2025-07-06T09:33:14.388+0000] {dag.py:3096} INFO - Sync 1 DAGs
[2025-07-06T09:33:14.404+0000] {logging_mixin.py:188} INFO - [2025-07-06T09:33:14.404+0000] {dag.py:3954} INFO - Setting next_dagrun for trustpilot_pipeline to None, run_after=None
[2025-07-06T09:33:14.423+0000] {processor.py:183} INFO - Processing /opt/airflow/dags/trustpilot_dag.py took 1.667 seconds
[2025-07-06T09:33:44.537+0000] {processor.py:161} INFO - Started process (PID=8685) to work on /opt/airflow/dags/trustpilot_dag.py
[2025-07-06T09:33:44.538+0000] {processor.py:830} INFO - Processing file /opt/airflow/dags/trustpilot_dag.py for tasks to queue
[2025-07-06T09:33:44.540+0000] {logging_mixin.py:188} INFO - [2025-07-06T09:33:44.539+0000] {dagbag.py:545} INFO - Filling up the DagBag from /opt/airflow/dags/trustpilot_dag.py
[2025-07-06T09:33:46.116+0000] {logging_mixin.py:188} INFO - 📁 Fichier .env chargé
[2025-07-06T09:33:46.116+0000] {logging_mixin.py:188} INFO - 👉 Mode scraping : prod
[2025-07-06T09:33:46.116+0000] {logging_mixin.py:188} INFO - 👉 Fichier d’entrée : data/verbatims_test.csv
[2025-07-06T09:33:46.123+0000] {processor.py:840} INFO - DAG(s) 'trustpilot_pipeline' retrieved from /opt/airflow/dags/trustpilot_dag.py
[2025-07-06T09:33:46.151+0000] {logging_mixin.py:188} INFO - [2025-07-06T09:33:46.151+0000] {dag.py:3096} INFO - Sync 1 DAGs
[2025-07-06T09:33:46.167+0000] {logging_mixin.py:188} INFO - [2025-07-06T09:33:46.166+0000] {dag.py:3954} INFO - Setting next_dagrun for trustpilot_pipeline to None, run_after=None
[2025-07-06T09:33:46.186+0000] {processor.py:183} INFO - Processing /opt/airflow/dags/trustpilot_dag.py took 1.658 seconds
[2025-07-06T09:34:16.309+0000] {processor.py:161} INFO - Started process (PID=8691) to work on /opt/airflow/dags/trustpilot_dag.py
[2025-07-06T09:34:16.310+0000] {processor.py:830} INFO - Processing file /opt/airflow/dags/trustpilot_dag.py for tasks to queue
[2025-07-06T09:34:16.312+0000] {logging_mixin.py:188} INFO - [2025-07-06T09:34:16.312+0000] {dagbag.py:545} INFO - Filling up the DagBag from /opt/airflow/dags/trustpilot_dag.py
[2025-07-06T09:34:17.889+0000] {logging_mixin.py:188} INFO - 📁 Fichier .env chargé
[2025-07-06T09:34:17.889+0000] {logging_mixin.py:188} INFO - 👉 Mode scraping : prod
[2025-07-06T09:34:17.889+0000] {logging_mixin.py:188} INFO - 👉 Fichier d’entrée : data/verbatims_test.csv
[2025-07-06T09:34:17.897+0000] {processor.py:840} INFO - DAG(s) 'trustpilot_pipeline' retrieved from /opt/airflow/dags/trustpilot_dag.py
[2025-07-06T09:34:17.924+0000] {logging_mixin.py:188} INFO - [2025-07-06T09:34:17.924+0000] {dag.py:3096} INFO - Sync 1 DAGs
[2025-07-06T09:34:17.942+0000] {logging_mixin.py:188} INFO - [2025-07-06T09:34:17.941+0000] {dag.py:3954} INFO - Setting next_dagrun for trustpilot_pipeline to None, run_after=None
[2025-07-06T09:34:18.078+0000] {processor.py:183} INFO - Processing /opt/airflow/dags/trustpilot_dag.py took 1.778 seconds
[2025-07-06T09:34:48.198+0000] {processor.py:161} INFO - Started process (PID=8697) to work on /opt/airflow/dags/trustpilot_dag.py
[2025-07-06T09:34:48.199+0000] {processor.py:830} INFO - Processing file /opt/airflow/dags/trustpilot_dag.py for tasks to queue
[2025-07-06T09:34:48.202+0000] {logging_mixin.py:188} INFO - [2025-07-06T09:34:48.201+0000] {dagbag.py:545} INFO - Filling up the DagBag from /opt/airflow/dags/trustpilot_dag.py
[2025-07-06T09:34:49.801+0000] {logging_mixin.py:188} INFO - 📁 Fichier .env chargé
[2025-07-06T09:34:49.801+0000] {logging_mixin.py:188} INFO - 👉 Mode scraping : prod
[2025-07-06T09:34:49.801+0000] {logging_mixin.py:188} INFO - 👉 Fichier d’entrée : data/verbatims_test.csv
[2025-07-06T09:34:49.809+0000] {processor.py:840} INFO - DAG(s) 'trustpilot_pipeline' retrieved from /opt/airflow/dags/trustpilot_dag.py
[2025-07-06T09:34:49.837+0000] {logging_mixin.py:188} INFO - [2025-07-06T09:34:49.837+0000] {dag.py:3096} INFO - Sync 1 DAGs
[2025-07-06T09:34:49.969+0000] {logging_mixin.py:188} INFO - [2025-07-06T09:34:49.968+0000] {dag.py:3954} INFO - Setting next_dagrun for trustpilot_pipeline to None, run_after=None
[2025-07-06T09:34:49.988+0000] {processor.py:183} INFO - Processing /opt/airflow/dags/trustpilot_dag.py took 1.801 seconds
[2025-07-06T09:35:20.109+0000] {processor.py:161} INFO - Started process (PID=8703) to work on /opt/airflow/dags/trustpilot_dag.py
[2025-07-06T09:35:20.110+0000] {processor.py:830} INFO - Processing file /opt/airflow/dags/trustpilot_dag.py for tasks to queue
[2025-07-06T09:35:20.113+0000] {logging_mixin.py:188} INFO - [2025-07-06T09:35:20.112+0000] {dagbag.py:545} INFO - Filling up the DagBag from /opt/airflow/dags/trustpilot_dag.py
[2025-07-06T09:35:21.712+0000] {logging_mixin.py:188} INFO - 📁 Fichier .env chargé
[2025-07-06T09:35:21.712+0000] {logging_mixin.py:188} INFO - 👉 Mode scraping : prod
[2025-07-06T09:35:21.712+0000] {logging_mixin.py:188} INFO - 👉 Fichier d’entrée : data/verbatims_test.csv
[2025-07-06T09:35:21.720+0000] {processor.py:840} INFO - DAG(s) 'trustpilot_pipeline' retrieved from /opt/airflow/dags/trustpilot_dag.py
[2025-07-06T09:35:21.864+0000] {logging_mixin.py:188} INFO - [2025-07-06T09:35:21.864+0000] {dag.py:3096} INFO - Sync 1 DAGs
[2025-07-06T09:35:21.880+0000] {logging_mixin.py:188} INFO - [2025-07-06T09:35:21.880+0000] {dag.py:3954} INFO - Setting next_dagrun for trustpilot_pipeline to None, run_after=None
[2025-07-06T09:35:21.900+0000] {processor.py:183} INFO - Processing /opt/airflow/dags/trustpilot_dag.py took 1.802 seconds
[2025-07-06T09:35:52.015+0000] {processor.py:161} INFO - Started process (PID=8709) to work on /opt/airflow/dags/trustpilot_dag.py
[2025-07-06T09:35:52.016+0000] {processor.py:830} INFO - Processing file /opt/airflow/dags/trustpilot_dag.py for tasks to queue
[2025-07-06T09:35:52.018+0000] {logging_mixin.py:188} INFO - [2025-07-06T09:35:52.018+0000] {dagbag.py:545} INFO - Filling up the DagBag from /opt/airflow/dags/trustpilot_dag.py
[2025-07-06T09:35:53.593+0000] {logging_mixin.py:188} INFO - 📁 Fichier .env chargé
[2025-07-06T09:35:53.593+0000] {logging_mixin.py:188} INFO - 👉 Mode scraping : prod
[2025-07-06T09:35:53.593+0000] {logging_mixin.py:188} INFO - 👉 Fichier d’entrée : data/verbatims_test.csv
[2025-07-06T09:35:53.717+0000] {processor.py:840} INFO - DAG(s) 'trustpilot_pipeline' retrieved from /opt/airflow/dags/trustpilot_dag.py
[2025-07-06T09:35:53.745+0000] {logging_mixin.py:188} INFO - [2025-07-06T09:35:53.745+0000] {dag.py:3096} INFO - Sync 1 DAGs
[2025-07-06T09:35:53.761+0000] {logging_mixin.py:188} INFO - [2025-07-06T09:35:53.761+0000] {dag.py:3954} INFO - Setting next_dagrun for trustpilot_pipeline to None, run_after=None
[2025-07-06T09:35:53.780+0000] {processor.py:183} INFO - Processing /opt/airflow/dags/trustpilot_dag.py took 1.774 seconds
[2025-07-06T09:36:23.921+0000] {processor.py:161} INFO - Started process (PID=8715) to work on /opt/airflow/dags/trustpilot_dag.py
[2025-07-06T09:36:23.922+0000] {processor.py:830} INFO - Processing file /opt/airflow/dags/trustpilot_dag.py for tasks to queue
[2025-07-06T09:36:23.924+0000] {logging_mixin.py:188} INFO - [2025-07-06T09:36:23.923+0000] {dagbag.py:545} INFO - Filling up the DagBag from /opt/airflow/dags/trustpilot_dag.py
[2025-07-06T09:36:25.500+0000] {logging_mixin.py:188} INFO - 📁 Fichier .env chargé
[2025-07-06T09:36:25.500+0000] {logging_mixin.py:188} INFO - 👉 Mode scraping : prod
[2025-07-06T09:36:25.501+0000] {logging_mixin.py:188} INFO - 👉 Fichier d’entrée : data/verbatims_test.csv
[2025-07-06T09:36:25.508+0000] {processor.py:840} INFO - DAG(s) 'trustpilot_pipeline' retrieved from /opt/airflow/dags/trustpilot_dag.py
[2025-07-06T09:36:25.536+0000] {logging_mixin.py:188} INFO - [2025-07-06T09:36:25.536+0000] {dag.py:3096} INFO - Sync 1 DAGs
[2025-07-06T09:36:25.552+0000] {logging_mixin.py:188} INFO - [2025-07-06T09:36:25.551+0000] {dag.py:3954} INFO - Setting next_dagrun for trustpilot_pipeline to None, run_after=None
[2025-07-06T09:36:25.570+0000] {processor.py:183} INFO - Processing /opt/airflow/dags/trustpilot_dag.py took 1.658 seconds
[2025-07-06T09:36:55.690+0000] {processor.py:161} INFO - Started process (PID=8721) to work on /opt/airflow/dags/trustpilot_dag.py
[2025-07-06T09:36:55.691+0000] {processor.py:830} INFO - Processing file /opt/airflow/dags/trustpilot_dag.py for tasks to queue
[2025-07-06T09:36:55.694+0000] {logging_mixin.py:188} INFO - [2025-07-06T09:36:55.693+0000] {dagbag.py:545} INFO - Filling up the DagBag from /opt/airflow/dags/trustpilot_dag.py
[2025-07-06T09:36:57.292+0000] {logging_mixin.py:188} INFO - 📁 Fichier .env chargé
[2025-07-06T09:36:57.292+0000] {logging_mixin.py:188} INFO - 👉 Mode scraping : prod
[2025-07-06T09:36:57.292+0000] {logging_mixin.py:188} INFO - 👉 Fichier d’entrée : data/verbatims_test.csv
[2025-07-06T09:36:57.300+0000] {processor.py:840} INFO - DAG(s) 'trustpilot_pipeline' retrieved from /opt/airflow/dags/trustpilot_dag.py
[2025-07-06T09:36:57.328+0000] {logging_mixin.py:188} INFO - [2025-07-06T09:36:57.328+0000] {dag.py:3096} INFO - Sync 1 DAGs
[2025-07-06T09:36:57.344+0000] {logging_mixin.py:188} INFO - [2025-07-06T09:36:57.344+0000] {dag.py:3954} INFO - Setting next_dagrun for trustpilot_pipeline to None, run_after=None
[2025-07-06T09:36:57.364+0000] {processor.py:183} INFO - Processing /opt/airflow/dags/trustpilot_dag.py took 1.685 seconds
[2025-07-06T09:37:27.478+0000] {processor.py:161} INFO - Started process (PID=8727) to work on /opt/airflow/dags/trustpilot_dag.py
[2025-07-06T09:37:27.479+0000] {processor.py:830} INFO - Processing file /opt/airflow/dags/trustpilot_dag.py for tasks to queue
[2025-07-06T09:37:27.481+0000] {logging_mixin.py:188} INFO - [2025-07-06T09:37:27.480+0000] {dagbag.py:545} INFO - Filling up the DagBag from /opt/airflow/dags/trustpilot_dag.py
[2025-07-06T09:37:29.061+0000] {logging_mixin.py:188} INFO - 📁 Fichier .env chargé
[2025-07-06T09:37:29.061+0000] {logging_mixin.py:188} INFO - 👉 Mode scraping : prod
[2025-07-06T09:37:29.061+0000] {logging_mixin.py:188} INFO - 👉 Fichier d’entrée : data/verbatims_test.csv
[2025-07-06T09:37:29.068+0000] {processor.py:840} INFO - DAG(s) 'trustpilot_pipeline' retrieved from /opt/airflow/dags/trustpilot_dag.py
[2025-07-06T09:37:29.096+0000] {logging_mixin.py:188} INFO - [2025-07-06T09:37:29.096+0000] {dag.py:3096} INFO - Sync 1 DAGs
[2025-07-06T09:37:29.113+0000] {logging_mixin.py:188} INFO - [2025-07-06T09:37:29.113+0000] {dag.py:3954} INFO - Setting next_dagrun for trustpilot_pipeline to None, run_after=None
[2025-07-06T09:37:29.249+0000] {processor.py:183} INFO - Processing /opt/airflow/dags/trustpilot_dag.py took 1.780 seconds
[2025-07-06T09:37:59.385+0000] {processor.py:161} INFO - Started process (PID=8733) to work on /opt/airflow/dags/trustpilot_dag.py
[2025-07-06T09:37:59.386+0000] {processor.py:830} INFO - Processing file /opt/airflow/dags/trustpilot_dag.py for tasks to queue
[2025-07-06T09:37:59.388+0000] {logging_mixin.py:188} INFO - [2025-07-06T09:37:59.388+0000] {dagbag.py:545} INFO - Filling up the DagBag from /opt/airflow/dags/trustpilot_dag.py
[2025-07-06T09:38:00.966+0000] {logging_mixin.py:188} INFO - 📁 Fichier .env chargé
[2025-07-06T09:38:00.967+0000] {logging_mixin.py:188} INFO - 👉 Mode scraping : prod
[2025-07-06T09:38:00.967+0000] {logging_mixin.py:188} INFO - 👉 Fichier d’entrée : data/verbatims_test.csv
[2025-07-06T09:38:00.974+0000] {processor.py:840} INFO - DAG(s) 'trustpilot_pipeline' retrieved from /opt/airflow/dags/trustpilot_dag.py
[2025-07-06T09:38:01.120+0000] {logging_mixin.py:188} INFO - [2025-07-06T09:38:01.119+0000] {dag.py:3096} INFO - Sync 1 DAGs
[2025-07-06T09:38:01.135+0000] {logging_mixin.py:188} INFO - [2025-07-06T09:38:01.135+0000] {dag.py:3954} INFO - Setting next_dagrun for trustpilot_pipeline to None, run_after=None
[2025-07-06T09:38:01.154+0000] {processor.py:183} INFO - Processing /opt/airflow/dags/trustpilot_dag.py took 1.778 seconds
[2025-07-06T09:38:31.275+0000] {processor.py:161} INFO - Started process (PID=8739) to work on /opt/airflow/dags/trustpilot_dag.py
[2025-07-06T09:38:31.276+0000] {processor.py:830} INFO - Processing file /opt/airflow/dags/trustpilot_dag.py for tasks to queue
[2025-07-06T09:38:31.278+0000] {logging_mixin.py:188} INFO - [2025-07-06T09:38:31.278+0000] {dagbag.py:545} INFO - Filling up the DagBag from /opt/airflow/dags/trustpilot_dag.py
[2025-07-06T09:38:32.854+0000] {logging_mixin.py:188} INFO - 📁 Fichier .env chargé
[2025-07-06T09:38:32.855+0000] {logging_mixin.py:188} INFO - 👉 Mode scraping : prod
[2025-07-06T09:38:32.855+0000] {logging_mixin.py:188} INFO - 👉 Fichier d’entrée : data/verbatims_test.csv
[2025-07-06T09:38:32.863+0000] {processor.py:840} INFO - DAG(s) 'trustpilot_pipeline' retrieved from /opt/airflow/dags/trustpilot_dag.py
[2025-07-06T09:38:33.008+0000] {logging_mixin.py:188} INFO - [2025-07-06T09:38:33.007+0000] {dag.py:3096} INFO - Sync 1 DAGs
[2025-07-06T09:38:33.023+0000] {logging_mixin.py:188} INFO - [2025-07-06T09:38:33.023+0000] {dag.py:3954} INFO - Setting next_dagrun for trustpilot_pipeline to None, run_after=None
[2025-07-06T09:38:33.042+0000] {processor.py:183} INFO - Processing /opt/airflow/dags/trustpilot_dag.py took 1.777 seconds
[2025-07-06T09:39:03.157+0000] {processor.py:161} INFO - Started process (PID=8745) to work on /opt/airflow/dags/trustpilot_dag.py
[2025-07-06T09:39:03.158+0000] {processor.py:830} INFO - Processing file /opt/airflow/dags/trustpilot_dag.py for tasks to queue
[2025-07-06T09:39:03.160+0000] {logging_mixin.py:188} INFO - [2025-07-06T09:39:03.160+0000] {dagbag.py:545} INFO - Filling up the DagBag from /opt/airflow/dags/trustpilot_dag.py
[2025-07-06T09:39:04.740+0000] {logging_mixin.py:188} INFO - 📁 Fichier .env chargé
[2025-07-06T09:39:04.740+0000] {logging_mixin.py:188} INFO - 👉 Mode scraping : prod
[2025-07-06T09:39:04.741+0000] {logging_mixin.py:188} INFO - 👉 Fichier d’entrée : data/verbatims_test.csv
[2025-07-06T09:39:04.748+0000] {processor.py:840} INFO - DAG(s) 'trustpilot_pipeline' retrieved from /opt/airflow/dags/trustpilot_dag.py
[2025-07-06T09:39:04.776+0000] {logging_mixin.py:188} INFO - [2025-07-06T09:39:04.775+0000] {dag.py:3096} INFO - Sync 1 DAGs
[2025-07-06T09:39:04.791+0000] {logging_mixin.py:188} INFO - [2025-07-06T09:39:04.791+0000] {dag.py:3954} INFO - Setting next_dagrun for trustpilot_pipeline to None, run_after=None
[2025-07-06T09:39:04.810+0000] {processor.py:183} INFO - Processing /opt/airflow/dags/trustpilot_dag.py took 1.662 seconds
[2025-07-06T09:39:34.920+0000] {processor.py:161} INFO - Started process (PID=8751) to work on /opt/airflow/dags/trustpilot_dag.py
[2025-07-06T09:39:34.921+0000] {processor.py:830} INFO - Processing file /opt/airflow/dags/trustpilot_dag.py for tasks to queue
[2025-07-06T09:39:34.923+0000] {logging_mixin.py:188} INFO - [2025-07-06T09:39:34.923+0000] {dagbag.py:545} INFO - Filling up the DagBag from /opt/airflow/dags/trustpilot_dag.py
[2025-07-06T09:39:36.501+0000] {logging_mixin.py:188} INFO - 📁 Fichier .env chargé
[2025-07-06T09:39:36.501+0000] {logging_mixin.py:188} INFO - 👉 Mode scraping : prod
[2025-07-06T09:39:36.501+0000] {logging_mixin.py:188} INFO - 👉 Fichier d’entrée : data/verbatims_test.csv
[2025-07-06T09:39:36.509+0000] {processor.py:840} INFO - DAG(s) 'trustpilot_pipeline' retrieved from /opt/airflow/dags/trustpilot_dag.py
[2025-07-06T09:39:36.537+0000] {logging_mixin.py:188} INFO - [2025-07-06T09:39:36.537+0000] {dag.py:3096} INFO - Sync 1 DAGs
[2025-07-06T09:39:36.552+0000] {logging_mixin.py:188} INFO - [2025-07-06T09:39:36.552+0000] {dag.py:3954} INFO - Setting next_dagrun for trustpilot_pipeline to None, run_after=None
[2025-07-06T09:39:36.571+0000] {processor.py:183} INFO - Processing /opt/airflow/dags/trustpilot_dag.py took 1.660 seconds
[2025-07-06T09:40:06.699+0000] {processor.py:161} INFO - Started process (PID=8757) to work on /opt/airflow/dags/trustpilot_dag.py
[2025-07-06T09:40:06.700+0000] {processor.py:830} INFO - Processing file /opt/airflow/dags/trustpilot_dag.py for tasks to queue
[2025-07-06T09:40:06.702+0000] {logging_mixin.py:188} INFO - [2025-07-06T09:40:06.702+0000] {dagbag.py:545} INFO - Filling up the DagBag from /opt/airflow/dags/trustpilot_dag.py
[2025-07-06T09:40:08.282+0000] {logging_mixin.py:188} INFO - 📁 Fichier .env chargé
[2025-07-06T09:40:08.282+0000] {logging_mixin.py:188} INFO - 👉 Mode scraping : prod
[2025-07-06T09:40:08.282+0000] {logging_mixin.py:188} INFO - 👉 Fichier d’entrée : data/verbatims_test.csv
[2025-07-06T09:40:08.289+0000] {processor.py:840} INFO - DAG(s) 'trustpilot_pipeline' retrieved from /opt/airflow/dags/trustpilot_dag.py
[2025-07-06T09:40:08.317+0000] {logging_mixin.py:188} INFO - [2025-07-06T09:40:08.317+0000] {dag.py:3096} INFO - Sync 1 DAGs
[2025-07-06T09:40:08.334+0000] {logging_mixin.py:188} INFO - [2025-07-06T09:40:08.334+0000] {dag.py:3954} INFO - Setting next_dagrun for trustpilot_pipeline to None, run_after=None
[2025-07-06T09:40:08.470+0000] {processor.py:183} INFO - Processing /opt/airflow/dags/trustpilot_dag.py took 1.780 seconds
[2025-07-06T09:40:38.589+0000] {processor.py:161} INFO - Started process (PID=8763) to work on /opt/airflow/dags/trustpilot_dag.py
[2025-07-06T09:40:38.590+0000] {processor.py:830} INFO - Processing file /opt/airflow/dags/trustpilot_dag.py for tasks to queue
[2025-07-06T09:40:38.592+0000] {logging_mixin.py:188} INFO - [2025-07-06T09:40:38.592+0000] {dagbag.py:545} INFO - Filling up the DagBag from /opt/airflow/dags/trustpilot_dag.py
[2025-07-06T09:40:40.173+0000] {logging_mixin.py:188} INFO - 📁 Fichier .env chargé
[2025-07-06T09:40:40.173+0000] {logging_mixin.py:188} INFO - 👉 Mode scraping : prod
[2025-07-06T09:40:40.173+0000] {logging_mixin.py:188} INFO - 👉 Fichier d’entrée : data/verbatims_test.csv
[2025-07-06T09:40:40.180+0000] {processor.py:840} INFO - DAG(s) 'trustpilot_pipeline' retrieved from /opt/airflow/dags/trustpilot_dag.py
[2025-07-06T09:40:40.210+0000] {logging_mixin.py:188} INFO - [2025-07-06T09:40:40.210+0000] {dag.py:3096} INFO - Sync 1 DAGs
[2025-07-06T09:40:40.342+0000] {logging_mixin.py:188} INFO - [2025-07-06T09:40:40.342+0000] {dag.py:3954} INFO - Setting next_dagrun for trustpilot_pipeline to None, run_after=None
[2025-07-06T09:40:40.361+0000] {processor.py:183} INFO - Processing /opt/airflow/dags/trustpilot_dag.py took 1.781 seconds
[2025-07-06T09:41:10.480+0000] {processor.py:161} INFO - Started process (PID=8769) to work on /opt/airflow/dags/trustpilot_dag.py
[2025-07-06T09:41:10.481+0000] {processor.py:830} INFO - Processing file /opt/airflow/dags/trustpilot_dag.py for tasks to queue
[2025-07-06T09:41:10.483+0000] {logging_mixin.py:188} INFO - [2025-07-06T09:41:10.483+0000] {dagbag.py:545} INFO - Filling up the DagBag from /opt/airflow/dags/trustpilot_dag.py
[2025-07-06T09:41:12.056+0000] {logging_mixin.py:188} INFO - 📁 Fichier .env chargé
[2025-07-06T09:41:12.056+0000] {logging_mixin.py:188} INFO - 👉 Mode scraping : prod
[2025-07-06T09:41:12.057+0000] {logging_mixin.py:188} INFO - 👉 Fichier d’entrée : data/verbatims_test.csv
[2025-07-06T09:41:12.064+0000] {processor.py:840} INFO - DAG(s) 'trustpilot_pipeline' retrieved from /opt/airflow/dags/trustpilot_dag.py
[2025-07-06T09:41:12.210+0000] {logging_mixin.py:188} INFO - [2025-07-06T09:41:12.210+0000] {dag.py:3096} INFO - Sync 1 DAGs
[2025-07-06T09:41:12.226+0000] {logging_mixin.py:188} INFO - [2025-07-06T09:41:12.225+0000] {dag.py:3954} INFO - Setting next_dagrun for trustpilot_pipeline to None, run_after=None
[2025-07-06T09:41:12.244+0000] {processor.py:183} INFO - Processing /opt/airflow/dags/trustpilot_dag.py took 1.774 seconds
[2025-07-06T09:41:42.311+0000] {processor.py:161} INFO - Started process (PID=8775) to work on /opt/airflow/dags/trustpilot_dag.py
[2025-07-06T09:41:42.312+0000] {processor.py:830} INFO - Processing file /opt/airflow/dags/trustpilot_dag.py for tasks to queue
[2025-07-06T09:41:42.315+0000] {logging_mixin.py:188} INFO - [2025-07-06T09:41:42.314+0000] {dagbag.py:545} INFO - Filling up the DagBag from /opt/airflow/dags/trustpilot_dag.py
[2025-07-06T09:41:43.915+0000] {logging_mixin.py:188} INFO - 📁 Fichier .env chargé
[2025-07-06T09:41:43.916+0000] {logging_mixin.py:188} INFO - 👉 Mode scraping : prod
[2025-07-06T09:41:43.916+0000] {logging_mixin.py:188} INFO - 👉 Fichier d’entrée : data/verbatims_test.csv
[2025-07-06T09:41:44.037+0000] {processor.py:840} INFO - DAG(s) 'trustpilot_pipeline' retrieved from /opt/airflow/dags/trustpilot_dag.py
[2025-07-06T09:41:44.065+0000] {logging_mixin.py:188} INFO - [2025-07-06T09:41:44.065+0000] {dag.py:3096} INFO - Sync 1 DAGs
[2025-07-06T09:41:44.081+0000] {logging_mixin.py:188} INFO - [2025-07-06T09:41:44.081+0000] {dag.py:3954} INFO - Setting next_dagrun for trustpilot_pipeline to None, run_after=None
[2025-07-06T09:41:44.100+0000] {processor.py:183} INFO - Processing /opt/airflow/dags/trustpilot_dag.py took 1.800 seconds
[2025-07-06T09:42:14.240+0000] {processor.py:161} INFO - Started process (PID=8781) to work on /opt/airflow/dags/trustpilot_dag.py
[2025-07-06T09:42:14.241+0000] {processor.py:830} INFO - Processing file /opt/airflow/dags/trustpilot_dag.py for tasks to queue
[2025-07-06T09:42:14.243+0000] {logging_mixin.py:188} INFO - [2025-07-06T09:42:14.243+0000] {dagbag.py:545} INFO - Filling up the DagBag from /opt/airflow/dags/trustpilot_dag.py
[2025-07-06T09:42:15.822+0000] {logging_mixin.py:188} INFO - 📁 Fichier .env chargé
[2025-07-06T09:42:15.822+0000] {logging_mixin.py:188} INFO - 👉 Mode scraping : prod
[2025-07-06T09:42:15.823+0000] {logging_mixin.py:188} INFO - 👉 Fichier d’entrée : data/verbatims_test.csv
[2025-07-06T09:42:15.830+0000] {processor.py:840} INFO - DAG(s) 'trustpilot_pipeline' retrieved from /opt/airflow/dags/trustpilot_dag.py
[2025-07-06T09:42:15.858+0000] {logging_mixin.py:188} INFO - [2025-07-06T09:42:15.858+0000] {dag.py:3096} INFO - Sync 1 DAGs
[2025-07-06T09:42:15.874+0000] {logging_mixin.py:188} INFO - [2025-07-06T09:42:15.874+0000] {dag.py:3954} INFO - Setting next_dagrun for trustpilot_pipeline to None, run_after=None
[2025-07-06T09:42:15.893+0000] {processor.py:183} INFO - Processing /opt/airflow/dags/trustpilot_dag.py took 1.662 seconds
[2025-07-06T09:42:46.010+0000] {processor.py:161} INFO - Started process (PID=8787) to work on /opt/airflow/dags/trustpilot_dag.py
[2025-07-06T09:42:46.011+0000] {processor.py:830} INFO - Processing file /opt/airflow/dags/trustpilot_dag.py for tasks to queue
[2025-07-06T09:42:46.013+0000] {logging_mixin.py:188} INFO - [2025-07-06T09:42:46.013+0000] {dagbag.py:545} INFO - Filling up the DagBag from /opt/airflow/dags/trustpilot_dag.py
[2025-07-06T09:42:47.592+0000] {logging_mixin.py:188} INFO - 📁 Fichier .env chargé
[2025-07-06T09:42:47.593+0000] {logging_mixin.py:188} INFO - 👉 Mode scraping : prod
[2025-07-06T09:42:47.593+0000] {logging_mixin.py:188} INFO - 👉 Fichier d’entrée : data/verbatims_test.csv
[2025-07-06T09:42:47.600+0000] {processor.py:840} INFO - DAG(s) 'trustpilot_pipeline' retrieved from /opt/airflow/dags/trustpilot_dag.py
[2025-07-06T09:42:47.628+0000] {logging_mixin.py:188} INFO - [2025-07-06T09:42:47.628+0000] {dag.py:3096} INFO - Sync 1 DAGs
[2025-07-06T09:42:47.644+0000] {logging_mixin.py:188} INFO - [2025-07-06T09:42:47.643+0000] {dag.py:3954} INFO - Setting next_dagrun for trustpilot_pipeline to None, run_after=None
[2025-07-06T09:42:47.664+0000] {processor.py:183} INFO - Processing /opt/airflow/dags/trustpilot_dag.py took 1.663 seconds
[2025-07-06T09:43:17.779+0000] {processor.py:161} INFO - Started process (PID=8793) to work on /opt/airflow/dags/trustpilot_dag.py
[2025-07-06T09:43:17.780+0000] {processor.py:830} INFO - Processing file /opt/airflow/dags/trustpilot_dag.py for tasks to queue
[2025-07-06T09:43:17.782+0000] {logging_mixin.py:188} INFO - [2025-07-06T09:43:17.782+0000] {dagbag.py:545} INFO - Filling up the DagBag from /opt/airflow/dags/trustpilot_dag.py
[2025-07-06T09:43:19.358+0000] {logging_mixin.py:188} INFO - 📁 Fichier .env chargé
[2025-07-06T09:43:19.358+0000] {logging_mixin.py:188} INFO - 👉 Mode scraping : prod
[2025-07-06T09:43:19.358+0000] {logging_mixin.py:188} INFO - 👉 Fichier d’entrée : data/verbatims_test.csv
[2025-07-06T09:43:19.365+0000] {processor.py:840} INFO - DAG(s) 'trustpilot_pipeline' retrieved from /opt/airflow/dags/trustpilot_dag.py
[2025-07-06T09:43:19.393+0000] {logging_mixin.py:188} INFO - [2025-07-06T09:43:19.393+0000] {dag.py:3096} INFO - Sync 1 DAGs
[2025-07-06T09:43:19.528+0000] {logging_mixin.py:188} INFO - [2025-07-06T09:43:19.528+0000] {dag.py:3954} INFO - Setting next_dagrun for trustpilot_pipeline to None, run_after=None
[2025-07-06T09:43:19.547+0000] {processor.py:183} INFO - Processing /opt/airflow/dags/trustpilot_dag.py took 1.777 seconds
[2025-07-06T09:43:49.677+0000] {processor.py:161} INFO - Started process (PID=8799) to work on /opt/airflow/dags/trustpilot_dag.py
[2025-07-06T09:43:49.678+0000] {processor.py:830} INFO - Processing file /opt/airflow/dags/trustpilot_dag.py for tasks to queue
[2025-07-06T09:43:49.680+0000] {logging_mixin.py:188} INFO - [2025-07-06T09:43:49.680+0000] {dagbag.py:545} INFO - Filling up the DagBag from /opt/airflow/dags/trustpilot_dag.py
[2025-07-06T09:43:51.259+0000] {logging_mixin.py:188} INFO - 📁 Fichier .env chargé
[2025-07-06T09:43:51.259+0000] {logging_mixin.py:188} INFO - 👉 Mode scraping : prod
[2025-07-06T09:43:51.259+0000] {logging_mixin.py:188} INFO - 👉 Fichier d’entrée : data/verbatims_test.csv
[2025-07-06T09:43:51.266+0000] {processor.py:840} INFO - DAG(s) 'trustpilot_pipeline' retrieved from /opt/airflow/dags/trustpilot_dag.py
[2025-07-06T09:43:51.412+0000] {logging_mixin.py:188} INFO - [2025-07-06T09:43:51.411+0000] {dag.py:3096} INFO - Sync 1 DAGs
[2025-07-06T09:43:51.427+0000] {logging_mixin.py:188} INFO - [2025-07-06T09:43:51.427+0000] {dag.py:3954} INFO - Setting next_dagrun for trustpilot_pipeline to None, run_after=None
[2025-07-06T09:43:51.446+0000] {processor.py:183} INFO - Processing /opt/airflow/dags/trustpilot_dag.py took 1.778 seconds
[2025-07-06T09:44:21.577+0000] {processor.py:161} INFO - Started process (PID=8805) to work on /opt/airflow/dags/trustpilot_dag.py
[2025-07-06T09:44:21.578+0000] {processor.py:830} INFO - Processing file /opt/airflow/dags/trustpilot_dag.py for tasks to queue
[2025-07-06T09:44:21.580+0000] {logging_mixin.py:188} INFO - [2025-07-06T09:44:21.580+0000] {dagbag.py:545} INFO - Filling up the DagBag from /opt/airflow/dags/trustpilot_dag.py
[2025-07-06T09:44:23.158+0000] {logging_mixin.py:188} INFO - 📁 Fichier .env chargé
[2025-07-06T09:44:23.158+0000] {logging_mixin.py:188} INFO - 👉 Mode scraping : prod
[2025-07-06T09:44:23.158+0000] {logging_mixin.py:188} INFO - 👉 Fichier d’entrée : data/verbatims_test.csv
[2025-07-06T09:44:23.167+0000] {processor.py:840} INFO - DAG(s) 'trustpilot_pipeline' retrieved from /opt/airflow/dags/trustpilot_dag.py
[2025-07-06T09:44:23.312+0000] {logging_mixin.py:188} INFO - [2025-07-06T09:44:23.312+0000] {dag.py:3096} INFO - Sync 1 DAGs
[2025-07-06T09:44:23.328+0000] {logging_mixin.py:188} INFO - [2025-07-06T09:44:23.327+0000] {dag.py:3954} INFO - Setting next_dagrun for trustpilot_pipeline to None, run_after=None
[2025-07-06T09:44:23.346+0000] {processor.py:183} INFO - Processing /opt/airflow/dags/trustpilot_dag.py took 1.779 seconds
[2025-07-06T09:44:53.477+0000] {processor.py:161} INFO - Started process (PID=8811) to work on /opt/airflow/dags/trustpilot_dag.py
[2025-07-06T09:44:53.478+0000] {processor.py:830} INFO - Processing file /opt/airflow/dags/trustpilot_dag.py for tasks to queue
[2025-07-06T09:44:53.481+0000] {logging_mixin.py:188} INFO - [2025-07-06T09:44:53.480+0000] {dagbag.py:545} INFO - Filling up the DagBag from /opt/airflow/dags/trustpilot_dag.py
[2025-07-06T09:44:55.190+0000] {logging_mixin.py:188} INFO - 📁 Fichier .env chargé
[2025-07-06T09:44:55.191+0000] {logging_mixin.py:188} INFO - 👉 Mode scraping : prod
[2025-07-06T09:44:55.191+0000] {logging_mixin.py:188} INFO - 👉 Fichier d’entrée : data/verbatims_test.csv
[2025-07-06T09:44:55.198+0000] {processor.py:840} INFO - DAG(s) 'trustpilot_pipeline' retrieved from /opt/airflow/dags/trustpilot_dag.py
[2025-07-06T09:44:55.227+0000] {logging_mixin.py:188} INFO - [2025-07-06T09:44:55.226+0000] {dag.py:3096} INFO - Sync 1 DAGs
[2025-07-06T09:44:55.243+0000] {logging_mixin.py:188} INFO - [2025-07-06T09:44:55.243+0000] {dag.py:3954} INFO - Setting next_dagrun for trustpilot_pipeline to None, run_after=None
[2025-07-06T09:44:55.262+0000] {processor.py:183} INFO - Processing /opt/airflow/dags/trustpilot_dag.py took 1.796 seconds
[2025-07-06T09:45:25.383+0000] {processor.py:161} INFO - Started process (PID=8817) to work on /opt/airflow/dags/trustpilot_dag.py
[2025-07-06T09:45:25.384+0000] {processor.py:830} INFO - Processing file /opt/airflow/dags/trustpilot_dag.py for tasks to queue
[2025-07-06T09:45:25.386+0000] {logging_mixin.py:188} INFO - [2025-07-06T09:45:25.386+0000] {dagbag.py:545} INFO - Filling up the DagBag from /opt/airflow/dags/trustpilot_dag.py
[2025-07-06T09:45:26.960+0000] {logging_mixin.py:188} INFO - 📁 Fichier .env chargé
[2025-07-06T09:45:26.960+0000] {logging_mixin.py:188} INFO - 👉 Mode scraping : prod
[2025-07-06T09:45:26.960+0000] {logging_mixin.py:188} INFO - 👉 Fichier d’entrée : data/verbatims_test.csv
[2025-07-06T09:45:26.967+0000] {processor.py:840} INFO - DAG(s) 'trustpilot_pipeline' retrieved from /opt/airflow/dags/trustpilot_dag.py
[2025-07-06T09:45:26.995+0000] {logging_mixin.py:188} INFO - [2025-07-06T09:45:26.995+0000] {dag.py:3096} INFO - Sync 1 DAGs
[2025-07-06T09:45:27.011+0000] {logging_mixin.py:188} INFO - [2025-07-06T09:45:27.011+0000] {dag.py:3954} INFO - Setting next_dagrun for trustpilot_pipeline to None, run_after=None
[2025-07-06T09:45:27.030+0000] {processor.py:183} INFO - Processing /opt/airflow/dags/trustpilot_dag.py took 1.655 seconds
[2025-07-06T09:45:57.160+0000] {processor.py:161} INFO - Started process (PID=8823) to work on /opt/airflow/dags/trustpilot_dag.py
[2025-07-06T09:45:57.161+0000] {processor.py:830} INFO - Processing file /opt/airflow/dags/trustpilot_dag.py for tasks to queue
[2025-07-06T09:45:57.163+0000] {logging_mixin.py:188} INFO - [2025-07-06T09:45:57.163+0000] {dagbag.py:545} INFO - Filling up the DagBag from /opt/airflow/dags/trustpilot_dag.py
[2025-07-06T09:45:58.743+0000] {logging_mixin.py:188} INFO - 📁 Fichier .env chargé
[2025-07-06T09:45:58.743+0000] {logging_mixin.py:188} INFO - 👉 Mode scraping : prod
[2025-07-06T09:45:58.743+0000] {logging_mixin.py:188} INFO - 👉 Fichier d’entrée : data/verbatims_test.csv
[2025-07-06T09:45:58.750+0000] {processor.py:840} INFO - DAG(s) 'trustpilot_pipeline' retrieved from /opt/airflow/dags/trustpilot_dag.py
[2025-07-06T09:45:58.778+0000] {logging_mixin.py:188} INFO - [2025-07-06T09:45:58.778+0000] {dag.py:3096} INFO - Sync 1 DAGs
[2025-07-06T09:45:58.912+0000] {logging_mixin.py:188} INFO - [2025-07-06T09:45:58.911+0000] {dag.py:3954} INFO - Setting next_dagrun for trustpilot_pipeline to None, run_after=None
[2025-07-06T09:45:58.931+0000] {processor.py:183} INFO - Processing /opt/airflow/dags/trustpilot_dag.py took 1.780 seconds
[2025-07-06T09:46:29.055+0000] {processor.py:161} INFO - Started process (PID=8829) to work on /opt/airflow/dags/trustpilot_dag.py
[2025-07-06T09:46:29.056+0000] {processor.py:830} INFO - Processing file /opt/airflow/dags/trustpilot_dag.py for tasks to queue
[2025-07-06T09:46:29.058+0000] {logging_mixin.py:188} INFO - [2025-07-06T09:46:29.057+0000] {dagbag.py:545} INFO - Filling up the DagBag from /opt/airflow/dags/trustpilot_dag.py
[2025-07-06T09:46:30.637+0000] {logging_mixin.py:188} INFO - 📁 Fichier .env chargé
[2025-07-06T09:46:30.637+0000] {logging_mixin.py:188} INFO - 👉 Mode scraping : prod
[2025-07-06T09:46:30.637+0000] {logging_mixin.py:188} INFO - 👉 Fichier d’entrée : data/verbatims_test.csv
[2025-07-06T09:46:30.645+0000] {processor.py:840} INFO - DAG(s) 'trustpilot_pipeline' retrieved from /opt/airflow/dags/trustpilot_dag.py
[2025-07-06T09:46:30.675+0000] {logging_mixin.py:188} INFO - [2025-07-06T09:46:30.675+0000] {dag.py:3096} INFO - Sync 1 DAGs
[2025-07-06T09:46:30.805+0000] {logging_mixin.py:188} INFO - [2025-07-06T09:46:30.805+0000] {dag.py:3954} INFO - Setting next_dagrun for trustpilot_pipeline to None, run_after=None
[2025-07-06T09:46:30.824+0000] {processor.py:183} INFO - Processing /opt/airflow/dags/trustpilot_dag.py took 1.778 seconds
[2025-07-06T09:47:00.943+0000] {processor.py:161} INFO - Started process (PID=8835) to work on /opt/airflow/dags/trustpilot_dag.py
[2025-07-06T09:47:00.944+0000] {processor.py:830} INFO - Processing file /opt/airflow/dags/trustpilot_dag.py for tasks to queue
[2025-07-06T09:47:00.946+0000] {logging_mixin.py:188} INFO - [2025-07-06T09:47:00.945+0000] {dagbag.py:545} INFO - Filling up the DagBag from /opt/airflow/dags/trustpilot_dag.py
[2025-07-06T09:47:02.526+0000] {logging_mixin.py:188} INFO - 📁 Fichier .env chargé
[2025-07-06T09:47:02.527+0000] {logging_mixin.py:188} INFO - 👉 Mode scraping : prod
[2025-07-06T09:47:02.527+0000] {logging_mixin.py:188} INFO - 👉 Fichier d’entrée : data/verbatims_test.csv
[2025-07-06T09:47:02.534+0000] {processor.py:840} INFO - DAG(s) 'trustpilot_pipeline' retrieved from /opt/airflow/dags/trustpilot_dag.py
[2025-07-06T09:47:02.680+0000] {logging_mixin.py:188} INFO - [2025-07-06T09:47:02.679+0000] {dag.py:3096} INFO - Sync 1 DAGs
[2025-07-06T09:47:02.695+0000] {logging_mixin.py:188} INFO - [2025-07-06T09:47:02.695+0000] {dag.py:3954} INFO - Setting next_dagrun for trustpilot_pipeline to None, run_after=None
[2025-07-06T09:47:02.714+0000] {processor.py:183} INFO - Processing /opt/airflow/dags/trustpilot_dag.py took 1.780 seconds
[2025-07-06T09:47:32.830+0000] {processor.py:161} INFO - Started process (PID=8841) to work on /opt/airflow/dags/trustpilot_dag.py
[2025-07-06T09:47:32.831+0000] {processor.py:830} INFO - Processing file /opt/airflow/dags/trustpilot_dag.py for tasks to queue
[2025-07-06T09:47:32.833+0000] {logging_mixin.py:188} INFO - [2025-07-06T09:47:32.833+0000] {dagbag.py:545} INFO - Filling up the DagBag from /opt/airflow/dags/trustpilot_dag.py
[2025-07-06T09:47:34.430+0000] {logging_mixin.py:188} INFO - 📁 Fichier .env chargé
[2025-07-06T09:47:34.431+0000] {logging_mixin.py:188} INFO - 👉 Mode scraping : prod
[2025-07-06T09:47:34.431+0000] {logging_mixin.py:188} INFO - 👉 Fichier d’entrée : data/verbatims_test.csv
[2025-07-06T09:47:34.552+0000] {processor.py:840} INFO - DAG(s) 'trustpilot_pipeline' retrieved from /opt/airflow/dags/trustpilot_dag.py
[2025-07-06T09:47:34.581+0000] {logging_mixin.py:188} INFO - [2025-07-06T09:47:34.580+0000] {dag.py:3096} INFO - Sync 1 DAGs
[2025-07-06T09:47:34.596+0000] {logging_mixin.py:188} INFO - [2025-07-06T09:47:34.596+0000] {dag.py:3954} INFO - Setting next_dagrun for trustpilot_pipeline to None, run_after=None
[2025-07-06T09:47:34.615+0000] {processor.py:183} INFO - Processing /opt/airflow/dags/trustpilot_dag.py took 1.796 seconds
[2025-07-06T09:48:04.763+0000] {processor.py:161} INFO - Started process (PID=8847) to work on /opt/airflow/dags/trustpilot_dag.py
[2025-07-06T09:48:04.764+0000] {processor.py:830} INFO - Processing file /opt/airflow/dags/trustpilot_dag.py for tasks to queue
[2025-07-06T09:48:04.767+0000] {logging_mixin.py:188} INFO - [2025-07-06T09:48:04.766+0000] {dagbag.py:545} INFO - Filling up the DagBag from /opt/airflow/dags/trustpilot_dag.py
[2025-07-06T09:48:06.363+0000] {logging_mixin.py:188} INFO - 📁 Fichier .env chargé
[2025-07-06T09:48:06.363+0000] {logging_mixin.py:188} INFO - 👉 Mode scraping : prod
[2025-07-06T09:48:06.364+0000] {logging_mixin.py:188} INFO - 👉 Fichier d’entrée : data/verbatims_test.csv
[2025-07-06T09:48:06.371+0000] {processor.py:840} INFO - DAG(s) 'trustpilot_pipeline' retrieved from /opt/airflow/dags/trustpilot_dag.py
[2025-07-06T09:48:06.400+0000] {logging_mixin.py:188} INFO - [2025-07-06T09:48:06.399+0000] {dag.py:3096} INFO - Sync 1 DAGs
[2025-07-06T09:48:06.415+0000] {logging_mixin.py:188} INFO - [2025-07-06T09:48:06.415+0000] {dag.py:3954} INFO - Setting next_dagrun for trustpilot_pipeline to None, run_after=None
[2025-07-06T09:48:06.435+0000] {processor.py:183} INFO - Processing /opt/airflow/dags/trustpilot_dag.py took 1.682 seconds
[2025-07-06T09:48:36.568+0000] {processor.py:161} INFO - Started process (PID=8853) to work on /opt/airflow/dags/trustpilot_dag.py
[2025-07-06T09:48:36.569+0000] {processor.py:830} INFO - Processing file /opt/airflow/dags/trustpilot_dag.py for tasks to queue
[2025-07-06T09:48:36.571+0000] {logging_mixin.py:188} INFO - [2025-07-06T09:48:36.571+0000] {dagbag.py:545} INFO - Filling up the DagBag from /opt/airflow/dags/trustpilot_dag.py
[2025-07-06T09:48:38.152+0000] {logging_mixin.py:188} INFO - 📁 Fichier .env chargé
[2025-07-06T09:48:38.152+0000] {logging_mixin.py:188} INFO - 👉 Mode scraping : prod
[2025-07-06T09:48:38.152+0000] {logging_mixin.py:188} INFO - 👉 Fichier d’entrée : data/verbatims_test.csv
[2025-07-06T09:48:38.159+0000] {processor.py:840} INFO - DAG(s) 'trustpilot_pipeline' retrieved from /opt/airflow/dags/trustpilot_dag.py
[2025-07-06T09:48:38.188+0000] {logging_mixin.py:188} INFO - [2025-07-06T09:48:38.188+0000] {dag.py:3096} INFO - Sync 1 DAGs
[2025-07-06T09:48:38.205+0000] {logging_mixin.py:188} INFO - [2025-07-06T09:48:38.205+0000] {dag.py:3954} INFO - Setting next_dagrun for trustpilot_pipeline to None, run_after=None
[2025-07-06T09:48:38.339+0000] {processor.py:183} INFO - Processing /opt/airflow/dags/trustpilot_dag.py took 1.780 seconds
[2025-07-06T09:49:08.461+0000] {processor.py:161} INFO - Started process (PID=8859) to work on /opt/airflow/dags/trustpilot_dag.py
[2025-07-06T09:49:08.462+0000] {processor.py:830} INFO - Processing file /opt/airflow/dags/trustpilot_dag.py for tasks to queue
[2025-07-06T09:49:08.464+0000] {logging_mixin.py:188} INFO - [2025-07-06T09:49:08.463+0000] {dagbag.py:545} INFO - Filling up the DagBag from /opt/airflow/dags/trustpilot_dag.py
[2025-07-06T09:49:10.046+0000] {logging_mixin.py:188} INFO - 📁 Fichier .env chargé
[2025-07-06T09:49:10.046+0000] {logging_mixin.py:188} INFO - 👉 Mode scraping : prod
[2025-07-06T09:49:10.047+0000] {logging_mixin.py:188} INFO - 👉 Fichier d’entrée : data/verbatims_test.csv
[2025-07-06T09:49:10.054+0000] {processor.py:840} INFO - DAG(s) 'trustpilot_pipeline' retrieved from /opt/airflow/dags/trustpilot_dag.py
[2025-07-06T09:49:10.083+0000] {logging_mixin.py:188} INFO - [2025-07-06T09:49:10.082+0000] {dag.py:3096} INFO - Sync 1 DAGs
[2025-07-06T09:49:10.217+0000] {logging_mixin.py:188} INFO - [2025-07-06T09:49:10.216+0000] {dag.py:3954} INFO - Setting next_dagrun for trustpilot_pipeline to None, run_after=None
[2025-07-06T09:49:10.236+0000] {processor.py:183} INFO - Processing /opt/airflow/dags/trustpilot_dag.py took 1.784 seconds
[2025-07-06T09:49:40.357+0000] {processor.py:161} INFO - Started process (PID=8865) to work on /opt/airflow/dags/trustpilot_dag.py
[2025-07-06T09:49:40.358+0000] {processor.py:830} INFO - Processing file /opt/airflow/dags/trustpilot_dag.py for tasks to queue
[2025-07-06T09:49:40.361+0000] {logging_mixin.py:188} INFO - [2025-07-06T09:49:40.360+0000] {dagbag.py:545} INFO - Filling up the DagBag from /opt/airflow/dags/trustpilot_dag.py
[2025-07-06T09:49:41.958+0000] {logging_mixin.py:188} INFO - 📁 Fichier .env chargé
[2025-07-06T09:49:41.958+0000] {logging_mixin.py:188} INFO - 👉 Mode scraping : prod
[2025-07-06T09:49:41.958+0000] {logging_mixin.py:188} INFO - 👉 Fichier d’entrée : data/verbatims_test.csv
[2025-07-06T09:49:41.966+0000] {processor.py:840} INFO - DAG(s) 'trustpilot_pipeline' retrieved from /opt/airflow/dags/trustpilot_dag.py
[2025-07-06T09:49:42.109+0000] {logging_mixin.py:188} INFO - [2025-07-06T09:49:42.109+0000] {dag.py:3096} INFO - Sync 1 DAGs
[2025-07-06T09:49:42.125+0000] {logging_mixin.py:188} INFO - [2025-07-06T09:49:42.125+0000] {dag.py:3954} INFO - Setting next_dagrun for trustpilot_pipeline to None, run_after=None
[2025-07-06T09:49:42.143+0000] {processor.py:183} INFO - Processing /opt/airflow/dags/trustpilot_dag.py took 1.797 seconds
[2025-07-06T09:50:12.284+0000] {processor.py:161} INFO - Started process (PID=8871) to work on /opt/airflow/dags/trustpilot_dag.py
[2025-07-06T09:50:12.285+0000] {processor.py:830} INFO - Processing file /opt/airflow/dags/trustpilot_dag.py for tasks to queue
[2025-07-06T09:50:12.287+0000] {logging_mixin.py:188} INFO - [2025-07-06T09:50:12.287+0000] {dagbag.py:545} INFO - Filling up the DagBag from /opt/airflow/dags/trustpilot_dag.py
[2025-07-06T09:50:13.872+0000] {logging_mixin.py:188} INFO - 📁 Fichier .env chargé
[2025-07-06T09:50:13.872+0000] {logging_mixin.py:188} INFO - 👉 Mode scraping : prod
[2025-07-06T09:50:13.872+0000] {logging_mixin.py:188} INFO - 👉 Fichier d’entrée : data/verbatims_test.csv
[2025-07-06T09:50:13.994+0000] {processor.py:840} INFO - DAG(s) 'trustpilot_pipeline' retrieved from /opt/airflow/dags/trustpilot_dag.py
[2025-07-06T09:50:14.022+0000] {logging_mixin.py:188} INFO - [2025-07-06T09:50:14.021+0000] {dag.py:3096} INFO - Sync 1 DAGs
[2025-07-06T09:50:14.037+0000] {logging_mixin.py:188} INFO - [2025-07-06T09:50:14.037+0000] {dag.py:3954} INFO - Setting next_dagrun for trustpilot_pipeline to None, run_after=None
[2025-07-06T09:50:14.056+0000] {processor.py:183} INFO - Processing /opt/airflow/dags/trustpilot_dag.py took 1.781 seconds
[2025-07-06T09:50:44.185+0000] {processor.py:161} INFO - Started process (PID=8877) to work on /opt/airflow/dags/trustpilot_dag.py
[2025-07-06T09:50:44.186+0000] {processor.py:830} INFO - Processing file /opt/airflow/dags/trustpilot_dag.py for tasks to queue
[2025-07-06T09:50:44.189+0000] {logging_mixin.py:188} INFO - [2025-07-06T09:50:44.188+0000] {dagbag.py:545} INFO - Filling up the DagBag from /opt/airflow/dags/trustpilot_dag.py
[2025-07-06T09:50:45.792+0000] {logging_mixin.py:188} INFO - 📁 Fichier .env chargé
[2025-07-06T09:50:45.792+0000] {logging_mixin.py:188} INFO - 👉 Mode scraping : prod
[2025-07-06T09:50:45.792+0000] {logging_mixin.py:188} INFO - 👉 Fichier d’entrée : data/verbatims_test.csv
[2025-07-06T09:50:45.800+0000] {processor.py:840} INFO - DAG(s) 'trustpilot_pipeline' retrieved from /opt/airflow/dags/trustpilot_dag.py
[2025-07-06T09:50:45.829+0000] {logging_mixin.py:188} INFO - [2025-07-06T09:50:45.828+0000] {dag.py:3096} INFO - Sync 1 DAGs
[2025-07-06T09:50:45.845+0000] {logging_mixin.py:188} INFO - [2025-07-06T09:50:45.844+0000] {dag.py:3954} INFO - Setting next_dagrun for trustpilot_pipeline to None, run_after=None
[2025-07-06T09:50:45.863+0000] {processor.py:183} INFO - Processing /opt/airflow/dags/trustpilot_dag.py took 1.689 seconds
[2025-07-06T09:51:15.979+0000] {processor.py:161} INFO - Started process (PID=8883) to work on /opt/airflow/dags/trustpilot_dag.py
[2025-07-06T09:51:15.980+0000] {processor.py:830} INFO - Processing file /opt/airflow/dags/trustpilot_dag.py for tasks to queue
[2025-07-06T09:51:15.983+0000] {logging_mixin.py:188} INFO - [2025-07-06T09:51:15.982+0000] {dagbag.py:545} INFO - Filling up the DagBag from /opt/airflow/dags/trustpilot_dag.py
[2025-07-06T09:51:17.623+0000] {logging_mixin.py:188} INFO - 📁 Fichier .env chargé
[2025-07-06T09:51:17.623+0000] {logging_mixin.py:188} INFO - 👉 Mode scraping : prod
[2025-07-06T09:51:17.624+0000] {logging_mixin.py:188} INFO - 👉 Fichier d’entrée : data/verbatims_test.csv
[2025-07-06T09:51:17.632+0000] {processor.py:840} INFO - DAG(s) 'trustpilot_pipeline' retrieved from /opt/airflow/dags/trustpilot_dag.py
[2025-07-06T09:51:17.662+0000] {logging_mixin.py:188} INFO - [2025-07-06T09:51:17.661+0000] {dag.py:3096} INFO - Sync 1 DAGs
[2025-07-06T09:51:17.679+0000] {logging_mixin.py:188} INFO - [2025-07-06T09:51:17.678+0000] {dag.py:3954} INFO - Setting next_dagrun for trustpilot_pipeline to None, run_after=None
[2025-07-06T09:51:17.702+0000] {processor.py:183} INFO - Processing /opt/airflow/dags/trustpilot_dag.py took 1.734 seconds
[2025-07-06T09:51:47.818+0000] {processor.py:161} INFO - Started process (PID=8889) to work on /opt/airflow/dags/trustpilot_dag.py
[2025-07-06T09:51:47.819+0000] {processor.py:830} INFO - Processing file /opt/airflow/dags/trustpilot_dag.py for tasks to queue
[2025-07-06T09:51:47.822+0000] {logging_mixin.py:188} INFO - [2025-07-06T09:51:47.821+0000] {dagbag.py:545} INFO - Filling up the DagBag from /opt/airflow/dags/trustpilot_dag.py
[2025-07-06T09:51:49.419+0000] {logging_mixin.py:188} INFO - 📁 Fichier .env chargé
[2025-07-06T09:51:49.419+0000] {logging_mixin.py:188} INFO - 👉 Mode scraping : prod
[2025-07-06T09:51:49.420+0000] {logging_mixin.py:188} INFO - 👉 Fichier d’entrée : data/verbatims_test.csv
[2025-07-06T09:51:49.427+0000] {processor.py:840} INFO - DAG(s) 'trustpilot_pipeline' retrieved from /opt/airflow/dags/trustpilot_dag.py
[2025-07-06T09:51:49.456+0000] {logging_mixin.py:188} INFO - [2025-07-06T09:51:49.455+0000] {dag.py:3096} INFO - Sync 1 DAGs
[2025-07-06T09:51:49.587+0000] {logging_mixin.py:188} INFO - [2025-07-06T09:51:49.587+0000] {dag.py:3954} INFO - Setting next_dagrun for trustpilot_pipeline to None, run_after=None
[2025-07-06T09:51:49.610+0000] {processor.py:183} INFO - Processing /opt/airflow/dags/trustpilot_dag.py took 1.803 seconds
[2025-07-06T09:52:19.748+0000] {processor.py:161} INFO - Started process (PID=8895) to work on /opt/airflow/dags/trustpilot_dag.py
[2025-07-06T09:52:19.749+0000] {processor.py:830} INFO - Processing file /opt/airflow/dags/trustpilot_dag.py for tasks to queue
[2025-07-06T09:52:19.751+0000] {logging_mixin.py:188} INFO - [2025-07-06T09:52:19.750+0000] {dagbag.py:545} INFO - Filling up the DagBag from /opt/airflow/dags/trustpilot_dag.py
[2025-07-06T09:52:21.329+0000] {logging_mixin.py:188} INFO - 📁 Fichier .env chargé
[2025-07-06T09:52:21.329+0000] {logging_mixin.py:188} INFO - 👉 Mode scraping : prod
[2025-07-06T09:52:21.330+0000] {logging_mixin.py:188} INFO - 👉 Fichier d’entrée : data/verbatims_test.csv
[2025-07-06T09:52:21.337+0000] {processor.py:840} INFO - DAG(s) 'trustpilot_pipeline' retrieved from /opt/airflow/dags/trustpilot_dag.py
[2025-07-06T09:52:21.367+0000] {logging_mixin.py:188} INFO - [2025-07-06T09:52:21.366+0000] {dag.py:3096} INFO - Sync 1 DAGs
[2025-07-06T09:52:21.497+0000] {logging_mixin.py:188} INFO - [2025-07-06T09:52:21.497+0000] {dag.py:3954} INFO - Setting next_dagrun for trustpilot_pipeline to None, run_after=None
[2025-07-06T09:52:21.516+0000] {processor.py:183} INFO - Processing /opt/airflow/dags/trustpilot_dag.py took 1.778 seconds
[2025-07-06T09:52:51.638+0000] {processor.py:161} INFO - Started process (PID=8901) to work on /opt/airflow/dags/trustpilot_dag.py
[2025-07-06T09:52:51.639+0000] {processor.py:830} INFO - Processing file /opt/airflow/dags/trustpilot_dag.py for tasks to queue
[2025-07-06T09:52:51.641+0000] {logging_mixin.py:188} INFO - [2025-07-06T09:52:51.641+0000] {dagbag.py:545} INFO - Filling up the DagBag from /opt/airflow/dags/trustpilot_dag.py
[2025-07-06T09:52:53.221+0000] {logging_mixin.py:188} INFO - 📁 Fichier .env chargé
[2025-07-06T09:52:53.221+0000] {logging_mixin.py:188} INFO - 👉 Mode scraping : prod
[2025-07-06T09:52:53.221+0000] {logging_mixin.py:188} INFO - 👉 Fichier d’entrée : data/verbatims_test.csv
[2025-07-06T09:52:53.230+0000] {processor.py:840} INFO - DAG(s) 'trustpilot_pipeline' retrieved from /opt/airflow/dags/trustpilot_dag.py
[2025-07-06T09:52:53.373+0000] {logging_mixin.py:188} INFO - [2025-07-06T09:52:53.373+0000] {dag.py:3096} INFO - Sync 1 DAGs
[2025-07-06T09:52:53.389+0000] {logging_mixin.py:188} INFO - [2025-07-06T09:52:53.388+0000] {dag.py:3954} INFO - Setting next_dagrun for trustpilot_pipeline to None, run_after=None
[2025-07-06T09:52:53.407+0000] {processor.py:183} INFO - Processing /opt/airflow/dags/trustpilot_dag.py took 1.778 seconds
[2025-07-06T09:53:23.536+0000] {processor.py:161} INFO - Started process (PID=8907) to work on /opt/airflow/dags/trustpilot_dag.py
[2025-07-06T09:53:23.537+0000] {processor.py:830} INFO - Processing file /opt/airflow/dags/trustpilot_dag.py for tasks to queue
[2025-07-06T09:53:23.539+0000] {logging_mixin.py:188} INFO - [2025-07-06T09:53:23.539+0000] {dagbag.py:545} INFO - Filling up the DagBag from /opt/airflow/dags/trustpilot_dag.py
[2025-07-06T09:53:25.257+0000] {logging_mixin.py:188} INFO - 📁 Fichier .env chargé
[2025-07-06T09:53:25.257+0000] {logging_mixin.py:188} INFO - 👉 Mode scraping : prod
[2025-07-06T09:53:25.257+0000] {logging_mixin.py:188} INFO - 👉 Fichier d’entrée : data/verbatims_test.csv
[2025-07-06T09:53:25.265+0000] {processor.py:840} INFO - DAG(s) 'trustpilot_pipeline' retrieved from /opt/airflow/dags/trustpilot_dag.py
[2025-07-06T09:53:25.293+0000] {logging_mixin.py:188} INFO - [2025-07-06T09:53:25.293+0000] {dag.py:3096} INFO - Sync 1 DAGs
[2025-07-06T09:53:25.309+0000] {logging_mixin.py:188} INFO - [2025-07-06T09:53:25.309+0000] {dag.py:3954} INFO - Setting next_dagrun for trustpilot_pipeline to None, run_after=None
[2025-07-06T09:53:25.328+0000] {processor.py:183} INFO - Processing /opt/airflow/dags/trustpilot_dag.py took 1.803 seconds
[2025-07-06T09:53:55.449+0000] {processor.py:161} INFO - Started process (PID=8913) to work on /opt/airflow/dags/trustpilot_dag.py
[2025-07-06T09:53:55.450+0000] {processor.py:830} INFO - Processing file /opt/airflow/dags/trustpilot_dag.py for tasks to queue
[2025-07-06T09:53:55.452+0000] {logging_mixin.py:188} INFO - [2025-07-06T09:53:55.451+0000] {dagbag.py:545} INFO - Filling up the DagBag from /opt/airflow/dags/trustpilot_dag.py
[2025-07-06T09:53:57.033+0000] {logging_mixin.py:188} INFO - 📁 Fichier .env chargé
[2025-07-06T09:53:57.033+0000] {logging_mixin.py:188} INFO - 👉 Mode scraping : prod
[2025-07-06T09:53:57.033+0000] {logging_mixin.py:188} INFO - 👉 Fichier d’entrée : data/verbatims_test.csv
[2025-07-06T09:53:57.041+0000] {processor.py:840} INFO - DAG(s) 'trustpilot_pipeline' retrieved from /opt/airflow/dags/trustpilot_dag.py
[2025-07-06T09:53:57.069+0000] {logging_mixin.py:188} INFO - [2025-07-06T09:53:57.068+0000] {dag.py:3096} INFO - Sync 1 DAGs
[2025-07-06T09:53:57.084+0000] {logging_mixin.py:188} INFO - [2025-07-06T09:53:57.084+0000] {dag.py:3954} INFO - Setting next_dagrun for trustpilot_pipeline to None, run_after=None
[2025-07-06T09:53:57.103+0000] {processor.py:183} INFO - Processing /opt/airflow/dags/trustpilot_dag.py took 1.663 seconds
[2025-07-06T09:54:27.225+0000] {processor.py:161} INFO - Started process (PID=8919) to work on /opt/airflow/dags/trustpilot_dag.py
[2025-07-06T09:54:27.226+0000] {processor.py:830} INFO - Processing file /opt/airflow/dags/trustpilot_dag.py for tasks to queue
[2025-07-06T09:54:27.228+0000] {logging_mixin.py:188} INFO - [2025-07-06T09:54:27.228+0000] {dagbag.py:545} INFO - Filling up the DagBag from /opt/airflow/dags/trustpilot_dag.py
[2025-07-06T09:54:28.812+0000] {logging_mixin.py:188} INFO - 📁 Fichier .env chargé
[2025-07-06T09:54:28.812+0000] {logging_mixin.py:188} INFO - 👉 Mode scraping : prod
[2025-07-06T09:54:28.813+0000] {logging_mixin.py:188} INFO - 👉 Fichier d’entrée : data/verbatims_test.csv
[2025-07-06T09:54:28.820+0000] {processor.py:840} INFO - DAG(s) 'trustpilot_pipeline' retrieved from /opt/airflow/dags/trustpilot_dag.py
[2025-07-06T09:54:28.848+0000] {logging_mixin.py:188} INFO - [2025-07-06T09:54:28.847+0000] {dag.py:3096} INFO - Sync 1 DAGs
[2025-07-06T09:54:28.982+0000] {logging_mixin.py:188} INFO - [2025-07-06T09:54:28.982+0000] {dag.py:3954} INFO - Setting next_dagrun for trustpilot_pipeline to None, run_after=None
[2025-07-06T09:54:29.001+0000] {processor.py:183} INFO - Processing /opt/airflow/dags/trustpilot_dag.py took 1.785 seconds
[2025-07-06T09:54:59.118+0000] {processor.py:161} INFO - Started process (PID=8925) to work on /opt/airflow/dags/trustpilot_dag.py
[2025-07-06T09:54:59.119+0000] {processor.py:830} INFO - Processing file /opt/airflow/dags/trustpilot_dag.py for tasks to queue
[2025-07-06T09:54:59.121+0000] {logging_mixin.py:188} INFO - [2025-07-06T09:54:59.121+0000] {dagbag.py:545} INFO - Filling up the DagBag from /opt/airflow/dags/trustpilot_dag.py
[2025-07-06T09:55:00.695+0000] {logging_mixin.py:188} INFO - 📁 Fichier .env chargé
[2025-07-06T09:55:00.696+0000] {logging_mixin.py:188} INFO - 👉 Mode scraping : prod
[2025-07-06T09:55:00.696+0000] {logging_mixin.py:188} INFO - 👉 Fichier d’entrée : data/verbatims_test.csv
[2025-07-06T09:55:00.703+0000] {processor.py:840} INFO - DAG(s) 'trustpilot_pipeline' retrieved from /opt/airflow/dags/trustpilot_dag.py
[2025-07-06T09:55:00.732+0000] {logging_mixin.py:188} INFO - [2025-07-06T09:55:00.732+0000] {dag.py:3096} INFO - Sync 1 DAGs
[2025-07-06T09:55:00.864+0000] {logging_mixin.py:188} INFO - [2025-07-06T09:55:00.864+0000] {dag.py:3954} INFO - Setting next_dagrun for trustpilot_pipeline to None, run_after=None
[2025-07-06T09:55:00.883+0000] {processor.py:183} INFO - Processing /opt/airflow/dags/trustpilot_dag.py took 1.774 seconds
[2025-07-06T09:55:31.009+0000] {processor.py:161} INFO - Started process (PID=8931) to work on /opt/airflow/dags/trustpilot_dag.py
[2025-07-06T09:55:31.010+0000] {processor.py:830} INFO - Processing file /opt/airflow/dags/trustpilot_dag.py for tasks to queue
[2025-07-06T09:55:31.012+0000] {logging_mixin.py:188} INFO - [2025-07-06T09:55:31.012+0000] {dagbag.py:545} INFO - Filling up the DagBag from /opt/airflow/dags/trustpilot_dag.py
[2025-07-06T09:55:32.588+0000] {logging_mixin.py:188} INFO - 📁 Fichier .env chargé
[2025-07-06T09:55:32.588+0000] {logging_mixin.py:188} INFO - 👉 Mode scraping : prod
[2025-07-06T09:55:32.588+0000] {logging_mixin.py:188} INFO - 👉 Fichier d’entrée : data/verbatims_test.csv
[2025-07-06T09:55:32.595+0000] {processor.py:840} INFO - DAG(s) 'trustpilot_pipeline' retrieved from /opt/airflow/dags/trustpilot_dag.py
[2025-07-06T09:55:32.741+0000] {logging_mixin.py:188} INFO - [2025-07-06T09:55:32.741+0000] {dag.py:3096} INFO - Sync 1 DAGs
[2025-07-06T09:55:32.757+0000] {logging_mixin.py:188} INFO - [2025-07-06T09:55:32.756+0000] {dag.py:3954} INFO - Setting next_dagrun for trustpilot_pipeline to None, run_after=None
[2025-07-06T09:55:32.775+0000] {processor.py:183} INFO - Processing /opt/airflow/dags/trustpilot_dag.py took 1.775 seconds
[2025-07-06T09:56:02.823+0000] {processor.py:161} INFO - Started process (PID=8937) to work on /opt/airflow/dags/trustpilot_dag.py
[2025-07-06T09:56:02.824+0000] {processor.py:830} INFO - Processing file /opt/airflow/dags/trustpilot_dag.py for tasks to queue
[2025-07-06T09:56:02.826+0000] {logging_mixin.py:188} INFO - [2025-07-06T09:56:02.825+0000] {dagbag.py:545} INFO - Filling up the DagBag from /opt/airflow/dags/trustpilot_dag.py
[2025-07-06T09:56:04.407+0000] {logging_mixin.py:188} INFO - 📁 Fichier .env chargé
[2025-07-06T09:56:04.407+0000] {logging_mixin.py:188} INFO - 👉 Mode scraping : prod
[2025-07-06T09:56:04.407+0000] {logging_mixin.py:188} INFO - 👉 Fichier d’entrée : data/verbatims_test.csv
[2025-07-06T09:56:04.529+0000] {processor.py:840} INFO - DAG(s) 'trustpilot_pipeline' retrieved from /opt/airflow/dags/trustpilot_dag.py
[2025-07-06T09:56:04.558+0000] {logging_mixin.py:188} INFO - [2025-07-06T09:56:04.558+0000] {dag.py:3096} INFO - Sync 1 DAGs
[2025-07-06T09:56:04.574+0000] {logging_mixin.py:188} INFO - [2025-07-06T09:56:04.574+0000] {dag.py:3954} INFO - Setting next_dagrun for trustpilot_pipeline to None, run_after=None
[2025-07-06T09:56:04.593+0000] {processor.py:183} INFO - Processing /opt/airflow/dags/trustpilot_dag.py took 1.780 seconds
[2025-07-06T09:56:34.732+0000] {processor.py:161} INFO - Started process (PID=8943) to work on /opt/airflow/dags/trustpilot_dag.py
[2025-07-06T09:56:34.733+0000] {processor.py:830} INFO - Processing file /opt/airflow/dags/trustpilot_dag.py for tasks to queue
[2025-07-06T09:56:34.736+0000] {logging_mixin.py:188} INFO - [2025-07-06T09:56:34.735+0000] {dagbag.py:545} INFO - Filling up the DagBag from /opt/airflow/dags/trustpilot_dag.py
[2025-07-06T09:56:36.335+0000] {logging_mixin.py:188} INFO - 📁 Fichier .env chargé
[2025-07-06T09:56:36.336+0000] {logging_mixin.py:188} INFO - 👉 Mode scraping : prod
[2025-07-06T09:56:36.336+0000] {logging_mixin.py:188} INFO - 👉 Fichier d’entrée : data/verbatims_test.csv
[2025-07-06T09:56:36.343+0000] {processor.py:840} INFO - DAG(s) 'trustpilot_pipeline' retrieved from /opt/airflow/dags/trustpilot_dag.py
[2025-07-06T09:56:36.372+0000] {logging_mixin.py:188} INFO - [2025-07-06T09:56:36.371+0000] {dag.py:3096} INFO - Sync 1 DAGs
[2025-07-06T09:56:36.388+0000] {logging_mixin.py:188} INFO - [2025-07-06T09:56:36.387+0000] {dag.py:3954} INFO - Setting next_dagrun for trustpilot_pipeline to None, run_after=None
[2025-07-06T09:56:36.406+0000] {processor.py:183} INFO - Processing /opt/airflow/dags/trustpilot_dag.py took 1.685 seconds
[2025-07-06T09:57:06.531+0000] {processor.py:161} INFO - Started process (PID=8949) to work on /opt/airflow/dags/trustpilot_dag.py
[2025-07-06T09:57:06.532+0000] {processor.py:830} INFO - Processing file /opt/airflow/dags/trustpilot_dag.py for tasks to queue
[2025-07-06T09:57:06.535+0000] {logging_mixin.py:188} INFO - [2025-07-06T09:57:06.534+0000] {dagbag.py:545} INFO - Filling up the DagBag from /opt/airflow/dags/trustpilot_dag.py
[2025-07-06T09:57:08.131+0000] {logging_mixin.py:188} INFO - 📁 Fichier .env chargé
[2025-07-06T09:57:08.131+0000] {logging_mixin.py:188} INFO - 👉 Mode scraping : prod
[2025-07-06T09:57:08.132+0000] {logging_mixin.py:188} INFO - 👉 Fichier d’entrée : data/verbatims_test.csv
[2025-07-06T09:57:08.139+0000] {processor.py:840} INFO - DAG(s) 'trustpilot_pipeline' retrieved from /opt/airflow/dags/trustpilot_dag.py
[2025-07-06T09:57:08.168+0000] {logging_mixin.py:188} INFO - [2025-07-06T09:57:08.167+0000] {dag.py:3096} INFO - Sync 1 DAGs
[2025-07-06T09:57:08.185+0000] {logging_mixin.py:188} INFO - [2025-07-06T09:57:08.185+0000] {dag.py:3954} INFO - Setting next_dagrun for trustpilot_pipeline to None, run_after=None
[2025-07-06T09:57:08.319+0000] {processor.py:183} INFO - Processing /opt/airflow/dags/trustpilot_dag.py took 1.799 seconds
[2025-07-06T09:57:38.437+0000] {processor.py:161} INFO - Started process (PID=8955) to work on /opt/airflow/dags/trustpilot_dag.py
[2025-07-06T09:57:38.438+0000] {processor.py:830} INFO - Processing file /opt/airflow/dags/trustpilot_dag.py for tasks to queue
[2025-07-06T09:57:38.440+0000] {logging_mixin.py:188} INFO - [2025-07-06T09:57:38.440+0000] {dagbag.py:545} INFO - Filling up the DagBag from /opt/airflow/dags/trustpilot_dag.py
[2025-07-06T09:57:40.021+0000] {logging_mixin.py:188} INFO - 📁 Fichier .env chargé
[2025-07-06T09:57:40.021+0000] {logging_mixin.py:188} INFO - 👉 Mode scraping : prod
[2025-07-06T09:57:40.022+0000] {logging_mixin.py:188} INFO - 👉 Fichier d’entrée : data/verbatims_test.csv
[2025-07-06T09:57:40.029+0000] {processor.py:840} INFO - DAG(s) 'trustpilot_pipeline' retrieved from /opt/airflow/dags/trustpilot_dag.py
[2025-07-06T09:57:40.057+0000] {logging_mixin.py:188} INFO - [2025-07-06T09:57:40.056+0000] {dag.py:3096} INFO - Sync 1 DAGs
[2025-07-06T09:57:40.190+0000] {logging_mixin.py:188} INFO - [2025-07-06T09:57:40.190+0000] {dag.py:3954} INFO - Setting next_dagrun for trustpilot_pipeline to None, run_after=None
[2025-07-06T09:57:40.209+0000] {processor.py:183} INFO - Processing /opt/airflow/dags/trustpilot_dag.py took 1.781 seconds
[2025-07-06T09:58:10.278+0000] {processor.py:161} INFO - Started process (PID=8961) to work on /opt/airflow/dags/trustpilot_dag.py
[2025-07-06T09:58:10.279+0000] {processor.py:830} INFO - Processing file /opt/airflow/dags/trustpilot_dag.py for tasks to queue
[2025-07-06T09:58:10.281+0000] {logging_mixin.py:188} INFO - [2025-07-06T09:58:10.281+0000] {dagbag.py:545} INFO - Filling up the DagBag from /opt/airflow/dags/trustpilot_dag.py
[2025-07-06T09:58:11.860+0000] {logging_mixin.py:188} INFO - 📁 Fichier .env chargé
[2025-07-06T09:58:11.860+0000] {logging_mixin.py:188} INFO - 👉 Mode scraping : prod
[2025-07-06T09:58:11.860+0000] {logging_mixin.py:188} INFO - 👉 Fichier d’entrée : data/verbatims_test.csv
[2025-07-06T09:58:11.868+0000] {processor.py:840} INFO - DAG(s) 'trustpilot_pipeline' retrieved from /opt/airflow/dags/trustpilot_dag.py
[2025-07-06T09:58:12.012+0000] {logging_mixin.py:188} INFO - [2025-07-06T09:58:12.012+0000] {dag.py:3096} INFO - Sync 1 DAGs
[2025-07-06T09:58:12.028+0000] {logging_mixin.py:188} INFO - [2025-07-06T09:58:12.028+0000] {dag.py:3954} INFO - Setting next_dagrun for trustpilot_pipeline to None, run_after=None
[2025-07-06T09:58:12.047+0000] {processor.py:183} INFO - Processing /opt/airflow/dags/trustpilot_dag.py took 1.778 seconds
[2025-07-06T09:58:42.168+0000] {processor.py:161} INFO - Started process (PID=8967) to work on /opt/airflow/dags/trustpilot_dag.py
[2025-07-06T09:58:42.169+0000] {processor.py:830} INFO - Processing file /opt/airflow/dags/trustpilot_dag.py for tasks to queue
[2025-07-06T09:58:42.171+0000] {logging_mixin.py:188} INFO - [2025-07-06T09:58:42.171+0000] {dagbag.py:545} INFO - Filling up the DagBag from /opt/airflow/dags/trustpilot_dag.py
[2025-07-06T09:58:43.760+0000] {logging_mixin.py:188} INFO - 📁 Fichier .env chargé
[2025-07-06T09:58:43.761+0000] {logging_mixin.py:188} INFO - 👉 Mode scraping : prod
[2025-07-06T09:58:43.761+0000] {logging_mixin.py:188} INFO - 👉 Fichier d’entrée : data/verbatims_test.csv
[2025-07-06T09:58:43.883+0000] {processor.py:840} INFO - DAG(s) 'trustpilot_pipeline' retrieved from /opt/airflow/dags/trustpilot_dag.py
[2025-07-06T09:58:43.911+0000] {logging_mixin.py:188} INFO - [2025-07-06T09:58:43.911+0000] {dag.py:3096} INFO - Sync 1 DAGs
[2025-07-06T09:58:43.927+0000] {logging_mixin.py:188} INFO - [2025-07-06T09:58:43.926+0000] {dag.py:3954} INFO - Setting next_dagrun for trustpilot_pipeline to None, run_after=None
[2025-07-06T09:58:43.945+0000] {processor.py:183} INFO - Processing /opt/airflow/dags/trustpilot_dag.py took 1.786 seconds
[2025-07-06T09:59:14.070+0000] {processor.py:161} INFO - Started process (PID=8973) to work on /opt/airflow/dags/trustpilot_dag.py
[2025-07-06T09:59:14.071+0000] {processor.py:830} INFO - Processing file /opt/airflow/dags/trustpilot_dag.py for tasks to queue
[2025-07-06T09:59:14.073+0000] {logging_mixin.py:188} INFO - [2025-07-06T09:59:14.073+0000] {dagbag.py:545} INFO - Filling up the DagBag from /opt/airflow/dags/trustpilot_dag.py
[2025-07-06T09:59:15.653+0000] {logging_mixin.py:188} INFO - 📁 Fichier .env chargé
[2025-07-06T09:59:15.653+0000] {logging_mixin.py:188} INFO - 👉 Mode scraping : prod
[2025-07-06T09:59:15.654+0000] {logging_mixin.py:188} INFO - 👉 Fichier d’entrée : data/verbatims_test.csv
[2025-07-06T09:59:15.661+0000] {processor.py:840} INFO - DAG(s) 'trustpilot_pipeline' retrieved from /opt/airflow/dags/trustpilot_dag.py
[2025-07-06T09:59:15.689+0000] {logging_mixin.py:188} INFO - [2025-07-06T09:59:15.688+0000] {dag.py:3096} INFO - Sync 1 DAGs
[2025-07-06T09:59:15.704+0000] {logging_mixin.py:188} INFO - [2025-07-06T09:59:15.704+0000] {dag.py:3954} INFO - Setting next_dagrun for trustpilot_pipeline to None, run_after=None
[2025-07-06T09:59:15.723+0000] {processor.py:183} INFO - Processing /opt/airflow/dags/trustpilot_dag.py took 1.662 seconds
[2025-07-06T09:59:45.852+0000] {processor.py:161} INFO - Started process (PID=8979) to work on /opt/airflow/dags/trustpilot_dag.py
[2025-07-06T09:59:45.853+0000] {processor.py:830} INFO - Processing file /opt/airflow/dags/trustpilot_dag.py for tasks to queue
[2025-07-06T09:59:45.856+0000] {logging_mixin.py:188} INFO - [2025-07-06T09:59:45.855+0000] {dagbag.py:545} INFO - Filling up the DagBag from /opt/airflow/dags/trustpilot_dag.py
[2025-07-06T09:59:47.453+0000] {logging_mixin.py:188} INFO - 📁 Fichier .env chargé
[2025-07-06T09:59:47.453+0000] {logging_mixin.py:188} INFO - 👉 Mode scraping : prod
[2025-07-06T09:59:47.453+0000] {logging_mixin.py:188} INFO - 👉 Fichier d’entrée : data/verbatims_test.csv
[2025-07-06T09:59:47.461+0000] {processor.py:840} INFO - DAG(s) 'trustpilot_pipeline' retrieved from /opt/airflow/dags/trustpilot_dag.py
[2025-07-06T09:59:47.489+0000] {logging_mixin.py:188} INFO - [2025-07-06T09:59:47.488+0000] {dag.py:3096} INFO - Sync 1 DAGs
[2025-07-06T09:59:47.505+0000] {logging_mixin.py:188} INFO - [2025-07-06T09:59:47.504+0000] {dag.py:3954} INFO - Setting next_dagrun for trustpilot_pipeline to None, run_after=None
[2025-07-06T09:59:47.525+0000] {processor.py:183} INFO - Processing /opt/airflow/dags/trustpilot_dag.py took 1.684 seconds
[2025-07-06T10:00:17.651+0000] {processor.py:161} INFO - Started process (PID=8985) to work on /opt/airflow/dags/trustpilot_dag.py
[2025-07-06T10:00:17.652+0000] {processor.py:830} INFO - Processing file /opt/airflow/dags/trustpilot_dag.py for tasks to queue
[2025-07-06T10:00:17.654+0000] {logging_mixin.py:188} INFO - [2025-07-06T10:00:17.654+0000] {dagbag.py:545} INFO - Filling up the DagBag from /opt/airflow/dags/trustpilot_dag.py
[2025-07-06T10:00:19.231+0000] {logging_mixin.py:188} INFO - 📁 Fichier .env chargé
[2025-07-06T10:00:19.231+0000] {logging_mixin.py:188} INFO - 👉 Mode scraping : prod
[2025-07-06T10:00:19.232+0000] {logging_mixin.py:188} INFO - 👉 Fichier d’entrée : data/verbatims_test.csv
[2025-07-06T10:00:19.239+0000] {processor.py:840} INFO - DAG(s) 'trustpilot_pipeline' retrieved from /opt/airflow/dags/trustpilot_dag.py
[2025-07-06T10:00:19.267+0000] {logging_mixin.py:188} INFO - [2025-07-06T10:00:19.266+0000] {dag.py:3096} INFO - Sync 1 DAGs
[2025-07-06T10:00:19.400+0000] {logging_mixin.py:188} INFO - [2025-07-06T10:00:19.400+0000] {dag.py:3954} INFO - Setting next_dagrun for trustpilot_pipeline to None, run_after=None
[2025-07-06T10:00:19.420+0000] {processor.py:183} INFO - Processing /opt/airflow/dags/trustpilot_dag.py took 1.778 seconds
[2025-07-06T10:00:49.550+0000] {processor.py:161} INFO - Started process (PID=8991) to work on /opt/airflow/dags/trustpilot_dag.py
[2025-07-06T10:00:49.552+0000] {processor.py:830} INFO - Processing file /opt/airflow/dags/trustpilot_dag.py for tasks to queue
[2025-07-06T10:00:49.554+0000] {logging_mixin.py:188} INFO - [2025-07-06T10:00:49.554+0000] {dagbag.py:545} INFO - Filling up the DagBag from /opt/airflow/dags/trustpilot_dag.py
[2025-07-06T10:00:51.163+0000] {logging_mixin.py:188} INFO - 📁 Fichier .env chargé
[2025-07-06T10:00:51.163+0000] {logging_mixin.py:188} INFO - 👉 Mode scraping : prod
[2025-07-06T10:00:51.164+0000] {logging_mixin.py:188} INFO - 👉 Fichier d’entrée : data/verbatims_test.csv
[2025-07-06T10:00:51.171+0000] {processor.py:840} INFO - DAG(s) 'trustpilot_pipeline' retrieved from /opt/airflow/dags/trustpilot_dag.py
[2025-07-06T10:00:51.201+0000] {logging_mixin.py:188} INFO - [2025-07-06T10:00:51.200+0000] {dag.py:3096} INFO - Sync 1 DAGs
[2025-07-06T10:00:51.334+0000] {logging_mixin.py:188} INFO - [2025-07-06T10:00:51.333+0000] {dag.py:3954} INFO - Setting next_dagrun for trustpilot_pipeline to None, run_after=None
[2025-07-06T10:00:51.353+0000] {processor.py:183} INFO - Processing /opt/airflow/dags/trustpilot_dag.py took 1.813 seconds
[2025-07-06T10:01:21.472+0000] {processor.py:161} INFO - Started process (PID=8997) to work on /opt/airflow/dags/trustpilot_dag.py
[2025-07-06T10:01:21.473+0000] {processor.py:830} INFO - Processing file /opt/airflow/dags/trustpilot_dag.py for tasks to queue
[2025-07-06T10:01:21.475+0000] {logging_mixin.py:188} INFO - [2025-07-06T10:01:21.475+0000] {dagbag.py:545} INFO - Filling up the DagBag from /opt/airflow/dags/trustpilot_dag.py
[2025-07-06T10:01:23.075+0000] {logging_mixin.py:188} INFO - 📁 Fichier .env chargé
[2025-07-06T10:01:23.075+0000] {logging_mixin.py:188} INFO - 👉 Mode scraping : prod
[2025-07-06T10:01:23.075+0000] {logging_mixin.py:188} INFO - 👉 Fichier d’entrée : data/verbatims_test.csv
[2025-07-06T10:01:23.084+0000] {processor.py:840} INFO - DAG(s) 'trustpilot_pipeline' retrieved from /opt/airflow/dags/trustpilot_dag.py
[2025-07-06T10:01:23.228+0000] {logging_mixin.py:188} INFO - [2025-07-06T10:01:23.227+0000] {dag.py:3096} INFO - Sync 1 DAGs
[2025-07-06T10:01:23.244+0000] {logging_mixin.py:188} INFO - [2025-07-06T10:01:23.243+0000] {dag.py:3954} INFO - Setting next_dagrun for trustpilot_pipeline to None, run_after=None
[2025-07-06T10:01:23.262+0000] {processor.py:183} INFO - Processing /opt/airflow/dags/trustpilot_dag.py took 1.802 seconds
[2025-07-06T10:01:53.377+0000] {processor.py:161} INFO - Started process (PID=9003) to work on /opt/airflow/dags/trustpilot_dag.py
[2025-07-06T10:01:53.378+0000] {processor.py:830} INFO - Processing file /opt/airflow/dags/trustpilot_dag.py for tasks to queue
[2025-07-06T10:01:53.380+0000] {logging_mixin.py:188} INFO - [2025-07-06T10:01:53.380+0000] {dagbag.py:545} INFO - Filling up the DagBag from /opt/airflow/dags/trustpilot_dag.py
[2025-07-06T10:01:55.074+0000] {logging_mixin.py:188} INFO - 📁 Fichier .env chargé
[2025-07-06T10:01:55.074+0000] {logging_mixin.py:188} INFO - 👉 Mode scraping : prod
[2025-07-06T10:01:55.074+0000] {logging_mixin.py:188} INFO - 👉 Fichier d’entrée : data/verbatims_test.csv
[2025-07-06T10:01:55.082+0000] {processor.py:840} INFO - DAG(s) 'trustpilot_pipeline' retrieved from /opt/airflow/dags/trustpilot_dag.py
[2025-07-06T10:01:55.110+0000] {logging_mixin.py:188} INFO - [2025-07-06T10:01:55.109+0000] {dag.py:3096} INFO - Sync 1 DAGs
[2025-07-06T10:01:55.125+0000] {logging_mixin.py:188} INFO - [2025-07-06T10:01:55.125+0000] {dag.py:3954} INFO - Setting next_dagrun for trustpilot_pipeline to None, run_after=None
[2025-07-06T10:01:55.144+0000] {processor.py:183} INFO - Processing /opt/airflow/dags/trustpilot_dag.py took 1.776 seconds
[2025-07-06T10:02:25.278+0000] {processor.py:161} INFO - Started process (PID=9009) to work on /opt/airflow/dags/trustpilot_dag.py
[2025-07-06T10:02:25.279+0000] {processor.py:830} INFO - Processing file /opt/airflow/dags/trustpilot_dag.py for tasks to queue
[2025-07-06T10:02:25.281+0000] {logging_mixin.py:188} INFO - [2025-07-06T10:02:25.281+0000] {dagbag.py:545} INFO - Filling up the DagBag from /opt/airflow/dags/trustpilot_dag.py
[2025-07-06T10:02:26.861+0000] {logging_mixin.py:188} INFO - 📁 Fichier .env chargé
[2025-07-06T10:02:26.862+0000] {logging_mixin.py:188} INFO - 👉 Mode scraping : prod
[2025-07-06T10:02:26.862+0000] {logging_mixin.py:188} INFO - 👉 Fichier d’entrée : data/verbatims_test.csv
[2025-07-06T10:02:26.869+0000] {processor.py:840} INFO - DAG(s) 'trustpilot_pipeline' retrieved from /opt/airflow/dags/trustpilot_dag.py
[2025-07-06T10:02:26.898+0000] {logging_mixin.py:188} INFO - [2025-07-06T10:02:26.897+0000] {dag.py:3096} INFO - Sync 1 DAGs
[2025-07-06T10:02:26.913+0000] {logging_mixin.py:188} INFO - [2025-07-06T10:02:26.913+0000] {dag.py:3954} INFO - Setting next_dagrun for trustpilot_pipeline to None, run_after=None
[2025-07-06T10:02:26.932+0000] {processor.py:183} INFO - Processing /opt/airflow/dags/trustpilot_dag.py took 1.663 seconds
[2025-07-06T10:02:57.056+0000] {processor.py:161} INFO - Started process (PID=9015) to work on /opt/airflow/dags/trustpilot_dag.py
[2025-07-06T10:02:57.057+0000] {processor.py:830} INFO - Processing file /opt/airflow/dags/trustpilot_dag.py for tasks to queue
[2025-07-06T10:02:57.059+0000] {logging_mixin.py:188} INFO - [2025-07-06T10:02:57.058+0000] {dagbag.py:545} INFO - Filling up the DagBag from /opt/airflow/dags/trustpilot_dag.py
[2025-07-06T10:02:58.642+0000] {logging_mixin.py:188} INFO - 📁 Fichier .env chargé
[2025-07-06T10:02:58.642+0000] {logging_mixin.py:188} INFO - 👉 Mode scraping : prod
[2025-07-06T10:02:58.642+0000] {logging_mixin.py:188} INFO - 👉 Fichier d’entrée : data/verbatims_test.csv
[2025-07-06T10:02:58.649+0000] {processor.py:840} INFO - DAG(s) 'trustpilot_pipeline' retrieved from /opt/airflow/dags/trustpilot_dag.py
[2025-07-06T10:02:58.677+0000] {logging_mixin.py:188} INFO - [2025-07-06T10:02:58.676+0000] {dag.py:3096} INFO - Sync 1 DAGs
[2025-07-06T10:02:58.694+0000] {logging_mixin.py:188} INFO - [2025-07-06T10:02:58.694+0000] {dag.py:3954} INFO - Setting next_dagrun for trustpilot_pipeline to None, run_after=None
[2025-07-06T10:02:58.832+0000] {processor.py:183} INFO - Processing /opt/airflow/dags/trustpilot_dag.py took 1.786 seconds
[2025-07-06T10:03:28.951+0000] {processor.py:161} INFO - Started process (PID=9021) to work on /opt/airflow/dags/trustpilot_dag.py
[2025-07-06T10:03:28.953+0000] {processor.py:830} INFO - Processing file /opt/airflow/dags/trustpilot_dag.py for tasks to queue
[2025-07-06T10:03:28.955+0000] {logging_mixin.py:188} INFO - [2025-07-06T10:03:28.955+0000] {dagbag.py:545} INFO - Filling up the DagBag from /opt/airflow/dags/trustpilot_dag.py
[2025-07-06T10:03:30.557+0000] {logging_mixin.py:188} INFO - 📁 Fichier .env chargé
[2025-07-06T10:03:30.557+0000] {logging_mixin.py:188} INFO - 👉 Mode scraping : prod
[2025-07-06T10:03:30.558+0000] {logging_mixin.py:188} INFO - 👉 Fichier d’entrée : data/verbatims_test.csv
[2025-07-06T10:03:30.565+0000] {processor.py:840} INFO - DAG(s) 'trustpilot_pipeline' retrieved from /opt/airflow/dags/trustpilot_dag.py
[2025-07-06T10:03:30.595+0000] {logging_mixin.py:188} INFO - [2025-07-06T10:03:30.595+0000] {dag.py:3096} INFO - Sync 1 DAGs
[2025-07-06T10:03:30.725+0000] {logging_mixin.py:188} INFO - [2025-07-06T10:03:30.725+0000] {dag.py:3954} INFO - Setting next_dagrun for trustpilot_pipeline to None, run_after=None
[2025-07-06T10:03:30.744+0000] {processor.py:183} INFO - Processing /opt/airflow/dags/trustpilot_dag.py took 1.803 seconds
[2025-07-06T10:04:00.857+0000] {processor.py:161} INFO - Started process (PID=9027) to work on /opt/airflow/dags/trustpilot_dag.py
[2025-07-06T10:04:00.858+0000] {processor.py:830} INFO - Processing file /opt/airflow/dags/trustpilot_dag.py for tasks to queue
[2025-07-06T10:04:00.860+0000] {logging_mixin.py:188} INFO - [2025-07-06T10:04:00.860+0000] {dagbag.py:545} INFO - Filling up the DagBag from /opt/airflow/dags/trustpilot_dag.py
[2025-07-06T10:04:02.442+0000] {logging_mixin.py:188} INFO - 📁 Fichier .env chargé
[2025-07-06T10:04:02.442+0000] {logging_mixin.py:188} INFO - 👉 Mode scraping : prod
[2025-07-06T10:04:02.442+0000] {logging_mixin.py:188} INFO - 👉 Fichier d’entrée : data/verbatims_test.csv
[2025-07-06T10:04:02.450+0000] {processor.py:840} INFO - DAG(s) 'trustpilot_pipeline' retrieved from /opt/airflow/dags/trustpilot_dag.py
[2025-07-06T10:04:02.595+0000] {logging_mixin.py:188} INFO - [2025-07-06T10:04:02.594+0000] {dag.py:3096} INFO - Sync 1 DAGs
[2025-07-06T10:04:02.611+0000] {logging_mixin.py:188} INFO - [2025-07-06T10:04:02.610+0000] {dag.py:3954} INFO - Setting next_dagrun for trustpilot_pipeline to None, run_after=None
[2025-07-06T10:04:02.629+0000] {processor.py:183} INFO - Processing /opt/airflow/dags/trustpilot_dag.py took 1.781 seconds
[2025-07-06T10:04:32.762+0000] {processor.py:161} INFO - Started process (PID=9033) to work on /opt/airflow/dags/trustpilot_dag.py
[2025-07-06T10:04:32.763+0000] {processor.py:830} INFO - Processing file /opt/airflow/dags/trustpilot_dag.py for tasks to queue
[2025-07-06T10:04:32.765+0000] {logging_mixin.py:188} INFO - [2025-07-06T10:04:32.765+0000] {dagbag.py:545} INFO - Filling up the DagBag from /opt/airflow/dags/trustpilot_dag.py
[2025-07-06T10:04:34.363+0000] {logging_mixin.py:188} INFO - 📁 Fichier .env chargé
[2025-07-06T10:04:34.363+0000] {logging_mixin.py:188} INFO - 👉 Mode scraping : prod
[2025-07-06T10:04:34.364+0000] {logging_mixin.py:188} INFO - 👉 Fichier d’entrée : data/verbatims_test.csv
[2025-07-06T10:04:34.484+0000] {processor.py:840} INFO - DAG(s) 'trustpilot_pipeline' retrieved from /opt/airflow/dags/trustpilot_dag.py
[2025-07-06T10:04:34.512+0000] {logging_mixin.py:188} INFO - [2025-07-06T10:04:34.512+0000] {dag.py:3096} INFO - Sync 1 DAGs
[2025-07-06T10:04:34.528+0000] {logging_mixin.py:188} INFO - [2025-07-06T10:04:34.527+0000] {dag.py:3954} INFO - Setting next_dagrun for trustpilot_pipeline to None, run_after=None
[2025-07-06T10:04:34.546+0000] {processor.py:183} INFO - Processing /opt/airflow/dags/trustpilot_dag.py took 1.795 seconds
[2025-07-06T10:05:04.676+0000] {processor.py:161} INFO - Started process (PID=9039) to work on /opt/airflow/dags/trustpilot_dag.py
[2025-07-06T10:05:04.677+0000] {processor.py:830} INFO - Processing file /opt/airflow/dags/trustpilot_dag.py for tasks to queue
[2025-07-06T10:05:04.679+0000] {logging_mixin.py:188} INFO - [2025-07-06T10:05:04.678+0000] {dagbag.py:545} INFO - Filling up the DagBag from /opt/airflow/dags/trustpilot_dag.py
[2025-07-06T10:05:06.264+0000] {logging_mixin.py:188} INFO - 📁 Fichier .env chargé
[2025-07-06T10:05:06.264+0000] {logging_mixin.py:188} INFO - 👉 Mode scraping : prod
[2025-07-06T10:05:06.264+0000] {logging_mixin.py:188} INFO - 👉 Fichier d’entrée : data/verbatims_test.csv
[2025-07-06T10:05:06.271+0000] {processor.py:840} INFO - DAG(s) 'trustpilot_pipeline' retrieved from /opt/airflow/dags/trustpilot_dag.py
[2025-07-06T10:05:06.299+0000] {logging_mixin.py:188} INFO - [2025-07-06T10:05:06.299+0000] {dag.py:3096} INFO - Sync 1 DAGs
[2025-07-06T10:05:06.315+0000] {logging_mixin.py:188} INFO - [2025-07-06T10:05:06.314+0000] {dag.py:3954} INFO - Setting next_dagrun for trustpilot_pipeline to None, run_after=None
[2025-07-06T10:05:06.333+0000] {processor.py:183} INFO - Processing /opt/airflow/dags/trustpilot_dag.py took 1.667 seconds
[2025-07-06T10:05:36.453+0000] {processor.py:161} INFO - Started process (PID=9045) to work on /opt/airflow/dags/trustpilot_dag.py
[2025-07-06T10:05:36.454+0000] {processor.py:830} INFO - Processing file /opt/airflow/dags/trustpilot_dag.py for tasks to queue
[2025-07-06T10:05:36.456+0000] {logging_mixin.py:188} INFO - [2025-07-06T10:05:36.455+0000] {dagbag.py:545} INFO - Filling up the DagBag from /opt/airflow/dags/trustpilot_dag.py
[2025-07-06T10:05:38.036+0000] {logging_mixin.py:188} INFO - 📁 Fichier .env chargé
[2025-07-06T10:05:38.037+0000] {logging_mixin.py:188} INFO - 👉 Mode scraping : prod
[2025-07-06T10:05:38.037+0000] {logging_mixin.py:188} INFO - 👉 Fichier d’entrée : data/verbatims_test.csv
[2025-07-06T10:05:38.044+0000] {processor.py:840} INFO - DAG(s) 'trustpilot_pipeline' retrieved from /opt/airflow/dags/trustpilot_dag.py
[2025-07-06T10:05:38.072+0000] {logging_mixin.py:188} INFO - [2025-07-06T10:05:38.071+0000] {dag.py:3096} INFO - Sync 1 DAGs
[2025-07-06T10:05:38.088+0000] {logging_mixin.py:188} INFO - [2025-07-06T10:05:38.087+0000] {dag.py:3954} INFO - Setting next_dagrun for trustpilot_pipeline to None, run_after=None
[2025-07-06T10:05:38.108+0000] {processor.py:183} INFO - Processing /opt/airflow/dags/trustpilot_dag.py took 1.664 seconds
[2025-07-06T10:06:08.230+0000] {processor.py:161} INFO - Started process (PID=9051) to work on /opt/airflow/dags/trustpilot_dag.py
[2025-07-06T10:06:08.231+0000] {processor.py:830} INFO - Processing file /opt/airflow/dags/trustpilot_dag.py for tasks to queue
[2025-07-06T10:06:08.233+0000] {logging_mixin.py:188} INFO - [2025-07-06T10:06:08.233+0000] {dagbag.py:545} INFO - Filling up the DagBag from /opt/airflow/dags/trustpilot_dag.py
[2025-07-06T10:06:09.813+0000] {logging_mixin.py:188} INFO - 📁 Fichier .env chargé
[2025-07-06T10:06:09.813+0000] {logging_mixin.py:188} INFO - 👉 Mode scraping : prod
[2025-07-06T10:06:09.813+0000] {logging_mixin.py:188} INFO - 👉 Fichier d’entrée : data/verbatims_test.csv
[2025-07-06T10:06:09.820+0000] {processor.py:840} INFO - DAG(s) 'trustpilot_pipeline' retrieved from /opt/airflow/dags/trustpilot_dag.py
[2025-07-06T10:06:09.849+0000] {logging_mixin.py:188} INFO - [2025-07-06T10:06:09.848+0000] {dag.py:3096} INFO - Sync 1 DAGs
[2025-07-06T10:06:09.984+0000] {logging_mixin.py:188} INFO - [2025-07-06T10:06:09.984+0000] {dag.py:3954} INFO - Setting next_dagrun for trustpilot_pipeline to None, run_after=None
[2025-07-06T10:06:10.003+0000] {processor.py:183} INFO - Processing /opt/airflow/dags/trustpilot_dag.py took 1.782 seconds
[2025-07-06T10:06:40.129+0000] {processor.py:161} INFO - Started process (PID=9057) to work on /opt/airflow/dags/trustpilot_dag.py
[2025-07-06T10:06:40.130+0000] {processor.py:830} INFO - Processing file /opt/airflow/dags/trustpilot_dag.py for tasks to queue
[2025-07-06T10:06:40.132+0000] {logging_mixin.py:188} INFO - [2025-07-06T10:06:40.131+0000] {dagbag.py:545} INFO - Filling up the DagBag from /opt/airflow/dags/trustpilot_dag.py
[2025-07-06T10:06:41.711+0000] {logging_mixin.py:188} INFO - 📁 Fichier .env chargé
[2025-07-06T10:06:41.711+0000] {logging_mixin.py:188} INFO - 👉 Mode scraping : prod
[2025-07-06T10:06:41.711+0000] {logging_mixin.py:188} INFO - 👉 Fichier d’entrée : data/verbatims_test.csv
[2025-07-06T10:06:41.718+0000] {processor.py:840} INFO - DAG(s) 'trustpilot_pipeline' retrieved from /opt/airflow/dags/trustpilot_dag.py
[2025-07-06T10:06:41.865+0000] {logging_mixin.py:188} INFO - [2025-07-06T10:06:41.864+0000] {dag.py:3096} INFO - Sync 1 DAGs
[2025-07-06T10:06:41.880+0000] {logging_mixin.py:188} INFO - [2025-07-06T10:06:41.880+0000] {dag.py:3954} INFO - Setting next_dagrun for trustpilot_pipeline to None, run_after=None
[2025-07-06T10:06:41.899+0000] {processor.py:183} INFO - Processing /opt/airflow/dags/trustpilot_dag.py took 1.779 seconds
[2025-07-06T10:07:12.031+0000] {processor.py:161} INFO - Started process (PID=9063) to work on /opt/airflow/dags/trustpilot_dag.py
[2025-07-06T10:07:12.032+0000] {processor.py:830} INFO - Processing file /opt/airflow/dags/trustpilot_dag.py for tasks to queue
[2025-07-06T10:07:12.034+0000] {logging_mixin.py:188} INFO - [2025-07-06T10:07:12.034+0000] {dagbag.py:545} INFO - Filling up the DagBag from /opt/airflow/dags/trustpilot_dag.py
[2025-07-06T10:07:13.632+0000] {logging_mixin.py:188} INFO - 📁 Fichier .env chargé
[2025-07-06T10:07:13.632+0000] {logging_mixin.py:188} INFO - 👉 Mode scraping : prod
[2025-07-06T10:07:13.632+0000] {logging_mixin.py:188} INFO - 👉 Fichier d’entrée : data/verbatims_test.csv
[2025-07-06T10:07:13.641+0000] {processor.py:840} INFO - DAG(s) 'trustpilot_pipeline' retrieved from /opt/airflow/dags/trustpilot_dag.py
[2025-07-06T10:07:13.786+0000] {logging_mixin.py:188} INFO - [2025-07-06T10:07:13.785+0000] {dag.py:3096} INFO - Sync 1 DAGs
[2025-07-06T10:07:13.801+0000] {logging_mixin.py:188} INFO - [2025-07-06T10:07:13.801+0000] {dag.py:3954} INFO - Setting next_dagrun for trustpilot_pipeline to None, run_after=None
[2025-07-06T10:07:13.821+0000] {processor.py:183} INFO - Processing /opt/airflow/dags/trustpilot_dag.py took 1.801 seconds
[2025-07-06T10:07:43.939+0000] {processor.py:161} INFO - Started process (PID=9069) to work on /opt/airflow/dags/trustpilot_dag.py
[2025-07-06T10:07:43.940+0000] {processor.py:830} INFO - Processing file /opt/airflow/dags/trustpilot_dag.py for tasks to queue
[2025-07-06T10:07:43.943+0000] {logging_mixin.py:188} INFO - [2025-07-06T10:07:43.942+0000] {dagbag.py:545} INFO - Filling up the DagBag from /opt/airflow/dags/trustpilot_dag.py
[2025-07-06T10:07:45.651+0000] {logging_mixin.py:188} INFO - 📁 Fichier .env chargé
[2025-07-06T10:07:45.651+0000] {logging_mixin.py:188} INFO - 👉 Mode scraping : prod
[2025-07-06T10:07:45.652+0000] {logging_mixin.py:188} INFO - 👉 Fichier d’entrée : data/verbatims_test.csv
[2025-07-06T10:07:45.659+0000] {processor.py:840} INFO - DAG(s) 'trustpilot_pipeline' retrieved from /opt/airflow/dags/trustpilot_dag.py
[2025-07-06T10:07:45.687+0000] {logging_mixin.py:188} INFO - [2025-07-06T10:07:45.687+0000] {dag.py:3096} INFO - Sync 1 DAGs
[2025-07-06T10:07:45.703+0000] {logging_mixin.py:188} INFO - [2025-07-06T10:07:45.703+0000] {dag.py:3954} INFO - Setting next_dagrun for trustpilot_pipeline to None, run_after=None
[2025-07-06T10:07:45.722+0000] {processor.py:183} INFO - Processing /opt/airflow/dags/trustpilot_dag.py took 1.794 seconds
[2025-07-06T10:08:15.835+0000] {processor.py:161} INFO - Started process (PID=9075) to work on /opt/airflow/dags/trustpilot_dag.py
[2025-07-06T10:08:15.836+0000] {processor.py:830} INFO - Processing file /opt/airflow/dags/trustpilot_dag.py for tasks to queue
[2025-07-06T10:08:15.838+0000] {logging_mixin.py:188} INFO - [2025-07-06T10:08:15.838+0000] {dagbag.py:545} INFO - Filling up the DagBag from /opt/airflow/dags/trustpilot_dag.py
[2025-07-06T10:08:17.414+0000] {logging_mixin.py:188} INFO - 📁 Fichier .env chargé
[2025-07-06T10:08:17.414+0000] {logging_mixin.py:188} INFO - 👉 Mode scraping : prod
[2025-07-06T10:08:17.414+0000] {logging_mixin.py:188} INFO - 👉 Fichier d’entrée : data/verbatims_test.csv
[2025-07-06T10:08:17.421+0000] {processor.py:840} INFO - DAG(s) 'trustpilot_pipeline' retrieved from /opt/airflow/dags/trustpilot_dag.py
[2025-07-06T10:08:17.449+0000] {logging_mixin.py:188} INFO - [2025-07-06T10:08:17.448+0000] {dag.py:3096} INFO - Sync 1 DAGs
[2025-07-06T10:08:17.464+0000] {logging_mixin.py:188} INFO - [2025-07-06T10:08:17.464+0000] {dag.py:3954} INFO - Setting next_dagrun for trustpilot_pipeline to None, run_after=None
[2025-07-06T10:08:17.485+0000] {processor.py:183} INFO - Processing /opt/airflow/dags/trustpilot_dag.py took 1.659 seconds
[2025-07-06T10:08:47.614+0000] {processor.py:161} INFO - Started process (PID=9081) to work on /opt/airflow/dags/trustpilot_dag.py
[2025-07-06T10:08:47.615+0000] {processor.py:830} INFO - Processing file /opt/airflow/dags/trustpilot_dag.py for tasks to queue
[2025-07-06T10:08:47.618+0000] {logging_mixin.py:188} INFO - [2025-07-06T10:08:47.617+0000] {dagbag.py:545} INFO - Filling up the DagBag from /opt/airflow/dags/trustpilot_dag.py
[2025-07-06T10:08:49.214+0000] {logging_mixin.py:188} INFO - 📁 Fichier .env chargé
[2025-07-06T10:08:49.214+0000] {logging_mixin.py:188} INFO - 👉 Mode scraping : prod
[2025-07-06T10:08:49.214+0000] {logging_mixin.py:188} INFO - 👉 Fichier d’entrée : data/verbatims_test.csv
[2025-07-06T10:08:49.222+0000] {processor.py:840} INFO - DAG(s) 'trustpilot_pipeline' retrieved from /opt/airflow/dags/trustpilot_dag.py
[2025-07-06T10:08:49.250+0000] {logging_mixin.py:188} INFO - [2025-07-06T10:08:49.250+0000] {dag.py:3096} INFO - Sync 1 DAGs
[2025-07-06T10:08:49.382+0000] {logging_mixin.py:188} INFO - [2025-07-06T10:08:49.382+0000] {dag.py:3954} INFO - Setting next_dagrun for trustpilot_pipeline to None, run_after=None
[2025-07-06T10:08:49.401+0000] {processor.py:183} INFO - Processing /opt/airflow/dags/trustpilot_dag.py took 1.798 seconds
[2025-07-06T10:09:19.525+0000] {processor.py:161} INFO - Started process (PID=9087) to work on /opt/airflow/dags/trustpilot_dag.py
[2025-07-06T10:09:19.526+0000] {processor.py:830} INFO - Processing file /opt/airflow/dags/trustpilot_dag.py for tasks to queue
[2025-07-06T10:09:19.528+0000] {logging_mixin.py:188} INFO - [2025-07-06T10:09:19.528+0000] {dagbag.py:545} INFO - Filling up the DagBag from /opt/airflow/dags/trustpilot_dag.py
[2025-07-06T10:09:21.108+0000] {logging_mixin.py:188} INFO - 📁 Fichier .env chargé
[2025-07-06T10:09:21.108+0000] {logging_mixin.py:188} INFO - 👉 Mode scraping : prod
[2025-07-06T10:09:21.108+0000] {logging_mixin.py:188} INFO - 👉 Fichier d’entrée : data/verbatims_test.csv
[2025-07-06T10:09:21.116+0000] {processor.py:840} INFO - DAG(s) 'trustpilot_pipeline' retrieved from /opt/airflow/dags/trustpilot_dag.py
[2025-07-06T10:09:21.146+0000] {logging_mixin.py:188} INFO - [2025-07-06T10:09:21.146+0000] {dag.py:3096} INFO - Sync 1 DAGs
[2025-07-06T10:09:21.280+0000] {logging_mixin.py:188} INFO - [2025-07-06T10:09:21.279+0000] {dag.py:3954} INFO - Setting next_dagrun for trustpilot_pipeline to None, run_after=None
[2025-07-06T10:09:21.298+0000] {processor.py:183} INFO - Processing /opt/airflow/dags/trustpilot_dag.py took 1.782 seconds
[2025-07-06T10:09:51.424+0000] {processor.py:161} INFO - Started process (PID=9093) to work on /opt/airflow/dags/trustpilot_dag.py
[2025-07-06T10:09:51.425+0000] {processor.py:830} INFO - Processing file /opt/airflow/dags/trustpilot_dag.py for tasks to queue
[2025-07-06T10:09:51.427+0000] {logging_mixin.py:188} INFO - [2025-07-06T10:09:51.426+0000] {dagbag.py:545} INFO - Filling up the DagBag from /opt/airflow/dags/trustpilot_dag.py
[2025-07-06T10:09:53.007+0000] {logging_mixin.py:188} INFO - 📁 Fichier .env chargé
[2025-07-06T10:09:53.008+0000] {logging_mixin.py:188} INFO - 👉 Mode scraping : prod
[2025-07-06T10:09:53.008+0000] {logging_mixin.py:188} INFO - 👉 Fichier d’entrée : data/verbatims_test.csv
[2025-07-06T10:09:53.015+0000] {processor.py:840} INFO - DAG(s) 'trustpilot_pipeline' retrieved from /opt/airflow/dags/trustpilot_dag.py
[2025-07-06T10:09:53.160+0000] {logging_mixin.py:188} INFO - [2025-07-06T10:09:53.160+0000] {dag.py:3096} INFO - Sync 1 DAGs
[2025-07-06T10:09:53.176+0000] {logging_mixin.py:188} INFO - [2025-07-06T10:09:53.175+0000] {dag.py:3954} INFO - Setting next_dagrun for trustpilot_pipeline to None, run_after=None
[2025-07-06T10:09:53.194+0000] {processor.py:183} INFO - Processing /opt/airflow/dags/trustpilot_dag.py took 1.780 seconds
[2025-07-06T10:10:23.307+0000] {processor.py:161} INFO - Started process (PID=9099) to work on /opt/airflow/dags/trustpilot_dag.py
[2025-07-06T10:10:23.308+0000] {processor.py:830} INFO - Processing file /opt/airflow/dags/trustpilot_dag.py for tasks to queue
[2025-07-06T10:10:23.310+0000] {logging_mixin.py:188} INFO - [2025-07-06T10:10:23.310+0000] {dagbag.py:545} INFO - Filling up the DagBag from /opt/airflow/dags/trustpilot_dag.py
[2025-07-06T10:10:25.000+0000] {logging_mixin.py:188} INFO - 📁 Fichier .env chargé
[2025-07-06T10:10:25.001+0000] {logging_mixin.py:188} INFO - 👉 Mode scraping : prod
[2025-07-06T10:10:25.001+0000] {logging_mixin.py:188} INFO - 👉 Fichier d’entrée : data/verbatims_test.csv
[2025-07-06T10:10:25.008+0000] {processor.py:840} INFO - DAG(s) 'trustpilot_pipeline' retrieved from /opt/airflow/dags/trustpilot_dag.py
[2025-07-06T10:10:25.036+0000] {logging_mixin.py:188} INFO - [2025-07-06T10:10:25.035+0000] {dag.py:3096} INFO - Sync 1 DAGs
[2025-07-06T10:10:25.051+0000] {logging_mixin.py:188} INFO - [2025-07-06T10:10:25.051+0000] {dag.py:3954} INFO - Setting next_dagrun for trustpilot_pipeline to None, run_after=None
[2025-07-06T10:10:25.070+0000] {processor.py:183} INFO - Processing /opt/airflow/dags/trustpilot_dag.py took 1.772 seconds
[2025-07-06T10:10:55.205+0000] {processor.py:161} INFO - Started process (PID=9105) to work on /opt/airflow/dags/trustpilot_dag.py
[2025-07-06T10:10:55.206+0000] {processor.py:830} INFO - Processing file /opt/airflow/dags/trustpilot_dag.py for tasks to queue
[2025-07-06T10:10:55.208+0000] {logging_mixin.py:188} INFO - [2025-07-06T10:10:55.208+0000] {dagbag.py:545} INFO - Filling up the DagBag from /opt/airflow/dags/trustpilot_dag.py
[2025-07-06T10:10:56.792+0000] {logging_mixin.py:188} INFO - 📁 Fichier .env chargé
[2025-07-06T10:10:56.792+0000] {logging_mixin.py:188} INFO - 👉 Mode scraping : prod
[2025-07-06T10:10:56.792+0000] {logging_mixin.py:188} INFO - 👉 Fichier d’entrée : data/verbatims_test.csv
[2025-07-06T10:10:56.799+0000] {processor.py:840} INFO - DAG(s) 'trustpilot_pipeline' retrieved from /opt/airflow/dags/trustpilot_dag.py
[2025-07-06T10:10:56.828+0000] {logging_mixin.py:188} INFO - [2025-07-06T10:10:56.827+0000] {dag.py:3096} INFO - Sync 1 DAGs
[2025-07-06T10:10:56.843+0000] {logging_mixin.py:188} INFO - [2025-07-06T10:10:56.843+0000] {dag.py:3954} INFO - Setting next_dagrun for trustpilot_pipeline to None, run_after=None
[2025-07-06T10:10:56.862+0000] {processor.py:183} INFO - Processing /opt/airflow/dags/trustpilot_dag.py took 1.666 seconds
[2025-07-06T10:11:26.993+0000] {processor.py:161} INFO - Started process (PID=9111) to work on /opt/airflow/dags/trustpilot_dag.py
[2025-07-06T10:11:26.994+0000] {processor.py:830} INFO - Processing file /opt/airflow/dags/trustpilot_dag.py for tasks to queue
[2025-07-06T10:11:26.996+0000] {logging_mixin.py:188} INFO - [2025-07-06T10:11:26.996+0000] {dagbag.py:545} INFO - Filling up the DagBag from /opt/airflow/dags/trustpilot_dag.py
[2025-07-06T10:11:28.573+0000] {logging_mixin.py:188} INFO - 📁 Fichier .env chargé
[2025-07-06T10:11:28.573+0000] {logging_mixin.py:188} INFO - 👉 Mode scraping : prod
[2025-07-06T10:11:28.573+0000] {logging_mixin.py:188} INFO - 👉 Fichier d’entrée : data/verbatims_test.csv
[2025-07-06T10:11:28.581+0000] {processor.py:840} INFO - DAG(s) 'trustpilot_pipeline' retrieved from /opt/airflow/dags/trustpilot_dag.py
[2025-07-06T10:11:28.609+0000] {logging_mixin.py:188} INFO - [2025-07-06T10:11:28.608+0000] {dag.py:3096} INFO - Sync 1 DAGs
[2025-07-06T10:11:28.626+0000] {logging_mixin.py:188} INFO - [2025-07-06T10:11:28.626+0000] {dag.py:3954} INFO - Setting next_dagrun for trustpilot_pipeline to None, run_after=None
[2025-07-06T10:11:28.763+0000] {processor.py:183} INFO - Processing /opt/airflow/dags/trustpilot_dag.py took 1.779 seconds
[2025-07-06T10:11:58.881+0000] {processor.py:161} INFO - Started process (PID=9117) to work on /opt/airflow/dags/trustpilot_dag.py
[2025-07-06T10:11:58.882+0000] {processor.py:830} INFO - Processing file /opt/airflow/dags/trustpilot_dag.py for tasks to queue
[2025-07-06T10:11:58.884+0000] {logging_mixin.py:188} INFO - [2025-07-06T10:11:58.883+0000] {dagbag.py:545} INFO - Filling up the DagBag from /opt/airflow/dags/trustpilot_dag.py
[2025-07-06T10:12:00.462+0000] {logging_mixin.py:188} INFO - 📁 Fichier .env chargé
[2025-07-06T10:12:00.462+0000] {logging_mixin.py:188} INFO - 👉 Mode scraping : prod
[2025-07-06T10:12:00.463+0000] {logging_mixin.py:188} INFO - 👉 Fichier d’entrée : data/verbatims_test.csv
[2025-07-06T10:12:00.470+0000] {processor.py:840} INFO - DAG(s) 'trustpilot_pipeline' retrieved from /opt/airflow/dags/trustpilot_dag.py
[2025-07-06T10:12:00.498+0000] {logging_mixin.py:188} INFO - [2025-07-06T10:12:00.497+0000] {dag.py:3096} INFO - Sync 1 DAGs
[2025-07-06T10:12:00.632+0000] {logging_mixin.py:188} INFO - [2025-07-06T10:12:00.632+0000] {dag.py:3954} INFO - Setting next_dagrun for trustpilot_pipeline to None, run_after=None
[2025-07-06T10:12:00.651+0000] {processor.py:183} INFO - Processing /opt/airflow/dags/trustpilot_dag.py took 1.779 seconds
[2025-07-06T10:12:30.758+0000] {processor.py:161} INFO - Started process (PID=9123) to work on /opt/airflow/dags/trustpilot_dag.py
[2025-07-06T10:12:30.759+0000] {processor.py:830} INFO - Processing file /opt/airflow/dags/trustpilot_dag.py for tasks to queue
[2025-07-06T10:12:30.761+0000] {logging_mixin.py:188} INFO - [2025-07-06T10:12:30.761+0000] {dagbag.py:545} INFO - Filling up the DagBag from /opt/airflow/dags/trustpilot_dag.py
[2025-07-06T10:12:32.337+0000] {logging_mixin.py:188} INFO - 📁 Fichier .env chargé
[2025-07-06T10:12:32.337+0000] {logging_mixin.py:188} INFO - 👉 Mode scraping : prod
[2025-07-06T10:12:32.338+0000] {logging_mixin.py:188} INFO - 👉 Fichier d’entrée : data/verbatims_test.csv
[2025-07-06T10:12:32.345+0000] {processor.py:840} INFO - DAG(s) 'trustpilot_pipeline' retrieved from /opt/airflow/dags/trustpilot_dag.py
[2025-07-06T10:12:32.491+0000] {logging_mixin.py:188} INFO - [2025-07-06T10:12:32.490+0000] {dag.py:3096} INFO - Sync 1 DAGs
[2025-07-06T10:12:32.506+0000] {logging_mixin.py:188} INFO - [2025-07-06T10:12:32.506+0000] {dag.py:3954} INFO - Setting next_dagrun for trustpilot_pipeline to None, run_after=None
[2025-07-06T10:12:32.525+0000] {processor.py:183} INFO - Processing /opt/airflow/dags/trustpilot_dag.py took 1.776 seconds
[2025-07-06T10:13:02.668+0000] {processor.py:161} INFO - Started process (PID=9129) to work on /opt/airflow/dags/trustpilot_dag.py
[2025-07-06T10:13:02.670+0000] {processor.py:830} INFO - Processing file /opt/airflow/dags/trustpilot_dag.py for tasks to queue
[2025-07-06T10:13:02.672+0000] {logging_mixin.py:188} INFO - [2025-07-06T10:13:02.671+0000] {dagbag.py:545} INFO - Filling up the DagBag from /opt/airflow/dags/trustpilot_dag.py
[2025-07-06T10:13:04.256+0000] {logging_mixin.py:188} INFO - 📁 Fichier .env chargé
[2025-07-06T10:13:04.256+0000] {logging_mixin.py:188} INFO - 👉 Mode scraping : prod
[2025-07-06T10:13:04.257+0000] {logging_mixin.py:188} INFO - 👉 Fichier d’entrée : data/verbatims_test.csv
[2025-07-06T10:13:04.380+0000] {processor.py:840} INFO - DAG(s) 'trustpilot_pipeline' retrieved from /opt/airflow/dags/trustpilot_dag.py
[2025-07-06T10:13:04.408+0000] {logging_mixin.py:188} INFO - [2025-07-06T10:13:04.408+0000] {dag.py:3096} INFO - Sync 1 DAGs
[2025-07-06T10:13:04.424+0000] {logging_mixin.py:188} INFO - [2025-07-06T10:13:04.424+0000] {dag.py:3954} INFO - Setting next_dagrun for trustpilot_pipeline to None, run_after=None
[2025-07-06T10:13:04.442+0000] {processor.py:183} INFO - Processing /opt/airflow/dags/trustpilot_dag.py took 1.783 seconds
[2025-07-06T10:13:34.560+0000] {processor.py:161} INFO - Started process (PID=9135) to work on /opt/airflow/dags/trustpilot_dag.py
[2025-07-06T10:13:34.561+0000] {processor.py:830} INFO - Processing file /opt/airflow/dags/trustpilot_dag.py for tasks to queue
[2025-07-06T10:13:34.563+0000] {logging_mixin.py:188} INFO - [2025-07-06T10:13:34.563+0000] {dagbag.py:545} INFO - Filling up the DagBag from /opt/airflow/dags/trustpilot_dag.py
[2025-07-06T10:13:36.251+0000] {logging_mixin.py:188} INFO - 📁 Fichier .env chargé
[2025-07-06T10:13:36.252+0000] {logging_mixin.py:188} INFO - 👉 Mode scraping : prod
[2025-07-06T10:13:36.252+0000] {logging_mixin.py:188} INFO - 👉 Fichier d’entrée : data/verbatims_test.csv
[2025-07-06T10:13:36.259+0000] {processor.py:840} INFO - DAG(s) 'trustpilot_pipeline' retrieved from /opt/airflow/dags/trustpilot_dag.py
[2025-07-06T10:13:36.287+0000] {logging_mixin.py:188} INFO - [2025-07-06T10:13:36.286+0000] {dag.py:3096} INFO - Sync 1 DAGs
[2025-07-06T10:13:36.302+0000] {logging_mixin.py:188} INFO - [2025-07-06T10:13:36.302+0000] {dag.py:3954} INFO - Setting next_dagrun for trustpilot_pipeline to None, run_after=None
[2025-07-06T10:13:36.321+0000] {processor.py:183} INFO - Processing /opt/airflow/dags/trustpilot_dag.py took 1.770 seconds
[2025-07-06T10:14:06.440+0000] {processor.py:161} INFO - Started process (PID=9141) to work on /opt/airflow/dags/trustpilot_dag.py
[2025-07-06T10:14:06.441+0000] {processor.py:830} INFO - Processing file /opt/airflow/dags/trustpilot_dag.py for tasks to queue
[2025-07-06T10:14:06.443+0000] {logging_mixin.py:188} INFO - [2025-07-06T10:14:06.443+0000] {dagbag.py:545} INFO - Filling up the DagBag from /opt/airflow/dags/trustpilot_dag.py
[2025-07-06T10:14:08.028+0000] {logging_mixin.py:188} INFO - 📁 Fichier .env chargé
[2025-07-06T10:14:08.029+0000] {logging_mixin.py:188} INFO - 👉 Mode scraping : prod
[2025-07-06T10:14:08.029+0000] {logging_mixin.py:188} INFO - 👉 Fichier d’entrée : data/verbatims_test.csv
[2025-07-06T10:14:08.036+0000] {processor.py:840} INFO - DAG(s) 'trustpilot_pipeline' retrieved from /opt/airflow/dags/trustpilot_dag.py
[2025-07-06T10:14:08.064+0000] {logging_mixin.py:188} INFO - [2025-07-06T10:14:08.064+0000] {dag.py:3096} INFO - Sync 1 DAGs
[2025-07-06T10:14:08.080+0000] {logging_mixin.py:188} INFO - [2025-07-06T10:14:08.080+0000] {dag.py:3954} INFO - Setting next_dagrun for trustpilot_pipeline to None, run_after=None
[2025-07-06T10:14:08.101+0000] {processor.py:183} INFO - Processing /opt/airflow/dags/trustpilot_dag.py took 1.670 seconds
[2025-07-06T10:14:38.213+0000] {processor.py:161} INFO - Started process (PID=9147) to work on /opt/airflow/dags/trustpilot_dag.py
[2025-07-06T10:14:38.214+0000] {processor.py:830} INFO - Processing file /opt/airflow/dags/trustpilot_dag.py for tasks to queue
[2025-07-06T10:14:38.216+0000] {logging_mixin.py:188} INFO - [2025-07-06T10:14:38.215+0000] {dagbag.py:545} INFO - Filling up the DagBag from /opt/airflow/dags/trustpilot_dag.py
[2025-07-06T10:14:39.790+0000] {logging_mixin.py:188} INFO - 📁 Fichier .env chargé
[2025-07-06T10:14:39.790+0000] {logging_mixin.py:188} INFO - 👉 Mode scraping : prod
[2025-07-06T10:14:39.791+0000] {logging_mixin.py:188} INFO - 👉 Fichier d’entrée : data/verbatims_test.csv
[2025-07-06T10:14:39.798+0000] {processor.py:840} INFO - DAG(s) 'trustpilot_pipeline' retrieved from /opt/airflow/dags/trustpilot_dag.py
[2025-07-06T10:14:39.826+0000] {logging_mixin.py:188} INFO - [2025-07-06T10:14:39.825+0000] {dag.py:3096} INFO - Sync 1 DAGs
[2025-07-06T10:14:39.960+0000] {logging_mixin.py:188} INFO - [2025-07-06T10:14:39.960+0000] {dag.py:3954} INFO - Setting next_dagrun for trustpilot_pipeline to None, run_after=None
[2025-07-06T10:14:39.980+0000] {processor.py:183} INFO - Processing /opt/airflow/dags/trustpilot_dag.py took 1.776 seconds
[2025-07-06T10:15:10.107+0000] {processor.py:161} INFO - Started process (PID=9153) to work on /opt/airflow/dags/trustpilot_dag.py
[2025-07-06T10:15:10.108+0000] {processor.py:830} INFO - Processing file /opt/airflow/dags/trustpilot_dag.py for tasks to queue
[2025-07-06T10:15:10.110+0000] {logging_mixin.py:188} INFO - [2025-07-06T10:15:10.110+0000] {dagbag.py:545} INFO - Filling up the DagBag from /opt/airflow/dags/trustpilot_dag.py
[2025-07-06T10:15:11.694+0000] {logging_mixin.py:188} INFO - 📁 Fichier .env chargé
[2025-07-06T10:15:11.694+0000] {logging_mixin.py:188} INFO - 👉 Mode scraping : prod
[2025-07-06T10:15:11.694+0000] {logging_mixin.py:188} INFO - 👉 Fichier d’entrée : data/verbatims_test.csv
[2025-07-06T10:15:11.701+0000] {processor.py:840} INFO - DAG(s) 'trustpilot_pipeline' retrieved from /opt/airflow/dags/trustpilot_dag.py
[2025-07-06T10:15:11.731+0000] {logging_mixin.py:188} INFO - [2025-07-06T10:15:11.730+0000] {dag.py:3096} INFO - Sync 1 DAGs
[2025-07-06T10:15:11.862+0000] {logging_mixin.py:188} INFO - [2025-07-06T10:15:11.862+0000] {dag.py:3954} INFO - Setting next_dagrun for trustpilot_pipeline to None, run_after=None
[2025-07-06T10:15:11.881+0000] {processor.py:183} INFO - Processing /opt/airflow/dags/trustpilot_dag.py took 1.783 seconds
[2025-07-06T10:15:42.007+0000] {processor.py:161} INFO - Started process (PID=9159) to work on /opt/airflow/dags/trustpilot_dag.py
[2025-07-06T10:15:42.008+0000] {processor.py:830} INFO - Processing file /opt/airflow/dags/trustpilot_dag.py for tasks to queue
[2025-07-06T10:15:42.010+0000] {logging_mixin.py:188} INFO - [2025-07-06T10:15:42.010+0000] {dagbag.py:545} INFO - Filling up the DagBag from /opt/airflow/dags/trustpilot_dag.py
[2025-07-06T10:15:43.585+0000] {logging_mixin.py:188} INFO - 📁 Fichier .env chargé
[2025-07-06T10:15:43.586+0000] {logging_mixin.py:188} INFO - 👉 Mode scraping : prod
[2025-07-06T10:15:43.586+0000] {logging_mixin.py:188} INFO - 👉 Fichier d’entrée : data/verbatims_test.csv
[2025-07-06T10:15:43.595+0000] {processor.py:840} INFO - DAG(s) 'trustpilot_pipeline' retrieved from /opt/airflow/dags/trustpilot_dag.py
[2025-07-06T10:15:43.739+0000] {logging_mixin.py:188} INFO - [2025-07-06T10:15:43.739+0000] {dag.py:3096} INFO - Sync 1 DAGs
[2025-07-06T10:15:43.755+0000] {logging_mixin.py:188} INFO - [2025-07-06T10:15:43.754+0000] {dag.py:3954} INFO - Setting next_dagrun for trustpilot_pipeline to None, run_after=None
[2025-07-06T10:15:43.773+0000] {processor.py:183} INFO - Processing /opt/airflow/dags/trustpilot_dag.py took 1.775 seconds
[2025-07-06T10:16:13.897+0000] {processor.py:161} INFO - Started process (PID=9165) to work on /opt/airflow/dags/trustpilot_dag.py
[2025-07-06T10:16:13.898+0000] {processor.py:830} INFO - Processing file /opt/airflow/dags/trustpilot_dag.py for tasks to queue
[2025-07-06T10:16:13.900+0000] {logging_mixin.py:188} INFO - [2025-07-06T10:16:13.899+0000] {dagbag.py:545} INFO - Filling up the DagBag from /opt/airflow/dags/trustpilot_dag.py
[2025-07-06T10:16:15.591+0000] {logging_mixin.py:188} INFO - 📁 Fichier .env chargé
[2025-07-06T10:16:15.591+0000] {logging_mixin.py:188} INFO - 👉 Mode scraping : prod
[2025-07-06T10:16:15.592+0000] {logging_mixin.py:188} INFO - 👉 Fichier d’entrée : data/verbatims_test.csv
[2025-07-06T10:16:15.599+0000] {processor.py:840} INFO - DAG(s) 'trustpilot_pipeline' retrieved from /opt/airflow/dags/trustpilot_dag.py
[2025-07-06T10:16:15.628+0000] {logging_mixin.py:188} INFO - [2025-07-06T10:16:15.627+0000] {dag.py:3096} INFO - Sync 1 DAGs
[2025-07-06T10:16:15.643+0000] {logging_mixin.py:188} INFO - [2025-07-06T10:16:15.643+0000] {dag.py:3954} INFO - Setting next_dagrun for trustpilot_pipeline to None, run_after=None
[2025-07-06T10:16:15.663+0000] {processor.py:183} INFO - Processing /opt/airflow/dags/trustpilot_dag.py took 1.775 seconds
[2025-07-06T10:16:45.783+0000] {processor.py:161} INFO - Started process (PID=9171) to work on /opt/airflow/dags/trustpilot_dag.py
[2025-07-06T10:16:45.784+0000] {processor.py:830} INFO - Processing file /opt/airflow/dags/trustpilot_dag.py for tasks to queue
[2025-07-06T10:16:45.786+0000] {logging_mixin.py:188} INFO - [2025-07-06T10:16:45.786+0000] {dagbag.py:545} INFO - Filling up the DagBag from /opt/airflow/dags/trustpilot_dag.py
[2025-07-06T10:16:47.367+0000] {logging_mixin.py:188} INFO - 📁 Fichier .env chargé
[2025-07-06T10:16:47.367+0000] {logging_mixin.py:188} INFO - 👉 Mode scraping : prod
[2025-07-06T10:16:47.368+0000] {logging_mixin.py:188} INFO - 👉 Fichier d’entrée : data/verbatims_test.csv
[2025-07-06T10:16:47.375+0000] {processor.py:840} INFO - DAG(s) 'trustpilot_pipeline' retrieved from /opt/airflow/dags/trustpilot_dag.py
[2025-07-06T10:16:47.403+0000] {logging_mixin.py:188} INFO - [2025-07-06T10:16:47.402+0000] {dag.py:3096} INFO - Sync 1 DAGs
[2025-07-06T10:16:47.419+0000] {logging_mixin.py:188} INFO - [2025-07-06T10:16:47.419+0000] {dag.py:3954} INFO - Setting next_dagrun for trustpilot_pipeline to None, run_after=None
[2025-07-06T10:16:47.438+0000] {processor.py:183} INFO - Processing /opt/airflow/dags/trustpilot_dag.py took 1.664 seconds
[2025-07-06T10:17:17.566+0000] {processor.py:161} INFO - Started process (PID=9177) to work on /opt/airflow/dags/trustpilot_dag.py
[2025-07-06T10:17:17.567+0000] {processor.py:830} INFO - Processing file /opt/airflow/dags/trustpilot_dag.py for tasks to queue
[2025-07-06T10:17:17.569+0000] {logging_mixin.py:188} INFO - [2025-07-06T10:17:17.568+0000] {dagbag.py:545} INFO - Filling up the DagBag from /opt/airflow/dags/trustpilot_dag.py
[2025-07-06T10:17:19.146+0000] {logging_mixin.py:188} INFO - 📁 Fichier .env chargé
[2025-07-06T10:17:19.146+0000] {logging_mixin.py:188} INFO - 👉 Mode scraping : prod
[2025-07-06T10:17:19.147+0000] {logging_mixin.py:188} INFO - 👉 Fichier d’entrée : data/verbatims_test.csv
[2025-07-06T10:17:19.154+0000] {processor.py:840} INFO - DAG(s) 'trustpilot_pipeline' retrieved from /opt/airflow/dags/trustpilot_dag.py
[2025-07-06T10:17:19.181+0000] {logging_mixin.py:188} INFO - [2025-07-06T10:17:19.181+0000] {dag.py:3096} INFO - Sync 1 DAGs
[2025-07-06T10:17:19.199+0000] {logging_mixin.py:188} INFO - [2025-07-06T10:17:19.198+0000] {dag.py:3954} INFO - Setting next_dagrun for trustpilot_pipeline to None, run_after=None
[2025-07-06T10:17:19.334+0000] {processor.py:183} INFO - Processing /opt/airflow/dags/trustpilot_dag.py took 1.778 seconds
[2025-07-06T10:17:49.453+0000] {processor.py:161} INFO - Started process (PID=9183) to work on /opt/airflow/dags/trustpilot_dag.py
[2025-07-06T10:17:49.454+0000] {processor.py:830} INFO - Processing file /opt/airflow/dags/trustpilot_dag.py for tasks to queue
[2025-07-06T10:17:49.456+0000] {logging_mixin.py:188} INFO - [2025-07-06T10:17:49.456+0000] {dagbag.py:545} INFO - Filling up the DagBag from /opt/airflow/dags/trustpilot_dag.py
[2025-07-06T10:17:51.146+0000] {logging_mixin.py:188} INFO - 📁 Fichier .env chargé
[2025-07-06T10:17:51.147+0000] {logging_mixin.py:188} INFO - 👉 Mode scraping : prod
[2025-07-06T10:17:51.147+0000] {logging_mixin.py:188} INFO - 👉 Fichier d’entrée : data/verbatims_test.csv
[2025-07-06T10:17:51.154+0000] {processor.py:840} INFO - DAG(s) 'trustpilot_pipeline' retrieved from /opt/airflow/dags/trustpilot_dag.py
[2025-07-06T10:17:51.184+0000] {logging_mixin.py:188} INFO - [2025-07-06T10:17:51.183+0000] {dag.py:3096} INFO - Sync 1 DAGs
[2025-07-06T10:17:51.199+0000] {logging_mixin.py:188} INFO - [2025-07-06T10:17:51.199+0000] {dag.py:3954} INFO - Setting next_dagrun for trustpilot_pipeline to None, run_after=None
[2025-07-06T10:17:51.218+0000] {processor.py:183} INFO - Processing /opt/airflow/dags/trustpilot_dag.py took 1.774 seconds
[2025-07-06T10:18:21.338+0000] {processor.py:161} INFO - Started process (PID=9189) to work on /opt/airflow/dags/trustpilot_dag.py
[2025-07-06T10:18:21.339+0000] {processor.py:830} INFO - Processing file /opt/airflow/dags/trustpilot_dag.py for tasks to queue
[2025-07-06T10:18:21.342+0000] {logging_mixin.py:188} INFO - [2025-07-06T10:18:21.341+0000] {dagbag.py:545} INFO - Filling up the DagBag from /opt/airflow/dags/trustpilot_dag.py
[2025-07-06T10:18:22.939+0000] {logging_mixin.py:188} INFO - 📁 Fichier .env chargé
[2025-07-06T10:18:22.939+0000] {logging_mixin.py:188} INFO - 👉 Mode scraping : prod
[2025-07-06T10:18:22.939+0000] {logging_mixin.py:188} INFO - 👉 Fichier d’entrée : data/verbatims_test.csv
[2025-07-06T10:18:22.947+0000] {processor.py:840} INFO - DAG(s) 'trustpilot_pipeline' retrieved from /opt/airflow/dags/trustpilot_dag.py
[2025-07-06T10:18:23.091+0000] {logging_mixin.py:188} INFO - [2025-07-06T10:18:23.090+0000] {dag.py:3096} INFO - Sync 1 DAGs
[2025-07-06T10:18:23.107+0000] {logging_mixin.py:188} INFO - [2025-07-06T10:18:23.106+0000] {dag.py:3954} INFO - Setting next_dagrun for trustpilot_pipeline to None, run_after=None
[2025-07-06T10:18:23.125+0000] {processor.py:183} INFO - Processing /opt/airflow/dags/trustpilot_dag.py took 1.798 seconds
[2025-07-06T10:18:53.172+0000] {processor.py:161} INFO - Started process (PID=9195) to work on /opt/airflow/dags/trustpilot_dag.py
[2025-07-06T10:18:53.173+0000] {processor.py:830} INFO - Processing file /opt/airflow/dags/trustpilot_dag.py for tasks to queue
[2025-07-06T10:18:53.175+0000] {logging_mixin.py:188} INFO - [2025-07-06T10:18:53.175+0000] {dagbag.py:545} INFO - Filling up the DagBag from /opt/airflow/dags/trustpilot_dag.py
[2025-07-06T10:18:54.750+0000] {logging_mixin.py:188} INFO - 📁 Fichier .env chargé
[2025-07-06T10:18:54.751+0000] {logging_mixin.py:188} INFO - 👉 Mode scraping : prod
[2025-07-06T10:18:54.751+0000] {logging_mixin.py:188} INFO - 👉 Fichier d’entrée : data/verbatims_test.csv
[2025-07-06T10:18:54.873+0000] {processor.py:840} INFO - DAG(s) 'trustpilot_pipeline' retrieved from /opt/airflow/dags/trustpilot_dag.py
[2025-07-06T10:18:54.901+0000] {logging_mixin.py:188} INFO - [2025-07-06T10:18:54.901+0000] {dag.py:3096} INFO - Sync 1 DAGs
[2025-07-06T10:18:54.917+0000] {logging_mixin.py:188} INFO - [2025-07-06T10:18:54.917+0000] {dag.py:3954} INFO - Setting next_dagrun for trustpilot_pipeline to None, run_after=None
[2025-07-06T10:18:54.940+0000] {processor.py:183} INFO - Processing /opt/airflow/dags/trustpilot_dag.py took 1.777 seconds
[2025-07-06T10:19:25.068+0000] {processor.py:161} INFO - Started process (PID=9201) to work on /opt/airflow/dags/trustpilot_dag.py
[2025-07-06T10:19:25.069+0000] {processor.py:830} INFO - Processing file /opt/airflow/dags/trustpilot_dag.py for tasks to queue
[2025-07-06T10:19:25.071+0000] {logging_mixin.py:188} INFO - [2025-07-06T10:19:25.071+0000] {dagbag.py:545} INFO - Filling up the DagBag from /opt/airflow/dags/trustpilot_dag.py
[2025-07-06T10:19:26.762+0000] {logging_mixin.py:188} INFO - 📁 Fichier .env chargé
[2025-07-06T10:19:26.762+0000] {logging_mixin.py:188} INFO - 👉 Mode scraping : prod
[2025-07-06T10:19:26.762+0000] {logging_mixin.py:188} INFO - 👉 Fichier d’entrée : data/verbatims_test.csv
[2025-07-06T10:19:26.770+0000] {processor.py:840} INFO - DAG(s) 'trustpilot_pipeline' retrieved from /opt/airflow/dags/trustpilot_dag.py
[2025-07-06T10:19:26.798+0000] {logging_mixin.py:188} INFO - [2025-07-06T10:19:26.798+0000] {dag.py:3096} INFO - Sync 1 DAGs
[2025-07-06T10:19:26.814+0000] {logging_mixin.py:188} INFO - [2025-07-06T10:19:26.814+0000] {dag.py:3954} INFO - Setting next_dagrun for trustpilot_pipeline to None, run_after=None
[2025-07-06T10:19:26.833+0000] {processor.py:183} INFO - Processing /opt/airflow/dags/trustpilot_dag.py took 1.774 seconds
[2025-07-06T10:19:56.961+0000] {processor.py:161} INFO - Started process (PID=9207) to work on /opt/airflow/dags/trustpilot_dag.py
[2025-07-06T10:19:56.962+0000] {processor.py:830} INFO - Processing file /opt/airflow/dags/trustpilot_dag.py for tasks to queue
[2025-07-06T10:19:56.964+0000] {logging_mixin.py:188} INFO - [2025-07-06T10:19:56.964+0000] {dagbag.py:545} INFO - Filling up the DagBag from /opt/airflow/dags/trustpilot_dag.py
[2025-07-06T10:19:58.563+0000] {logging_mixin.py:188} INFO - 📁 Fichier .env chargé
[2025-07-06T10:19:58.563+0000] {logging_mixin.py:188} INFO - 👉 Mode scraping : prod
[2025-07-06T10:19:58.563+0000] {logging_mixin.py:188} INFO - 👉 Fichier d’entrée : data/verbatims_test.csv
[2025-07-06T10:19:58.571+0000] {processor.py:840} INFO - DAG(s) 'trustpilot_pipeline' retrieved from /opt/airflow/dags/trustpilot_dag.py
[2025-07-06T10:19:58.599+0000] {logging_mixin.py:188} INFO - [2025-07-06T10:19:58.599+0000] {dag.py:3096} INFO - Sync 1 DAGs
[2025-07-06T10:19:58.615+0000] {logging_mixin.py:188} INFO - [2025-07-06T10:19:58.615+0000] {dag.py:3954} INFO - Setting next_dagrun for trustpilot_pipeline to None, run_after=None
[2025-07-06T10:19:58.636+0000] {processor.py:183} INFO - Processing /opt/airflow/dags/trustpilot_dag.py took 1.686 seconds
[2025-07-06T10:20:28.749+0000] {processor.py:161} INFO - Started process (PID=9213) to work on /opt/airflow/dags/trustpilot_dag.py
[2025-07-06T10:20:28.750+0000] {processor.py:830} INFO - Processing file /opt/airflow/dags/trustpilot_dag.py for tasks to queue
[2025-07-06T10:20:28.752+0000] {logging_mixin.py:188} INFO - [2025-07-06T10:20:28.752+0000] {dagbag.py:545} INFO - Filling up the DagBag from /opt/airflow/dags/trustpilot_dag.py
[2025-07-06T10:20:30.331+0000] {logging_mixin.py:188} INFO - 📁 Fichier .env chargé
[2025-07-06T10:20:30.331+0000] {logging_mixin.py:188} INFO - 👉 Mode scraping : prod
[2025-07-06T10:20:30.331+0000] {logging_mixin.py:188} INFO - 👉 Fichier d’entrée : data/verbatims_test.csv
[2025-07-06T10:20:30.339+0000] {processor.py:840} INFO - DAG(s) 'trustpilot_pipeline' retrieved from /opt/airflow/dags/trustpilot_dag.py
[2025-07-06T10:20:30.366+0000] {logging_mixin.py:188} INFO - [2025-07-06T10:20:30.366+0000] {dag.py:3096} INFO - Sync 1 DAGs
[2025-07-06T10:20:30.500+0000] {logging_mixin.py:188} INFO - [2025-07-06T10:20:30.500+0000] {dag.py:3954} INFO - Setting next_dagrun for trustpilot_pipeline to None, run_after=None
[2025-07-06T10:20:30.519+0000] {processor.py:183} INFO - Processing /opt/airflow/dags/trustpilot_dag.py took 1.780 seconds
[2025-07-06T10:21:00.618+0000] {processor.py:161} INFO - Started process (PID=9219) to work on /opt/airflow/dags/trustpilot_dag.py
[2025-07-06T10:21:00.619+0000] {processor.py:830} INFO - Processing file /opt/airflow/dags/trustpilot_dag.py for tasks to queue
[2025-07-06T10:21:00.621+0000] {logging_mixin.py:188} INFO - [2025-07-06T10:21:00.621+0000] {dagbag.py:545} INFO - Filling up the DagBag from /opt/airflow/dags/trustpilot_dag.py
[2025-07-06T10:21:01.638+0000] {logging_mixin.py:188} INFO - 📁 Fichier .env chargé
[2025-07-06T10:21:01.639+0000] {logging_mixin.py:188} INFO - 👉 Mode scraping : prod
[2025-07-06T10:21:01.639+0000] {logging_mixin.py:188} INFO - 👉 Fichier d’entrée : data/verbatims_test.csv
[2025-07-06T10:21:01.643+0000] {processor.py:840} INFO - DAG(s) 'trustpilot_pipeline' retrieved from /opt/airflow/dags/trustpilot_dag.py
[2025-07-06T10:21:01.752+0000] {logging_mixin.py:188} INFO - [2025-07-06T10:21:01.752+0000] {dag.py:3096} INFO - Sync 1 DAGs
[2025-07-06T10:21:01.761+0000] {logging_mixin.py:188} INFO - [2025-07-06T10:21:01.761+0000] {dag.py:3954} INFO - Setting next_dagrun for trustpilot_pipeline to None, run_after=None
[2025-07-06T10:21:01.774+0000] {processor.py:183} INFO - Processing /opt/airflow/dags/trustpilot_dag.py took 1.166 seconds
[2025-07-06T10:21:31.889+0000] {processor.py:161} INFO - Started process (PID=9225) to work on /opt/airflow/dags/trustpilot_dag.py
[2025-07-06T10:21:31.889+0000] {processor.py:830} INFO - Processing file /opt/airflow/dags/trustpilot_dag.py for tasks to queue
[2025-07-06T10:21:31.891+0000] {logging_mixin.py:188} INFO - [2025-07-06T10:21:31.891+0000] {dagbag.py:545} INFO - Filling up the DagBag from /opt/airflow/dags/trustpilot_dag.py
[2025-07-06T10:21:33.466+0000] {logging_mixin.py:188} INFO - 📁 Fichier .env chargé
[2025-07-06T10:21:33.466+0000] {logging_mixin.py:188} INFO - 👉 Mode scraping : prod
[2025-07-06T10:21:33.467+0000] {logging_mixin.py:188} INFO - 👉 Fichier d’entrée : data/verbatims_test.csv
[2025-07-06T10:21:33.475+0000] {processor.py:840} INFO - DAG(s) 'trustpilot_pipeline' retrieved from /opt/airflow/dags/trustpilot_dag.py
[2025-07-06T10:21:33.618+0000] {logging_mixin.py:188} INFO - [2025-07-06T10:21:33.618+0000] {dag.py:3096} INFO - Sync 1 DAGs
[2025-07-06T10:21:33.634+0000] {logging_mixin.py:188} INFO - [2025-07-06T10:21:33.633+0000] {dag.py:3954} INFO - Setting next_dagrun for trustpilot_pipeline to None, run_after=None
[2025-07-06T10:21:33.652+0000] {processor.py:183} INFO - Processing /opt/airflow/dags/trustpilot_dag.py took 1.773 seconds
[2025-07-06T10:22:03.790+0000] {processor.py:161} INFO - Started process (PID=9231) to work on /opt/airflow/dags/trustpilot_dag.py
[2025-07-06T10:22:03.791+0000] {processor.py:830} INFO - Processing file /opt/airflow/dags/trustpilot_dag.py for tasks to queue
[2025-07-06T10:22:03.793+0000] {logging_mixin.py:188} INFO - [2025-07-06T10:22:03.793+0000] {dagbag.py:545} INFO - Filling up the DagBag from /opt/airflow/dags/trustpilot_dag.py
[2025-07-06T10:22:05.483+0000] {logging_mixin.py:188} INFO - 📁 Fichier .env chargé
[2025-07-06T10:22:05.484+0000] {logging_mixin.py:188} INFO - 👉 Mode scraping : prod
[2025-07-06T10:22:05.484+0000] {logging_mixin.py:188} INFO - 👉 Fichier d’entrée : data/verbatims_test.csv
[2025-07-06T10:22:05.491+0000] {processor.py:840} INFO - DAG(s) 'trustpilot_pipeline' retrieved from /opt/airflow/dags/trustpilot_dag.py
[2025-07-06T10:22:05.519+0000] {logging_mixin.py:188} INFO - [2025-07-06T10:22:05.518+0000] {dag.py:3096} INFO - Sync 1 DAGs
[2025-07-06T10:22:05.534+0000] {logging_mixin.py:188} INFO - [2025-07-06T10:22:05.534+0000] {dag.py:3954} INFO - Setting next_dagrun for trustpilot_pipeline to None, run_after=None
[2025-07-06T10:22:05.556+0000] {processor.py:183} INFO - Processing /opt/airflow/dags/trustpilot_dag.py took 1.775 seconds
[2025-07-06T10:22:35.678+0000] {processor.py:161} INFO - Started process (PID=9237) to work on /opt/airflow/dags/trustpilot_dag.py
[2025-07-06T10:22:35.679+0000] {processor.py:830} INFO - Processing file /opt/airflow/dags/trustpilot_dag.py for tasks to queue
[2025-07-06T10:22:35.681+0000] {logging_mixin.py:188} INFO - [2025-07-06T10:22:35.681+0000] {dagbag.py:545} INFO - Filling up the DagBag from /opt/airflow/dags/trustpilot_dag.py
[2025-07-06T10:22:37.256+0000] {logging_mixin.py:188} INFO - 📁 Fichier .env chargé
[2025-07-06T10:22:37.256+0000] {logging_mixin.py:188} INFO - 👉 Mode scraping : prod
[2025-07-06T10:22:37.257+0000] {logging_mixin.py:188} INFO - 👉 Fichier d’entrée : data/verbatims_test.csv
[2025-07-06T10:22:37.264+0000] {processor.py:840} INFO - DAG(s) 'trustpilot_pipeline' retrieved from /opt/airflow/dags/trustpilot_dag.py
[2025-07-06T10:22:37.292+0000] {logging_mixin.py:188} INFO - [2025-07-06T10:22:37.292+0000] {dag.py:3096} INFO - Sync 1 DAGs
[2025-07-06T10:22:37.308+0000] {logging_mixin.py:188} INFO - [2025-07-06T10:22:37.308+0000] {dag.py:3954} INFO - Setting next_dagrun for trustpilot_pipeline to None, run_after=None
[2025-07-06T10:22:37.327+0000] {processor.py:183} INFO - Processing /opt/airflow/dags/trustpilot_dag.py took 1.658 seconds
[2025-07-06T10:23:07.444+0000] {processor.py:161} INFO - Started process (PID=9243) to work on /opt/airflow/dags/trustpilot_dag.py
[2025-07-06T10:23:07.445+0000] {processor.py:830} INFO - Processing file /opt/airflow/dags/trustpilot_dag.py for tasks to queue
[2025-07-06T10:23:07.447+0000] {logging_mixin.py:188} INFO - [2025-07-06T10:23:07.447+0000] {dagbag.py:545} INFO - Filling up the DagBag from /opt/airflow/dags/trustpilot_dag.py
[2025-07-06T10:23:09.033+0000] {logging_mixin.py:188} INFO - 📁 Fichier .env chargé
[2025-07-06T10:23:09.033+0000] {logging_mixin.py:188} INFO - 👉 Mode scraping : prod
[2025-07-06T10:23:09.034+0000] {logging_mixin.py:188} INFO - 👉 Fichier d’entrée : data/verbatims_test.csv
[2025-07-06T10:23:09.041+0000] {processor.py:840} INFO - DAG(s) 'trustpilot_pipeline' retrieved from /opt/airflow/dags/trustpilot_dag.py
[2025-07-06T10:23:09.069+0000] {logging_mixin.py:188} INFO - [2025-07-06T10:23:09.069+0000] {dag.py:3096} INFO - Sync 1 DAGs
[2025-07-06T10:23:09.204+0000] {logging_mixin.py:188} INFO - [2025-07-06T10:23:09.204+0000] {dag.py:3954} INFO - Setting next_dagrun for trustpilot_pipeline to None, run_after=None
[2025-07-06T10:23:09.223+0000] {processor.py:183} INFO - Processing /opt/airflow/dags/trustpilot_dag.py took 1.788 seconds
[2025-07-06T10:23:39.276+0000] {processor.py:161} INFO - Started process (PID=9249) to work on /opt/airflow/dags/trustpilot_dag.py
[2025-07-06T10:23:39.277+0000] {processor.py:830} INFO - Processing file /opt/airflow/dags/trustpilot_dag.py for tasks to queue
[2025-07-06T10:23:39.279+0000] {logging_mixin.py:188} INFO - [2025-07-06T10:23:39.279+0000] {dagbag.py:545} INFO - Filling up the DagBag from /opt/airflow/dags/trustpilot_dag.py
[2025-07-06T10:23:40.967+0000] {logging_mixin.py:188} INFO - 📁 Fichier .env chargé
[2025-07-06T10:23:40.967+0000] {logging_mixin.py:188} INFO - 👉 Mode scraping : prod
[2025-07-06T10:23:40.967+0000] {logging_mixin.py:188} INFO - 👉 Fichier d’entrée : data/verbatims_test.csv
[2025-07-06T10:23:40.975+0000] {processor.py:840} INFO - DAG(s) 'trustpilot_pipeline' retrieved from /opt/airflow/dags/trustpilot_dag.py
[2025-07-06T10:23:41.002+0000] {logging_mixin.py:188} INFO - [2025-07-06T10:23:41.002+0000] {dag.py:3096} INFO - Sync 1 DAGs
[2025-07-06T10:23:41.019+0000] {logging_mixin.py:188} INFO - [2025-07-06T10:23:41.019+0000] {dag.py:3954} INFO - Setting next_dagrun for trustpilot_pipeline to None, run_after=None
[2025-07-06T10:23:41.038+0000] {processor.py:183} INFO - Processing /opt/airflow/dags/trustpilot_dag.py took 1.771 seconds
[2025-07-06T10:24:11.164+0000] {processor.py:161} INFO - Started process (PID=9255) to work on /opt/airflow/dags/trustpilot_dag.py
[2025-07-06T10:24:11.165+0000] {processor.py:830} INFO - Processing file /opt/airflow/dags/trustpilot_dag.py for tasks to queue
[2025-07-06T10:24:11.167+0000] {logging_mixin.py:188} INFO - [2025-07-06T10:24:11.167+0000] {dagbag.py:545} INFO - Filling up the DagBag from /opt/airflow/dags/trustpilot_dag.py
[2025-07-06T10:24:12.742+0000] {logging_mixin.py:188} INFO - 📁 Fichier .env chargé
[2025-07-06T10:24:12.742+0000] {logging_mixin.py:188} INFO - 👉 Mode scraping : prod
[2025-07-06T10:24:12.742+0000] {logging_mixin.py:188} INFO - 👉 Fichier d’entrée : data/verbatims_test.csv
[2025-07-06T10:24:12.750+0000] {processor.py:840} INFO - DAG(s) 'trustpilot_pipeline' retrieved from /opt/airflow/dags/trustpilot_dag.py
[2025-07-06T10:24:12.895+0000] {logging_mixin.py:188} INFO - [2025-07-06T10:24:12.895+0000] {dag.py:3096} INFO - Sync 1 DAGs
[2025-07-06T10:24:12.911+0000] {logging_mixin.py:188} INFO - [2025-07-06T10:24:12.910+0000] {dag.py:3954} INFO - Setting next_dagrun for trustpilot_pipeline to None, run_after=None
[2025-07-06T10:24:12.929+0000] {processor.py:183} INFO - Processing /opt/airflow/dags/trustpilot_dag.py took 1.775 seconds
[2025-07-06T10:24:43.051+0000] {processor.py:161} INFO - Started process (PID=9261) to work on /opt/airflow/dags/trustpilot_dag.py
[2025-07-06T10:24:43.052+0000] {processor.py:830} INFO - Processing file /opt/airflow/dags/trustpilot_dag.py for tasks to queue
[2025-07-06T10:24:43.054+0000] {logging_mixin.py:188} INFO - [2025-07-06T10:24:43.054+0000] {dagbag.py:545} INFO - Filling up the DagBag from /opt/airflow/dags/trustpilot_dag.py
[2025-07-06T10:24:44.633+0000] {logging_mixin.py:188} INFO - 📁 Fichier .env chargé
[2025-07-06T10:24:44.633+0000] {logging_mixin.py:188} INFO - 👉 Mode scraping : prod
[2025-07-06T10:24:44.634+0000] {logging_mixin.py:188} INFO - 👉 Fichier d’entrée : data/verbatims_test.csv
[2025-07-06T10:24:44.756+0000] {processor.py:840} INFO - DAG(s) 'trustpilot_pipeline' retrieved from /opt/airflow/dags/trustpilot_dag.py
[2025-07-06T10:24:44.784+0000] {logging_mixin.py:188} INFO - [2025-07-06T10:24:44.783+0000] {dag.py:3096} INFO - Sync 1 DAGs
[2025-07-06T10:24:44.799+0000] {logging_mixin.py:188} INFO - [2025-07-06T10:24:44.799+0000] {dag.py:3954} INFO - Setting next_dagrun for trustpilot_pipeline to None, run_after=None
[2025-07-06T10:24:44.818+0000] {processor.py:183} INFO - Processing /opt/airflow/dags/trustpilot_dag.py took 1.776 seconds
[2025-07-06T10:25:14.940+0000] {processor.py:161} INFO - Started process (PID=9267) to work on /opt/airflow/dags/trustpilot_dag.py
[2025-07-06T10:25:14.941+0000] {processor.py:830} INFO - Processing file /opt/airflow/dags/trustpilot_dag.py for tasks to queue
[2025-07-06T10:25:14.943+0000] {logging_mixin.py:188} INFO - [2025-07-06T10:25:14.943+0000] {dagbag.py:545} INFO - Filling up the DagBag from /opt/airflow/dags/trustpilot_dag.py
[2025-07-06T10:25:16.651+0000] {logging_mixin.py:188} INFO - 📁 Fichier .env chargé
[2025-07-06T10:25:16.651+0000] {logging_mixin.py:188} INFO - 👉 Mode scraping : prod
[2025-07-06T10:25:16.651+0000] {logging_mixin.py:188} INFO - 👉 Fichier d’entrée : data/verbatims_test.csv
[2025-07-06T10:25:16.659+0000] {processor.py:840} INFO - DAG(s) 'trustpilot_pipeline' retrieved from /opt/airflow/dags/trustpilot_dag.py
[2025-07-06T10:25:16.688+0000] {logging_mixin.py:188} INFO - [2025-07-06T10:25:16.687+0000] {dag.py:3096} INFO - Sync 1 DAGs
[2025-07-06T10:25:16.703+0000] {logging_mixin.py:188} INFO - [2025-07-06T10:25:16.703+0000] {dag.py:3954} INFO - Setting next_dagrun for trustpilot_pipeline to None, run_after=None
[2025-07-06T10:25:16.722+0000] {processor.py:183} INFO - Processing /opt/airflow/dags/trustpilot_dag.py took 1.794 seconds
[2025-07-06T10:25:46.831+0000] {processor.py:161} INFO - Started process (PID=9273) to work on /opt/airflow/dags/trustpilot_dag.py
[2025-07-06T10:25:46.832+0000] {processor.py:830} INFO - Processing file /opt/airflow/dags/trustpilot_dag.py for tasks to queue
[2025-07-06T10:25:46.834+0000] {logging_mixin.py:188} INFO - [2025-07-06T10:25:46.834+0000] {dagbag.py:545} INFO - Filling up the DagBag from /opt/airflow/dags/trustpilot_dag.py
[2025-07-06T10:25:48.413+0000] {logging_mixin.py:188} INFO - 📁 Fichier .env chargé
[2025-07-06T10:25:48.413+0000] {logging_mixin.py:188} INFO - 👉 Mode scraping : prod
[2025-07-06T10:25:48.413+0000] {logging_mixin.py:188} INFO - 👉 Fichier d’entrée : data/verbatims_test.csv
[2025-07-06T10:25:48.420+0000] {processor.py:840} INFO - DAG(s) 'trustpilot_pipeline' retrieved from /opt/airflow/dags/trustpilot_dag.py
[2025-07-06T10:25:48.448+0000] {logging_mixin.py:188} INFO - [2025-07-06T10:25:48.448+0000] {dag.py:3096} INFO - Sync 1 DAGs
[2025-07-06T10:25:48.466+0000] {logging_mixin.py:188} INFO - [2025-07-06T10:25:48.465+0000] {dag.py:3954} INFO - Setting next_dagrun for trustpilot_pipeline to None, run_after=None
[2025-07-06T10:25:48.602+0000] {processor.py:183} INFO - Processing /opt/airflow/dags/trustpilot_dag.py took 1.780 seconds
[2025-07-06T10:26:18.740+0000] {processor.py:161} INFO - Started process (PID=9279) to work on /opt/airflow/dags/trustpilot_dag.py
[2025-07-06T10:26:18.741+0000] {processor.py:830} INFO - Processing file /opt/airflow/dags/trustpilot_dag.py for tasks to queue
[2025-07-06T10:26:18.743+0000] {logging_mixin.py:188} INFO - [2025-07-06T10:26:18.743+0000] {dagbag.py:545} INFO - Filling up the DagBag from /opt/airflow/dags/trustpilot_dag.py
[2025-07-06T10:26:20.433+0000] {logging_mixin.py:188} INFO - 📁 Fichier .env chargé
[2025-07-06T10:26:20.434+0000] {logging_mixin.py:188} INFO - 👉 Mode scraping : prod
[2025-07-06T10:26:20.434+0000] {logging_mixin.py:188} INFO - 👉 Fichier d’entrée : data/verbatims_test.csv
[2025-07-06T10:26:20.441+0000] {processor.py:840} INFO - DAG(s) 'trustpilot_pipeline' retrieved from /opt/airflow/dags/trustpilot_dag.py
[2025-07-06T10:26:20.471+0000] {logging_mixin.py:188} INFO - [2025-07-06T10:26:20.470+0000] {dag.py:3096} INFO - Sync 1 DAGs
[2025-07-06T10:26:20.486+0000] {logging_mixin.py:188} INFO - [2025-07-06T10:26:20.486+0000] {dag.py:3954} INFO - Setting next_dagrun for trustpilot_pipeline to None, run_after=None
[2025-07-06T10:26:20.506+0000] {processor.py:183} INFO - Processing /opt/airflow/dags/trustpilot_dag.py took 1.775 seconds
[2025-07-06T10:26:50.634+0000] {processor.py:161} INFO - Started process (PID=9285) to work on /opt/airflow/dags/trustpilot_dag.py
[2025-07-06T10:26:50.635+0000] {processor.py:830} INFO - Processing file /opt/airflow/dags/trustpilot_dag.py for tasks to queue
[2025-07-06T10:26:50.637+0000] {logging_mixin.py:188} INFO - [2025-07-06T10:26:50.636+0000] {dagbag.py:545} INFO - Filling up the DagBag from /opt/airflow/dags/trustpilot_dag.py
[2025-07-06T10:26:52.215+0000] {logging_mixin.py:188} INFO - 📁 Fichier .env chargé
[2025-07-06T10:26:52.215+0000] {logging_mixin.py:188} INFO - 👉 Mode scraping : prod
[2025-07-06T10:26:52.215+0000] {logging_mixin.py:188} INFO - 👉 Fichier d’entrée : data/verbatims_test.csv
[2025-07-06T10:26:52.223+0000] {processor.py:840} INFO - DAG(s) 'trustpilot_pipeline' retrieved from /opt/airflow/dags/trustpilot_dag.py
[2025-07-06T10:26:52.368+0000] {logging_mixin.py:188} INFO - [2025-07-06T10:26:52.368+0000] {dag.py:3096} INFO - Sync 1 DAGs
[2025-07-06T10:26:52.384+0000] {logging_mixin.py:188} INFO - [2025-07-06T10:26:52.383+0000] {dag.py:3954} INFO - Setting next_dagrun for trustpilot_pipeline to None, run_after=None
[2025-07-06T10:26:52.402+0000] {processor.py:183} INFO - Processing /opt/airflow/dags/trustpilot_dag.py took 1.778 seconds
[2025-07-06T10:27:22.515+0000] {processor.py:161} INFO - Started process (PID=9291) to work on /opt/airflow/dags/trustpilot_dag.py
[2025-07-06T10:27:22.516+0000] {processor.py:830} INFO - Processing file /opt/airflow/dags/trustpilot_dag.py for tasks to queue
[2025-07-06T10:27:22.519+0000] {logging_mixin.py:188} INFO - [2025-07-06T10:27:22.518+0000] {dagbag.py:545} INFO - Filling up the DagBag from /opt/airflow/dags/trustpilot_dag.py
[2025-07-06T10:27:24.116+0000] {logging_mixin.py:188} INFO - 📁 Fichier .env chargé
[2025-07-06T10:27:24.116+0000] {logging_mixin.py:188} INFO - 👉 Mode scraping : prod
[2025-07-06T10:27:24.117+0000] {logging_mixin.py:188} INFO - 👉 Fichier d’entrée : data/verbatims_test.csv
[2025-07-06T10:27:24.125+0000] {processor.py:840} INFO - DAG(s) 'trustpilot_pipeline' retrieved from /opt/airflow/dags/trustpilot_dag.py
[2025-07-06T10:27:24.268+0000] {logging_mixin.py:188} INFO - [2025-07-06T10:27:24.267+0000] {dag.py:3096} INFO - Sync 1 DAGs
[2025-07-06T10:27:24.283+0000] {logging_mixin.py:188} INFO - [2025-07-06T10:27:24.283+0000] {dag.py:3954} INFO - Setting next_dagrun for trustpilot_pipeline to None, run_after=None
[2025-07-06T10:27:24.302+0000] {processor.py:183} INFO - Processing /opt/airflow/dags/trustpilot_dag.py took 1.798 seconds
[2025-07-06T10:27:54.415+0000] {processor.py:161} INFO - Started process (PID=9297) to work on /opt/airflow/dags/trustpilot_dag.py
[2025-07-06T10:27:54.416+0000] {processor.py:830} INFO - Processing file /opt/airflow/dags/trustpilot_dag.py for tasks to queue
[2025-07-06T10:27:54.418+0000] {logging_mixin.py:188} INFO - [2025-07-06T10:27:54.417+0000] {dagbag.py:545} INFO - Filling up the DagBag from /opt/airflow/dags/trustpilot_dag.py
[2025-07-06T10:27:56.117+0000] {logging_mixin.py:188} INFO - 📁 Fichier .env chargé
[2025-07-06T10:27:56.117+0000] {logging_mixin.py:188} INFO - 👉 Mode scraping : prod
[2025-07-06T10:27:56.118+0000] {logging_mixin.py:188} INFO - 👉 Fichier d’entrée : data/verbatims_test.csv
[2025-07-06T10:27:56.125+0000] {processor.py:840} INFO - DAG(s) 'trustpilot_pipeline' retrieved from /opt/airflow/dags/trustpilot_dag.py
[2025-07-06T10:27:56.153+0000] {logging_mixin.py:188} INFO - [2025-07-06T10:27:56.153+0000] {dag.py:3096} INFO - Sync 1 DAGs
[2025-07-06T10:27:56.169+0000] {logging_mixin.py:188} INFO - [2025-07-06T10:27:56.169+0000] {dag.py:3954} INFO - Setting next_dagrun for trustpilot_pipeline to None, run_after=None
[2025-07-06T10:27:56.188+0000] {processor.py:183} INFO - Processing /opt/airflow/dags/trustpilot_dag.py took 1.782 seconds
[2025-07-06T10:28:26.319+0000] {processor.py:161} INFO - Started process (PID=9303) to work on /opt/airflow/dags/trustpilot_dag.py
[2025-07-06T10:28:26.320+0000] {processor.py:830} INFO - Processing file /opt/airflow/dags/trustpilot_dag.py for tasks to queue
[2025-07-06T10:28:26.322+0000] {logging_mixin.py:188} INFO - [2025-07-06T10:28:26.322+0000] {dagbag.py:545} INFO - Filling up the DagBag from /opt/airflow/dags/trustpilot_dag.py
[2025-07-06T10:28:27.904+0000] {logging_mixin.py:188} INFO - 📁 Fichier .env chargé
[2025-07-06T10:28:27.904+0000] {logging_mixin.py:188} INFO - 👉 Mode scraping : prod
[2025-07-06T10:28:27.904+0000] {logging_mixin.py:188} INFO - 👉 Fichier d’entrée : data/verbatims_test.csv
[2025-07-06T10:28:27.911+0000] {processor.py:840} INFO - DAG(s) 'trustpilot_pipeline' retrieved from /opt/airflow/dags/trustpilot_dag.py
[2025-07-06T10:28:27.939+0000] {logging_mixin.py:188} INFO - [2025-07-06T10:28:27.939+0000] {dag.py:3096} INFO - Sync 1 DAGs
[2025-07-06T10:28:27.955+0000] {logging_mixin.py:188} INFO - [2025-07-06T10:28:27.954+0000] {dag.py:3954} INFO - Setting next_dagrun for trustpilot_pipeline to None, run_after=None
[2025-07-06T10:28:27.975+0000] {processor.py:183} INFO - Processing /opt/airflow/dags/trustpilot_dag.py took 1.665 seconds
[2025-07-06T10:28:58.105+0000] {processor.py:161} INFO - Started process (PID=9309) to work on /opt/airflow/dags/trustpilot_dag.py
[2025-07-06T10:28:58.106+0000] {processor.py:830} INFO - Processing file /opt/airflow/dags/trustpilot_dag.py for tasks to queue
[2025-07-06T10:28:58.108+0000] {logging_mixin.py:188} INFO - [2025-07-06T10:28:58.108+0000] {dagbag.py:545} INFO - Filling up the DagBag from /opt/airflow/dags/trustpilot_dag.py
[2025-07-06T10:28:59.698+0000] {logging_mixin.py:188} INFO - 📁 Fichier .env chargé
[2025-07-06T10:28:59.698+0000] {logging_mixin.py:188} INFO - 👉 Mode scraping : prod
[2025-07-06T10:28:59.698+0000] {logging_mixin.py:188} INFO - 👉 Fichier d’entrée : data/verbatims_test.csv
[2025-07-06T10:28:59.705+0000] {processor.py:840} INFO - DAG(s) 'trustpilot_pipeline' retrieved from /opt/airflow/dags/trustpilot_dag.py
[2025-07-06T10:28:59.733+0000] {logging_mixin.py:188} INFO - [2025-07-06T10:28:59.733+0000] {dag.py:3096} INFO - Sync 1 DAGs
[2025-07-06T10:28:59.868+0000] {logging_mixin.py:188} INFO - [2025-07-06T10:28:59.868+0000] {dag.py:3954} INFO - Setting next_dagrun for trustpilot_pipeline to None, run_after=None
[2025-07-06T10:28:59.887+0000] {processor.py:183} INFO - Processing /opt/airflow/dags/trustpilot_dag.py took 1.791 seconds
[2025-07-06T10:29:30.016+0000] {processor.py:161} INFO - Started process (PID=9315) to work on /opt/airflow/dags/trustpilot_dag.py
[2025-07-06T10:29:30.017+0000] {processor.py:830} INFO - Processing file /opt/airflow/dags/trustpilot_dag.py for tasks to queue
[2025-07-06T10:29:30.019+0000] {logging_mixin.py:188} INFO - [2025-07-06T10:29:30.019+0000] {dagbag.py:545} INFO - Filling up the DagBag from /opt/airflow/dags/trustpilot_dag.py
[2025-07-06T10:29:31.602+0000] {logging_mixin.py:188} INFO - 📁 Fichier .env chargé
[2025-07-06T10:29:31.603+0000] {logging_mixin.py:188} INFO - 👉 Mode scraping : prod
[2025-07-06T10:29:31.603+0000] {logging_mixin.py:188} INFO - 👉 Fichier d’entrée : data/verbatims_test.csv
[2025-07-06T10:29:31.610+0000] {processor.py:840} INFO - DAG(s) 'trustpilot_pipeline' retrieved from /opt/airflow/dags/trustpilot_dag.py
[2025-07-06T10:29:31.758+0000] {logging_mixin.py:188} INFO - [2025-07-06T10:29:31.757+0000] {dag.py:3096} INFO - Sync 1 DAGs
[2025-07-06T10:29:31.773+0000] {logging_mixin.py:188} INFO - [2025-07-06T10:29:31.773+0000] {dag.py:3954} INFO - Setting next_dagrun for trustpilot_pipeline to None, run_after=None
[2025-07-06T10:29:31.792+0000] {processor.py:183} INFO - Processing /opt/airflow/dags/trustpilot_dag.py took 1.785 seconds
[2025-07-06T10:30:01.916+0000] {processor.py:161} INFO - Started process (PID=9321) to work on /opt/airflow/dags/trustpilot_dag.py
[2025-07-06T10:30:01.917+0000] {processor.py:830} INFO - Processing file /opt/airflow/dags/trustpilot_dag.py for tasks to queue
[2025-07-06T10:30:01.919+0000] {logging_mixin.py:188} INFO - [2025-07-06T10:30:01.918+0000] {dagbag.py:545} INFO - Filling up the DagBag from /opt/airflow/dags/trustpilot_dag.py
[2025-07-06T10:30:03.495+0000] {logging_mixin.py:188} INFO - 📁 Fichier .env chargé
[2025-07-06T10:30:03.495+0000] {logging_mixin.py:188} INFO - 👉 Mode scraping : prod
[2025-07-06T10:30:03.495+0000] {logging_mixin.py:188} INFO - 👉 Fichier d’entrée : data/verbatims_test.csv
[2025-07-06T10:30:03.504+0000] {processor.py:840} INFO - DAG(s) 'trustpilot_pipeline' retrieved from /opt/airflow/dags/trustpilot_dag.py
[2025-07-06T10:30:03.649+0000] {logging_mixin.py:188} INFO - [2025-07-06T10:30:03.648+0000] {dag.py:3096} INFO - Sync 1 DAGs
[2025-07-06T10:30:03.664+0000] {logging_mixin.py:188} INFO - [2025-07-06T10:30:03.664+0000] {dag.py:3954} INFO - Setting next_dagrun for trustpilot_pipeline to None, run_after=None
[2025-07-06T10:30:03.683+0000] {processor.py:183} INFO - Processing /opt/airflow/dags/trustpilot_dag.py took 1.777 seconds
[2025-07-06T10:30:33.800+0000] {processor.py:161} INFO - Started process (PID=9327) to work on /opt/airflow/dags/trustpilot_dag.py
[2025-07-06T10:30:33.801+0000] {processor.py:830} INFO - Processing file /opt/airflow/dags/trustpilot_dag.py for tasks to queue
[2025-07-06T10:30:33.803+0000] {logging_mixin.py:188} INFO - [2025-07-06T10:30:33.803+0000] {dagbag.py:545} INFO - Filling up the DagBag from /opt/airflow/dags/trustpilot_dag.py
[2025-07-06T10:30:35.495+0000] {logging_mixin.py:188} INFO - 📁 Fichier .env chargé
[2025-07-06T10:30:35.495+0000] {logging_mixin.py:188} INFO - 👉 Mode scraping : prod
[2025-07-06T10:30:35.496+0000] {logging_mixin.py:188} INFO - 👉 Fichier d’entrée : data/verbatims_test.csv
[2025-07-06T10:30:35.503+0000] {processor.py:840} INFO - DAG(s) 'trustpilot_pipeline' retrieved from /opt/airflow/dags/trustpilot_dag.py
[2025-07-06T10:30:35.531+0000] {logging_mixin.py:188} INFO - [2025-07-06T10:30:35.530+0000] {dag.py:3096} INFO - Sync 1 DAGs
[2025-07-06T10:30:35.546+0000] {logging_mixin.py:188} INFO - [2025-07-06T10:30:35.546+0000] {dag.py:3954} INFO - Setting next_dagrun for trustpilot_pipeline to None, run_after=None
[2025-07-06T10:30:35.565+0000] {processor.py:183} INFO - Processing /opt/airflow/dags/trustpilot_dag.py took 1.774 seconds
[2025-07-06T10:31:05.705+0000] {processor.py:161} INFO - Started process (PID=9333) to work on /opt/airflow/dags/trustpilot_dag.py
[2025-07-06T10:31:05.706+0000] {processor.py:830} INFO - Processing file /opt/airflow/dags/trustpilot_dag.py for tasks to queue
[2025-07-06T10:31:05.708+0000] {logging_mixin.py:188} INFO - [2025-07-06T10:31:05.708+0000] {dagbag.py:545} INFO - Filling up the DagBag from /opt/airflow/dags/trustpilot_dag.py
[2025-07-06T10:31:07.284+0000] {logging_mixin.py:188} INFO - 📁 Fichier .env chargé
[2025-07-06T10:31:07.285+0000] {logging_mixin.py:188} INFO - 👉 Mode scraping : prod
[2025-07-06T10:31:07.285+0000] {logging_mixin.py:188} INFO - 👉 Fichier d’entrée : data/verbatims_test.csv
[2025-07-06T10:31:07.292+0000] {processor.py:840} INFO - DAG(s) 'trustpilot_pipeline' retrieved from /opt/airflow/dags/trustpilot_dag.py
[2025-07-06T10:31:07.320+0000] {logging_mixin.py:188} INFO - [2025-07-06T10:31:07.320+0000] {dag.py:3096} INFO - Sync 1 DAGs
[2025-07-06T10:31:07.336+0000] {logging_mixin.py:188} INFO - [2025-07-06T10:31:07.336+0000] {dag.py:3954} INFO - Setting next_dagrun for trustpilot_pipeline to None, run_after=None
[2025-07-06T10:31:07.355+0000] {processor.py:183} INFO - Processing /opt/airflow/dags/trustpilot_dag.py took 1.659 seconds
[2025-07-06T10:31:37.474+0000] {processor.py:161} INFO - Started process (PID=9339) to work on /opt/airflow/dags/trustpilot_dag.py
[2025-07-06T10:31:37.475+0000] {processor.py:830} INFO - Processing file /opt/airflow/dags/trustpilot_dag.py for tasks to queue
[2025-07-06T10:31:37.477+0000] {logging_mixin.py:188} INFO - [2025-07-06T10:31:37.477+0000] {dagbag.py:545} INFO - Filling up the DagBag from /opt/airflow/dags/trustpilot_dag.py
[2025-07-06T10:31:39.060+0000] {logging_mixin.py:188} INFO - 📁 Fichier .env chargé
[2025-07-06T10:31:39.060+0000] {logging_mixin.py:188} INFO - 👉 Mode scraping : prod
[2025-07-06T10:31:39.061+0000] {logging_mixin.py:188} INFO - 👉 Fichier d’entrée : data/verbatims_test.csv
[2025-07-06T10:31:39.068+0000] {processor.py:840} INFO - DAG(s) 'trustpilot_pipeline' retrieved from /opt/airflow/dags/trustpilot_dag.py
[2025-07-06T10:31:39.096+0000] {logging_mixin.py:188} INFO - [2025-07-06T10:31:39.096+0000] {dag.py:3096} INFO - Sync 1 DAGs
[2025-07-06T10:31:39.114+0000] {logging_mixin.py:188} INFO - [2025-07-06T10:31:39.114+0000] {dag.py:3954} INFO - Setting next_dagrun for trustpilot_pipeline to None, run_after=None
[2025-07-06T10:31:39.250+0000] {processor.py:183} INFO - Processing /opt/airflow/dags/trustpilot_dag.py took 1.786 seconds
[2025-07-06T10:32:09.369+0000] {processor.py:161} INFO - Started process (PID=9345) to work on /opt/airflow/dags/trustpilot_dag.py
[2025-07-06T10:32:09.370+0000] {processor.py:830} INFO - Processing file /opt/airflow/dags/trustpilot_dag.py for tasks to queue
[2025-07-06T10:32:09.372+0000] {logging_mixin.py:188} INFO - [2025-07-06T10:32:09.372+0000] {dagbag.py:545} INFO - Filling up the DagBag from /opt/airflow/dags/trustpilot_dag.py
[2025-07-06T10:32:11.060+0000] {logging_mixin.py:188} INFO - 📁 Fichier .env chargé
[2025-07-06T10:32:11.060+0000] {logging_mixin.py:188} INFO - 👉 Mode scraping : prod
[2025-07-06T10:32:11.060+0000] {logging_mixin.py:188} INFO - 👉 Fichier d’entrée : data/verbatims_test.csv
[2025-07-06T10:32:11.067+0000] {processor.py:840} INFO - DAG(s) 'trustpilot_pipeline' retrieved from /opt/airflow/dags/trustpilot_dag.py
[2025-07-06T10:32:11.095+0000] {logging_mixin.py:188} INFO - [2025-07-06T10:32:11.095+0000] {dag.py:3096} INFO - Sync 1 DAGs
[2025-07-06T10:32:11.112+0000] {logging_mixin.py:188} INFO - [2025-07-06T10:32:11.112+0000] {dag.py:3954} INFO - Setting next_dagrun for trustpilot_pipeline to None, run_after=None
[2025-07-06T10:32:11.131+0000] {processor.py:183} INFO - Processing /opt/airflow/dags/trustpilot_dag.py took 1.771 seconds
[2025-07-06T10:32:41.241+0000] {processor.py:161} INFO - Started process (PID=9351) to work on /opt/airflow/dags/trustpilot_dag.py
[2025-07-06T10:32:41.242+0000] {processor.py:830} INFO - Processing file /opt/airflow/dags/trustpilot_dag.py for tasks to queue
[2025-07-06T10:32:41.244+0000] {logging_mixin.py:188} INFO - [2025-07-06T10:32:41.243+0000] {dagbag.py:545} INFO - Filling up the DagBag from /opt/airflow/dags/trustpilot_dag.py
[2025-07-06T10:32:42.819+0000] {logging_mixin.py:188} INFO - 📁 Fichier .env chargé
[2025-07-06T10:32:42.819+0000] {logging_mixin.py:188} INFO - 👉 Mode scraping : prod
[2025-07-06T10:32:42.820+0000] {logging_mixin.py:188} INFO - 👉 Fichier d’entrée : data/verbatims_test.csv
[2025-07-06T10:32:42.827+0000] {processor.py:840} INFO - DAG(s) 'trustpilot_pipeline' retrieved from /opt/airflow/dags/trustpilot_dag.py
[2025-07-06T10:32:42.973+0000] {logging_mixin.py:188} INFO - [2025-07-06T10:32:42.972+0000] {dag.py:3096} INFO - Sync 1 DAGs
[2025-07-06T10:32:42.988+0000] {logging_mixin.py:188} INFO - [2025-07-06T10:32:42.988+0000] {dag.py:3954} INFO - Setting next_dagrun for trustpilot_pipeline to None, run_after=None
[2025-07-06T10:32:43.007+0000] {processor.py:183} INFO - Processing /opt/airflow/dags/trustpilot_dag.py took 1.776 seconds
[2025-07-06T10:33:13.148+0000] {processor.py:161} INFO - Started process (PID=9357) to work on /opt/airflow/dags/trustpilot_dag.py
[2025-07-06T10:33:13.149+0000] {processor.py:830} INFO - Processing file /opt/airflow/dags/trustpilot_dag.py for tasks to queue
[2025-07-06T10:33:13.151+0000] {logging_mixin.py:188} INFO - [2025-07-06T10:33:13.151+0000] {dagbag.py:545} INFO - Filling up the DagBag from /opt/airflow/dags/trustpilot_dag.py
[2025-07-06T10:33:14.736+0000] {logging_mixin.py:188} INFO - 📁 Fichier .env chargé
[2025-07-06T10:33:14.736+0000] {logging_mixin.py:188} INFO - 👉 Mode scraping : prod
[2025-07-06T10:33:14.736+0000] {logging_mixin.py:188} INFO - 👉 Fichier d’entrée : data/verbatims_test.csv
[2025-07-06T10:33:14.859+0000] {processor.py:840} INFO - DAG(s) 'trustpilot_pipeline' retrieved from /opt/airflow/dags/trustpilot_dag.py
[2025-07-06T10:33:14.887+0000] {logging_mixin.py:188} INFO - [2025-07-06T10:33:14.886+0000] {dag.py:3096} INFO - Sync 1 DAGs
[2025-07-06T10:33:14.902+0000] {logging_mixin.py:188} INFO - [2025-07-06T10:33:14.902+0000] {dag.py:3954} INFO - Setting next_dagrun for trustpilot_pipeline to None, run_after=None
[2025-07-06T10:33:14.921+0000] {processor.py:183} INFO - Processing /opt/airflow/dags/trustpilot_dag.py took 1.782 seconds
[2025-07-06T10:33:45.049+0000] {processor.py:161} INFO - Started process (PID=9363) to work on /opt/airflow/dags/trustpilot_dag.py
[2025-07-06T10:33:45.050+0000] {processor.py:830} INFO - Processing file /opt/airflow/dags/trustpilot_dag.py for tasks to queue
[2025-07-06T10:33:45.052+0000] {logging_mixin.py:188} INFO - [2025-07-06T10:33:45.051+0000] {dagbag.py:545} INFO - Filling up the DagBag from /opt/airflow/dags/trustpilot_dag.py
[2025-07-06T10:33:46.631+0000] {logging_mixin.py:188} INFO - 📁 Fichier .env chargé
[2025-07-06T10:33:46.631+0000] {logging_mixin.py:188} INFO - 👉 Mode scraping : prod
[2025-07-06T10:33:46.631+0000] {logging_mixin.py:188} INFO - 👉 Fichier d’entrée : data/verbatims_test.csv
[2025-07-06T10:33:46.639+0000] {processor.py:840} INFO - DAG(s) 'trustpilot_pipeline' retrieved from /opt/airflow/dags/trustpilot_dag.py
[2025-07-06T10:33:46.666+0000] {logging_mixin.py:188} INFO - [2025-07-06T10:33:46.666+0000] {dag.py:3096} INFO - Sync 1 DAGs
[2025-07-06T10:33:46.682+0000] {logging_mixin.py:188} INFO - [2025-07-06T10:33:46.682+0000] {dag.py:3954} INFO - Setting next_dagrun for trustpilot_pipeline to None, run_after=None
[2025-07-06T10:33:46.701+0000] {processor.py:183} INFO - Processing /opt/airflow/dags/trustpilot_dag.py took 1.661 seconds
[2025-07-06T10:34:16.826+0000] {processor.py:161} INFO - Started process (PID=9369) to work on /opt/airflow/dags/trustpilot_dag.py
[2025-07-06T10:34:16.827+0000] {processor.py:830} INFO - Processing file /opt/airflow/dags/trustpilot_dag.py for tasks to queue
[2025-07-06T10:34:16.829+0000] {logging_mixin.py:188} INFO - [2025-07-06T10:34:16.829+0000] {dagbag.py:545} INFO - Filling up the DagBag from /opt/airflow/dags/trustpilot_dag.py
[2025-07-06T10:34:18.407+0000] {logging_mixin.py:188} INFO - 📁 Fichier .env chargé
[2025-07-06T10:34:18.407+0000] {logging_mixin.py:188} INFO - 👉 Mode scraping : prod
[2025-07-06T10:34:18.407+0000] {logging_mixin.py:188} INFO - 👉 Fichier d’entrée : data/verbatims_test.csv
[2025-07-06T10:34:18.414+0000] {processor.py:840} INFO - DAG(s) 'trustpilot_pipeline' retrieved from /opt/airflow/dags/trustpilot_dag.py
[2025-07-06T10:34:18.443+0000] {logging_mixin.py:188} INFO - [2025-07-06T10:34:18.442+0000] {dag.py:3096} INFO - Sync 1 DAGs
[2025-07-06T10:34:18.460+0000] {logging_mixin.py:188} INFO - [2025-07-06T10:34:18.459+0000] {dag.py:3954} INFO - Setting next_dagrun for trustpilot_pipeline to None, run_after=None
[2025-07-06T10:34:18.597+0000] {processor.py:183} INFO - Processing /opt/airflow/dags/trustpilot_dag.py took 1.780 seconds
[2025-07-06T10:34:48.709+0000] {processor.py:161} INFO - Started process (PID=9375) to work on /opt/airflow/dags/trustpilot_dag.py
[2025-07-06T10:34:48.710+0000] {processor.py:830} INFO - Processing file /opt/airflow/dags/trustpilot_dag.py for tasks to queue
[2025-07-06T10:34:48.712+0000] {logging_mixin.py:188} INFO - [2025-07-06T10:34:48.711+0000] {dagbag.py:545} INFO - Filling up the DagBag from /opt/airflow/dags/trustpilot_dag.py
[2025-07-06T10:34:50.398+0000] {logging_mixin.py:188} INFO - 📁 Fichier .env chargé
[2025-07-06T10:34:50.399+0000] {logging_mixin.py:188} INFO - 👉 Mode scraping : prod
[2025-07-06T10:34:50.399+0000] {logging_mixin.py:188} INFO - 👉 Fichier d’entrée : data/verbatims_test.csv
[2025-07-06T10:34:50.406+0000] {processor.py:840} INFO - DAG(s) 'trustpilot_pipeline' retrieved from /opt/airflow/dags/trustpilot_dag.py
[2025-07-06T10:34:50.435+0000] {logging_mixin.py:188} INFO - [2025-07-06T10:34:50.435+0000] {dag.py:3096} INFO - Sync 1 DAGs
[2025-07-06T10:34:50.451+0000] {logging_mixin.py:188} INFO - [2025-07-06T10:34:50.451+0000] {dag.py:3954} INFO - Setting next_dagrun for trustpilot_pipeline to None, run_after=None
[2025-07-06T10:34:50.470+0000] {processor.py:183} INFO - Processing /opt/airflow/dags/trustpilot_dag.py took 1.770 seconds
[2025-07-06T10:35:20.607+0000] {processor.py:161} INFO - Started process (PID=9381) to work on /opt/airflow/dags/trustpilot_dag.py
[2025-07-06T10:35:20.608+0000] {processor.py:830} INFO - Processing file /opt/airflow/dags/trustpilot_dag.py for tasks to queue
[2025-07-06T10:35:20.610+0000] {logging_mixin.py:188} INFO - [2025-07-06T10:35:20.609+0000] {dagbag.py:545} INFO - Filling up the DagBag from /opt/airflow/dags/trustpilot_dag.py
[2025-07-06T10:35:22.187+0000] {logging_mixin.py:188} INFO - 📁 Fichier .env chargé
[2025-07-06T10:35:22.188+0000] {logging_mixin.py:188} INFO - 👉 Mode scraping : prod
[2025-07-06T10:35:22.188+0000] {logging_mixin.py:188} INFO - 👉 Fichier d’entrée : data/verbatims_test.csv
[2025-07-06T10:35:22.195+0000] {processor.py:840} INFO - DAG(s) 'trustpilot_pipeline' retrieved from /opt/airflow/dags/trustpilot_dag.py
[2025-07-06T10:35:22.341+0000] {logging_mixin.py:188} INFO - [2025-07-06T10:35:22.340+0000] {dag.py:3096} INFO - Sync 1 DAGs
[2025-07-06T10:35:22.356+0000] {logging_mixin.py:188} INFO - [2025-07-06T10:35:22.356+0000] {dag.py:3954} INFO - Setting next_dagrun for trustpilot_pipeline to None, run_after=None
[2025-07-06T10:35:22.375+0000] {processor.py:183} INFO - Processing /opt/airflow/dags/trustpilot_dag.py took 1.778 seconds
[2025-07-06T10:35:52.504+0000] {processor.py:161} INFO - Started process (PID=9387) to work on /opt/airflow/dags/trustpilot_dag.py
[2025-07-06T10:35:52.505+0000] {processor.py:830} INFO - Processing file /opt/airflow/dags/trustpilot_dag.py for tasks to queue
[2025-07-06T10:35:52.507+0000] {logging_mixin.py:188} INFO - [2025-07-06T10:35:52.506+0000] {dagbag.py:545} INFO - Filling up the DagBag from /opt/airflow/dags/trustpilot_dag.py
[2025-07-06T10:35:54.085+0000] {logging_mixin.py:188} INFO - 📁 Fichier .env chargé
[2025-07-06T10:35:54.085+0000] {logging_mixin.py:188} INFO - 👉 Mode scraping : prod
[2025-07-06T10:35:54.085+0000] {logging_mixin.py:188} INFO - 👉 Fichier d’entrée : data/verbatims_test.csv
[2025-07-06T10:35:54.208+0000] {processor.py:840} INFO - DAG(s) 'trustpilot_pipeline' retrieved from /opt/airflow/dags/trustpilot_dag.py
[2025-07-06T10:35:54.236+0000] {logging_mixin.py:188} INFO - [2025-07-06T10:35:54.235+0000] {dag.py:3096} INFO - Sync 1 DAGs
[2025-07-06T10:35:54.252+0000] {logging_mixin.py:188} INFO - [2025-07-06T10:35:54.251+0000] {dag.py:3954} INFO - Setting next_dagrun for trustpilot_pipeline to None, run_after=None
[2025-07-06T10:35:54.270+0000] {processor.py:183} INFO - Processing /opt/airflow/dags/trustpilot_dag.py took 1.776 seconds
[2025-07-06T10:36:24.390+0000] {processor.py:161} INFO - Started process (PID=9393) to work on /opt/airflow/dags/trustpilot_dag.py
[2025-07-06T10:36:24.391+0000] {processor.py:830} INFO - Processing file /opt/airflow/dags/trustpilot_dag.py for tasks to queue
[2025-07-06T10:36:24.393+0000] {logging_mixin.py:188} INFO - [2025-07-06T10:36:24.392+0000] {dagbag.py:545} INFO - Filling up the DagBag from /opt/airflow/dags/trustpilot_dag.py
[2025-07-06T10:36:26.081+0000] {logging_mixin.py:188} INFO - 📁 Fichier .env chargé
[2025-07-06T10:36:26.081+0000] {logging_mixin.py:188} INFO - 👉 Mode scraping : prod
[2025-07-06T10:36:26.081+0000] {logging_mixin.py:188} INFO - 👉 Fichier d’entrée : data/verbatims_test.csv
[2025-07-06T10:36:26.088+0000] {processor.py:840} INFO - DAG(s) 'trustpilot_pipeline' retrieved from /opt/airflow/dags/trustpilot_dag.py
[2025-07-06T10:36:26.117+0000] {logging_mixin.py:188} INFO - [2025-07-06T10:36:26.117+0000] {dag.py:3096} INFO - Sync 1 DAGs
[2025-07-06T10:36:26.133+0000] {logging_mixin.py:188} INFO - [2025-07-06T10:36:26.132+0000] {dag.py:3954} INFO - Setting next_dagrun for trustpilot_pipeline to None, run_after=None
[2025-07-06T10:36:26.152+0000] {processor.py:183} INFO - Processing /opt/airflow/dags/trustpilot_dag.py took 1.771 seconds
[2025-07-06T10:36:56.270+0000] {processor.py:161} INFO - Started process (PID=9399) to work on /opt/airflow/dags/trustpilot_dag.py
[2025-07-06T10:36:56.271+0000] {processor.py:830} INFO - Processing file /opt/airflow/dags/trustpilot_dag.py for tasks to queue
[2025-07-06T10:36:56.274+0000] {logging_mixin.py:188} INFO - [2025-07-06T10:36:56.273+0000] {dagbag.py:545} INFO - Filling up the DagBag from /opt/airflow/dags/trustpilot_dag.py
[2025-07-06T10:36:57.872+0000] {logging_mixin.py:188} INFO - 📁 Fichier .env chargé
[2025-07-06T10:36:57.872+0000] {logging_mixin.py:188} INFO - 👉 Mode scraping : prod
[2025-07-06T10:36:57.872+0000] {logging_mixin.py:188} INFO - 👉 Fichier d’entrée : data/verbatims_test.csv
[2025-07-06T10:36:57.880+0000] {processor.py:840} INFO - DAG(s) 'trustpilot_pipeline' retrieved from /opt/airflow/dags/trustpilot_dag.py
[2025-07-06T10:36:57.909+0000] {logging_mixin.py:188} INFO - [2025-07-06T10:36:57.908+0000] {dag.py:3096} INFO - Sync 1 DAGs
[2025-07-06T10:36:57.925+0000] {logging_mixin.py:188} INFO - [2025-07-06T10:36:57.924+0000] {dag.py:3954} INFO - Setting next_dagrun for trustpilot_pipeline to None, run_after=None
[2025-07-06T10:36:57.945+0000] {processor.py:183} INFO - Processing /opt/airflow/dags/trustpilot_dag.py took 1.686 seconds
[2025-07-06T10:37:28.074+0000] {processor.py:161} INFO - Started process (PID=9405) to work on /opt/airflow/dags/trustpilot_dag.py
[2025-07-06T10:37:28.075+0000] {processor.py:830} INFO - Processing file /opt/airflow/dags/trustpilot_dag.py for tasks to queue
[2025-07-06T10:37:28.077+0000] {logging_mixin.py:188} INFO - [2025-07-06T10:37:28.076+0000] {dagbag.py:545} INFO - Filling up the DagBag from /opt/airflow/dags/trustpilot_dag.py
[2025-07-06T10:37:29.652+0000] {logging_mixin.py:188} INFO - 📁 Fichier .env chargé
[2025-07-06T10:37:29.653+0000] {logging_mixin.py:188} INFO - 👉 Mode scraping : prod
[2025-07-06T10:37:29.653+0000] {logging_mixin.py:188} INFO - 👉 Fichier d’entrée : data/verbatims_test.csv
[2025-07-06T10:37:29.660+0000] {processor.py:840} INFO - DAG(s) 'trustpilot_pipeline' retrieved from /opt/airflow/dags/trustpilot_dag.py
[2025-07-06T10:37:29.689+0000] {logging_mixin.py:188} INFO - [2025-07-06T10:37:29.688+0000] {dag.py:3096} INFO - Sync 1 DAGs
[2025-07-06T10:37:29.822+0000] {logging_mixin.py:188} INFO - [2025-07-06T10:37:29.822+0000] {dag.py:3954} INFO - Setting next_dagrun for trustpilot_pipeline to None, run_after=None
[2025-07-06T10:37:29.842+0000] {processor.py:183} INFO - Processing /opt/airflow/dags/trustpilot_dag.py took 1.777 seconds
[2025-07-06T10:37:59.968+0000] {processor.py:161} INFO - Started process (PID=9411) to work on /opt/airflow/dags/trustpilot_dag.py
[2025-07-06T10:37:59.969+0000] {processor.py:830} INFO - Processing file /opt/airflow/dags/trustpilot_dag.py for tasks to queue
[2025-07-06T10:37:59.971+0000] {logging_mixin.py:188} INFO - [2025-07-06T10:37:59.971+0000] {dagbag.py:545} INFO - Filling up the DagBag from /opt/airflow/dags/trustpilot_dag.py
[2025-07-06T10:38:01.660+0000] {logging_mixin.py:188} INFO - 📁 Fichier .env chargé
[2025-07-06T10:38:01.661+0000] {logging_mixin.py:188} INFO - 👉 Mode scraping : prod
[2025-07-06T10:38:01.661+0000] {logging_mixin.py:188} INFO - 👉 Fichier d’entrée : data/verbatims_test.csv
[2025-07-06T10:38:01.668+0000] {processor.py:840} INFO - DAG(s) 'trustpilot_pipeline' retrieved from /opt/airflow/dags/trustpilot_dag.py
[2025-07-06T10:38:01.697+0000] {logging_mixin.py:188} INFO - [2025-07-06T10:38:01.696+0000] {dag.py:3096} INFO - Sync 1 DAGs
[2025-07-06T10:38:01.714+0000] {logging_mixin.py:188} INFO - [2025-07-06T10:38:01.714+0000] {dag.py:3954} INFO - Setting next_dagrun for trustpilot_pipeline to None, run_after=None
[2025-07-06T10:38:01.733+0000] {processor.py:183} INFO - Processing /opt/airflow/dags/trustpilot_dag.py took 1.774 seconds
[2025-07-06T10:38:31.856+0000] {processor.py:161} INFO - Started process (PID=9417) to work on /opt/airflow/dags/trustpilot_dag.py
[2025-07-06T10:38:31.857+0000] {processor.py:830} INFO - Processing file /opt/airflow/dags/trustpilot_dag.py for tasks to queue
[2025-07-06T10:38:31.860+0000] {logging_mixin.py:188} INFO - [2025-07-06T10:38:31.859+0000] {dagbag.py:545} INFO - Filling up the DagBag from /opt/airflow/dags/trustpilot_dag.py
[2025-07-06T10:38:33.455+0000] {logging_mixin.py:188} INFO - 📁 Fichier .env chargé
[2025-07-06T10:38:33.455+0000] {logging_mixin.py:188} INFO - 👉 Mode scraping : prod
[2025-07-06T10:38:33.456+0000] {logging_mixin.py:188} INFO - 👉 Fichier d’entrée : data/verbatims_test.csv
[2025-07-06T10:38:33.464+0000] {processor.py:840} INFO - DAG(s) 'trustpilot_pipeline' retrieved from /opt/airflow/dags/trustpilot_dag.py
[2025-07-06T10:38:33.607+0000] {logging_mixin.py:188} INFO - [2025-07-06T10:38:33.606+0000] {dag.py:3096} INFO - Sync 1 DAGs
[2025-07-06T10:38:33.622+0000] {logging_mixin.py:188} INFO - [2025-07-06T10:38:33.622+0000] {dag.py:3954} INFO - Setting next_dagrun for trustpilot_pipeline to None, run_after=None
[2025-07-06T10:38:33.641+0000] {processor.py:183} INFO - Processing /opt/airflow/dags/trustpilot_dag.py took 1.797 seconds
[2025-07-06T10:39:03.763+0000] {processor.py:161} INFO - Started process (PID=9423) to work on /opt/airflow/dags/trustpilot_dag.py
[2025-07-06T10:39:03.764+0000] {processor.py:830} INFO - Processing file /opt/airflow/dags/trustpilot_dag.py for tasks to queue
[2025-07-06T10:39:03.766+0000] {logging_mixin.py:188} INFO - [2025-07-06T10:39:03.766+0000] {dagbag.py:545} INFO - Filling up the DagBag from /opt/airflow/dags/trustpilot_dag.py
[2025-07-06T10:39:05.467+0000] {logging_mixin.py:188} INFO - 📁 Fichier .env chargé
[2025-07-06T10:39:05.467+0000] {logging_mixin.py:188} INFO - 👉 Mode scraping : prod
[2025-07-06T10:39:05.467+0000] {logging_mixin.py:188} INFO - 👉 Fichier d’entrée : data/verbatims_test.csv
[2025-07-06T10:39:05.475+0000] {processor.py:840} INFO - DAG(s) 'trustpilot_pipeline' retrieved from /opt/airflow/dags/trustpilot_dag.py
[2025-07-06T10:39:05.502+0000] {logging_mixin.py:188} INFO - [2025-07-06T10:39:05.502+0000] {dag.py:3096} INFO - Sync 1 DAGs
[2025-07-06T10:39:05.518+0000] {logging_mixin.py:188} INFO - [2025-07-06T10:39:05.518+0000] {dag.py:3954} INFO - Setting next_dagrun for trustpilot_pipeline to None, run_after=None
[2025-07-06T10:39:05.540+0000] {processor.py:183} INFO - Processing /opt/airflow/dags/trustpilot_dag.py took 1.786 seconds
[2025-07-06T10:39:35.684+0000] {processor.py:161} INFO - Started process (PID=9429) to work on /opt/airflow/dags/trustpilot_dag.py
[2025-07-06T10:39:35.685+0000] {processor.py:830} INFO - Processing file /opt/airflow/dags/trustpilot_dag.py for tasks to queue
[2025-07-06T10:39:35.687+0000] {logging_mixin.py:188} INFO - [2025-07-06T10:39:35.687+0000] {dagbag.py:545} INFO - Filling up the DagBag from /opt/airflow/dags/trustpilot_dag.py
[2025-07-06T10:39:37.266+0000] {logging_mixin.py:188} INFO - 📁 Fichier .env chargé
[2025-07-06T10:39:37.267+0000] {logging_mixin.py:188} INFO - 👉 Mode scraping : prod
[2025-07-06T10:39:37.267+0000] {logging_mixin.py:188} INFO - 👉 Fichier d’entrée : data/verbatims_test.csv
[2025-07-06T10:39:37.274+0000] {processor.py:840} INFO - DAG(s) 'trustpilot_pipeline' retrieved from /opt/airflow/dags/trustpilot_dag.py
[2025-07-06T10:39:37.302+0000] {logging_mixin.py:188} INFO - [2025-07-06T10:39:37.301+0000] {dag.py:3096} INFO - Sync 1 DAGs
[2025-07-06T10:39:37.317+0000] {logging_mixin.py:188} INFO - [2025-07-06T10:39:37.317+0000] {dag.py:3954} INFO - Setting next_dagrun for trustpilot_pipeline to None, run_after=None
[2025-07-06T10:39:37.336+0000] {processor.py:183} INFO - Processing /opt/airflow/dags/trustpilot_dag.py took 1.661 seconds
[2025-07-06T10:40:07.462+0000] {processor.py:161} INFO - Started process (PID=9435) to work on /opt/airflow/dags/trustpilot_dag.py
[2025-07-06T10:40:07.463+0000] {processor.py:830} INFO - Processing file /opt/airflow/dags/trustpilot_dag.py for tasks to queue
[2025-07-06T10:40:07.465+0000] {logging_mixin.py:188} INFO - [2025-07-06T10:40:07.465+0000] {dagbag.py:545} INFO - Filling up the DagBag from /opt/airflow/dags/trustpilot_dag.py
[2025-07-06T10:40:09.045+0000] {logging_mixin.py:188} INFO - 📁 Fichier .env chargé
[2025-07-06T10:40:09.045+0000] {logging_mixin.py:188} INFO - 👉 Mode scraping : prod
[2025-07-06T10:40:09.046+0000] {logging_mixin.py:188} INFO - 👉 Fichier d’entrée : data/verbatims_test.csv
[2025-07-06T10:40:09.053+0000] {processor.py:840} INFO - DAG(s) 'trustpilot_pipeline' retrieved from /opt/airflow/dags/trustpilot_dag.py
[2025-07-06T10:40:09.082+0000] {logging_mixin.py:188} INFO - [2025-07-06T10:40:09.081+0000] {dag.py:3096} INFO - Sync 1 DAGs
[2025-07-06T10:40:09.099+0000] {logging_mixin.py:188} INFO - [2025-07-06T10:40:09.099+0000] {dag.py:3954} INFO - Setting next_dagrun for trustpilot_pipeline to None, run_after=None
[2025-07-06T10:40:09.235+0000] {processor.py:183} INFO - Processing /opt/airflow/dags/trustpilot_dag.py took 1.782 seconds
[2025-07-06T10:40:39.348+0000] {processor.py:161} INFO - Started process (PID=9441) to work on /opt/airflow/dags/trustpilot_dag.py
[2025-07-06T10:40:39.349+0000] {processor.py:830} INFO - Processing file /opt/airflow/dags/trustpilot_dag.py for tasks to queue
[2025-07-06T10:40:39.351+0000] {logging_mixin.py:188} INFO - [2025-07-06T10:40:39.351+0000] {dagbag.py:545} INFO - Filling up the DagBag from /opt/airflow/dags/trustpilot_dag.py
[2025-07-06T10:40:41.039+0000] {logging_mixin.py:188} INFO - 📁 Fichier .env chargé
[2025-07-06T10:40:41.040+0000] {logging_mixin.py:188} INFO - 👉 Mode scraping : prod
[2025-07-06T10:40:41.040+0000] {logging_mixin.py:188} INFO - 👉 Fichier d’entrée : data/verbatims_test.csv
[2025-07-06T10:40:41.047+0000] {processor.py:840} INFO - DAG(s) 'trustpilot_pipeline' retrieved from /opt/airflow/dags/trustpilot_dag.py
[2025-07-06T10:40:41.077+0000] {logging_mixin.py:188} INFO - [2025-07-06T10:40:41.076+0000] {dag.py:3096} INFO - Sync 1 DAGs
[2025-07-06T10:40:41.092+0000] {logging_mixin.py:188} INFO - [2025-07-06T10:40:41.092+0000] {dag.py:3954} INFO - Setting next_dagrun for trustpilot_pipeline to None, run_after=None
[2025-07-06T10:40:41.111+0000] {processor.py:183} INFO - Processing /opt/airflow/dags/trustpilot_dag.py took 1.772 seconds
[2025-07-06T10:41:11.226+0000] {processor.py:161} INFO - Started process (PID=9447) to work on /opt/airflow/dags/trustpilot_dag.py
[2025-07-06T10:41:11.227+0000] {processor.py:830} INFO - Processing file /opt/airflow/dags/trustpilot_dag.py for tasks to queue
[2025-07-06T10:41:11.230+0000] {logging_mixin.py:188} INFO - [2025-07-06T10:41:11.229+0000] {dagbag.py:545} INFO - Filling up the DagBag from /opt/airflow/dags/trustpilot_dag.py
[2025-07-06T10:41:12.828+0000] {logging_mixin.py:188} INFO - 📁 Fichier .env chargé
[2025-07-06T10:41:12.828+0000] {logging_mixin.py:188} INFO - 👉 Mode scraping : prod
[2025-07-06T10:41:12.829+0000] {logging_mixin.py:188} INFO - 👉 Fichier d’entrée : data/verbatims_test.csv
[2025-07-06T10:41:12.836+0000] {processor.py:840} INFO - DAG(s) 'trustpilot_pipeline' retrieved from /opt/airflow/dags/trustpilot_dag.py
[2025-07-06T10:41:12.982+0000] {logging_mixin.py:188} INFO - [2025-07-06T10:41:12.981+0000] {dag.py:3096} INFO - Sync 1 DAGs
[2025-07-06T10:41:12.998+0000] {logging_mixin.py:188} INFO - [2025-07-06T10:41:12.997+0000] {dag.py:3954} INFO - Setting next_dagrun for trustpilot_pipeline to None, run_after=None
[2025-07-06T10:41:13.016+0000] {processor.py:183} INFO - Processing /opt/airflow/dags/trustpilot_dag.py took 1.801 seconds
[2025-07-06T10:41:43.158+0000] {processor.py:161} INFO - Started process (PID=9453) to work on /opt/airflow/dags/trustpilot_dag.py
[2025-07-06T10:41:43.159+0000] {processor.py:830} INFO - Processing file /opt/airflow/dags/trustpilot_dag.py for tasks to queue
[2025-07-06T10:41:43.161+0000] {logging_mixin.py:188} INFO - [2025-07-06T10:41:43.161+0000] {dagbag.py:545} INFO - Filling up the DagBag from /opt/airflow/dags/trustpilot_dag.py
[2025-07-06T10:41:44.739+0000] {logging_mixin.py:188} INFO - 📁 Fichier .env chargé
[2025-07-06T10:41:44.740+0000] {logging_mixin.py:188} INFO - 👉 Mode scraping : prod
[2025-07-06T10:41:44.740+0000] {logging_mixin.py:188} INFO - 👉 Fichier d’entrée : data/verbatims_test.csv
[2025-07-06T10:41:44.862+0000] {processor.py:840} INFO - DAG(s) 'trustpilot_pipeline' retrieved from /opt/airflow/dags/trustpilot_dag.py
[2025-07-06T10:41:44.890+0000] {logging_mixin.py:188} INFO - [2025-07-06T10:41:44.889+0000] {dag.py:3096} INFO - Sync 1 DAGs
[2025-07-06T10:41:44.905+0000] {logging_mixin.py:188} INFO - [2025-07-06T10:41:44.905+0000] {dag.py:3954} INFO - Setting next_dagrun for trustpilot_pipeline to None, run_after=None
[2025-07-06T10:41:44.924+0000] {processor.py:183} INFO - Processing /opt/airflow/dags/trustpilot_dag.py took 1.775 seconds
[2025-07-06T10:42:15.050+0000] {processor.py:161} INFO - Started process (PID=9459) to work on /opt/airflow/dags/trustpilot_dag.py
[2025-07-06T10:42:15.051+0000] {processor.py:830} INFO - Processing file /opt/airflow/dags/trustpilot_dag.py for tasks to queue
[2025-07-06T10:42:15.053+0000] {logging_mixin.py:188} INFO - [2025-07-06T10:42:15.053+0000] {dagbag.py:545} INFO - Filling up the DagBag from /opt/airflow/dags/trustpilot_dag.py
[2025-07-06T10:42:16.748+0000] {logging_mixin.py:188} INFO - 📁 Fichier .env chargé
[2025-07-06T10:42:16.748+0000] {logging_mixin.py:188} INFO - 👉 Mode scraping : prod
[2025-07-06T10:42:16.748+0000] {logging_mixin.py:188} INFO - 👉 Fichier d’entrée : data/verbatims_test.csv
[2025-07-06T10:42:16.756+0000] {processor.py:840} INFO - DAG(s) 'trustpilot_pipeline' retrieved from /opt/airflow/dags/trustpilot_dag.py
[2025-07-06T10:42:16.783+0000] {logging_mixin.py:188} INFO - [2025-07-06T10:42:16.783+0000] {dag.py:3096} INFO - Sync 1 DAGs
[2025-07-06T10:42:16.799+0000] {logging_mixin.py:188} INFO - [2025-07-06T10:42:16.799+0000] {dag.py:3954} INFO - Setting next_dagrun for trustpilot_pipeline to None, run_after=None
[2025-07-06T10:42:16.818+0000] {processor.py:183} INFO - Processing /opt/airflow/dags/trustpilot_dag.py took 1.777 seconds
[2025-07-06T10:42:46.935+0000] {processor.py:161} INFO - Started process (PID=9465) to work on /opt/airflow/dags/trustpilot_dag.py
[2025-07-06T10:42:46.936+0000] {processor.py:830} INFO - Processing file /opt/airflow/dags/trustpilot_dag.py for tasks to queue
[2025-07-06T10:42:46.939+0000] {logging_mixin.py:188} INFO - [2025-07-06T10:42:46.938+0000] {dagbag.py:545} INFO - Filling up the DagBag from /opt/airflow/dags/trustpilot_dag.py
[2025-07-06T10:42:48.534+0000] {logging_mixin.py:188} INFO - 📁 Fichier .env chargé
[2025-07-06T10:42:48.535+0000] {logging_mixin.py:188} INFO - 👉 Mode scraping : prod
[2025-07-06T10:42:48.535+0000] {logging_mixin.py:188} INFO - 👉 Fichier d’entrée : data/verbatims_test.csv
[2025-07-06T10:42:48.542+0000] {processor.py:840} INFO - DAG(s) 'trustpilot_pipeline' retrieved from /opt/airflow/dags/trustpilot_dag.py
[2025-07-06T10:42:48.571+0000] {logging_mixin.py:188} INFO - [2025-07-06T10:42:48.570+0000] {dag.py:3096} INFO - Sync 1 DAGs
[2025-07-06T10:42:48.586+0000] {logging_mixin.py:188} INFO - [2025-07-06T10:42:48.586+0000] {dag.py:3954} INFO - Setting next_dagrun for trustpilot_pipeline to None, run_after=None
[2025-07-06T10:42:48.607+0000] {processor.py:183} INFO - Processing /opt/airflow/dags/trustpilot_dag.py took 1.683 seconds
[2025-07-06T10:43:18.724+0000] {processor.py:161} INFO - Started process (PID=9471) to work on /opt/airflow/dags/trustpilot_dag.py
[2025-07-06T10:43:18.725+0000] {processor.py:830} INFO - Processing file /opt/airflow/dags/trustpilot_dag.py for tasks to queue
[2025-07-06T10:43:18.727+0000] {logging_mixin.py:188} INFO - [2025-07-06T10:43:18.726+0000] {dagbag.py:545} INFO - Filling up the DagBag from /opt/airflow/dags/trustpilot_dag.py
[2025-07-06T10:43:20.415+0000] {logging_mixin.py:188} INFO - 📁 Fichier .env chargé
[2025-07-06T10:43:20.415+0000] {logging_mixin.py:188} INFO - 👉 Mode scraping : prod
[2025-07-06T10:43:20.415+0000] {logging_mixin.py:188} INFO - 👉 Fichier d’entrée : data/verbatims_test.csv
[2025-07-06T10:43:20.422+0000] {processor.py:840} INFO - DAG(s) 'trustpilot_pipeline' retrieved from /opt/airflow/dags/trustpilot_dag.py
[2025-07-06T10:43:20.452+0000] {logging_mixin.py:188} INFO - [2025-07-06T10:43:20.451+0000] {dag.py:3096} INFO - Sync 1 DAGs
[2025-07-06T10:43:20.468+0000] {logging_mixin.py:188} INFO - [2025-07-06T10:43:20.468+0000] {dag.py:3954} INFO - Setting next_dagrun for trustpilot_pipeline to None, run_after=None
[2025-07-06T10:43:20.487+0000] {processor.py:183} INFO - Processing /opt/airflow/dags/trustpilot_dag.py took 1.773 seconds
[2025-07-06T10:43:50.621+0000] {processor.py:161} INFO - Started process (PID=9477) to work on /opt/airflow/dags/trustpilot_dag.py
[2025-07-06T10:43:50.622+0000] {processor.py:830} INFO - Processing file /opt/airflow/dags/trustpilot_dag.py for tasks to queue
[2025-07-06T10:43:50.624+0000] {logging_mixin.py:188} INFO - [2025-07-06T10:43:50.623+0000] {dagbag.py:545} INFO - Filling up the DagBag from /opt/airflow/dags/trustpilot_dag.py
[2025-07-06T10:43:52.309+0000] {logging_mixin.py:188} INFO - 📁 Fichier .env chargé
[2025-07-06T10:43:52.309+0000] {logging_mixin.py:188} INFO - 👉 Mode scraping : prod
[2025-07-06T10:43:52.309+0000] {logging_mixin.py:188} INFO - 👉 Fichier d’entrée : data/verbatims_test.csv
[2025-07-06T10:43:52.317+0000] {processor.py:840} INFO - DAG(s) 'trustpilot_pipeline' retrieved from /opt/airflow/dags/trustpilot_dag.py
[2025-07-06T10:43:52.345+0000] {logging_mixin.py:188} INFO - [2025-07-06T10:43:52.345+0000] {dag.py:3096} INFO - Sync 1 DAGs
[2025-07-06T10:43:52.362+0000] {logging_mixin.py:188} INFO - [2025-07-06T10:43:52.362+0000] {dag.py:3954} INFO - Setting next_dagrun for trustpilot_pipeline to None, run_after=None
[2025-07-06T10:43:52.381+0000] {processor.py:183} INFO - Processing /opt/airflow/dags/trustpilot_dag.py took 1.769 seconds
[2025-07-06T10:44:22.513+0000] {processor.py:161} INFO - Started process (PID=9483) to work on /opt/airflow/dags/trustpilot_dag.py
[2025-07-06T10:44:22.514+0000] {processor.py:830} INFO - Processing file /opt/airflow/dags/trustpilot_dag.py for tasks to queue
[2025-07-06T10:44:22.517+0000] {logging_mixin.py:188} INFO - [2025-07-06T10:44:22.516+0000] {dagbag.py:545} INFO - Filling up the DagBag from /opt/airflow/dags/trustpilot_dag.py
[2025-07-06T10:44:24.118+0000] {logging_mixin.py:188} INFO - 📁 Fichier .env chargé
[2025-07-06T10:44:24.119+0000] {logging_mixin.py:188} INFO - 👉 Mode scraping : prod
[2025-07-06T10:44:24.119+0000] {logging_mixin.py:188} INFO - 👉 Fichier d’entrée : data/verbatims_test.csv
[2025-07-06T10:44:24.128+0000] {processor.py:840} INFO - DAG(s) 'trustpilot_pipeline' retrieved from /opt/airflow/dags/trustpilot_dag.py
[2025-07-06T10:44:24.270+0000] {logging_mixin.py:188} INFO - [2025-07-06T10:44:24.269+0000] {dag.py:3096} INFO - Sync 1 DAGs
[2025-07-06T10:44:24.286+0000] {logging_mixin.py:188} INFO - [2025-07-06T10:44:24.286+0000] {dag.py:3954} INFO - Setting next_dagrun for trustpilot_pipeline to None, run_after=None
[2025-07-06T10:44:24.305+0000] {processor.py:183} INFO - Processing /opt/airflow/dags/trustpilot_dag.py took 1.803 seconds
[2025-07-06T10:44:54.427+0000] {processor.py:161} INFO - Started process (PID=9489) to work on /opt/airflow/dags/trustpilot_dag.py
[2025-07-06T10:44:54.428+0000] {processor.py:830} INFO - Processing file /opt/airflow/dags/trustpilot_dag.py for tasks to queue
[2025-07-06T10:44:54.430+0000] {logging_mixin.py:188} INFO - [2025-07-06T10:44:54.430+0000] {dagbag.py:545} INFO - Filling up the DagBag from /opt/airflow/dags/trustpilot_dag.py
[2025-07-06T10:44:56.144+0000] {logging_mixin.py:188} INFO - 📁 Fichier .env chargé
[2025-07-06T10:44:56.145+0000] {logging_mixin.py:188} INFO - 👉 Mode scraping : prod
[2025-07-06T10:44:56.145+0000] {logging_mixin.py:188} INFO - 👉 Fichier d’entrée : data/verbatims_test.csv
[2025-07-06T10:44:56.152+0000] {processor.py:840} INFO - DAG(s) 'trustpilot_pipeline' retrieved from /opt/airflow/dags/trustpilot_dag.py
[2025-07-06T10:44:56.181+0000] {logging_mixin.py:188} INFO - [2025-07-06T10:44:56.180+0000] {dag.py:3096} INFO - Sync 1 DAGs
[2025-07-06T10:44:56.197+0000] {logging_mixin.py:188} INFO - [2025-07-06T10:44:56.196+0000] {dag.py:3954} INFO - Setting next_dagrun for trustpilot_pipeline to None, run_after=None
[2025-07-06T10:44:56.216+0000] {processor.py:183} INFO - Processing /opt/airflow/dags/trustpilot_dag.py took 1.800 seconds
[2025-07-06T10:45:26.334+0000] {processor.py:161} INFO - Started process (PID=9495) to work on /opt/airflow/dags/trustpilot_dag.py
[2025-07-06T10:45:26.335+0000] {processor.py:830} INFO - Processing file /opt/airflow/dags/trustpilot_dag.py for tasks to queue
[2025-07-06T10:45:26.337+0000] {logging_mixin.py:188} INFO - [2025-07-06T10:45:26.336+0000] {dagbag.py:545} INFO - Filling up the DagBag from /opt/airflow/dags/trustpilot_dag.py
[2025-07-06T10:45:28.028+0000] {logging_mixin.py:188} INFO - 📁 Fichier .env chargé
[2025-07-06T10:45:28.028+0000] {logging_mixin.py:188} INFO - 👉 Mode scraping : prod
[2025-07-06T10:45:28.028+0000] {logging_mixin.py:188} INFO - 👉 Fichier d’entrée : data/verbatims_test.csv
[2025-07-06T10:45:28.035+0000] {processor.py:840} INFO - DAG(s) 'trustpilot_pipeline' retrieved from /opt/airflow/dags/trustpilot_dag.py
[2025-07-06T10:45:28.063+0000] {logging_mixin.py:188} INFO - [2025-07-06T10:45:28.062+0000] {dag.py:3096} INFO - Sync 1 DAGs
[2025-07-06T10:45:28.079+0000] {logging_mixin.py:188} INFO - [2025-07-06T10:45:28.078+0000] {dag.py:3954} INFO - Setting next_dagrun for trustpilot_pipeline to None, run_after=None
[2025-07-06T10:45:28.097+0000] {processor.py:183} INFO - Processing /opt/airflow/dags/trustpilot_dag.py took 1.773 seconds
[2025-07-06T10:45:58.188+0000] {processor.py:161} INFO - Started process (PID=9501) to work on /opt/airflow/dags/trustpilot_dag.py
[2025-07-06T10:45:58.189+0000] {processor.py:830} INFO - Processing file /opt/airflow/dags/trustpilot_dag.py for tasks to queue
[2025-07-06T10:45:58.191+0000] {logging_mixin.py:188} INFO - [2025-07-06T10:45:58.191+0000] {dagbag.py:545} INFO - Filling up the DagBag from /opt/airflow/dags/trustpilot_dag.py
[2025-07-06T10:45:59.791+0000] {logging_mixin.py:188} INFO - 📁 Fichier .env chargé
[2025-07-06T10:45:59.791+0000] {logging_mixin.py:188} INFO - 👉 Mode scraping : prod
[2025-07-06T10:45:59.791+0000] {logging_mixin.py:188} INFO - 👉 Fichier d’entrée : data/verbatims_test.csv
[2025-07-06T10:45:59.799+0000] {processor.py:840} INFO - DAG(s) 'trustpilot_pipeline' retrieved from /opt/airflow/dags/trustpilot_dag.py
[2025-07-06T10:45:59.827+0000] {logging_mixin.py:188} INFO - [2025-07-06T10:45:59.827+0000] {dag.py:3096} INFO - Sync 1 DAGs
[2025-07-06T10:45:59.959+0000] {logging_mixin.py:188} INFO - [2025-07-06T10:45:59.959+0000] {dag.py:3954} INFO - Setting next_dagrun for trustpilot_pipeline to None, run_after=None
[2025-07-06T10:45:59.978+0000] {processor.py:183} INFO - Processing /opt/airflow/dags/trustpilot_dag.py took 1.801 seconds
[2025-07-06T10:46:30.119+0000] {processor.py:161} INFO - Started process (PID=9507) to work on /opt/airflow/dags/trustpilot_dag.py
[2025-07-06T10:46:30.120+0000] {processor.py:830} INFO - Processing file /opt/airflow/dags/trustpilot_dag.py for tasks to queue
[2025-07-06T10:46:30.123+0000] {logging_mixin.py:188} INFO - [2025-07-06T10:46:30.122+0000] {dagbag.py:545} INFO - Filling up the DagBag from /opt/airflow/dags/trustpilot_dag.py
[2025-07-06T10:46:31.832+0000] {logging_mixin.py:188} INFO - 📁 Fichier .env chargé
[2025-07-06T10:46:31.832+0000] {logging_mixin.py:188} INFO - 👉 Mode scraping : prod
[2025-07-06T10:46:31.833+0000] {logging_mixin.py:188} INFO - 👉 Fichier d’entrée : data/verbatims_test.csv
[2025-07-06T10:46:31.840+0000] {processor.py:840} INFO - DAG(s) 'trustpilot_pipeline' retrieved from /opt/airflow/dags/trustpilot_dag.py
[2025-07-06T10:46:31.869+0000] {logging_mixin.py:188} INFO - [2025-07-06T10:46:31.868+0000] {dag.py:3096} INFO - Sync 1 DAGs
[2025-07-06T10:46:31.886+0000] {logging_mixin.py:188} INFO - [2025-07-06T10:46:31.886+0000] {dag.py:3954} INFO - Setting next_dagrun for trustpilot_pipeline to None, run_after=None
[2025-07-06T10:46:31.905+0000] {processor.py:183} INFO - Processing /opt/airflow/dags/trustpilot_dag.py took 1.797 seconds
[2025-07-06T10:47:02.028+0000] {processor.py:161} INFO - Started process (PID=9513) to work on /opt/airflow/dags/trustpilot_dag.py
[2025-07-06T10:47:02.029+0000] {processor.py:830} INFO - Processing file /opt/airflow/dags/trustpilot_dag.py for tasks to queue
[2025-07-06T10:47:02.031+0000] {logging_mixin.py:188} INFO - [2025-07-06T10:47:02.031+0000] {dagbag.py:545} INFO - Filling up the DagBag from /opt/airflow/dags/trustpilot_dag.py
[2025-07-06T10:47:03.718+0000] {logging_mixin.py:188} INFO - 📁 Fichier .env chargé
[2025-07-06T10:47:03.718+0000] {logging_mixin.py:188} INFO - 👉 Mode scraping : prod
[2025-07-06T10:47:03.718+0000] {logging_mixin.py:188} INFO - 👉 Fichier d’entrée : data/verbatims_test.csv
[2025-07-06T10:47:03.725+0000] {processor.py:840} INFO - DAG(s) 'trustpilot_pipeline' retrieved from /opt/airflow/dags/trustpilot_dag.py
[2025-07-06T10:47:03.755+0000] {logging_mixin.py:188} INFO - [2025-07-06T10:47:03.755+0000] {dag.py:3096} INFO - Sync 1 DAGs
[2025-07-06T10:47:03.771+0000] {logging_mixin.py:188} INFO - [2025-07-06T10:47:03.771+0000] {dag.py:3954} INFO - Setting next_dagrun for trustpilot_pipeline to None, run_after=None
[2025-07-06T10:47:03.790+0000] {processor.py:183} INFO - Processing /opt/airflow/dags/trustpilot_dag.py took 1.771 seconds
[2025-07-06T10:47:33.911+0000] {processor.py:161} INFO - Started process (PID=9519) to work on /opt/airflow/dags/trustpilot_dag.py
[2025-07-06T10:47:33.912+0000] {processor.py:830} INFO - Processing file /opt/airflow/dags/trustpilot_dag.py for tasks to queue
[2025-07-06T10:47:33.914+0000] {logging_mixin.py:188} INFO - [2025-07-06T10:47:33.913+0000] {dagbag.py:545} INFO - Filling up the DagBag from /opt/airflow/dags/trustpilot_dag.py
[2025-07-06T10:47:35.502+0000] {logging_mixin.py:188} INFO - 📁 Fichier .env chargé
[2025-07-06T10:47:35.503+0000] {logging_mixin.py:188} INFO - 👉 Mode scraping : prod
[2025-07-06T10:47:35.503+0000] {logging_mixin.py:188} INFO - 👉 Fichier d’entrée : data/verbatims_test.csv
[2025-07-06T10:47:35.626+0000] {processor.py:840} INFO - DAG(s) 'trustpilot_pipeline' retrieved from /opt/airflow/dags/trustpilot_dag.py
[2025-07-06T10:47:35.655+0000] {logging_mixin.py:188} INFO - [2025-07-06T10:47:35.655+0000] {dag.py:3096} INFO - Sync 1 DAGs
[2025-07-06T10:47:35.671+0000] {logging_mixin.py:188} INFO - [2025-07-06T10:47:35.670+0000] {dag.py:3954} INFO - Setting next_dagrun for trustpilot_pipeline to None, run_after=None
[2025-07-06T10:47:35.689+0000] {processor.py:183} INFO - Processing /opt/airflow/dags/trustpilot_dag.py took 1.788 seconds
[2025-07-06T10:48:05.810+0000] {processor.py:161} INFO - Started process (PID=9525) to work on /opt/airflow/dags/trustpilot_dag.py
[2025-07-06T10:48:05.811+0000] {processor.py:830} INFO - Processing file /opt/airflow/dags/trustpilot_dag.py for tasks to queue
[2025-07-06T10:48:05.813+0000] {logging_mixin.py:188} INFO - [2025-07-06T10:48:05.813+0000] {dagbag.py:545} INFO - Filling up the DagBag from /opt/airflow/dags/trustpilot_dag.py
[2025-07-06T10:48:07.500+0000] {logging_mixin.py:188} INFO - 📁 Fichier .env chargé
[2025-07-06T10:48:07.500+0000] {logging_mixin.py:188} INFO - 👉 Mode scraping : prod
[2025-07-06T10:48:07.501+0000] {logging_mixin.py:188} INFO - 👉 Fichier d’entrée : data/verbatims_test.csv
[2025-07-06T10:48:07.508+0000] {processor.py:840} INFO - DAG(s) 'trustpilot_pipeline' retrieved from /opt/airflow/dags/trustpilot_dag.py
[2025-07-06T10:48:07.535+0000] {logging_mixin.py:188} INFO - [2025-07-06T10:48:07.535+0000] {dag.py:3096} INFO - Sync 1 DAGs
[2025-07-06T10:48:07.551+0000] {logging_mixin.py:188} INFO - [2025-07-06T10:48:07.551+0000] {dag.py:3954} INFO - Setting next_dagrun for trustpilot_pipeline to None, run_after=None
[2025-07-06T10:48:07.570+0000] {processor.py:183} INFO - Processing /opt/airflow/dags/trustpilot_dag.py took 1.769 seconds
[2025-07-06T10:48:37.674+0000] {processor.py:161} INFO - Started process (PID=9531) to work on /opt/airflow/dags/trustpilot_dag.py
[2025-07-06T10:48:37.675+0000] {processor.py:830} INFO - Processing file /opt/airflow/dags/trustpilot_dag.py for tasks to queue
[2025-07-06T10:48:37.677+0000] {logging_mixin.py:188} INFO - [2025-07-06T10:48:37.677+0000] {dagbag.py:545} INFO - Filling up the DagBag from /opt/airflow/dags/trustpilot_dag.py
[2025-07-06T10:48:39.264+0000] {logging_mixin.py:188} INFO - 📁 Fichier .env chargé
[2025-07-06T10:48:39.265+0000] {logging_mixin.py:188} INFO - 👉 Mode scraping : prod
[2025-07-06T10:48:39.265+0000] {logging_mixin.py:188} INFO - 👉 Fichier d’entrée : data/verbatims_test.csv
[2025-07-06T10:48:39.272+0000] {processor.py:840} INFO - DAG(s) 'trustpilot_pipeline' retrieved from /opt/airflow/dags/trustpilot_dag.py
[2025-07-06T10:48:39.301+0000] {logging_mixin.py:188} INFO - [2025-07-06T10:48:39.300+0000] {dag.py:3096} INFO - Sync 1 DAGs
[2025-07-06T10:48:39.318+0000] {logging_mixin.py:188} INFO - [2025-07-06T10:48:39.318+0000] {dag.py:3954} INFO - Setting next_dagrun for trustpilot_pipeline to None, run_after=None
[2025-07-06T10:48:39.452+0000] {processor.py:183} INFO - Processing /opt/airflow/dags/trustpilot_dag.py took 1.787 seconds
[2025-07-06T10:49:09.589+0000] {processor.py:161} INFO - Started process (PID=9537) to work on /opt/airflow/dags/trustpilot_dag.py
[2025-07-06T10:49:09.590+0000] {processor.py:830} INFO - Processing file /opt/airflow/dags/trustpilot_dag.py for tasks to queue
[2025-07-06T10:49:09.592+0000] {logging_mixin.py:188} INFO - [2025-07-06T10:49:09.591+0000] {dagbag.py:545} INFO - Filling up the DagBag from /opt/airflow/dags/trustpilot_dag.py
[2025-07-06T10:49:11.276+0000] {logging_mixin.py:188} INFO - 📁 Fichier .env chargé
[2025-07-06T10:49:11.276+0000] {logging_mixin.py:188} INFO - 👉 Mode scraping : prod
[2025-07-06T10:49:11.276+0000] {logging_mixin.py:188} INFO - 👉 Fichier d’entrée : data/verbatims_test.csv
[2025-07-06T10:49:11.283+0000] {processor.py:840} INFO - DAG(s) 'trustpilot_pipeline' retrieved from /opt/airflow/dags/trustpilot_dag.py
[2025-07-06T10:49:11.314+0000] {logging_mixin.py:188} INFO - [2025-07-06T10:49:11.313+0000] {dag.py:3096} INFO - Sync 1 DAGs
[2025-07-06T10:49:11.329+0000] {logging_mixin.py:188} INFO - [2025-07-06T10:49:11.329+0000] {dag.py:3954} INFO - Setting next_dagrun for trustpilot_pipeline to None, run_after=None
[2025-07-06T10:49:11.348+0000] {processor.py:183} INFO - Processing /opt/airflow/dags/trustpilot_dag.py took 1.768 seconds
[2025-07-06T10:49:41.474+0000] {processor.py:161} INFO - Started process (PID=9543) to work on /opt/airflow/dags/trustpilot_dag.py
[2025-07-06T10:49:41.475+0000] {processor.py:830} INFO - Processing file /opt/airflow/dags/trustpilot_dag.py for tasks to queue
[2025-07-06T10:49:41.477+0000] {logging_mixin.py:188} INFO - [2025-07-06T10:49:41.477+0000] {dagbag.py:545} INFO - Filling up the DagBag from /opt/airflow/dags/trustpilot_dag.py
[2025-07-06T10:49:43.168+0000] {logging_mixin.py:188} INFO - 📁 Fichier .env chargé
[2025-07-06T10:49:43.168+0000] {logging_mixin.py:188} INFO - 👉 Mode scraping : prod
[2025-07-06T10:49:43.169+0000] {logging_mixin.py:188} INFO - 👉 Fichier d’entrée : data/verbatims_test.csv
[2025-07-06T10:49:43.176+0000] {processor.py:840} INFO - DAG(s) 'trustpilot_pipeline' retrieved from /opt/airflow/dags/trustpilot_dag.py
[2025-07-06T10:49:43.203+0000] {logging_mixin.py:188} INFO - [2025-07-06T10:49:43.203+0000] {dag.py:3096} INFO - Sync 1 DAGs
[2025-07-06T10:49:43.220+0000] {logging_mixin.py:188} INFO - [2025-07-06T10:49:43.220+0000] {dag.py:3954} INFO - Setting next_dagrun for trustpilot_pipeline to None, run_after=None
[2025-07-06T10:49:43.239+0000] {processor.py:183} INFO - Processing /opt/airflow/dags/trustpilot_dag.py took 1.775 seconds
[2025-07-06T10:50:13.355+0000] {processor.py:161} INFO - Started process (PID=9549) to work on /opt/airflow/dags/trustpilot_dag.py
[2025-07-06T10:50:13.356+0000] {processor.py:830} INFO - Processing file /opt/airflow/dags/trustpilot_dag.py for tasks to queue
[2025-07-06T10:50:13.359+0000] {logging_mixin.py:188} INFO - [2025-07-06T10:50:13.358+0000] {dagbag.py:545} INFO - Filling up the DagBag from /opt/airflow/dags/trustpilot_dag.py
[2025-07-06T10:50:14.962+0000] {logging_mixin.py:188} INFO - 📁 Fichier .env chargé
[2025-07-06T10:50:14.962+0000] {logging_mixin.py:188} INFO - 👉 Mode scraping : prod
[2025-07-06T10:50:14.962+0000] {logging_mixin.py:188} INFO - 👉 Fichier d’entrée : data/verbatims_test.csv
[2025-07-06T10:50:15.083+0000] {processor.py:840} INFO - DAG(s) 'trustpilot_pipeline' retrieved from /opt/airflow/dags/trustpilot_dag.py
[2025-07-06T10:50:15.112+0000] {logging_mixin.py:188} INFO - [2025-07-06T10:50:15.111+0000] {dag.py:3096} INFO - Sync 1 DAGs
[2025-07-06T10:50:15.128+0000] {logging_mixin.py:188} INFO - [2025-07-06T10:50:15.127+0000] {dag.py:3954} INFO - Setting next_dagrun for trustpilot_pipeline to None, run_after=None
[2025-07-06T10:50:15.146+0000] {processor.py:183} INFO - Processing /opt/airflow/dags/trustpilot_dag.py took 1.803 seconds
[2025-07-06T10:50:45.262+0000] {processor.py:161} INFO - Started process (PID=9555) to work on /opt/airflow/dags/trustpilot_dag.py
[2025-07-06T10:50:45.263+0000] {processor.py:830} INFO - Processing file /opt/airflow/dags/trustpilot_dag.py for tasks to queue
[2025-07-06T10:50:45.265+0000] {logging_mixin.py:188} INFO - [2025-07-06T10:50:45.264+0000] {dagbag.py:545} INFO - Filling up the DagBag from /opt/airflow/dags/trustpilot_dag.py
[2025-07-06T10:50:46.953+0000] {logging_mixin.py:188} INFO - 📁 Fichier .env chargé
[2025-07-06T10:50:46.953+0000] {logging_mixin.py:188} INFO - 👉 Mode scraping : prod
[2025-07-06T10:50:46.953+0000] {logging_mixin.py:188} INFO - 👉 Fichier d’entrée : data/verbatims_test.csv
[2025-07-06T10:50:46.961+0000] {processor.py:840} INFO - DAG(s) 'trustpilot_pipeline' retrieved from /opt/airflow/dags/trustpilot_dag.py
[2025-07-06T10:50:46.989+0000] {logging_mixin.py:188} INFO - [2025-07-06T10:50:46.988+0000] {dag.py:3096} INFO - Sync 1 DAGs
[2025-07-06T10:50:47.005+0000] {logging_mixin.py:188} INFO - [2025-07-06T10:50:47.004+0000] {dag.py:3954} INFO - Setting next_dagrun for trustpilot_pipeline to None, run_after=None
[2025-07-06T10:50:47.023+0000] {processor.py:183} INFO - Processing /opt/airflow/dags/trustpilot_dag.py took 1.770 seconds
[2025-07-06T10:51:17.147+0000] {processor.py:161} INFO - Started process (PID=9561) to work on /opt/airflow/dags/trustpilot_dag.py
[2025-07-06T10:51:17.149+0000] {processor.py:830} INFO - Processing file /opt/airflow/dags/trustpilot_dag.py for tasks to queue
[2025-07-06T10:51:17.151+0000] {logging_mixin.py:188} INFO - [2025-07-06T10:51:17.151+0000] {dagbag.py:545} INFO - Filling up the DagBag from /opt/airflow/dags/trustpilot_dag.py
[2025-07-06T10:51:18.313+0000] {logging_mixin.py:188} INFO - 📁 Fichier .env chargé
[2025-07-06T10:51:18.313+0000] {logging_mixin.py:188} INFO - 👉 Mode scraping : prod
[2025-07-06T10:51:18.313+0000] {logging_mixin.py:188} INFO - 👉 Fichier d’entrée : data/verbatims_test.csv
[2025-07-06T10:51:18.317+0000] {processor.py:840} INFO - DAG(s) 'trustpilot_pipeline' retrieved from /opt/airflow/dags/trustpilot_dag.py
[2025-07-06T10:51:18.336+0000] {logging_mixin.py:188} INFO - [2025-07-06T10:51:18.335+0000] {dag.py:3096} INFO - Sync 1 DAGs
[2025-07-06T10:51:18.345+0000] {logging_mixin.py:188} INFO - [2025-07-06T10:51:18.345+0000] {dag.py:3954} INFO - Setting next_dagrun for trustpilot_pipeline to None, run_after=None
[2025-07-06T10:51:18.359+0000] {processor.py:183} INFO - Processing /opt/airflow/dags/trustpilot_dag.py took 1.223 seconds
[2025-07-06T10:51:48.479+0000] {processor.py:161} INFO - Started process (PID=9567) to work on /opt/airflow/dags/trustpilot_dag.py
[2025-07-06T10:51:48.480+0000] {processor.py:830} INFO - Processing file /opt/airflow/dags/trustpilot_dag.py for tasks to queue
[2025-07-06T10:51:48.482+0000] {logging_mixin.py:188} INFO - [2025-07-06T10:51:48.481+0000] {dagbag.py:545} INFO - Filling up the DagBag from /opt/airflow/dags/trustpilot_dag.py
[2025-07-06T10:51:50.064+0000] {logging_mixin.py:188} INFO - 📁 Fichier .env chargé
[2025-07-06T10:51:50.064+0000] {logging_mixin.py:188} INFO - 👉 Mode scraping : prod
[2025-07-06T10:51:50.064+0000] {logging_mixin.py:188} INFO - 👉 Fichier d’entrée : data/verbatims_test.csv
[2025-07-06T10:51:50.071+0000] {processor.py:840} INFO - DAG(s) 'trustpilot_pipeline' retrieved from /opt/airflow/dags/trustpilot_dag.py
[2025-07-06T10:51:50.099+0000] {logging_mixin.py:188} INFO - [2025-07-06T10:51:50.099+0000] {dag.py:3096} INFO - Sync 1 DAGs
[2025-07-06T10:51:50.233+0000] {logging_mixin.py:188} INFO - [2025-07-06T10:51:50.233+0000] {dag.py:3954} INFO - Setting next_dagrun for trustpilot_pipeline to None, run_after=None
[2025-07-06T10:51:50.252+0000] {processor.py:183} INFO - Processing /opt/airflow/dags/trustpilot_dag.py took 1.783 seconds
[2025-07-06T10:52:20.349+0000] {processor.py:161} INFO - Started process (PID=9573) to work on /opt/airflow/dags/trustpilot_dag.py
[2025-07-06T10:52:20.350+0000] {processor.py:830} INFO - Processing file /opt/airflow/dags/trustpilot_dag.py for tasks to queue
[2025-07-06T10:52:20.352+0000] {logging_mixin.py:188} INFO - [2025-07-06T10:52:20.352+0000] {dagbag.py:545} INFO - Filling up the DagBag from /opt/airflow/dags/trustpilot_dag.py
[2025-07-06T10:52:22.040+0000] {logging_mixin.py:188} INFO - 📁 Fichier .env chargé
[2025-07-06T10:52:22.040+0000] {logging_mixin.py:188} INFO - 👉 Mode scraping : prod
[2025-07-06T10:52:22.040+0000] {logging_mixin.py:188} INFO - 👉 Fichier d’entrée : data/verbatims_test.csv
[2025-07-06T10:52:22.047+0000] {processor.py:840} INFO - DAG(s) 'trustpilot_pipeline' retrieved from /opt/airflow/dags/trustpilot_dag.py
[2025-07-06T10:52:22.075+0000] {logging_mixin.py:188} INFO - [2025-07-06T10:52:22.075+0000] {dag.py:3096} INFO - Sync 1 DAGs
[2025-07-06T10:52:22.092+0000] {logging_mixin.py:188} INFO - [2025-07-06T10:52:22.092+0000] {dag.py:3954} INFO - Setting next_dagrun for trustpilot_pipeline to None, run_after=None
[2025-07-06T10:52:22.111+0000] {processor.py:183} INFO - Processing /opt/airflow/dags/trustpilot_dag.py took 1.771 seconds
[2025-07-06T10:52:52.247+0000] {processor.py:161} INFO - Started process (PID=9579) to work on /opt/airflow/dags/trustpilot_dag.py
[2025-07-06T10:52:52.248+0000] {processor.py:830} INFO - Processing file /opt/airflow/dags/trustpilot_dag.py for tasks to queue
[2025-07-06T10:52:52.250+0000] {logging_mixin.py:188} INFO - [2025-07-06T10:52:52.250+0000] {dagbag.py:545} INFO - Filling up the DagBag from /opt/airflow/dags/trustpilot_dag.py
[2025-07-06T10:52:53.936+0000] {logging_mixin.py:188} INFO - 📁 Fichier .env chargé
[2025-07-06T10:52:53.936+0000] {logging_mixin.py:188} INFO - 👉 Mode scraping : prod
[2025-07-06T10:52:53.936+0000] {logging_mixin.py:188} INFO - 👉 Fichier d’entrée : data/verbatims_test.csv
[2025-07-06T10:52:53.943+0000] {processor.py:840} INFO - DAG(s) 'trustpilot_pipeline' retrieved from /opt/airflow/dags/trustpilot_dag.py
[2025-07-06T10:52:53.973+0000] {logging_mixin.py:188} INFO - [2025-07-06T10:52:53.973+0000] {dag.py:3096} INFO - Sync 1 DAGs
[2025-07-06T10:52:53.989+0000] {logging_mixin.py:188} INFO - [2025-07-06T10:52:53.989+0000] {dag.py:3954} INFO - Setting next_dagrun for trustpilot_pipeline to None, run_after=None
[2025-07-06T10:52:54.008+0000] {processor.py:183} INFO - Processing /opt/airflow/dags/trustpilot_dag.py took 1.770 seconds
[2025-07-06T10:53:24.148+0000] {processor.py:161} INFO - Started process (PID=9585) to work on /opt/airflow/dags/trustpilot_dag.py
[2025-07-06T10:53:24.149+0000] {processor.py:830} INFO - Processing file /opt/airflow/dags/trustpilot_dag.py for tasks to queue
[2025-07-06T10:53:24.152+0000] {logging_mixin.py:188} INFO - [2025-07-06T10:53:24.151+0000] {dagbag.py:545} INFO - Filling up the DagBag from /opt/airflow/dags/trustpilot_dag.py
[2025-07-06T10:53:25.863+0000] {logging_mixin.py:188} INFO - 📁 Fichier .env chargé
[2025-07-06T10:53:25.863+0000] {logging_mixin.py:188} INFO - 👉 Mode scraping : prod
[2025-07-06T10:53:25.863+0000] {logging_mixin.py:188} INFO - 👉 Fichier d’entrée : data/verbatims_test.csv
[2025-07-06T10:53:25.871+0000] {processor.py:840} INFO - DAG(s) 'trustpilot_pipeline' retrieved from /opt/airflow/dags/trustpilot_dag.py
[2025-07-06T10:53:25.900+0000] {logging_mixin.py:188} INFO - [2025-07-06T10:53:25.899+0000] {dag.py:3096} INFO - Sync 1 DAGs
[2025-07-06T10:53:25.915+0000] {logging_mixin.py:188} INFO - [2025-07-06T10:53:25.915+0000] {dag.py:3954} INFO - Setting next_dagrun for trustpilot_pipeline to None, run_after=None
[2025-07-06T10:53:25.934+0000] {processor.py:183} INFO - Processing /opt/airflow/dags/trustpilot_dag.py took 1.797 seconds
[2025-07-06T10:53:56.055+0000] {processor.py:161} INFO - Started process (PID=9591) to work on /opt/airflow/dags/trustpilot_dag.py
[2025-07-06T10:53:56.056+0000] {processor.py:830} INFO - Processing file /opt/airflow/dags/trustpilot_dag.py for tasks to queue
[2025-07-06T10:53:56.058+0000] {logging_mixin.py:188} INFO - [2025-07-06T10:53:56.057+0000] {dagbag.py:545} INFO - Filling up the DagBag from /opt/airflow/dags/trustpilot_dag.py
[2025-07-06T10:53:57.745+0000] {logging_mixin.py:188} INFO - 📁 Fichier .env chargé
[2025-07-06T10:53:57.745+0000] {logging_mixin.py:188} INFO - 👉 Mode scraping : prod
[2025-07-06T10:53:57.745+0000] {logging_mixin.py:188} INFO - 👉 Fichier d’entrée : data/verbatims_test.csv
[2025-07-06T10:53:57.752+0000] {processor.py:840} INFO - DAG(s) 'trustpilot_pipeline' retrieved from /opt/airflow/dags/trustpilot_dag.py
[2025-07-06T10:53:57.780+0000] {logging_mixin.py:188} INFO - [2025-07-06T10:53:57.780+0000] {dag.py:3096} INFO - Sync 1 DAGs
[2025-07-06T10:53:57.796+0000] {logging_mixin.py:188} INFO - [2025-07-06T10:53:57.795+0000] {dag.py:3954} INFO - Setting next_dagrun for trustpilot_pipeline to None, run_after=None
[2025-07-06T10:53:57.817+0000] {processor.py:183} INFO - Processing /opt/airflow/dags/trustpilot_dag.py took 1.772 seconds
[2025-07-06T10:54:27.929+0000] {processor.py:161} INFO - Started process (PID=9597) to work on /opt/airflow/dags/trustpilot_dag.py
[2025-07-06T10:54:27.930+0000] {processor.py:830} INFO - Processing file /opt/airflow/dags/trustpilot_dag.py for tasks to queue
[2025-07-06T10:54:27.932+0000] {logging_mixin.py:188} INFO - [2025-07-06T10:54:27.932+0000] {dagbag.py:545} INFO - Filling up the DagBag from /opt/airflow/dags/trustpilot_dag.py
[2025-07-06T10:54:29.288+0000] {logging_mixin.py:188} INFO - 📁 Fichier .env chargé
[2025-07-06T10:54:29.288+0000] {logging_mixin.py:188} INFO - 👉 Mode scraping : prod
[2025-07-06T10:54:29.288+0000] {logging_mixin.py:188} INFO - 👉 Fichier d’entrée : data/verbatims_test.csv
[2025-07-06T10:54:29.293+0000] {processor.py:840} INFO - DAG(s) 'trustpilot_pipeline' retrieved from /opt/airflow/dags/trustpilot_dag.py
[2025-07-06T10:54:29.320+0000] {logging_mixin.py:188} INFO - [2025-07-06T10:54:29.319+0000] {dag.py:3096} INFO - Sync 1 DAGs
[2025-07-06T10:54:29.419+0000] {logging_mixin.py:188} INFO - [2025-07-06T10:54:29.419+0000] {dag.py:3954} INFO - Setting next_dagrun for trustpilot_pipeline to None, run_after=None
[2025-07-06T10:54:29.434+0000] {processor.py:183} INFO - Processing /opt/airflow/dags/trustpilot_dag.py took 1.514 seconds
[2025-07-06T10:54:59.558+0000] {processor.py:161} INFO - Started process (PID=9603) to work on /opt/airflow/dags/trustpilot_dag.py
[2025-07-06T10:54:59.559+0000] {processor.py:830} INFO - Processing file /opt/airflow/dags/trustpilot_dag.py for tasks to queue
[2025-07-06T10:54:59.562+0000] {logging_mixin.py:188} INFO - [2025-07-06T10:54:59.561+0000] {dagbag.py:545} INFO - Filling up the DagBag from /opt/airflow/dags/trustpilot_dag.py
[2025-07-06T10:55:01.276+0000] {logging_mixin.py:188} INFO - 📁 Fichier .env chargé
[2025-07-06T10:55:01.276+0000] {logging_mixin.py:188} INFO - 👉 Mode scraping : prod
[2025-07-06T10:55:01.277+0000] {logging_mixin.py:188} INFO - 👉 Fichier d’entrée : data/verbatims_test.csv
[2025-07-06T10:55:01.284+0000] {processor.py:840} INFO - DAG(s) 'trustpilot_pipeline' retrieved from /opt/airflow/dags/trustpilot_dag.py
[2025-07-06T10:55:01.313+0000] {logging_mixin.py:188} INFO - [2025-07-06T10:55:01.313+0000] {dag.py:3096} INFO - Sync 1 DAGs
[2025-07-06T10:55:01.331+0000] {logging_mixin.py:188} INFO - [2025-07-06T10:55:01.330+0000] {dag.py:3954} INFO - Setting next_dagrun for trustpilot_pipeline to None, run_after=None
[2025-07-06T10:55:01.350+0000] {processor.py:183} INFO - Processing /opt/airflow/dags/trustpilot_dag.py took 1.803 seconds
[2025-07-06T10:55:31.469+0000] {processor.py:161} INFO - Started process (PID=9609) to work on /opt/airflow/dags/trustpilot_dag.py
[2025-07-06T10:55:31.470+0000] {processor.py:830} INFO - Processing file /opt/airflow/dags/trustpilot_dag.py for tasks to queue
[2025-07-06T10:55:31.472+0000] {logging_mixin.py:188} INFO - [2025-07-06T10:55:31.472+0000] {dagbag.py:545} INFO - Filling up the DagBag from /opt/airflow/dags/trustpilot_dag.py
[2025-07-06T10:55:33.158+0000] {logging_mixin.py:188} INFO - 📁 Fichier .env chargé
[2025-07-06T10:55:33.158+0000] {logging_mixin.py:188} INFO - 👉 Mode scraping : prod
[2025-07-06T10:55:33.159+0000] {logging_mixin.py:188} INFO - 👉 Fichier d’entrée : data/verbatims_test.csv
[2025-07-06T10:55:33.166+0000] {processor.py:840} INFO - DAG(s) 'trustpilot_pipeline' retrieved from /opt/airflow/dags/trustpilot_dag.py
[2025-07-06T10:55:33.196+0000] {logging_mixin.py:188} INFO - [2025-07-06T10:55:33.195+0000] {dag.py:3096} INFO - Sync 1 DAGs
[2025-07-06T10:55:33.211+0000] {logging_mixin.py:188} INFO - [2025-07-06T10:55:33.211+0000] {dag.py:3954} INFO - Setting next_dagrun for trustpilot_pipeline to None, run_after=None
[2025-07-06T10:55:33.230+0000] {processor.py:183} INFO - Processing /opt/airflow/dags/trustpilot_dag.py took 1.770 seconds
[2025-07-06T10:56:03.344+0000] {processor.py:161} INFO - Started process (PID=9615) to work on /opt/airflow/dags/trustpilot_dag.py
[2025-07-06T10:56:03.345+0000] {processor.py:830} INFO - Processing file /opt/airflow/dags/trustpilot_dag.py for tasks to queue
[2025-07-06T10:56:03.347+0000] {logging_mixin.py:188} INFO - [2025-07-06T10:56:03.346+0000] {dagbag.py:545} INFO - Filling up the DagBag from /opt/airflow/dags/trustpilot_dag.py
[2025-07-06T10:56:04.926+0000] {logging_mixin.py:188} INFO - 📁 Fichier .env chargé
[2025-07-06T10:56:04.926+0000] {logging_mixin.py:188} INFO - 👉 Mode scraping : prod
[2025-07-06T10:56:04.927+0000] {logging_mixin.py:188} INFO - 👉 Fichier d’entrée : data/verbatims_test.csv
[2025-07-06T10:56:05.049+0000] {processor.py:840} INFO - DAG(s) 'trustpilot_pipeline' retrieved from /opt/airflow/dags/trustpilot_dag.py
[2025-07-06T10:56:05.076+0000] {logging_mixin.py:188} INFO - [2025-07-06T10:56:05.076+0000] {dag.py:3096} INFO - Sync 1 DAGs
[2025-07-06T10:56:05.092+0000] {logging_mixin.py:188} INFO - [2025-07-06T10:56:05.092+0000] {dag.py:3954} INFO - Setting next_dagrun for trustpilot_pipeline to None, run_after=None
[2025-07-06T10:56:05.110+0000] {processor.py:183} INFO - Processing /opt/airflow/dags/trustpilot_dag.py took 1.776 seconds
[2025-07-06T10:56:35.249+0000] {processor.py:161} INFO - Started process (PID=9621) to work on /opt/airflow/dags/trustpilot_dag.py
[2025-07-06T10:56:35.250+0000] {processor.py:830} INFO - Processing file /opt/airflow/dags/trustpilot_dag.py for tasks to queue
[2025-07-06T10:56:35.252+0000] {logging_mixin.py:188} INFO - [2025-07-06T10:56:35.251+0000] {dagbag.py:545} INFO - Filling up the DagBag from /opt/airflow/dags/trustpilot_dag.py
[2025-07-06T10:56:36.577+0000] {logging_mixin.py:188} INFO - 📁 Fichier .env chargé
[2025-07-06T10:56:36.577+0000] {logging_mixin.py:188} INFO - 👉 Mode scraping : prod
[2025-07-06T10:56:36.578+0000] {logging_mixin.py:188} INFO - 👉 Fichier d’entrée : data/verbatims_test.csv
[2025-07-06T10:56:36.582+0000] {processor.py:840} INFO - DAG(s) 'trustpilot_pipeline' retrieved from /opt/airflow/dags/trustpilot_dag.py
[2025-07-06T10:56:36.609+0000] {logging_mixin.py:188} INFO - [2025-07-06T10:56:36.609+0000] {dag.py:3096} INFO - Sync 1 DAGs
[2025-07-06T10:56:36.624+0000] {logging_mixin.py:188} INFO - [2025-07-06T10:56:36.624+0000] {dag.py:3954} INFO - Setting next_dagrun for trustpilot_pipeline to None, run_after=None
[2025-07-06T10:56:36.640+0000] {processor.py:183} INFO - Processing /opt/airflow/dags/trustpilot_dag.py took 1.400 seconds
[2025-07-06T10:57:06.750+0000] {processor.py:161} INFO - Started process (PID=9627) to work on /opt/airflow/dags/trustpilot_dag.py
[2025-07-06T10:57:06.751+0000] {processor.py:830} INFO - Processing file /opt/airflow/dags/trustpilot_dag.py for tasks to queue
[2025-07-06T10:57:06.753+0000] {logging_mixin.py:188} INFO - [2025-07-06T10:57:06.752+0000] {dagbag.py:545} INFO - Filling up the DagBag from /opt/airflow/dags/trustpilot_dag.py
[2025-07-06T10:57:08.334+0000] {logging_mixin.py:188} INFO - 📁 Fichier .env chargé
[2025-07-06T10:57:08.334+0000] {logging_mixin.py:188} INFO - 👉 Mode scraping : prod
[2025-07-06T10:57:08.334+0000] {logging_mixin.py:188} INFO - 👉 Fichier d’entrée : data/verbatims_test.csv
[2025-07-06T10:57:08.341+0000] {processor.py:840} INFO - DAG(s) 'trustpilot_pipeline' retrieved from /opt/airflow/dags/trustpilot_dag.py
[2025-07-06T10:57:08.369+0000] {logging_mixin.py:188} INFO - [2025-07-06T10:57:08.369+0000] {dag.py:3096} INFO - Sync 1 DAGs
[2025-07-06T10:57:08.386+0000] {logging_mixin.py:188} INFO - [2025-07-06T10:57:08.386+0000] {dag.py:3954} INFO - Setting next_dagrun for trustpilot_pipeline to None, run_after=None
[2025-07-06T10:57:08.522+0000] {processor.py:183} INFO - Processing /opt/airflow/dags/trustpilot_dag.py took 1.782 seconds
[2025-07-06T10:57:38.629+0000] {processor.py:161} INFO - Started process (PID=9633) to work on /opt/airflow/dags/trustpilot_dag.py
[2025-07-06T10:57:38.629+0000] {processor.py:830} INFO - Processing file /opt/airflow/dags/trustpilot_dag.py for tasks to queue
[2025-07-06T10:57:38.631+0000] {logging_mixin.py:188} INFO - [2025-07-06T10:57:38.631+0000] {dagbag.py:545} INFO - Filling up the DagBag from /opt/airflow/dags/trustpilot_dag.py
[2025-07-06T10:57:40.315+0000] {logging_mixin.py:188} INFO - 📁 Fichier .env chargé
[2025-07-06T10:57:40.315+0000] {logging_mixin.py:188} INFO - 👉 Mode scraping : prod
[2025-07-06T10:57:40.316+0000] {logging_mixin.py:188} INFO - 👉 Fichier d’entrée : data/verbatims_test.csv
[2025-07-06T10:57:40.323+0000] {processor.py:840} INFO - DAG(s) 'trustpilot_pipeline' retrieved from /opt/airflow/dags/trustpilot_dag.py
[2025-07-06T10:57:40.353+0000] {logging_mixin.py:188} INFO - [2025-07-06T10:57:40.352+0000] {dag.py:3096} INFO - Sync 1 DAGs
[2025-07-06T10:57:40.368+0000] {logging_mixin.py:188} INFO - [2025-07-06T10:57:40.368+0000] {dag.py:3954} INFO - Setting next_dagrun for trustpilot_pipeline to None, run_after=None
[2025-07-06T10:57:40.387+0000] {processor.py:183} INFO - Processing /opt/airflow/dags/trustpilot_dag.py took 1.767 seconds
[2025-07-06T10:58:10.531+0000] {processor.py:161} INFO - Started process (PID=9639) to work on /opt/airflow/dags/trustpilot_dag.py
[2025-07-06T10:58:10.532+0000] {processor.py:830} INFO - Processing file /opt/airflow/dags/trustpilot_dag.py for tasks to queue
[2025-07-06T10:58:10.534+0000] {logging_mixin.py:188} INFO - [2025-07-06T10:58:10.534+0000] {dagbag.py:545} INFO - Filling up the DagBag from /opt/airflow/dags/trustpilot_dag.py
[2025-07-06T10:58:12.220+0000] {logging_mixin.py:188} INFO - 📁 Fichier .env chargé
[2025-07-06T10:58:12.220+0000] {logging_mixin.py:188} INFO - 👉 Mode scraping : prod
[2025-07-06T10:58:12.220+0000] {logging_mixin.py:188} INFO - 👉 Fichier d’entrée : data/verbatims_test.csv
[2025-07-06T10:58:12.228+0000] {processor.py:840} INFO - DAG(s) 'trustpilot_pipeline' retrieved from /opt/airflow/dags/trustpilot_dag.py
[2025-07-06T10:58:12.255+0000] {logging_mixin.py:188} INFO - [2025-07-06T10:58:12.255+0000] {dag.py:3096} INFO - Sync 1 DAGs
[2025-07-06T10:58:12.272+0000] {logging_mixin.py:188} INFO - [2025-07-06T10:58:12.272+0000] {dag.py:3954} INFO - Setting next_dagrun for trustpilot_pipeline to None, run_after=None
[2025-07-06T10:58:12.291+0000] {processor.py:183} INFO - Processing /opt/airflow/dags/trustpilot_dag.py took 1.769 seconds
[2025-07-06T10:58:42.415+0000] {processor.py:161} INFO - Started process (PID=9645) to work on /opt/airflow/dags/trustpilot_dag.py
[2025-07-06T10:58:42.416+0000] {processor.py:830} INFO - Processing file /opt/airflow/dags/trustpilot_dag.py for tasks to queue
[2025-07-06T10:58:42.418+0000] {logging_mixin.py:188} INFO - [2025-07-06T10:58:42.418+0000] {dagbag.py:545} INFO - Filling up the DagBag from /opt/airflow/dags/trustpilot_dag.py
[2025-07-06T10:58:44.016+0000] {logging_mixin.py:188} INFO - 📁 Fichier .env chargé
[2025-07-06T10:58:44.016+0000] {logging_mixin.py:188} INFO - 👉 Mode scraping : prod
[2025-07-06T10:58:44.017+0000] {logging_mixin.py:188} INFO - 👉 Fichier d’entrée : data/verbatims_test.csv
[2025-07-06T10:58:44.138+0000] {processor.py:840} INFO - DAG(s) 'trustpilot_pipeline' retrieved from /opt/airflow/dags/trustpilot_dag.py
[2025-07-06T10:58:44.166+0000] {logging_mixin.py:188} INFO - [2025-07-06T10:58:44.165+0000] {dag.py:3096} INFO - Sync 1 DAGs
[2025-07-06T10:58:44.181+0000] {logging_mixin.py:188} INFO - [2025-07-06T10:58:44.181+0000] {dag.py:3954} INFO - Setting next_dagrun for trustpilot_pipeline to None, run_after=None
[2025-07-06T10:58:44.200+0000] {processor.py:183} INFO - Processing /opt/airflow/dags/trustpilot_dag.py took 1.796 seconds
[2025-07-06T10:59:14.318+0000] {processor.py:161} INFO - Started process (PID=9651) to work on /opt/airflow/dags/trustpilot_dag.py
[2025-07-06T10:59:14.319+0000] {processor.py:830} INFO - Processing file /opt/airflow/dags/trustpilot_dag.py for tasks to queue
[2025-07-06T10:59:14.321+0000] {logging_mixin.py:188} INFO - [2025-07-06T10:59:14.320+0000] {dagbag.py:545} INFO - Filling up the DagBag from /opt/airflow/dags/trustpilot_dag.py
[2025-07-06T10:59:16.012+0000] {logging_mixin.py:188} INFO - 📁 Fichier .env chargé
[2025-07-06T10:59:16.013+0000] {logging_mixin.py:188} INFO - 👉 Mode scraping : prod
[2025-07-06T10:59:16.013+0000] {logging_mixin.py:188} INFO - 👉 Fichier d’entrée : data/verbatims_test.csv
[2025-07-06T10:59:16.020+0000] {processor.py:840} INFO - DAG(s) 'trustpilot_pipeline' retrieved from /opt/airflow/dags/trustpilot_dag.py
[2025-07-06T10:59:16.048+0000] {logging_mixin.py:188} INFO - [2025-07-06T10:59:16.048+0000] {dag.py:3096} INFO - Sync 1 DAGs
[2025-07-06T10:59:16.064+0000] {logging_mixin.py:188} INFO - [2025-07-06T10:59:16.063+0000] {dag.py:3954} INFO - Setting next_dagrun for trustpilot_pipeline to None, run_after=None
[2025-07-06T10:59:16.082+0000] {processor.py:183} INFO - Processing /opt/airflow/dags/trustpilot_dag.py took 1.773 seconds
[2025-07-06T10:59:46.199+0000] {processor.py:161} INFO - Started process (PID=9657) to work on /opt/airflow/dags/trustpilot_dag.py
[2025-07-06T10:59:46.200+0000] {processor.py:830} INFO - Processing file /opt/airflow/dags/trustpilot_dag.py for tasks to queue
[2025-07-06T10:59:46.202+0000] {logging_mixin.py:188} INFO - [2025-07-06T10:59:46.201+0000] {dagbag.py:545} INFO - Filling up the DagBag from /opt/airflow/dags/trustpilot_dag.py
[2025-07-06T10:59:47.779+0000] {logging_mixin.py:188} INFO - 📁 Fichier .env chargé
[2025-07-06T10:59:47.779+0000] {logging_mixin.py:188} INFO - 👉 Mode scraping : prod
[2025-07-06T10:59:47.779+0000] {logging_mixin.py:188} INFO - 👉 Fichier d’entrée : data/verbatims_test.csv
[2025-07-06T10:59:47.787+0000] {processor.py:840} INFO - DAG(s) 'trustpilot_pipeline' retrieved from /opt/airflow/dags/trustpilot_dag.py
[2025-07-06T10:59:47.814+0000] {logging_mixin.py:188} INFO - [2025-07-06T10:59:47.814+0000] {dag.py:3096} INFO - Sync 1 DAGs
[2025-07-06T10:59:47.830+0000] {logging_mixin.py:188} INFO - [2025-07-06T10:59:47.830+0000] {dag.py:3954} INFO - Setting next_dagrun for trustpilot_pipeline to None, run_after=None
[2025-07-06T10:59:47.850+0000] {processor.py:183} INFO - Processing /opt/airflow/dags/trustpilot_dag.py took 1.661 seconds
[2025-07-06T11:00:17.980+0000] {processor.py:161} INFO - Started process (PID=9663) to work on /opt/airflow/dags/trustpilot_dag.py
[2025-07-06T11:00:17.981+0000] {processor.py:830} INFO - Processing file /opt/airflow/dags/trustpilot_dag.py for tasks to queue
[2025-07-06T11:00:17.983+0000] {logging_mixin.py:188} INFO - [2025-07-06T11:00:17.982+0000] {dagbag.py:545} INFO - Filling up the DagBag from /opt/airflow/dags/trustpilot_dag.py
[2025-07-06T11:00:19.563+0000] {logging_mixin.py:188} INFO - 📁 Fichier .env chargé
[2025-07-06T11:00:19.563+0000] {logging_mixin.py:188} INFO - 👉 Mode scraping : prod
[2025-07-06T11:00:19.564+0000] {logging_mixin.py:188} INFO - 👉 Fichier d’entrée : data/verbatims_test.csv
[2025-07-06T11:00:19.571+0000] {processor.py:840} INFO - DAG(s) 'trustpilot_pipeline' retrieved from /opt/airflow/dags/trustpilot_dag.py
[2025-07-06T11:00:19.599+0000] {logging_mixin.py:188} INFO - [2025-07-06T11:00:19.598+0000] {dag.py:3096} INFO - Sync 1 DAGs
[2025-07-06T11:00:19.733+0000] {logging_mixin.py:188} INFO - [2025-07-06T11:00:19.732+0000] {dag.py:3954} INFO - Setting next_dagrun for trustpilot_pipeline to None, run_after=None
[2025-07-06T11:00:19.752+0000] {processor.py:183} INFO - Processing /opt/airflow/dags/trustpilot_dag.py took 1.781 seconds
[2025-07-06T11:00:49.873+0000] {processor.py:161} INFO - Started process (PID=9669) to work on /opt/airflow/dags/trustpilot_dag.py
[2025-07-06T11:00:49.874+0000] {processor.py:830} INFO - Processing file /opt/airflow/dags/trustpilot_dag.py for tasks to queue
[2025-07-06T11:00:49.877+0000] {logging_mixin.py:188} INFO - [2025-07-06T11:00:49.876+0000] {dagbag.py:545} INFO - Filling up the DagBag from /opt/airflow/dags/trustpilot_dag.py
[2025-07-06T11:00:51.592+0000] {logging_mixin.py:188} INFO - 📁 Fichier .env chargé
[2025-07-06T11:00:51.592+0000] {logging_mixin.py:188} INFO - 👉 Mode scraping : prod
[2025-07-06T11:00:51.592+0000] {logging_mixin.py:188} INFO - 👉 Fichier d’entrée : data/verbatims_test.csv
[2025-07-06T11:00:51.600+0000] {processor.py:840} INFO - DAG(s) 'trustpilot_pipeline' retrieved from /opt/airflow/dags/trustpilot_dag.py
[2025-07-06T11:00:51.628+0000] {logging_mixin.py:188} INFO - [2025-07-06T11:00:51.628+0000] {dag.py:3096} INFO - Sync 1 DAGs
[2025-07-06T11:00:51.646+0000] {logging_mixin.py:188} INFO - [2025-07-06T11:00:51.645+0000] {dag.py:3954} INFO - Setting next_dagrun for trustpilot_pipeline to None, run_after=None
[2025-07-06T11:00:51.664+0000] {processor.py:183} INFO - Processing /opt/airflow/dags/trustpilot_dag.py took 1.802 seconds
[2025-07-06T11:01:21.786+0000] {processor.py:161} INFO - Started process (PID=9675) to work on /opt/airflow/dags/trustpilot_dag.py
[2025-07-06T11:01:21.787+0000] {processor.py:830} INFO - Processing file /opt/airflow/dags/trustpilot_dag.py for tasks to queue
[2025-07-06T11:01:21.789+0000] {logging_mixin.py:188} INFO - [2025-07-06T11:01:21.789+0000] {dagbag.py:545} INFO - Filling up the DagBag from /opt/airflow/dags/trustpilot_dag.py
[2025-07-06T11:01:23.476+0000] {logging_mixin.py:188} INFO - 📁 Fichier .env chargé
[2025-07-06T11:01:23.476+0000] {logging_mixin.py:188} INFO - 👉 Mode scraping : prod
[2025-07-06T11:01:23.476+0000] {logging_mixin.py:188} INFO - 👉 Fichier d’entrée : data/verbatims_test.csv
[2025-07-06T11:01:23.484+0000] {processor.py:840} INFO - DAG(s) 'trustpilot_pipeline' retrieved from /opt/airflow/dags/trustpilot_dag.py
[2025-07-06T11:01:23.514+0000] {logging_mixin.py:188} INFO - [2025-07-06T11:01:23.513+0000] {dag.py:3096} INFO - Sync 1 DAGs
[2025-07-06T11:01:23.530+0000] {logging_mixin.py:188} INFO - [2025-07-06T11:01:23.529+0000] {dag.py:3954} INFO - Setting next_dagrun for trustpilot_pipeline to None, run_after=None
[2025-07-06T11:01:23.549+0000] {processor.py:183} INFO - Processing /opt/airflow/dags/trustpilot_dag.py took 1.772 seconds
[2025-07-06T11:01:53.667+0000] {processor.py:161} INFO - Started process (PID=9681) to work on /opt/airflow/dags/trustpilot_dag.py
[2025-07-06T11:01:53.668+0000] {processor.py:830} INFO - Processing file /opt/airflow/dags/trustpilot_dag.py for tasks to queue
[2025-07-06T11:01:53.670+0000] {logging_mixin.py:188} INFO - [2025-07-06T11:01:53.670+0000] {dagbag.py:545} INFO - Filling up the DagBag from /opt/airflow/dags/trustpilot_dag.py
[2025-07-06T11:01:55.383+0000] {logging_mixin.py:188} INFO - 📁 Fichier .env chargé
[2025-07-06T11:01:55.383+0000] {logging_mixin.py:188} INFO - 👉 Mode scraping : prod
[2025-07-06T11:01:55.383+0000] {logging_mixin.py:188} INFO - 👉 Fichier d’entrée : data/verbatims_test.csv
[2025-07-06T11:01:55.390+0000] {processor.py:840} INFO - DAG(s) 'trustpilot_pipeline' retrieved from /opt/airflow/dags/trustpilot_dag.py
[2025-07-06T11:01:55.419+0000] {logging_mixin.py:188} INFO - [2025-07-06T11:01:55.419+0000] {dag.py:3096} INFO - Sync 1 DAGs
[2025-07-06T11:01:55.435+0000] {logging_mixin.py:188} INFO - [2025-07-06T11:01:55.435+0000] {dag.py:3954} INFO - Setting next_dagrun for trustpilot_pipeline to None, run_after=None
[2025-07-06T11:01:55.454+0000] {processor.py:183} INFO - Processing /opt/airflow/dags/trustpilot_dag.py took 1.798 seconds
[2025-07-06T11:02:25.595+0000] {processor.py:161} INFO - Started process (PID=9687) to work on /opt/airflow/dags/trustpilot_dag.py
[2025-07-06T11:02:25.596+0000] {processor.py:830} INFO - Processing file /opt/airflow/dags/trustpilot_dag.py for tasks to queue
[2025-07-06T11:02:25.598+0000] {logging_mixin.py:188} INFO - [2025-07-06T11:02:25.598+0000] {dagbag.py:545} INFO - Filling up the DagBag from /opt/airflow/dags/trustpilot_dag.py
[2025-07-06T11:02:27.287+0000] {logging_mixin.py:188} INFO - 📁 Fichier .env chargé
[2025-07-06T11:02:27.287+0000] {logging_mixin.py:188} INFO - 👉 Mode scraping : prod
[2025-07-06T11:02:27.288+0000] {logging_mixin.py:188} INFO - 👉 Fichier d’entrée : data/verbatims_test.csv
[2025-07-06T11:02:27.295+0000] {processor.py:840} INFO - DAG(s) 'trustpilot_pipeline' retrieved from /opt/airflow/dags/trustpilot_dag.py
[2025-07-06T11:02:27.323+0000] {logging_mixin.py:188} INFO - [2025-07-06T11:02:27.323+0000] {dag.py:3096} INFO - Sync 1 DAGs
[2025-07-06T11:02:27.339+0000] {logging_mixin.py:188} INFO - [2025-07-06T11:02:27.339+0000] {dag.py:3954} INFO - Setting next_dagrun for trustpilot_pipeline to None, run_after=None
[2025-07-06T11:02:27.358+0000] {processor.py:183} INFO - Processing /opt/airflow/dags/trustpilot_dag.py took 1.772 seconds
[2025-07-06T11:02:57.488+0000] {processor.py:161} INFO - Started process (PID=9693) to work on /opt/airflow/dags/trustpilot_dag.py
[2025-07-06T11:02:57.489+0000] {processor.py:830} INFO - Processing file /opt/airflow/dags/trustpilot_dag.py for tasks to queue
[2025-07-06T11:02:57.491+0000] {logging_mixin.py:188} INFO - [2025-07-06T11:02:57.490+0000] {dagbag.py:545} INFO - Filling up the DagBag from /opt/airflow/dags/trustpilot_dag.py
[2025-07-06T11:02:59.071+0000] {logging_mixin.py:188} INFO - 📁 Fichier .env chargé
[2025-07-06T11:02:59.072+0000] {logging_mixin.py:188} INFO - 👉 Mode scraping : prod
[2025-07-06T11:02:59.072+0000] {logging_mixin.py:188} INFO - 👉 Fichier d’entrée : data/verbatims_test.csv
[2025-07-06T11:02:59.079+0000] {processor.py:840} INFO - DAG(s) 'trustpilot_pipeline' retrieved from /opt/airflow/dags/trustpilot_dag.py
[2025-07-06T11:02:59.107+0000] {logging_mixin.py:188} INFO - [2025-07-06T11:02:59.106+0000] {dag.py:3096} INFO - Sync 1 DAGs
[2025-07-06T11:02:59.124+0000] {logging_mixin.py:188} INFO - [2025-07-06T11:02:59.124+0000] {dag.py:3954} INFO - Setting next_dagrun for trustpilot_pipeline to None, run_after=None
[2025-07-06T11:02:59.261+0000] {processor.py:183} INFO - Processing /opt/airflow/dags/trustpilot_dag.py took 1.782 seconds
[2025-07-06T11:03:29.390+0000] {processor.py:161} INFO - Started process (PID=9699) to work on /opt/airflow/dags/trustpilot_dag.py
[2025-07-06T11:03:29.391+0000] {processor.py:830} INFO - Processing file /opt/airflow/dags/trustpilot_dag.py for tasks to queue
[2025-07-06T11:03:29.393+0000] {logging_mixin.py:188} INFO - [2025-07-06T11:03:29.392+0000] {dagbag.py:545} INFO - Filling up the DagBag from /opt/airflow/dags/trustpilot_dag.py
[2025-07-06T11:03:31.084+0000] {logging_mixin.py:188} INFO - 📁 Fichier .env chargé
[2025-07-06T11:03:31.084+0000] {logging_mixin.py:188} INFO - 👉 Mode scraping : prod
[2025-07-06T11:03:31.085+0000] {logging_mixin.py:188} INFO - 👉 Fichier d’entrée : data/verbatims_test.csv
[2025-07-06T11:03:31.092+0000] {processor.py:840} INFO - DAG(s) 'trustpilot_pipeline' retrieved from /opt/airflow/dags/trustpilot_dag.py
[2025-07-06T11:03:31.121+0000] {logging_mixin.py:188} INFO - [2025-07-06T11:03:31.120+0000] {dag.py:3096} INFO - Sync 1 DAGs
[2025-07-06T11:03:31.138+0000] {logging_mixin.py:188} INFO - [2025-07-06T11:03:31.138+0000] {dag.py:3954} INFO - Setting next_dagrun for trustpilot_pipeline to None, run_after=None
[2025-07-06T11:03:31.157+0000] {processor.py:183} INFO - Processing /opt/airflow/dags/trustpilot_dag.py took 1.776 seconds
[2025-07-06T11:04:01.280+0000] {processor.py:161} INFO - Started process (PID=9705) to work on /opt/airflow/dags/trustpilot_dag.py
[2025-07-06T11:04:01.281+0000] {processor.py:830} INFO - Processing file /opt/airflow/dags/trustpilot_dag.py for tasks to queue
[2025-07-06T11:04:01.283+0000] {logging_mixin.py:188} INFO - [2025-07-06T11:04:01.283+0000] {dagbag.py:545} INFO - Filling up the DagBag from /opt/airflow/dags/trustpilot_dag.py
[2025-07-06T11:04:02.987+0000] {logging_mixin.py:188} INFO - 📁 Fichier .env chargé
[2025-07-06T11:04:02.987+0000] {logging_mixin.py:188} INFO - 👉 Mode scraping : prod
[2025-07-06T11:04:02.987+0000] {logging_mixin.py:188} INFO - 👉 Fichier d’entrée : data/verbatims_test.csv
[2025-07-06T11:04:02.995+0000] {processor.py:840} INFO - DAG(s) 'trustpilot_pipeline' retrieved from /opt/airflow/dags/trustpilot_dag.py
[2025-07-06T11:04:03.025+0000] {logging_mixin.py:188} INFO - [2025-07-06T11:04:03.024+0000] {dag.py:3096} INFO - Sync 1 DAGs
[2025-07-06T11:04:03.041+0000] {logging_mixin.py:188} INFO - [2025-07-06T11:04:03.040+0000] {dag.py:3954} INFO - Setting next_dagrun for trustpilot_pipeline to None, run_after=None
[2025-07-06T11:04:03.059+0000] {processor.py:183} INFO - Processing /opt/airflow/dags/trustpilot_dag.py took 1.791 seconds
[2025-07-06T11:04:33.112+0000] {processor.py:161} INFO - Started process (PID=9711) to work on /opt/airflow/dags/trustpilot_dag.py
[2025-07-06T11:04:33.113+0000] {processor.py:830} INFO - Processing file /opt/airflow/dags/trustpilot_dag.py for tasks to queue
[2025-07-06T11:04:33.115+0000] {logging_mixin.py:188} INFO - [2025-07-06T11:04:33.115+0000] {dagbag.py:545} INFO - Filling up the DagBag from /opt/airflow/dags/trustpilot_dag.py
[2025-07-06T11:04:34.692+0000] {logging_mixin.py:188} INFO - 📁 Fichier .env chargé
[2025-07-06T11:04:34.692+0000] {logging_mixin.py:188} INFO - 👉 Mode scraping : prod
[2025-07-06T11:04:34.693+0000] {logging_mixin.py:188} INFO - 👉 Fichier d’entrée : data/verbatims_test.csv
[2025-07-06T11:04:34.815+0000] {processor.py:840} INFO - DAG(s) 'trustpilot_pipeline' retrieved from /opt/airflow/dags/trustpilot_dag.py
[2025-07-06T11:04:34.844+0000] {logging_mixin.py:188} INFO - [2025-07-06T11:04:34.843+0000] {dag.py:3096} INFO - Sync 1 DAGs
[2025-07-06T11:04:34.859+0000] {logging_mixin.py:188} INFO - [2025-07-06T11:04:34.859+0000] {dag.py:3954} INFO - Setting next_dagrun for trustpilot_pipeline to None, run_after=None
[2025-07-06T11:04:34.878+0000] {processor.py:183} INFO - Processing /opt/airflow/dags/trustpilot_dag.py took 1.775 seconds
[2025-07-06T11:05:05.010+0000] {processor.py:161} INFO - Started process (PID=9717) to work on /opt/airflow/dags/trustpilot_dag.py
[2025-07-06T11:05:05.012+0000] {processor.py:830} INFO - Processing file /opt/airflow/dags/trustpilot_dag.py for tasks to queue
[2025-07-06T11:05:05.014+0000] {logging_mixin.py:188} INFO - [2025-07-06T11:05:05.013+0000] {dagbag.py:545} INFO - Filling up the DagBag from /opt/airflow/dags/trustpilot_dag.py
[2025-07-06T11:05:06.725+0000] {logging_mixin.py:188} INFO - 📁 Fichier .env chargé
[2025-07-06T11:05:06.725+0000] {logging_mixin.py:188} INFO - 👉 Mode scraping : prod
[2025-07-06T11:05:06.726+0000] {logging_mixin.py:188} INFO - 👉 Fichier d’entrée : data/verbatims_test.csv
[2025-07-06T11:05:06.733+0000] {processor.py:840} INFO - DAG(s) 'trustpilot_pipeline' retrieved from /opt/airflow/dags/trustpilot_dag.py
[2025-07-06T11:05:06.762+0000] {logging_mixin.py:188} INFO - [2025-07-06T11:05:06.761+0000] {dag.py:3096} INFO - Sync 1 DAGs
[2025-07-06T11:05:06.777+0000] {logging_mixin.py:188} INFO - [2025-07-06T11:05:06.777+0000] {dag.py:3954} INFO - Setting next_dagrun for trustpilot_pipeline to None, run_after=None
[2025-07-06T11:05:06.796+0000] {processor.py:183} INFO - Processing /opt/airflow/dags/trustpilot_dag.py took 1.797 seconds
[2025-07-06T11:05:36.924+0000] {processor.py:161} INFO - Started process (PID=9723) to work on /opt/airflow/dags/trustpilot_dag.py
[2025-07-06T11:05:36.925+0000] {processor.py:830} INFO - Processing file /opt/airflow/dags/trustpilot_dag.py for tasks to queue
[2025-07-06T11:05:36.928+0000] {logging_mixin.py:188} INFO - [2025-07-06T11:05:36.927+0000] {dagbag.py:545} INFO - Filling up the DagBag from /opt/airflow/dags/trustpilot_dag.py
[2025-07-06T11:05:38.524+0000] {logging_mixin.py:188} INFO - 📁 Fichier .env chargé
[2025-07-06T11:05:38.524+0000] {logging_mixin.py:188} INFO - 👉 Mode scraping : prod
[2025-07-06T11:05:38.525+0000] {logging_mixin.py:188} INFO - 👉 Fichier d’entrée : data/verbatims_test.csv
[2025-07-06T11:05:38.532+0000] {processor.py:840} INFO - DAG(s) 'trustpilot_pipeline' retrieved from /opt/airflow/dags/trustpilot_dag.py
[2025-07-06T11:05:38.561+0000] {logging_mixin.py:188} INFO - [2025-07-06T11:05:38.560+0000] {dag.py:3096} INFO - Sync 1 DAGs
[2025-07-06T11:05:38.577+0000] {logging_mixin.py:188} INFO - [2025-07-06T11:05:38.576+0000] {dag.py:3954} INFO - Setting next_dagrun for trustpilot_pipeline to None, run_after=None
[2025-07-06T11:05:38.598+0000] {processor.py:183} INFO - Processing /opt/airflow/dags/trustpilot_dag.py took 1.685 seconds
[2025-07-06T11:06:08.711+0000] {processor.py:161} INFO - Started process (PID=9729) to work on /opt/airflow/dags/trustpilot_dag.py
[2025-07-06T11:06:08.712+0000] {processor.py:830} INFO - Processing file /opt/airflow/dags/trustpilot_dag.py for tasks to queue
[2025-07-06T11:06:08.714+0000] {logging_mixin.py:188} INFO - [2025-07-06T11:06:08.714+0000] {dagbag.py:545} INFO - Filling up the DagBag from /opt/airflow/dags/trustpilot_dag.py
[2025-07-06T11:06:10.400+0000] {logging_mixin.py:188} INFO - 📁 Fichier .env chargé
[2025-07-06T11:06:10.400+0000] {logging_mixin.py:188} INFO - 👉 Mode scraping : prod
[2025-07-06T11:06:10.400+0000] {logging_mixin.py:188} INFO - 👉 Fichier d’entrée : data/verbatims_test.csv
[2025-07-06T11:06:10.408+0000] {processor.py:840} INFO - DAG(s) 'trustpilot_pipeline' retrieved from /opt/airflow/dags/trustpilot_dag.py
[2025-07-06T11:06:10.437+0000] {logging_mixin.py:188} INFO - [2025-07-06T11:06:10.437+0000] {dag.py:3096} INFO - Sync 1 DAGs
[2025-07-06T11:06:10.453+0000] {logging_mixin.py:188} INFO - [2025-07-06T11:06:10.452+0000] {dag.py:3954} INFO - Setting next_dagrun for trustpilot_pipeline to None, run_after=None
[2025-07-06T11:06:10.471+0000] {processor.py:183} INFO - Processing /opt/airflow/dags/trustpilot_dag.py took 1.769 seconds
[2025-07-06T11:06:40.538+0000] {processor.py:161} INFO - Started process (PID=9735) to work on /opt/airflow/dags/trustpilot_dag.py
[2025-07-06T11:06:40.539+0000] {processor.py:830} INFO - Processing file /opt/airflow/dags/trustpilot_dag.py for tasks to queue
[2025-07-06T11:06:40.542+0000] {logging_mixin.py:188} INFO - [2025-07-06T11:06:40.541+0000] {dagbag.py:545} INFO - Filling up the DagBag from /opt/airflow/dags/trustpilot_dag.py
[2025-07-06T11:06:42.232+0000] {logging_mixin.py:188} INFO - 📁 Fichier .env chargé
[2025-07-06T11:06:42.232+0000] {logging_mixin.py:188} INFO - 👉 Mode scraping : prod
[2025-07-06T11:06:42.233+0000] {logging_mixin.py:188} INFO - 👉 Fichier d’entrée : data/verbatims_test.csv
[2025-07-06T11:06:42.240+0000] {processor.py:840} INFO - DAG(s) 'trustpilot_pipeline' retrieved from /opt/airflow/dags/trustpilot_dag.py
[2025-07-06T11:06:42.269+0000] {logging_mixin.py:188} INFO - [2025-07-06T11:06:42.268+0000] {dag.py:3096} INFO - Sync 1 DAGs
[2025-07-06T11:06:42.287+0000] {logging_mixin.py:188} INFO - [2025-07-06T11:06:42.286+0000] {dag.py:3954} INFO - Setting next_dagrun for trustpilot_pipeline to None, run_after=None
[2025-07-06T11:06:42.307+0000] {processor.py:183} INFO - Processing /opt/airflow/dags/trustpilot_dag.py took 1.777 seconds
[2025-07-06T11:07:12.444+0000] {processor.py:161} INFO - Started process (PID=9741) to work on /opt/airflow/dags/trustpilot_dag.py
[2025-07-06T11:07:12.445+0000] {processor.py:830} INFO - Processing file /opt/airflow/dags/trustpilot_dag.py for tasks to queue
[2025-07-06T11:07:12.447+0000] {logging_mixin.py:188} INFO - [2025-07-06T11:07:12.447+0000] {dagbag.py:545} INFO - Filling up the DagBag from /opt/airflow/dags/trustpilot_dag.py
[2025-07-06T11:07:14.146+0000] {logging_mixin.py:188} INFO - 📁 Fichier .env chargé
[2025-07-06T11:07:14.146+0000] {logging_mixin.py:188} INFO - 👉 Mode scraping : prod
[2025-07-06T11:07:14.146+0000] {logging_mixin.py:188} INFO - 👉 Fichier d’entrée : data/verbatims_test.csv
[2025-07-06T11:07:14.153+0000] {processor.py:840} INFO - DAG(s) 'trustpilot_pipeline' retrieved from /opt/airflow/dags/trustpilot_dag.py
[2025-07-06T11:07:14.184+0000] {logging_mixin.py:188} INFO - [2025-07-06T11:07:14.183+0000] {dag.py:3096} INFO - Sync 1 DAGs
[2025-07-06T11:07:14.199+0000] {logging_mixin.py:188} INFO - [2025-07-06T11:07:14.199+0000] {dag.py:3954} INFO - Setting next_dagrun for trustpilot_pipeline to None, run_after=None
[2025-07-06T11:07:14.218+0000] {processor.py:183} INFO - Processing /opt/airflow/dags/trustpilot_dag.py took 1.783 seconds
[2025-07-06T11:07:44.347+0000] {processor.py:161} INFO - Started process (PID=9747) to work on /opt/airflow/dags/trustpilot_dag.py
[2025-07-06T11:07:44.348+0000] {processor.py:830} INFO - Processing file /opt/airflow/dags/trustpilot_dag.py for tasks to queue
[2025-07-06T11:07:44.350+0000] {logging_mixin.py:188} INFO - [2025-07-06T11:07:44.350+0000] {dagbag.py:545} INFO - Filling up the DagBag from /opt/airflow/dags/trustpilot_dag.py
[2025-07-06T11:07:46.043+0000] {logging_mixin.py:188} INFO - 📁 Fichier .env chargé
[2025-07-06T11:07:46.043+0000] {logging_mixin.py:188} INFO - 👉 Mode scraping : prod
[2025-07-06T11:07:46.043+0000] {logging_mixin.py:188} INFO - 👉 Fichier d’entrée : data/verbatims_test.csv
[2025-07-06T11:07:46.051+0000] {processor.py:840} INFO - DAG(s) 'trustpilot_pipeline' retrieved from /opt/airflow/dags/trustpilot_dag.py
[2025-07-06T11:07:46.079+0000] {logging_mixin.py:188} INFO - [2025-07-06T11:07:46.079+0000] {dag.py:3096} INFO - Sync 1 DAGs
[2025-07-06T11:07:46.095+0000] {logging_mixin.py:188} INFO - [2025-07-06T11:07:46.094+0000] {dag.py:3954} INFO - Setting next_dagrun for trustpilot_pipeline to None, run_after=None
[2025-07-06T11:07:46.114+0000] {processor.py:183} INFO - Processing /opt/airflow/dags/trustpilot_dag.py took 1.776 seconds
[2025-07-06T11:08:16.245+0000] {processor.py:161} INFO - Started process (PID=9753) to work on /opt/airflow/dags/trustpilot_dag.py
[2025-07-06T11:08:16.246+0000] {processor.py:830} INFO - Processing file /opt/airflow/dags/trustpilot_dag.py for tasks to queue
[2025-07-06T11:08:16.248+0000] {logging_mixin.py:188} INFO - [2025-07-06T11:08:16.248+0000] {dagbag.py:545} INFO - Filling up the DagBag from /opt/airflow/dags/trustpilot_dag.py
[2025-07-06T11:08:17.827+0000] {logging_mixin.py:188} INFO - 📁 Fichier .env chargé
[2025-07-06T11:08:17.827+0000] {logging_mixin.py:188} INFO - 👉 Mode scraping : prod
[2025-07-06T11:08:17.827+0000] {logging_mixin.py:188} INFO - 👉 Fichier d’entrée : data/verbatims_test.csv
[2025-07-06T11:08:17.834+0000] {processor.py:840} INFO - DAG(s) 'trustpilot_pipeline' retrieved from /opt/airflow/dags/trustpilot_dag.py
[2025-07-06T11:08:17.863+0000] {logging_mixin.py:188} INFO - [2025-07-06T11:08:17.862+0000] {dag.py:3096} INFO - Sync 1 DAGs
[2025-07-06T11:08:17.878+0000] {logging_mixin.py:188} INFO - [2025-07-06T11:08:17.878+0000] {dag.py:3954} INFO - Setting next_dagrun for trustpilot_pipeline to None, run_after=None
[2025-07-06T11:08:17.899+0000] {processor.py:183} INFO - Processing /opt/airflow/dags/trustpilot_dag.py took 1.663 seconds
[2025-07-06T11:08:48.010+0000] {processor.py:161} INFO - Started process (PID=9759) to work on /opt/airflow/dags/trustpilot_dag.py
[2025-07-06T11:08:48.012+0000] {processor.py:830} INFO - Processing file /opt/airflow/dags/trustpilot_dag.py for tasks to queue
[2025-07-06T11:08:48.014+0000] {logging_mixin.py:188} INFO - [2025-07-06T11:08:48.013+0000] {dagbag.py:545} INFO - Filling up the DagBag from /opt/airflow/dags/trustpilot_dag.py
[2025-07-06T11:08:49.592+0000] {logging_mixin.py:188} INFO - 📁 Fichier .env chargé
[2025-07-06T11:08:49.592+0000] {logging_mixin.py:188} INFO - 👉 Mode scraping : prod
[2025-07-06T11:08:49.593+0000] {logging_mixin.py:188} INFO - 👉 Fichier d’entrée : data/verbatims_test.csv
[2025-07-06T11:08:49.600+0000] {processor.py:840} INFO - DAG(s) 'trustpilot_pipeline' retrieved from /opt/airflow/dags/trustpilot_dag.py
[2025-07-06T11:08:49.628+0000] {logging_mixin.py:188} INFO - [2025-07-06T11:08:49.628+0000] {dag.py:3096} INFO - Sync 1 DAGs
[2025-07-06T11:08:49.762+0000] {logging_mixin.py:188} INFO - [2025-07-06T11:08:49.762+0000] {dag.py:3954} INFO - Setting next_dagrun for trustpilot_pipeline to None, run_after=None
[2025-07-06T11:08:49.782+0000] {processor.py:183} INFO - Processing /opt/airflow/dags/trustpilot_dag.py took 1.780 seconds
[2025-07-06T11:09:19.917+0000] {processor.py:161} INFO - Started process (PID=9765) to work on /opt/airflow/dags/trustpilot_dag.py
[2025-07-06T11:09:19.918+0000] {processor.py:830} INFO - Processing file /opt/airflow/dags/trustpilot_dag.py for tasks to queue
[2025-07-06T11:09:19.920+0000] {logging_mixin.py:188} INFO - [2025-07-06T11:09:19.920+0000] {dagbag.py:545} INFO - Filling up the DagBag from /opt/airflow/dags/trustpilot_dag.py
[2025-07-06T11:09:21.613+0000] {logging_mixin.py:188} INFO - 📁 Fichier .env chargé
[2025-07-06T11:09:21.614+0000] {logging_mixin.py:188} INFO - 👉 Mode scraping : prod
[2025-07-06T11:09:21.614+0000] {logging_mixin.py:188} INFO - 👉 Fichier d’entrée : data/verbatims_test.csv
[2025-07-06T11:09:21.621+0000] {processor.py:840} INFO - DAG(s) 'trustpilot_pipeline' retrieved from /opt/airflow/dags/trustpilot_dag.py
[2025-07-06T11:09:21.649+0000] {logging_mixin.py:188} INFO - [2025-07-06T11:09:21.649+0000] {dag.py:3096} INFO - Sync 1 DAGs
[2025-07-06T11:09:21.666+0000] {logging_mixin.py:188} INFO - [2025-07-06T11:09:21.666+0000] {dag.py:3954} INFO - Setting next_dagrun for trustpilot_pipeline to None, run_after=None
[2025-07-06T11:09:21.685+0000] {processor.py:183} INFO - Processing /opt/airflow/dags/trustpilot_dag.py took 1.777 seconds
[2025-07-06T11:09:51.812+0000] {processor.py:161} INFO - Started process (PID=9771) to work on /opt/airflow/dags/trustpilot_dag.py
[2025-07-06T11:09:51.813+0000] {processor.py:830} INFO - Processing file /opt/airflow/dags/trustpilot_dag.py for tasks to queue
[2025-07-06T11:09:51.815+0000] {logging_mixin.py:188} INFO - [2025-07-06T11:09:51.815+0000] {dagbag.py:545} INFO - Filling up the DagBag from /opt/airflow/dags/trustpilot_dag.py
[2025-07-06T11:09:53.522+0000] {logging_mixin.py:188} INFO - 📁 Fichier .env chargé
[2025-07-06T11:09:53.523+0000] {logging_mixin.py:188} INFO - 👉 Mode scraping : prod
[2025-07-06T11:09:53.523+0000] {logging_mixin.py:188} INFO - 👉 Fichier d’entrée : data/verbatims_test.csv
[2025-07-06T11:09:53.530+0000] {processor.py:840} INFO - DAG(s) 'trustpilot_pipeline' retrieved from /opt/airflow/dags/trustpilot_dag.py
[2025-07-06T11:09:53.560+0000] {logging_mixin.py:188} INFO - [2025-07-06T11:09:53.560+0000] {dag.py:3096} INFO - Sync 1 DAGs
[2025-07-06T11:09:53.576+0000] {logging_mixin.py:188} INFO - [2025-07-06T11:09:53.576+0000] {dag.py:3954} INFO - Setting next_dagrun for trustpilot_pipeline to None, run_after=None
[2025-07-06T11:09:53.595+0000] {processor.py:183} INFO - Processing /opt/airflow/dags/trustpilot_dag.py took 1.795 seconds
[2025-07-06T11:10:23.718+0000] {processor.py:161} INFO - Started process (PID=9777) to work on /opt/airflow/dags/trustpilot_dag.py
[2025-07-06T11:10:23.719+0000] {processor.py:830} INFO - Processing file /opt/airflow/dags/trustpilot_dag.py for tasks to queue
[2025-07-06T11:10:23.721+0000] {logging_mixin.py:188} INFO - [2025-07-06T11:10:23.721+0000] {dagbag.py:545} INFO - Filling up the DagBag from /opt/airflow/dags/trustpilot_dag.py
[2025-07-06T11:10:25.415+0000] {logging_mixin.py:188} INFO - 📁 Fichier .env chargé
[2025-07-06T11:10:25.416+0000] {logging_mixin.py:188} INFO - 👉 Mode scraping : prod
[2025-07-06T11:10:25.416+0000] {logging_mixin.py:188} INFO - 👉 Fichier d’entrée : data/verbatims_test.csv
[2025-07-06T11:10:25.423+0000] {processor.py:840} INFO - DAG(s) 'trustpilot_pipeline' retrieved from /opt/airflow/dags/trustpilot_dag.py
[2025-07-06T11:10:25.451+0000] {logging_mixin.py:188} INFO - [2025-07-06T11:10:25.451+0000] {dag.py:3096} INFO - Sync 1 DAGs
[2025-07-06T11:10:25.467+0000] {logging_mixin.py:188} INFO - [2025-07-06T11:10:25.466+0000] {dag.py:3954} INFO - Setting next_dagrun for trustpilot_pipeline to None, run_after=None
[2025-07-06T11:10:25.486+0000] {processor.py:183} INFO - Processing /opt/airflow/dags/trustpilot_dag.py took 1.776 seconds
[2025-07-06T11:10:55.603+0000] {processor.py:161} INFO - Started process (PID=9783) to work on /opt/airflow/dags/trustpilot_dag.py
[2025-07-06T11:10:55.604+0000] {processor.py:830} INFO - Processing file /opt/airflow/dags/trustpilot_dag.py for tasks to queue
[2025-07-06T11:10:55.606+0000] {logging_mixin.py:188} INFO - [2025-07-06T11:10:55.606+0000] {dagbag.py:545} INFO - Filling up the DagBag from /opt/airflow/dags/trustpilot_dag.py
[2025-07-06T11:10:57.140+0000] {logging_mixin.py:188} INFO - 📁 Fichier .env chargé
[2025-07-06T11:10:57.140+0000] {logging_mixin.py:188} INFO - 👉 Mode scraping : prod
[2025-07-06T11:10:57.140+0000] {logging_mixin.py:188} INFO - 👉 Fichier d’entrée : data/verbatims_test.csv
[2025-07-06T11:10:57.145+0000] {processor.py:840} INFO - DAG(s) 'trustpilot_pipeline' retrieved from /opt/airflow/dags/trustpilot_dag.py
[2025-07-06T11:10:57.164+0000] {logging_mixin.py:188} INFO - [2025-07-06T11:10:57.164+0000] {dag.py:3096} INFO - Sync 1 DAGs
[2025-07-06T11:10:57.174+0000] {logging_mixin.py:188} INFO - [2025-07-06T11:10:57.174+0000] {dag.py:3954} INFO - Setting next_dagrun for trustpilot_pipeline to None, run_after=None
[2025-07-06T11:10:57.188+0000] {processor.py:183} INFO - Processing /opt/airflow/dags/trustpilot_dag.py took 1.594 seconds
[2025-07-06T11:11:27.310+0000] {processor.py:161} INFO - Started process (PID=9789) to work on /opt/airflow/dags/trustpilot_dag.py
[2025-07-06T11:11:27.311+0000] {processor.py:830} INFO - Processing file /opt/airflow/dags/trustpilot_dag.py for tasks to queue
[2025-07-06T11:11:27.313+0000] {logging_mixin.py:188} INFO - [2025-07-06T11:11:27.313+0000] {dagbag.py:545} INFO - Filling up the DagBag from /opt/airflow/dags/trustpilot_dag.py
[2025-07-06T11:11:28.894+0000] {logging_mixin.py:188} INFO - 📁 Fichier .env chargé
[2025-07-06T11:11:28.894+0000] {logging_mixin.py:188} INFO - 👉 Mode scraping : prod
[2025-07-06T11:11:28.894+0000] {logging_mixin.py:188} INFO - 👉 Fichier d’entrée : data/verbatims_test.csv
[2025-07-06T11:11:28.901+0000] {processor.py:840} INFO - DAG(s) 'trustpilot_pipeline' retrieved from /opt/airflow/dags/trustpilot_dag.py
[2025-07-06T11:11:28.930+0000] {logging_mixin.py:188} INFO - [2025-07-06T11:11:28.929+0000] {dag.py:3096} INFO - Sync 1 DAGs
[2025-07-06T11:11:28.947+0000] {logging_mixin.py:188} INFO - [2025-07-06T11:11:28.947+0000] {dag.py:3954} INFO - Setting next_dagrun for trustpilot_pipeline to None, run_after=None
[2025-07-06T11:11:29.084+0000] {processor.py:183} INFO - Processing /opt/airflow/dags/trustpilot_dag.py took 1.783 seconds
[2025-07-06T11:11:59.202+0000] {processor.py:161} INFO - Started process (PID=9795) to work on /opt/airflow/dags/trustpilot_dag.py
[2025-07-06T11:11:59.203+0000] {processor.py:830} INFO - Processing file /opt/airflow/dags/trustpilot_dag.py for tasks to queue
[2025-07-06T11:11:59.205+0000] {logging_mixin.py:188} INFO - [2025-07-06T11:11:59.205+0000] {dagbag.py:545} INFO - Filling up the DagBag from /opt/airflow/dags/trustpilot_dag.py
[2025-07-06T11:12:00.890+0000] {logging_mixin.py:188} INFO - 📁 Fichier .env chargé
[2025-07-06T11:12:00.891+0000] {logging_mixin.py:188} INFO - 👉 Mode scraping : prod
[2025-07-06T11:12:00.891+0000] {logging_mixin.py:188} INFO - 👉 Fichier d’entrée : data/verbatims_test.csv
[2025-07-06T11:12:00.898+0000] {processor.py:840} INFO - DAG(s) 'trustpilot_pipeline' retrieved from /opt/airflow/dags/trustpilot_dag.py
[2025-07-06T11:12:00.928+0000] {logging_mixin.py:188} INFO - [2025-07-06T11:12:00.928+0000] {dag.py:3096} INFO - Sync 1 DAGs
[2025-07-06T11:12:00.944+0000] {logging_mixin.py:188} INFO - [2025-07-06T11:12:00.944+0000] {dag.py:3954} INFO - Setting next_dagrun for trustpilot_pipeline to None, run_after=None
[2025-07-06T11:12:00.963+0000] {processor.py:183} INFO - Processing /opt/airflow/dags/trustpilot_dag.py took 1.770 seconds
[2025-07-06T11:12:31.084+0000] {processor.py:161} INFO - Started process (PID=9801) to work on /opt/airflow/dags/trustpilot_dag.py
[2025-07-06T11:12:31.085+0000] {processor.py:830} INFO - Processing file /opt/airflow/dags/trustpilot_dag.py for tasks to queue
[2025-07-06T11:12:31.087+0000] {logging_mixin.py:188} INFO - [2025-07-06T11:12:31.087+0000] {dagbag.py:545} INFO - Filling up the DagBag from /opt/airflow/dags/trustpilot_dag.py
[2025-07-06T11:12:32.776+0000] {logging_mixin.py:188} INFO - 📁 Fichier .env chargé
[2025-07-06T11:12:32.776+0000] {logging_mixin.py:188} INFO - 👉 Mode scraping : prod
[2025-07-06T11:12:32.776+0000] {logging_mixin.py:188} INFO - 👉 Fichier d’entrée : data/verbatims_test.csv
[2025-07-06T11:12:32.783+0000] {processor.py:840} INFO - DAG(s) 'trustpilot_pipeline' retrieved from /opt/airflow/dags/trustpilot_dag.py
[2025-07-06T11:12:32.811+0000] {logging_mixin.py:188} INFO - [2025-07-06T11:12:32.811+0000] {dag.py:3096} INFO - Sync 1 DAGs
[2025-07-06T11:12:32.828+0000] {logging_mixin.py:188} INFO - [2025-07-06T11:12:32.828+0000] {dag.py:3954} INFO - Setting next_dagrun for trustpilot_pipeline to None, run_after=None
[2025-07-06T11:12:32.847+0000] {processor.py:183} INFO - Processing /opt/airflow/dags/trustpilot_dag.py took 1.772 seconds
[2025-07-06T11:13:02.987+0000] {processor.py:161} INFO - Started process (PID=9807) to work on /opt/airflow/dags/trustpilot_dag.py
[2025-07-06T11:13:02.988+0000] {processor.py:830} INFO - Processing file /opt/airflow/dags/trustpilot_dag.py for tasks to queue
[2025-07-06T11:13:02.990+0000] {logging_mixin.py:188} INFO - [2025-07-06T11:13:02.990+0000] {dagbag.py:545} INFO - Filling up the DagBag from /opt/airflow/dags/trustpilot_dag.py
[2025-07-06T11:13:04.679+0000] {logging_mixin.py:188} INFO - 📁 Fichier .env chargé
[2025-07-06T11:13:04.680+0000] {logging_mixin.py:188} INFO - 👉 Mode scraping : prod
[2025-07-06T11:13:04.680+0000] {logging_mixin.py:188} INFO - 👉 Fichier d’entrée : data/verbatims_test.csv
[2025-07-06T11:13:04.687+0000] {processor.py:840} INFO - DAG(s) 'trustpilot_pipeline' retrieved from /opt/airflow/dags/trustpilot_dag.py
[2025-07-06T11:13:04.717+0000] {logging_mixin.py:188} INFO - [2025-07-06T11:13:04.717+0000] {dag.py:3096} INFO - Sync 1 DAGs
[2025-07-06T11:13:04.733+0000] {logging_mixin.py:188} INFO - [2025-07-06T11:13:04.732+0000] {dag.py:3954} INFO - Setting next_dagrun for trustpilot_pipeline to None, run_after=None
[2025-07-06T11:13:04.751+0000] {processor.py:183} INFO - Processing /opt/airflow/dags/trustpilot_dag.py took 1.773 seconds
[2025-07-06T11:13:34.892+0000] {processor.py:161} INFO - Started process (PID=9813) to work on /opt/airflow/dags/trustpilot_dag.py
[2025-07-06T11:13:34.893+0000] {processor.py:830} INFO - Processing file /opt/airflow/dags/trustpilot_dag.py for tasks to queue
[2025-07-06T11:13:34.895+0000] {logging_mixin.py:188} INFO - [2025-07-06T11:13:34.895+0000] {dagbag.py:545} INFO - Filling up the DagBag from /opt/airflow/dags/trustpilot_dag.py
[2025-07-06T11:13:36.606+0000] {logging_mixin.py:188} INFO - 📁 Fichier .env chargé
[2025-07-06T11:13:36.606+0000] {logging_mixin.py:188} INFO - 👉 Mode scraping : prod
[2025-07-06T11:13:36.607+0000] {logging_mixin.py:188} INFO - 👉 Fichier d’entrée : data/verbatims_test.csv
[2025-07-06T11:13:36.614+0000] {processor.py:840} INFO - DAG(s) 'trustpilot_pipeline' retrieved from /opt/airflow/dags/trustpilot_dag.py
[2025-07-06T11:13:36.643+0000] {logging_mixin.py:188} INFO - [2025-07-06T11:13:36.642+0000] {dag.py:3096} INFO - Sync 1 DAGs
[2025-07-06T11:13:36.658+0000] {logging_mixin.py:188} INFO - [2025-07-06T11:13:36.658+0000] {dag.py:3954} INFO - Setting next_dagrun for trustpilot_pipeline to None, run_after=None
[2025-07-06T11:13:36.677+0000] {processor.py:183} INFO - Processing /opt/airflow/dags/trustpilot_dag.py took 1.796 seconds
[2025-07-06T11:14:06.806+0000] {processor.py:161} INFO - Started process (PID=9819) to work on /opt/airflow/dags/trustpilot_dag.py
[2025-07-06T11:14:06.807+0000] {processor.py:830} INFO - Processing file /opt/airflow/dags/trustpilot_dag.py for tasks to queue
[2025-07-06T11:14:06.809+0000] {logging_mixin.py:188} INFO - [2025-07-06T11:14:06.808+0000] {dagbag.py:545} INFO - Filling up the DagBag from /opt/airflow/dags/trustpilot_dag.py
[2025-07-06T11:14:08.388+0000] {logging_mixin.py:188} INFO - 📁 Fichier .env chargé
[2025-07-06T11:14:08.388+0000] {logging_mixin.py:188} INFO - 👉 Mode scraping : prod
[2025-07-06T11:14:08.388+0000] {logging_mixin.py:188} INFO - 👉 Fichier d’entrée : data/verbatims_test.csv
[2025-07-06T11:14:08.395+0000] {processor.py:840} INFO - DAG(s) 'trustpilot_pipeline' retrieved from /opt/airflow/dags/trustpilot_dag.py
[2025-07-06T11:14:08.424+0000] {logging_mixin.py:188} INFO - [2025-07-06T11:14:08.424+0000] {dag.py:3096} INFO - Sync 1 DAGs
[2025-07-06T11:14:08.440+0000] {logging_mixin.py:188} INFO - [2025-07-06T11:14:08.440+0000] {dag.py:3954} INFO - Setting next_dagrun for trustpilot_pipeline to None, run_after=None
[2025-07-06T11:14:08.461+0000] {processor.py:183} INFO - Processing /opt/airflow/dags/trustpilot_dag.py took 1.665 seconds
[2025-07-06T11:14:38.583+0000] {processor.py:161} INFO - Started process (PID=9825) to work on /opt/airflow/dags/trustpilot_dag.py
[2025-07-06T11:14:38.584+0000] {processor.py:830} INFO - Processing file /opt/airflow/dags/trustpilot_dag.py for tasks to queue
[2025-07-06T11:14:38.586+0000] {logging_mixin.py:188} INFO - [2025-07-06T11:14:38.586+0000] {dagbag.py:545} INFO - Filling up the DagBag from /opt/airflow/dags/trustpilot_dag.py
[2025-07-06T11:14:40.170+0000] {logging_mixin.py:188} INFO - 📁 Fichier .env chargé
[2025-07-06T11:14:40.170+0000] {logging_mixin.py:188} INFO - 👉 Mode scraping : prod
[2025-07-06T11:14:40.171+0000] {logging_mixin.py:188} INFO - 👉 Fichier d’entrée : data/verbatims_test.csv
[2025-07-06T11:14:40.178+0000] {processor.py:840} INFO - DAG(s) 'trustpilot_pipeline' retrieved from /opt/airflow/dags/trustpilot_dag.py
[2025-07-06T11:14:40.206+0000] {logging_mixin.py:188} INFO - [2025-07-06T11:14:40.206+0000] {dag.py:3096} INFO - Sync 1 DAGs
[2025-07-06T11:14:40.341+0000] {logging_mixin.py:188} INFO - [2025-07-06T11:14:40.341+0000] {dag.py:3954} INFO - Setting next_dagrun for trustpilot_pipeline to None, run_after=None
[2025-07-06T11:14:40.360+0000] {processor.py:183} INFO - Processing /opt/airflow/dags/trustpilot_dag.py took 1.786 seconds
[2025-07-06T11:15:10.478+0000] {processor.py:161} INFO - Started process (PID=9831) to work on /opt/airflow/dags/trustpilot_dag.py
[2025-07-06T11:15:10.479+0000] {processor.py:830} INFO - Processing file /opt/airflow/dags/trustpilot_dag.py for tasks to queue
[2025-07-06T11:15:10.481+0000] {logging_mixin.py:188} INFO - [2025-07-06T11:15:10.481+0000] {dagbag.py:545} INFO - Filling up the DagBag from /opt/airflow/dags/trustpilot_dag.py
[2025-07-06T11:15:12.169+0000] {logging_mixin.py:188} INFO - 📁 Fichier .env chargé
[2025-07-06T11:15:12.170+0000] {logging_mixin.py:188} INFO - 👉 Mode scraping : prod
[2025-07-06T11:15:12.170+0000] {logging_mixin.py:188} INFO - 👉 Fichier d’entrée : data/verbatims_test.csv
[2025-07-06T11:15:12.177+0000] {processor.py:840} INFO - DAG(s) 'trustpilot_pipeline' retrieved from /opt/airflow/dags/trustpilot_dag.py
[2025-07-06T11:15:12.205+0000] {logging_mixin.py:188} INFO - [2025-07-06T11:15:12.204+0000] {dag.py:3096} INFO - Sync 1 DAGs
[2025-07-06T11:15:12.222+0000] {logging_mixin.py:188} INFO - [2025-07-06T11:15:12.222+0000] {dag.py:3954} INFO - Setting next_dagrun for trustpilot_pipeline to None, run_after=None
[2025-07-06T11:15:12.241+0000] {processor.py:183} INFO - Processing /opt/airflow/dags/trustpilot_dag.py took 1.772 seconds
[2025-07-06T11:15:42.372+0000] {processor.py:161} INFO - Started process (PID=9837) to work on /opt/airflow/dags/trustpilot_dag.py
[2025-07-06T11:15:42.373+0000] {processor.py:830} INFO - Processing file /opt/airflow/dags/trustpilot_dag.py for tasks to queue
[2025-07-06T11:15:42.375+0000] {logging_mixin.py:188} INFO - [2025-07-06T11:15:42.375+0000] {dagbag.py:545} INFO - Filling up the DagBag from /opt/airflow/dags/trustpilot_dag.py
[2025-07-06T11:15:44.063+0000] {logging_mixin.py:188} INFO - 📁 Fichier .env chargé
[2025-07-06T11:15:44.064+0000] {logging_mixin.py:188} INFO - 👉 Mode scraping : prod
[2025-07-06T11:15:44.064+0000] {logging_mixin.py:188} INFO - 👉 Fichier d’entrée : data/verbatims_test.csv
[2025-07-06T11:15:44.071+0000] {processor.py:840} INFO - DAG(s) 'trustpilot_pipeline' retrieved from /opt/airflow/dags/trustpilot_dag.py
[2025-07-06T11:15:44.101+0000] {logging_mixin.py:188} INFO - [2025-07-06T11:15:44.101+0000] {dag.py:3096} INFO - Sync 1 DAGs
[2025-07-06T11:15:44.117+0000] {logging_mixin.py:188} INFO - [2025-07-06T11:15:44.117+0000] {dag.py:3954} INFO - Setting next_dagrun for trustpilot_pipeline to None, run_after=None
[2025-07-06T11:15:44.136+0000] {processor.py:183} INFO - Processing /opt/airflow/dags/trustpilot_dag.py took 1.773 seconds
[2025-07-06T11:16:14.262+0000] {processor.py:161} INFO - Started process (PID=9843) to work on /opt/airflow/dags/trustpilot_dag.py
[2025-07-06T11:16:14.263+0000] {processor.py:830} INFO - Processing file /opt/airflow/dags/trustpilot_dag.py for tasks to queue
[2025-07-06T11:16:14.265+0000] {logging_mixin.py:188} INFO - [2025-07-06T11:16:14.265+0000] {dagbag.py:545} INFO - Filling up the DagBag from /opt/airflow/dags/trustpilot_dag.py
[2025-07-06T11:16:15.961+0000] {logging_mixin.py:188} INFO - 📁 Fichier .env chargé
[2025-07-06T11:16:15.962+0000] {logging_mixin.py:188} INFO - 👉 Mode scraping : prod
[2025-07-06T11:16:15.962+0000] {logging_mixin.py:188} INFO - 👉 Fichier d’entrée : data/verbatims_test.csv
[2025-07-06T11:16:15.969+0000] {processor.py:840} INFO - DAG(s) 'trustpilot_pipeline' retrieved from /opt/airflow/dags/trustpilot_dag.py
[2025-07-06T11:16:15.997+0000] {logging_mixin.py:188} INFO - [2025-07-06T11:16:15.997+0000] {dag.py:3096} INFO - Sync 1 DAGs
[2025-07-06T11:16:16.013+0000] {logging_mixin.py:188} INFO - [2025-07-06T11:16:16.013+0000] {dag.py:3954} INFO - Setting next_dagrun for trustpilot_pipeline to None, run_after=None
[2025-07-06T11:16:16.032+0000] {processor.py:183} INFO - Processing /opt/airflow/dags/trustpilot_dag.py took 1.779 seconds
[2025-07-06T11:16:46.156+0000] {processor.py:161} INFO - Started process (PID=9849) to work on /opt/airflow/dags/trustpilot_dag.py
[2025-07-06T11:16:46.157+0000] {processor.py:830} INFO - Processing file /opt/airflow/dags/trustpilot_dag.py for tasks to queue
[2025-07-06T11:16:46.159+0000] {logging_mixin.py:188} INFO - [2025-07-06T11:16:46.159+0000] {dagbag.py:545} INFO - Filling up the DagBag from /opt/airflow/dags/trustpilot_dag.py
[2025-07-06T11:16:47.846+0000] {logging_mixin.py:188} INFO - 📁 Fichier .env chargé
[2025-07-06T11:16:47.846+0000] {logging_mixin.py:188} INFO - 👉 Mode scraping : prod
[2025-07-06T11:16:47.846+0000] {logging_mixin.py:188} INFO - 👉 Fichier d’entrée : data/verbatims_test.csv
[2025-07-06T11:16:47.853+0000] {processor.py:840} INFO - DAG(s) 'trustpilot_pipeline' retrieved from /opt/airflow/dags/trustpilot_dag.py
[2025-07-06T11:16:47.881+0000] {logging_mixin.py:188} INFO - [2025-07-06T11:16:47.881+0000] {dag.py:3096} INFO - Sync 1 DAGs
[2025-07-06T11:16:47.897+0000] {logging_mixin.py:188} INFO - [2025-07-06T11:16:47.896+0000] {dag.py:3954} INFO - Setting next_dagrun for trustpilot_pipeline to None, run_after=None
[2025-07-06T11:16:47.915+0000] {processor.py:183} INFO - Processing /opt/airflow/dags/trustpilot_dag.py took 1.769 seconds
[2025-07-06T11:17:18.036+0000] {processor.py:161} INFO - Started process (PID=9855) to work on /opt/airflow/dags/trustpilot_dag.py
[2025-07-06T11:17:18.038+0000] {processor.py:830} INFO - Processing file /opt/airflow/dags/trustpilot_dag.py for tasks to queue
[2025-07-06T11:17:18.040+0000] {logging_mixin.py:188} INFO - [2025-07-06T11:17:18.039+0000] {dagbag.py:545} INFO - Filling up the DagBag from /opt/airflow/dags/trustpilot_dag.py
[2025-07-06T11:17:19.643+0000] {logging_mixin.py:188} INFO - 📁 Fichier .env chargé
[2025-07-06T11:17:19.643+0000] {logging_mixin.py:188} INFO - 👉 Mode scraping : prod
[2025-07-06T11:17:19.644+0000] {logging_mixin.py:188} INFO - 👉 Fichier d’entrée : data/verbatims_test.csv
[2025-07-06T11:17:19.651+0000] {processor.py:840} INFO - DAG(s) 'trustpilot_pipeline' retrieved from /opt/airflow/dags/trustpilot_dag.py
[2025-07-06T11:17:19.679+0000] {logging_mixin.py:188} INFO - [2025-07-06T11:17:19.678+0000] {dag.py:3096} INFO - Sync 1 DAGs
[2025-07-06T11:17:19.696+0000] {logging_mixin.py:188} INFO - [2025-07-06T11:17:19.696+0000] {dag.py:3954} INFO - Setting next_dagrun for trustpilot_pipeline to None, run_after=None
[2025-07-06T11:17:19.833+0000] {processor.py:183} INFO - Processing /opt/airflow/dags/trustpilot_dag.py took 1.807 seconds
[2025-07-06T11:17:49.937+0000] {processor.py:161} INFO - Started process (PID=9861) to work on /opt/airflow/dags/trustpilot_dag.py
[2025-07-06T11:17:49.939+0000] {processor.py:830} INFO - Processing file /opt/airflow/dags/trustpilot_dag.py for tasks to queue
[2025-07-06T11:17:49.941+0000] {logging_mixin.py:188} INFO - [2025-07-06T11:17:49.940+0000] {dagbag.py:545} INFO - Filling up the DagBag from /opt/airflow/dags/trustpilot_dag.py
[2025-07-06T11:17:51.628+0000] {logging_mixin.py:188} INFO - 📁 Fichier .env chargé
[2025-07-06T11:17:51.629+0000] {logging_mixin.py:188} INFO - 👉 Mode scraping : prod
[2025-07-06T11:17:51.629+0000] {logging_mixin.py:188} INFO - 👉 Fichier d’entrée : data/verbatims_test.csv
[2025-07-06T11:17:51.636+0000] {processor.py:840} INFO - DAG(s) 'trustpilot_pipeline' retrieved from /opt/airflow/dags/trustpilot_dag.py
[2025-07-06T11:17:51.666+0000] {logging_mixin.py:188} INFO - [2025-07-06T11:17:51.666+0000] {dag.py:3096} INFO - Sync 1 DAGs
[2025-07-06T11:17:51.682+0000] {logging_mixin.py:188} INFO - [2025-07-06T11:17:51.681+0000] {dag.py:3954} INFO - Setting next_dagrun for trustpilot_pipeline to None, run_after=None
[2025-07-06T11:17:51.700+0000] {processor.py:183} INFO - Processing /opt/airflow/dags/trustpilot_dag.py took 1.772 seconds
[2025-07-06T11:18:21.836+0000] {processor.py:161} INFO - Started process (PID=9867) to work on /opt/airflow/dags/trustpilot_dag.py
[2025-07-06T11:18:21.837+0000] {processor.py:830} INFO - Processing file /opt/airflow/dags/trustpilot_dag.py for tasks to queue
[2025-07-06T11:18:21.839+0000] {logging_mixin.py:188} INFO - [2025-07-06T11:18:21.839+0000] {dagbag.py:545} INFO - Filling up the DagBag from /opt/airflow/dags/trustpilot_dag.py
[2025-07-06T11:18:23.527+0000] {logging_mixin.py:188} INFO - 📁 Fichier .env chargé
[2025-07-06T11:18:23.528+0000] {logging_mixin.py:188} INFO - 👉 Mode scraping : prod
[2025-07-06T11:18:23.528+0000] {logging_mixin.py:188} INFO - 👉 Fichier d’entrée : data/verbatims_test.csv
[2025-07-06T11:18:23.535+0000] {processor.py:840} INFO - DAG(s) 'trustpilot_pipeline' retrieved from /opt/airflow/dags/trustpilot_dag.py
[2025-07-06T11:18:23.564+0000] {logging_mixin.py:188} INFO - [2025-07-06T11:18:23.564+0000] {dag.py:3096} INFO - Sync 1 DAGs
[2025-07-06T11:18:23.580+0000] {logging_mixin.py:188} INFO - [2025-07-06T11:18:23.579+0000] {dag.py:3954} INFO - Setting next_dagrun for trustpilot_pipeline to None, run_after=None
[2025-07-06T11:18:23.598+0000] {processor.py:183} INFO - Processing /opt/airflow/dags/trustpilot_dag.py took 1.771 seconds
[2025-07-06T11:18:53.730+0000] {processor.py:161} INFO - Started process (PID=9873) to work on /opt/airflow/dags/trustpilot_dag.py
[2025-07-06T11:18:53.731+0000] {processor.py:830} INFO - Processing file /opt/airflow/dags/trustpilot_dag.py for tasks to queue
[2025-07-06T11:18:53.733+0000] {logging_mixin.py:188} INFO - [2025-07-06T11:18:53.733+0000] {dagbag.py:545} INFO - Filling up the DagBag from /opt/airflow/dags/trustpilot_dag.py
[2025-07-06T11:18:55.439+0000] {logging_mixin.py:188} INFO - 📁 Fichier .env chargé
[2025-07-06T11:18:55.439+0000] {logging_mixin.py:188} INFO - 👉 Mode scraping : prod
[2025-07-06T11:18:55.439+0000] {logging_mixin.py:188} INFO - 👉 Fichier d’entrée : data/verbatims_test.csv
[2025-07-06T11:18:55.448+0000] {processor.py:840} INFO - DAG(s) 'trustpilot_pipeline' retrieved from /opt/airflow/dags/trustpilot_dag.py
[2025-07-06T11:18:55.476+0000] {logging_mixin.py:188} INFO - [2025-07-06T11:18:55.476+0000] {dag.py:3096} INFO - Sync 1 DAGs
[2025-07-06T11:18:55.492+0000] {logging_mixin.py:188} INFO - [2025-07-06T11:18:55.492+0000] {dag.py:3954} INFO - Setting next_dagrun for trustpilot_pipeline to None, run_after=None
[2025-07-06T11:18:55.510+0000] {processor.py:183} INFO - Processing /opt/airflow/dags/trustpilot_dag.py took 1.792 seconds
[2025-07-06T11:19:25.624+0000] {processor.py:161} INFO - Started process (PID=9879) to work on /opt/airflow/dags/trustpilot_dag.py
[2025-07-06T11:19:25.625+0000] {processor.py:830} INFO - Processing file /opt/airflow/dags/trustpilot_dag.py for tasks to queue
[2025-07-06T11:19:25.627+0000] {logging_mixin.py:188} INFO - [2025-07-06T11:19:25.627+0000] {dagbag.py:545} INFO - Filling up the DagBag from /opt/airflow/dags/trustpilot_dag.py
[2025-07-06T11:19:27.322+0000] {logging_mixin.py:188} INFO - 📁 Fichier .env chargé
[2025-07-06T11:19:27.322+0000] {logging_mixin.py:188} INFO - 👉 Mode scraping : prod
[2025-07-06T11:19:27.322+0000] {logging_mixin.py:188} INFO - 👉 Fichier d’entrée : data/verbatims_test.csv
[2025-07-06T11:19:27.329+0000] {processor.py:840} INFO - DAG(s) 'trustpilot_pipeline' retrieved from /opt/airflow/dags/trustpilot_dag.py
[2025-07-06T11:19:27.358+0000] {logging_mixin.py:188} INFO - [2025-07-06T11:19:27.358+0000] {dag.py:3096} INFO - Sync 1 DAGs
[2025-07-06T11:19:27.374+0000] {logging_mixin.py:188} INFO - [2025-07-06T11:19:27.374+0000] {dag.py:3954} INFO - Setting next_dagrun for trustpilot_pipeline to None, run_after=None
[2025-07-06T11:19:27.393+0000] {processor.py:183} INFO - Processing /opt/airflow/dags/trustpilot_dag.py took 1.778 seconds
[2025-07-06T11:19:57.509+0000] {processor.py:161} INFO - Started process (PID=9885) to work on /opt/airflow/dags/trustpilot_dag.py
[2025-07-06T11:19:57.510+0000] {processor.py:830} INFO - Processing file /opt/airflow/dags/trustpilot_dag.py for tasks to queue
[2025-07-06T11:19:57.512+0000] {logging_mixin.py:188} INFO - [2025-07-06T11:19:57.512+0000] {dagbag.py:545} INFO - Filling up the DagBag from /opt/airflow/dags/trustpilot_dag.py
[2025-07-06T11:19:59.088+0000] {logging_mixin.py:188} INFO - 📁 Fichier .env chargé
[2025-07-06T11:19:59.089+0000] {logging_mixin.py:188} INFO - 👉 Mode scraping : prod
[2025-07-06T11:19:59.089+0000] {logging_mixin.py:188} INFO - 👉 Fichier d’entrée : data/verbatims_test.csv
[2025-07-06T11:19:59.096+0000] {processor.py:840} INFO - DAG(s) 'trustpilot_pipeline' retrieved from /opt/airflow/dags/trustpilot_dag.py
[2025-07-06T11:19:59.124+0000] {logging_mixin.py:188} INFO - [2025-07-06T11:19:59.124+0000] {dag.py:3096} INFO - Sync 1 DAGs
[2025-07-06T11:19:59.140+0000] {logging_mixin.py:188} INFO - [2025-07-06T11:19:59.139+0000] {dag.py:3954} INFO - Setting next_dagrun for trustpilot_pipeline to None, run_after=None
[2025-07-06T11:19:59.160+0000] {processor.py:183} INFO - Processing /opt/airflow/dags/trustpilot_dag.py took 1.660 seconds
[2025-07-06T11:20:29.281+0000] {processor.py:161} INFO - Started process (PID=9891) to work on /opt/airflow/dags/trustpilot_dag.py
[2025-07-06T11:20:29.282+0000] {processor.py:830} INFO - Processing file /opt/airflow/dags/trustpilot_dag.py for tasks to queue
[2025-07-06T11:20:29.284+0000] {logging_mixin.py:188} INFO - [2025-07-06T11:20:29.284+0000] {dagbag.py:545} INFO - Filling up the DagBag from /opt/airflow/dags/trustpilot_dag.py
[2025-07-06T11:20:30.864+0000] {logging_mixin.py:188} INFO - 📁 Fichier .env chargé
[2025-07-06T11:20:30.864+0000] {logging_mixin.py:188} INFO - 👉 Mode scraping : prod
[2025-07-06T11:20:30.865+0000] {logging_mixin.py:188} INFO - 👉 Fichier d’entrée : data/verbatims_test.csv
[2025-07-06T11:20:30.872+0000] {processor.py:840} INFO - DAG(s) 'trustpilot_pipeline' retrieved from /opt/airflow/dags/trustpilot_dag.py
[2025-07-06T11:20:30.899+0000] {logging_mixin.py:188} INFO - [2025-07-06T11:20:30.899+0000] {dag.py:3096} INFO - Sync 1 DAGs
[2025-07-06T11:20:31.033+0000] {logging_mixin.py:188} INFO - [2025-07-06T11:20:31.032+0000] {dag.py:3954} INFO - Setting next_dagrun for trustpilot_pipeline to None, run_after=None
[2025-07-06T11:20:31.052+0000] {processor.py:183} INFO - Processing /opt/airflow/dags/trustpilot_dag.py took 1.780 seconds
[2025-07-06T11:21:01.177+0000] {processor.py:161} INFO - Started process (PID=9897) to work on /opt/airflow/dags/trustpilot_dag.py
[2025-07-06T11:21:01.179+0000] {processor.py:830} INFO - Processing file /opt/airflow/dags/trustpilot_dag.py for tasks to queue
[2025-07-06T11:21:01.181+0000] {logging_mixin.py:188} INFO - [2025-07-06T11:21:01.180+0000] {dagbag.py:545} INFO - Filling up the DagBag from /opt/airflow/dags/trustpilot_dag.py
[2025-07-06T11:21:02.869+0000] {logging_mixin.py:188} INFO - 📁 Fichier .env chargé
[2025-07-06T11:21:02.870+0000] {logging_mixin.py:188} INFO - 👉 Mode scraping : prod
[2025-07-06T11:21:02.870+0000] {logging_mixin.py:188} INFO - 👉 Fichier d’entrée : data/verbatims_test.csv
[2025-07-06T11:21:02.877+0000] {processor.py:840} INFO - DAG(s) 'trustpilot_pipeline' retrieved from /opt/airflow/dags/trustpilot_dag.py
[2025-07-06T11:21:02.905+0000] {logging_mixin.py:188} INFO - [2025-07-06T11:21:02.904+0000] {dag.py:3096} INFO - Sync 1 DAGs
[2025-07-06T11:21:02.922+0000] {logging_mixin.py:188} INFO - [2025-07-06T11:21:02.922+0000] {dag.py:3954} INFO - Setting next_dagrun for trustpilot_pipeline to None, run_after=None
[2025-07-06T11:21:02.940+0000] {processor.py:183} INFO - Processing /opt/airflow/dags/trustpilot_dag.py took 1.772 seconds
[2025-07-06T11:21:33.063+0000] {processor.py:161} INFO - Started process (PID=9903) to work on /opt/airflow/dags/trustpilot_dag.py
[2025-07-06T11:21:33.064+0000] {processor.py:830} INFO - Processing file /opt/airflow/dags/trustpilot_dag.py for tasks to queue
[2025-07-06T11:21:33.066+0000] {logging_mixin.py:188} INFO - [2025-07-06T11:21:33.066+0000] {dagbag.py:545} INFO - Filling up the DagBag from /opt/airflow/dags/trustpilot_dag.py
[2025-07-06T11:21:34.757+0000] {logging_mixin.py:188} INFO - 📁 Fichier .env chargé
[2025-07-06T11:21:34.758+0000] {logging_mixin.py:188} INFO - 👉 Mode scraping : prod
[2025-07-06T11:21:34.758+0000] {logging_mixin.py:188} INFO - 👉 Fichier d’entrée : data/verbatims_test.csv
[2025-07-06T11:21:34.765+0000] {processor.py:840} INFO - DAG(s) 'trustpilot_pipeline' retrieved from /opt/airflow/dags/trustpilot_dag.py
[2025-07-06T11:21:34.795+0000] {logging_mixin.py:188} INFO - [2025-07-06T11:21:34.794+0000] {dag.py:3096} INFO - Sync 1 DAGs
[2025-07-06T11:21:34.810+0000] {logging_mixin.py:188} INFO - [2025-07-06T11:21:34.810+0000] {dag.py:3954} INFO - Setting next_dagrun for trustpilot_pipeline to None, run_after=None
[2025-07-06T11:21:34.829+0000] {processor.py:183} INFO - Processing /opt/airflow/dags/trustpilot_dag.py took 1.775 seconds
[2025-07-06T11:22:04.887+0000] {processor.py:161} INFO - Started process (PID=9909) to work on /opt/airflow/dags/trustpilot_dag.py
[2025-07-06T11:22:04.888+0000] {processor.py:830} INFO - Processing file /opt/airflow/dags/trustpilot_dag.py for tasks to queue
[2025-07-06T11:22:04.891+0000] {logging_mixin.py:188} INFO - [2025-07-06T11:22:04.890+0000] {dagbag.py:545} INFO - Filling up the DagBag from /opt/airflow/dags/trustpilot_dag.py
[2025-07-06T11:22:06.602+0000] {logging_mixin.py:188} INFO - 📁 Fichier .env chargé
[2025-07-06T11:22:06.602+0000] {logging_mixin.py:188} INFO - 👉 Mode scraping : prod
[2025-07-06T11:22:06.602+0000] {logging_mixin.py:188} INFO - 👉 Fichier d’entrée : data/verbatims_test.csv
[2025-07-06T11:22:06.610+0000] {processor.py:840} INFO - DAG(s) 'trustpilot_pipeline' retrieved from /opt/airflow/dags/trustpilot_dag.py
[2025-07-06T11:22:06.638+0000] {logging_mixin.py:188} INFO - [2025-07-06T11:22:06.638+0000] {dag.py:3096} INFO - Sync 1 DAGs
[2025-07-06T11:22:06.654+0000] {logging_mixin.py:188} INFO - [2025-07-06T11:22:06.654+0000] {dag.py:3954} INFO - Setting next_dagrun for trustpilot_pipeline to None, run_after=None
[2025-07-06T11:22:06.674+0000] {processor.py:183} INFO - Processing /opt/airflow/dags/trustpilot_dag.py took 1.798 seconds
[2025-07-06T11:22:36.817+0000] {processor.py:161} INFO - Started process (PID=9915) to work on /opt/airflow/dags/trustpilot_dag.py
[2025-07-06T11:22:36.818+0000] {processor.py:830} INFO - Processing file /opt/airflow/dags/trustpilot_dag.py for tasks to queue
[2025-07-06T11:22:36.820+0000] {logging_mixin.py:188} INFO - [2025-07-06T11:22:36.819+0000] {dagbag.py:545} INFO - Filling up the DagBag from /opt/airflow/dags/trustpilot_dag.py
[2025-07-06T11:22:38.509+0000] {logging_mixin.py:188} INFO - 📁 Fichier .env chargé
[2025-07-06T11:22:38.509+0000] {logging_mixin.py:188} INFO - 👉 Mode scraping : prod
[2025-07-06T11:22:38.510+0000] {logging_mixin.py:188} INFO - 👉 Fichier d’entrée : data/verbatims_test.csv
[2025-07-06T11:22:38.517+0000] {processor.py:840} INFO - DAG(s) 'trustpilot_pipeline' retrieved from /opt/airflow/dags/trustpilot_dag.py
[2025-07-06T11:22:38.545+0000] {logging_mixin.py:188} INFO - [2025-07-06T11:22:38.544+0000] {dag.py:3096} INFO - Sync 1 DAGs
[2025-07-06T11:22:38.560+0000] {logging_mixin.py:188} INFO - [2025-07-06T11:22:38.560+0000] {dag.py:3954} INFO - Setting next_dagrun for trustpilot_pipeline to None, run_after=None
[2025-07-06T11:22:38.578+0000] {processor.py:183} INFO - Processing /opt/airflow/dags/trustpilot_dag.py took 1.771 seconds
[2025-07-06T11:23:08.710+0000] {processor.py:161} INFO - Started process (PID=9921) to work on /opt/airflow/dags/trustpilot_dag.py
[2025-07-06T11:23:08.711+0000] {processor.py:830} INFO - Processing file /opt/airflow/dags/trustpilot_dag.py for tasks to queue
[2025-07-06T11:23:08.713+0000] {logging_mixin.py:188} INFO - [2025-07-06T11:23:08.713+0000] {dagbag.py:545} INFO - Filling up the DagBag from /opt/airflow/dags/trustpilot_dag.py
[2025-07-06T11:23:10.289+0000] {logging_mixin.py:188} INFO - 📁 Fichier .env chargé
[2025-07-06T11:23:10.290+0000] {logging_mixin.py:188} INFO - 👉 Mode scraping : prod
[2025-07-06T11:23:10.290+0000] {logging_mixin.py:188} INFO - 👉 Fichier d’entrée : data/verbatims_test.csv
[2025-07-06T11:23:10.297+0000] {processor.py:840} INFO - DAG(s) 'trustpilot_pipeline' retrieved from /opt/airflow/dags/trustpilot_dag.py
[2025-07-06T11:23:10.326+0000] {logging_mixin.py:188} INFO - [2025-07-06T11:23:10.325+0000] {dag.py:3096} INFO - Sync 1 DAGs
[2025-07-06T11:23:10.461+0000] {logging_mixin.py:188} INFO - [2025-07-06T11:23:10.460+0000] {dag.py:3954} INFO - Setting next_dagrun for trustpilot_pipeline to None, run_after=None
[2025-07-06T11:23:10.480+0000] {processor.py:183} INFO - Processing /opt/airflow/dags/trustpilot_dag.py took 1.779 seconds
[2025-07-06T11:23:40.599+0000] {processor.py:161} INFO - Started process (PID=9927) to work on /opt/airflow/dags/trustpilot_dag.py
[2025-07-06T11:23:40.600+0000] {processor.py:830} INFO - Processing file /opt/airflow/dags/trustpilot_dag.py for tasks to queue
[2025-07-06T11:23:40.603+0000] {logging_mixin.py:188} INFO - [2025-07-06T11:23:40.602+0000] {dagbag.py:545} INFO - Filling up the DagBag from /opt/airflow/dags/trustpilot_dag.py
[2025-07-06T11:23:42.311+0000] {logging_mixin.py:188} INFO - 📁 Fichier .env chargé
[2025-07-06T11:23:42.312+0000] {logging_mixin.py:188} INFO - 👉 Mode scraping : prod
[2025-07-06T11:23:42.312+0000] {logging_mixin.py:188} INFO - 👉 Fichier d’entrée : data/verbatims_test.csv
[2025-07-06T11:23:42.319+0000] {processor.py:840} INFO - DAG(s) 'trustpilot_pipeline' retrieved from /opt/airflow/dags/trustpilot_dag.py
[2025-07-06T11:23:42.348+0000] {logging_mixin.py:188} INFO - [2025-07-06T11:23:42.348+0000] {dag.py:3096} INFO - Sync 1 DAGs
[2025-07-06T11:23:42.365+0000] {logging_mixin.py:188} INFO - [2025-07-06T11:23:42.365+0000] {dag.py:3954} INFO - Setting next_dagrun for trustpilot_pipeline to None, run_after=None
[2025-07-06T11:23:42.384+0000] {processor.py:183} INFO - Processing /opt/airflow/dags/trustpilot_dag.py took 1.796 seconds
[2025-07-06T11:24:12.504+0000] {processor.py:161} INFO - Started process (PID=9933) to work on /opt/airflow/dags/trustpilot_dag.py
[2025-07-06T11:24:12.505+0000] {processor.py:830} INFO - Processing file /opt/airflow/dags/trustpilot_dag.py for tasks to queue
[2025-07-06T11:24:12.507+0000] {logging_mixin.py:188} INFO - [2025-07-06T11:24:12.506+0000] {dagbag.py:545} INFO - Filling up the DagBag from /opt/airflow/dags/trustpilot_dag.py
[2025-07-06T11:24:14.195+0000] {logging_mixin.py:188} INFO - 📁 Fichier .env chargé
[2025-07-06T11:24:14.195+0000] {logging_mixin.py:188} INFO - 👉 Mode scraping : prod
[2025-07-06T11:24:14.196+0000] {logging_mixin.py:188} INFO - 👉 Fichier d’entrée : data/verbatims_test.csv
[2025-07-06T11:24:14.203+0000] {processor.py:840} INFO - DAG(s) 'trustpilot_pipeline' retrieved from /opt/airflow/dags/trustpilot_dag.py
[2025-07-06T11:24:14.232+0000] {logging_mixin.py:188} INFO - [2025-07-06T11:24:14.232+0000] {dag.py:3096} INFO - Sync 1 DAGs
[2025-07-06T11:24:14.248+0000] {logging_mixin.py:188} INFO - [2025-07-06T11:24:14.247+0000] {dag.py:3954} INFO - Setting next_dagrun for trustpilot_pipeline to None, run_after=None
[2025-07-06T11:24:14.266+0000] {processor.py:183} INFO - Processing /opt/airflow/dags/trustpilot_dag.py took 1.772 seconds
[2025-07-06T11:24:44.409+0000] {processor.py:161} INFO - Started process (PID=9939) to work on /opt/airflow/dags/trustpilot_dag.py
[2025-07-06T11:24:44.410+0000] {processor.py:830} INFO - Processing file /opt/airflow/dags/trustpilot_dag.py for tasks to queue
[2025-07-06T11:24:44.412+0000] {logging_mixin.py:188} INFO - [2025-07-06T11:24:44.411+0000] {dagbag.py:545} INFO - Filling up the DagBag from /opt/airflow/dags/trustpilot_dag.py
[2025-07-06T11:24:46.098+0000] {logging_mixin.py:188} INFO - 📁 Fichier .env chargé
[2025-07-06T11:24:46.099+0000] {logging_mixin.py:188} INFO - 👉 Mode scraping : prod
[2025-07-06T11:24:46.099+0000] {logging_mixin.py:188} INFO - 👉 Fichier d’entrée : data/verbatims_test.csv
[2025-07-06T11:24:46.108+0000] {processor.py:840} INFO - DAG(s) 'trustpilot_pipeline' retrieved from /opt/airflow/dags/trustpilot_dag.py
[2025-07-06T11:24:46.136+0000] {logging_mixin.py:188} INFO - [2025-07-06T11:24:46.136+0000] {dag.py:3096} INFO - Sync 1 DAGs
[2025-07-06T11:24:46.152+0000] {logging_mixin.py:188} INFO - [2025-07-06T11:24:46.152+0000] {dag.py:3954} INFO - Setting next_dagrun for trustpilot_pipeline to None, run_after=None
[2025-07-06T11:24:46.171+0000] {processor.py:183} INFO - Processing /opt/airflow/dags/trustpilot_dag.py took 1.771 seconds
[2025-07-06T11:25:16.293+0000] {processor.py:161} INFO - Started process (PID=9945) to work on /opt/airflow/dags/trustpilot_dag.py
[2025-07-06T11:25:16.294+0000] {processor.py:830} INFO - Processing file /opt/airflow/dags/trustpilot_dag.py for tasks to queue
[2025-07-06T11:25:16.296+0000] {logging_mixin.py:188} INFO - [2025-07-06T11:25:16.296+0000] {dagbag.py:545} INFO - Filling up the DagBag from /opt/airflow/dags/trustpilot_dag.py
[2025-07-06T11:25:17.984+0000] {logging_mixin.py:188} INFO - 📁 Fichier .env chargé
[2025-07-06T11:25:17.984+0000] {logging_mixin.py:188} INFO - 👉 Mode scraping : prod
[2025-07-06T11:25:17.985+0000] {logging_mixin.py:188} INFO - 👉 Fichier d’entrée : data/verbatims_test.csv
[2025-07-06T11:25:17.992+0000] {processor.py:840} INFO - DAG(s) 'trustpilot_pipeline' retrieved from /opt/airflow/dags/trustpilot_dag.py
[2025-07-06T11:25:18.020+0000] {logging_mixin.py:188} INFO - [2025-07-06T11:25:18.020+0000] {dag.py:3096} INFO - Sync 1 DAGs
[2025-07-06T11:25:18.036+0000] {logging_mixin.py:188} INFO - [2025-07-06T11:25:18.036+0000] {dag.py:3954} INFO - Setting next_dagrun for trustpilot_pipeline to None, run_after=None
[2025-07-06T11:25:18.055+0000] {processor.py:183} INFO - Processing /opt/airflow/dags/trustpilot_dag.py took 1.771 seconds
[2025-07-06T11:25:48.179+0000] {processor.py:161} INFO - Started process (PID=9951) to work on /opt/airflow/dags/trustpilot_dag.py
[2025-07-06T11:25:48.180+0000] {processor.py:830} INFO - Processing file /opt/airflow/dags/trustpilot_dag.py for tasks to queue
[2025-07-06T11:25:48.182+0000] {logging_mixin.py:188} INFO - [2025-07-06T11:25:48.182+0000] {dagbag.py:545} INFO - Filling up the DagBag from /opt/airflow/dags/trustpilot_dag.py
[2025-07-06T11:25:49.783+0000] {logging_mixin.py:188} INFO - 📁 Fichier .env chargé
[2025-07-06T11:25:49.783+0000] {logging_mixin.py:188} INFO - 👉 Mode scraping : prod
[2025-07-06T11:25:49.784+0000] {logging_mixin.py:188} INFO - 👉 Fichier d’entrée : data/verbatims_test.csv
[2025-07-06T11:25:49.791+0000] {processor.py:840} INFO - DAG(s) 'trustpilot_pipeline' retrieved from /opt/airflow/dags/trustpilot_dag.py
[2025-07-06T11:25:49.820+0000] {logging_mixin.py:188} INFO - [2025-07-06T11:25:49.819+0000] {dag.py:3096} INFO - Sync 1 DAGs
[2025-07-06T11:25:49.837+0000] {logging_mixin.py:188} INFO - [2025-07-06T11:25:49.837+0000] {dag.py:3954} INFO - Setting next_dagrun for trustpilot_pipeline to None, run_after=None
[2025-07-06T11:25:49.973+0000] {processor.py:183} INFO - Processing /opt/airflow/dags/trustpilot_dag.py took 1.806 seconds
[2025-07-06T11:26:20.091+0000] {processor.py:161} INFO - Started process (PID=9957) to work on /opt/airflow/dags/trustpilot_dag.py
[2025-07-06T11:26:20.092+0000] {processor.py:830} INFO - Processing file /opt/airflow/dags/trustpilot_dag.py for tasks to queue
[2025-07-06T11:26:20.094+0000] {logging_mixin.py:188} INFO - [2025-07-06T11:26:20.094+0000] {dagbag.py:545} INFO - Filling up the DagBag from /opt/airflow/dags/trustpilot_dag.py
[2025-07-06T11:26:21.777+0000] {logging_mixin.py:188} INFO - 📁 Fichier .env chargé
[2025-07-06T11:26:21.778+0000] {logging_mixin.py:188} INFO - 👉 Mode scraping : prod
[2025-07-06T11:26:21.778+0000] {logging_mixin.py:188} INFO - 👉 Fichier d’entrée : data/verbatims_test.csv
[2025-07-06T11:26:21.785+0000] {processor.py:840} INFO - DAG(s) 'trustpilot_pipeline' retrieved from /opt/airflow/dags/trustpilot_dag.py
[2025-07-06T11:26:21.815+0000] {logging_mixin.py:188} INFO - [2025-07-06T11:26:21.814+0000] {dag.py:3096} INFO - Sync 1 DAGs
[2025-07-06T11:26:21.830+0000] {logging_mixin.py:188} INFO - [2025-07-06T11:26:21.830+0000] {dag.py:3954} INFO - Setting next_dagrun for trustpilot_pipeline to None, run_after=None
[2025-07-06T11:26:21.849+0000] {processor.py:183} INFO - Processing /opt/airflow/dags/trustpilot_dag.py took 1.768 seconds
[2025-07-06T11:26:51.968+0000] {processor.py:161} INFO - Started process (PID=9963) to work on /opt/airflow/dags/trustpilot_dag.py
[2025-07-06T11:26:51.969+0000] {processor.py:830} INFO - Processing file /opt/airflow/dags/trustpilot_dag.py for tasks to queue
[2025-07-06T11:26:51.971+0000] {logging_mixin.py:188} INFO - [2025-07-06T11:26:51.971+0000] {dagbag.py:545} INFO - Filling up the DagBag from /opt/airflow/dags/trustpilot_dag.py
[2025-07-06T11:26:53.657+0000] {logging_mixin.py:188} INFO - 📁 Fichier .env chargé
[2025-07-06T11:26:53.657+0000] {logging_mixin.py:188} INFO - 👉 Mode scraping : prod
[2025-07-06T11:26:53.658+0000] {logging_mixin.py:188} INFO - 👉 Fichier d’entrée : data/verbatims_test.csv
[2025-07-06T11:26:53.665+0000] {processor.py:840} INFO - DAG(s) 'trustpilot_pipeline' retrieved from /opt/airflow/dags/trustpilot_dag.py
[2025-07-06T11:26:53.693+0000] {logging_mixin.py:188} INFO - [2025-07-06T11:26:53.692+0000] {dag.py:3096} INFO - Sync 1 DAGs
[2025-07-06T11:26:53.710+0000] {logging_mixin.py:188} INFO - [2025-07-06T11:26:53.710+0000] {dag.py:3954} INFO - Setting next_dagrun for trustpilot_pipeline to None, run_after=None
[2025-07-06T11:26:53.729+0000] {processor.py:183} INFO - Processing /opt/airflow/dags/trustpilot_dag.py took 1.770 seconds
[2025-07-06T11:27:23.861+0000] {processor.py:161} INFO - Started process (PID=9969) to work on /opt/airflow/dags/trustpilot_dag.py
[2025-07-06T11:27:23.862+0000] {processor.py:830} INFO - Processing file /opt/airflow/dags/trustpilot_dag.py for tasks to queue
[2025-07-06T11:27:23.864+0000] {logging_mixin.py:188} INFO - [2025-07-06T11:27:23.864+0000] {dagbag.py:545} INFO - Filling up the DagBag from /opt/airflow/dags/trustpilot_dag.py
[2025-07-06T11:27:25.554+0000] {logging_mixin.py:188} INFO - 📁 Fichier .env chargé
[2025-07-06T11:27:25.555+0000] {logging_mixin.py:188} INFO - 👉 Mode scraping : prod
[2025-07-06T11:27:25.555+0000] {logging_mixin.py:188} INFO - 👉 Fichier d’entrée : data/verbatims_test.csv
[2025-07-06T11:27:25.562+0000] {processor.py:840} INFO - DAG(s) 'trustpilot_pipeline' retrieved from /opt/airflow/dags/trustpilot_dag.py
[2025-07-06T11:27:25.592+0000] {logging_mixin.py:188} INFO - [2025-07-06T11:27:25.591+0000] {dag.py:3096} INFO - Sync 1 DAGs
[2025-07-06T11:27:25.607+0000] {logging_mixin.py:188} INFO - [2025-07-06T11:27:25.607+0000] {dag.py:3954} INFO - Setting next_dagrun for trustpilot_pipeline to None, run_after=None
[2025-07-06T11:27:25.626+0000] {processor.py:183} INFO - Processing /opt/airflow/dags/trustpilot_dag.py took 1.774 seconds
[2025-07-06T11:27:55.748+0000] {processor.py:161} INFO - Started process (PID=9975) to work on /opt/airflow/dags/trustpilot_dag.py
[2025-07-06T11:27:55.750+0000] {processor.py:830} INFO - Processing file /opt/airflow/dags/trustpilot_dag.py for tasks to queue
[2025-07-06T11:27:55.752+0000] {logging_mixin.py:188} INFO - [2025-07-06T11:27:55.751+0000] {dagbag.py:545} INFO - Filling up the DagBag from /opt/airflow/dags/trustpilot_dag.py
[2025-07-06T11:27:57.443+0000] {logging_mixin.py:188} INFO - 📁 Fichier .env chargé
[2025-07-06T11:27:57.443+0000] {logging_mixin.py:188} INFO - 👉 Mode scraping : prod
[2025-07-06T11:27:57.444+0000] {logging_mixin.py:188} INFO - 👉 Fichier d’entrée : data/verbatims_test.csv
[2025-07-06T11:27:57.451+0000] {processor.py:840} INFO - DAG(s) 'trustpilot_pipeline' retrieved from /opt/airflow/dags/trustpilot_dag.py
[2025-07-06T11:27:57.479+0000] {logging_mixin.py:188} INFO - [2025-07-06T11:27:57.478+0000] {dag.py:3096} INFO - Sync 1 DAGs
[2025-07-06T11:27:57.495+0000] {logging_mixin.py:188} INFO - [2025-07-06T11:27:57.494+0000] {dag.py:3954} INFO - Setting next_dagrun for trustpilot_pipeline to None, run_after=None
[2025-07-06T11:27:57.514+0000] {processor.py:183} INFO - Processing /opt/airflow/dags/trustpilot_dag.py took 1.775 seconds
[2025-07-06T11:28:27.637+0000] {processor.py:161} INFO - Started process (PID=9981) to work on /opt/airflow/dags/trustpilot_dag.py
[2025-07-06T11:28:27.638+0000] {processor.py:830} INFO - Processing file /opt/airflow/dags/trustpilot_dag.py for tasks to queue
[2025-07-06T11:28:27.640+0000] {logging_mixin.py:188} INFO - [2025-07-06T11:28:27.640+0000] {dagbag.py:545} INFO - Filling up the DagBag from /opt/airflow/dags/trustpilot_dag.py
[2025-07-06T11:28:29.223+0000] {logging_mixin.py:188} INFO - 📁 Fichier .env chargé
[2025-07-06T11:28:29.223+0000] {logging_mixin.py:188} INFO - 👉 Mode scraping : prod
[2025-07-06T11:28:29.223+0000] {logging_mixin.py:188} INFO - 👉 Fichier d’entrée : data/verbatims_test.csv
[2025-07-06T11:28:29.230+0000] {processor.py:840} INFO - DAG(s) 'trustpilot_pipeline' retrieved from /opt/airflow/dags/trustpilot_dag.py
[2025-07-06T11:28:29.258+0000] {logging_mixin.py:188} INFO - [2025-07-06T11:28:29.258+0000] {dag.py:3096} INFO - Sync 1 DAGs
[2025-07-06T11:28:29.274+0000] {logging_mixin.py:188} INFO - [2025-07-06T11:28:29.273+0000] {dag.py:3954} INFO - Setting next_dagrun for trustpilot_pipeline to None, run_after=None
[2025-07-06T11:28:29.294+0000] {processor.py:183} INFO - Processing /opt/airflow/dags/trustpilot_dag.py took 1.666 seconds
[2025-07-06T11:28:59.351+0000] {processor.py:161} INFO - Started process (PID=9987) to work on /opt/airflow/dags/trustpilot_dag.py
[2025-07-06T11:28:59.352+0000] {processor.py:830} INFO - Processing file /opt/airflow/dags/trustpilot_dag.py for tasks to queue
[2025-07-06T11:28:59.354+0000] {logging_mixin.py:188} INFO - [2025-07-06T11:28:59.354+0000] {dagbag.py:545} INFO - Filling up the DagBag from /opt/airflow/dags/trustpilot_dag.py
[2025-07-06T11:29:00.934+0000] {logging_mixin.py:188} INFO - 📁 Fichier .env chargé
[2025-07-06T11:29:00.934+0000] {logging_mixin.py:188} INFO - 👉 Mode scraping : prod
[2025-07-06T11:29:00.934+0000] {logging_mixin.py:188} INFO - 👉 Fichier d’entrée : data/verbatims_test.csv
[2025-07-06T11:29:00.941+0000] {processor.py:840} INFO - DAG(s) 'trustpilot_pipeline' retrieved from /opt/airflow/dags/trustpilot_dag.py
[2025-07-06T11:29:00.970+0000] {logging_mixin.py:188} INFO - [2025-07-06T11:29:00.969+0000] {dag.py:3096} INFO - Sync 1 DAGs
[2025-07-06T11:29:01.104+0000] {logging_mixin.py:188} INFO - [2025-07-06T11:29:01.104+0000] {dag.py:3954} INFO - Setting next_dagrun for trustpilot_pipeline to None, run_after=None
[2025-07-06T11:29:01.123+0000] {processor.py:183} INFO - Processing /opt/airflow/dags/trustpilot_dag.py took 1.781 seconds
[2025-07-06T11:29:31.260+0000] {processor.py:161} INFO - Started process (PID=9993) to work on /opt/airflow/dags/trustpilot_dag.py
[2025-07-06T11:29:31.261+0000] {processor.py:830} INFO - Processing file /opt/airflow/dags/trustpilot_dag.py for tasks to queue
[2025-07-06T11:29:31.263+0000] {logging_mixin.py:188} INFO - [2025-07-06T11:29:31.263+0000] {dagbag.py:545} INFO - Filling up the DagBag from /opt/airflow/dags/trustpilot_dag.py
[2025-07-06T11:29:32.968+0000] {logging_mixin.py:188} INFO - 📁 Fichier .env chargé
[2025-07-06T11:29:32.969+0000] {logging_mixin.py:188} INFO - 👉 Mode scraping : prod
[2025-07-06T11:29:32.969+0000] {logging_mixin.py:188} INFO - 👉 Fichier d’entrée : data/verbatims_test.csv
[2025-07-06T11:29:32.976+0000] {processor.py:840} INFO - DAG(s) 'trustpilot_pipeline' retrieved from /opt/airflow/dags/trustpilot_dag.py
[2025-07-06T11:29:33.006+0000] {logging_mixin.py:188} INFO - [2025-07-06T11:29:33.005+0000] {dag.py:3096} INFO - Sync 1 DAGs
[2025-07-06T11:29:33.023+0000] {logging_mixin.py:188} INFO - [2025-07-06T11:29:33.023+0000] {dag.py:3954} INFO - Setting next_dagrun for trustpilot_pipeline to None, run_after=None
[2025-07-06T11:29:33.042+0000] {processor.py:183} INFO - Processing /opt/airflow/dags/trustpilot_dag.py took 1.793 seconds
[2025-07-06T11:30:03.167+0000] {processor.py:161} INFO - Started process (PID=9999) to work on /opt/airflow/dags/trustpilot_dag.py
[2025-07-06T11:30:03.168+0000] {processor.py:830} INFO - Processing file /opt/airflow/dags/trustpilot_dag.py for tasks to queue
[2025-07-06T11:30:03.170+0000] {logging_mixin.py:188} INFO - [2025-07-06T11:30:03.170+0000] {dagbag.py:545} INFO - Filling up the DagBag from /opt/airflow/dags/trustpilot_dag.py
[2025-07-06T11:30:04.862+0000] {logging_mixin.py:188} INFO - 📁 Fichier .env chargé
[2025-07-06T11:30:04.862+0000] {logging_mixin.py:188} INFO - 👉 Mode scraping : prod
[2025-07-06T11:30:04.862+0000] {logging_mixin.py:188} INFO - 👉 Fichier d’entrée : data/verbatims_test.csv
[2025-07-06T11:30:04.870+0000] {processor.py:840} INFO - DAG(s) 'trustpilot_pipeline' retrieved from /opt/airflow/dags/trustpilot_dag.py
[2025-07-06T11:30:04.899+0000] {logging_mixin.py:188} INFO - [2025-07-06T11:30:04.899+0000] {dag.py:3096} INFO - Sync 1 DAGs
[2025-07-06T11:30:04.915+0000] {logging_mixin.py:188} INFO - [2025-07-06T11:30:04.914+0000] {dag.py:3954} INFO - Setting next_dagrun for trustpilot_pipeline to None, run_after=None
[2025-07-06T11:30:04.933+0000] {processor.py:183} INFO - Processing /opt/airflow/dags/trustpilot_dag.py took 1.775 seconds
[2025-07-06T11:30:35.057+0000] {processor.py:161} INFO - Started process (PID=10005) to work on /opt/airflow/dags/trustpilot_dag.py
[2025-07-06T11:30:35.058+0000] {processor.py:830} INFO - Processing file /opt/airflow/dags/trustpilot_dag.py for tasks to queue
[2025-07-06T11:30:35.060+0000] {logging_mixin.py:188} INFO - [2025-07-06T11:30:35.060+0000] {dagbag.py:545} INFO - Filling up the DagBag from /opt/airflow/dags/trustpilot_dag.py
[2025-07-06T11:30:36.744+0000] {logging_mixin.py:188} INFO - 📁 Fichier .env chargé
[2025-07-06T11:30:36.744+0000] {logging_mixin.py:188} INFO - 👉 Mode scraping : prod
[2025-07-06T11:30:36.744+0000] {logging_mixin.py:188} INFO - 👉 Fichier d’entrée : data/verbatims_test.csv
[2025-07-06T11:30:36.751+0000] {processor.py:840} INFO - DAG(s) 'trustpilot_pipeline' retrieved from /opt/airflow/dags/trustpilot_dag.py
[2025-07-06T11:30:36.780+0000] {logging_mixin.py:188} INFO - [2025-07-06T11:30:36.780+0000] {dag.py:3096} INFO - Sync 1 DAGs
[2025-07-06T11:30:36.796+0000] {logging_mixin.py:188} INFO - [2025-07-06T11:30:36.796+0000] {dag.py:3954} INFO - Setting next_dagrun for trustpilot_pipeline to None, run_after=None
[2025-07-06T11:30:36.815+0000] {processor.py:183} INFO - Processing /opt/airflow/dags/trustpilot_dag.py took 1.767 seconds
[2025-07-06T11:31:06.929+0000] {processor.py:161} INFO - Started process (PID=10011) to work on /opt/airflow/dags/trustpilot_dag.py
[2025-07-06T11:31:06.930+0000] {processor.py:830} INFO - Processing file /opt/airflow/dags/trustpilot_dag.py for tasks to queue
[2025-07-06T11:31:06.932+0000] {logging_mixin.py:188} INFO - [2025-07-06T11:31:06.932+0000] {dagbag.py:545} INFO - Filling up the DagBag from /opt/airflow/dags/trustpilot_dag.py
[2025-07-06T11:31:08.620+0000] {logging_mixin.py:188} INFO - 📁 Fichier .env chargé
[2025-07-06T11:31:08.621+0000] {logging_mixin.py:188} INFO - 👉 Mode scraping : prod
[2025-07-06T11:31:08.621+0000] {logging_mixin.py:188} INFO - 👉 Fichier d’entrée : data/verbatims_test.csv
[2025-07-06T11:31:08.628+0000] {processor.py:840} INFO - DAG(s) 'trustpilot_pipeline' retrieved from /opt/airflow/dags/trustpilot_dag.py
[2025-07-06T11:31:08.656+0000] {logging_mixin.py:188} INFO - [2025-07-06T11:31:08.656+0000] {dag.py:3096} INFO - Sync 1 DAGs
[2025-07-06T11:31:08.672+0000] {logging_mixin.py:188} INFO - [2025-07-06T11:31:08.672+0000] {dag.py:3954} INFO - Setting next_dagrun for trustpilot_pipeline to None, run_after=None
[2025-07-06T11:31:08.690+0000] {processor.py:183} INFO - Processing /opt/airflow/dags/trustpilot_dag.py took 1.771 seconds
[2025-07-06T11:31:38.834+0000] {processor.py:161} INFO - Started process (PID=10017) to work on /opt/airflow/dags/trustpilot_dag.py
[2025-07-06T11:31:38.835+0000] {processor.py:830} INFO - Processing file /opt/airflow/dags/trustpilot_dag.py for tasks to queue
[2025-07-06T11:31:38.837+0000] {logging_mixin.py:188} INFO - [2025-07-06T11:31:38.837+0000] {dagbag.py:545} INFO - Filling up the DagBag from /opt/airflow/dags/trustpilot_dag.py
[2025-07-06T11:31:40.417+0000] {logging_mixin.py:188} INFO - 📁 Fichier .env chargé
[2025-07-06T11:31:40.417+0000] {logging_mixin.py:188} INFO - 👉 Mode scraping : prod
[2025-07-06T11:31:40.418+0000] {logging_mixin.py:188} INFO - 👉 Fichier d’entrée : data/verbatims_test.csv
[2025-07-06T11:31:40.425+0000] {processor.py:840} INFO - DAG(s) 'trustpilot_pipeline' retrieved from /opt/airflow/dags/trustpilot_dag.py
[2025-07-06T11:31:40.453+0000] {logging_mixin.py:188} INFO - [2025-07-06T11:31:40.452+0000] {dag.py:3096} INFO - Sync 1 DAGs
[2025-07-06T11:31:40.470+0000] {logging_mixin.py:188} INFO - [2025-07-06T11:31:40.470+0000] {dag.py:3954} INFO - Setting next_dagrun for trustpilot_pipeline to None, run_after=None
[2025-07-06T11:31:40.606+0000] {processor.py:183} INFO - Processing /opt/airflow/dags/trustpilot_dag.py took 1.781 seconds
[2025-07-06T11:32:10.734+0000] {processor.py:161} INFO - Started process (PID=10023) to work on /opt/airflow/dags/trustpilot_dag.py
[2025-07-06T11:32:10.735+0000] {processor.py:830} INFO - Processing file /opt/airflow/dags/trustpilot_dag.py for tasks to queue
[2025-07-06T11:32:10.737+0000] {logging_mixin.py:188} INFO - [2025-07-06T11:32:10.737+0000] {dagbag.py:545} INFO - Filling up the DagBag from /opt/airflow/dags/trustpilot_dag.py
[2025-07-06T11:32:12.429+0000] {logging_mixin.py:188} INFO - 📁 Fichier .env chargé
[2025-07-06T11:32:12.429+0000] {logging_mixin.py:188} INFO - 👉 Mode scraping : prod
[2025-07-06T11:32:12.429+0000] {logging_mixin.py:188} INFO - 👉 Fichier d’entrée : data/verbatims_test.csv
[2025-07-06T11:32:12.436+0000] {processor.py:840} INFO - DAG(s) 'trustpilot_pipeline' retrieved from /opt/airflow/dags/trustpilot_dag.py
[2025-07-06T11:32:12.465+0000] {logging_mixin.py:188} INFO - [2025-07-06T11:32:12.465+0000] {dag.py:3096} INFO - Sync 1 DAGs
[2025-07-06T11:32:12.483+0000] {logging_mixin.py:188} INFO - [2025-07-06T11:32:12.482+0000] {dag.py:3954} INFO - Setting next_dagrun for trustpilot_pipeline to None, run_after=None
[2025-07-06T11:32:12.502+0000] {processor.py:183} INFO - Processing /opt/airflow/dags/trustpilot_dag.py took 1.777 seconds
[2025-07-06T11:32:42.614+0000] {processor.py:161} INFO - Started process (PID=10029) to work on /opt/airflow/dags/trustpilot_dag.py
[2025-07-06T11:32:42.616+0000] {processor.py:830} INFO - Processing file /opt/airflow/dags/trustpilot_dag.py for tasks to queue
[2025-07-06T11:32:42.618+0000] {logging_mixin.py:188} INFO - [2025-07-06T11:32:42.617+0000] {dagbag.py:545} INFO - Filling up the DagBag from /opt/airflow/dags/trustpilot_dag.py
[2025-07-06T11:32:44.301+0000] {logging_mixin.py:188} INFO - 📁 Fichier .env chargé
[2025-07-06T11:32:44.302+0000] {logging_mixin.py:188} INFO - 👉 Mode scraping : prod
[2025-07-06T11:32:44.302+0000] {logging_mixin.py:188} INFO - 👉 Fichier d’entrée : data/verbatims_test.csv
[2025-07-06T11:32:44.309+0000] {processor.py:840} INFO - DAG(s) 'trustpilot_pipeline' retrieved from /opt/airflow/dags/trustpilot_dag.py
[2025-07-06T11:32:44.338+0000] {logging_mixin.py:188} INFO - [2025-07-06T11:32:44.338+0000] {dag.py:3096} INFO - Sync 1 DAGs
[2025-07-06T11:32:44.354+0000] {logging_mixin.py:188} INFO - [2025-07-06T11:32:44.353+0000] {dag.py:3954} INFO - Setting next_dagrun for trustpilot_pipeline to None, run_after=None
[2025-07-06T11:32:44.372+0000] {processor.py:183} INFO - Processing /opt/airflow/dags/trustpilot_dag.py took 1.767 seconds
[2025-07-06T11:33:14.489+0000] {processor.py:161} INFO - Started process (PID=10035) to work on /opt/airflow/dags/trustpilot_dag.py
[2025-07-06T11:33:14.490+0000] {processor.py:830} INFO - Processing file /opt/airflow/dags/trustpilot_dag.py for tasks to queue
[2025-07-06T11:33:14.493+0000] {logging_mixin.py:188} INFO - [2025-07-06T11:33:14.492+0000] {dagbag.py:545} INFO - Filling up the DagBag from /opt/airflow/dags/trustpilot_dag.py
[2025-07-06T11:33:16.207+0000] {logging_mixin.py:188} INFO - 📁 Fichier .env chargé
[2025-07-06T11:33:16.208+0000] {logging_mixin.py:188} INFO - 👉 Mode scraping : prod
[2025-07-06T11:33:16.208+0000] {logging_mixin.py:188} INFO - 👉 Fichier d’entrée : data/verbatims_test.csv
[2025-07-06T11:33:16.217+0000] {processor.py:840} INFO - DAG(s) 'trustpilot_pipeline' retrieved from /opt/airflow/dags/trustpilot_dag.py
[2025-07-06T11:33:16.245+0000] {logging_mixin.py:188} INFO - [2025-07-06T11:33:16.244+0000] {dag.py:3096} INFO - Sync 1 DAGs
[2025-07-06T11:33:16.260+0000] {logging_mixin.py:188} INFO - [2025-07-06T11:33:16.260+0000] {dag.py:3954} INFO - Setting next_dagrun for trustpilot_pipeline to None, run_after=None
[2025-07-06T11:33:16.279+0000] {processor.py:183} INFO - Processing /opt/airflow/dags/trustpilot_dag.py took 1.802 seconds
[2025-07-06T11:33:46.410+0000] {processor.py:161} INFO - Started process (PID=10041) to work on /opt/airflow/dags/trustpilot_dag.py
[2025-07-06T11:33:46.410+0000] {processor.py:830} INFO - Processing file /opt/airflow/dags/trustpilot_dag.py for tasks to queue
[2025-07-06T11:33:46.412+0000] {logging_mixin.py:188} INFO - [2025-07-06T11:33:46.412+0000] {dagbag.py:545} INFO - Filling up the DagBag from /opt/airflow/dags/trustpilot_dag.py
[2025-07-06T11:33:48.101+0000] {logging_mixin.py:188} INFO - 📁 Fichier .env chargé
[2025-07-06T11:33:48.102+0000] {logging_mixin.py:188} INFO - 👉 Mode scraping : prod
[2025-07-06T11:33:48.102+0000] {logging_mixin.py:188} INFO - 👉 Fichier d’entrée : data/verbatims_test.csv
[2025-07-06T11:33:48.109+0000] {processor.py:840} INFO - DAG(s) 'trustpilot_pipeline' retrieved from /opt/airflow/dags/trustpilot_dag.py
[2025-07-06T11:33:48.138+0000] {logging_mixin.py:188} INFO - [2025-07-06T11:33:48.137+0000] {dag.py:3096} INFO - Sync 1 DAGs
[2025-07-06T11:33:48.153+0000] {logging_mixin.py:188} INFO - [2025-07-06T11:33:48.153+0000] {dag.py:3954} INFO - Setting next_dagrun for trustpilot_pipeline to None, run_after=None
[2025-07-06T11:33:48.172+0000] {processor.py:183} INFO - Processing /opt/airflow/dags/trustpilot_dag.py took 1.771 seconds
[2025-07-06T11:34:18.311+0000] {processor.py:161} INFO - Started process (PID=10047) to work on /opt/airflow/dags/trustpilot_dag.py
[2025-07-06T11:34:18.312+0000] {processor.py:830} INFO - Processing file /opt/airflow/dags/trustpilot_dag.py for tasks to queue
[2025-07-06T11:34:18.314+0000] {logging_mixin.py:188} INFO - [2025-07-06T11:34:18.313+0000] {dagbag.py:545} INFO - Filling up the DagBag from /opt/airflow/dags/trustpilot_dag.py
[2025-07-06T11:34:19.897+0000] {logging_mixin.py:188} INFO - 📁 Fichier .env chargé
[2025-07-06T11:34:19.897+0000] {logging_mixin.py:188} INFO - 👉 Mode scraping : prod
[2025-07-06T11:34:19.897+0000] {logging_mixin.py:188} INFO - 👉 Fichier d’entrée : data/verbatims_test.csv
[2025-07-06T11:34:19.905+0000] {processor.py:840} INFO - DAG(s) 'trustpilot_pipeline' retrieved from /opt/airflow/dags/trustpilot_dag.py
[2025-07-06T11:34:19.933+0000] {logging_mixin.py:188} INFO - [2025-07-06T11:34:19.932+0000] {dag.py:3096} INFO - Sync 1 DAGs
[2025-07-06T11:34:19.950+0000] {logging_mixin.py:188} INFO - [2025-07-06T11:34:19.950+0000] {dag.py:3954} INFO - Setting next_dagrun for trustpilot_pipeline to None, run_after=None
[2025-07-06T11:34:20.086+0000] {processor.py:183} INFO - Processing /opt/airflow/dags/trustpilot_dag.py took 1.785 seconds
[2025-07-06T11:34:50.213+0000] {processor.py:161} INFO - Started process (PID=10053) to work on /opt/airflow/dags/trustpilot_dag.py
[2025-07-06T11:34:50.214+0000] {processor.py:830} INFO - Processing file /opt/airflow/dags/trustpilot_dag.py for tasks to queue
[2025-07-06T11:34:50.216+0000] {logging_mixin.py:188} INFO - [2025-07-06T11:34:50.216+0000] {dagbag.py:545} INFO - Filling up the DagBag from /opt/airflow/dags/trustpilot_dag.py
[2025-07-06T11:34:51.906+0000] {logging_mixin.py:188} INFO - 📁 Fichier .env chargé
[2025-07-06T11:34:51.906+0000] {logging_mixin.py:188} INFO - 👉 Mode scraping : prod
[2025-07-06T11:34:51.906+0000] {logging_mixin.py:188} INFO - 👉 Fichier d’entrée : data/verbatims_test.csv
[2025-07-06T11:34:51.913+0000] {processor.py:840} INFO - DAG(s) 'trustpilot_pipeline' retrieved from /opt/airflow/dags/trustpilot_dag.py
[2025-07-06T11:34:51.943+0000] {logging_mixin.py:188} INFO - [2025-07-06T11:34:51.942+0000] {dag.py:3096} INFO - Sync 1 DAGs
[2025-07-06T11:34:51.958+0000] {logging_mixin.py:188} INFO - [2025-07-06T11:34:51.958+0000] {dag.py:3954} INFO - Setting next_dagrun for trustpilot_pipeline to None, run_after=None
[2025-07-06T11:34:51.977+0000] {processor.py:183} INFO - Processing /opt/airflow/dags/trustpilot_dag.py took 1.773 seconds
[2025-07-06T11:35:22.098+0000] {processor.py:161} INFO - Started process (PID=10059) to work on /opt/airflow/dags/trustpilot_dag.py
[2025-07-06T11:35:22.099+0000] {processor.py:830} INFO - Processing file /opt/airflow/dags/trustpilot_dag.py for tasks to queue
[2025-07-06T11:35:22.101+0000] {logging_mixin.py:188} INFO - [2025-07-06T11:35:22.101+0000] {dagbag.py:545} INFO - Filling up the DagBag from /opt/airflow/dags/trustpilot_dag.py
[2025-07-06T11:35:23.818+0000] {logging_mixin.py:188} INFO - 📁 Fichier .env chargé
[2025-07-06T11:35:23.818+0000] {logging_mixin.py:188} INFO - 👉 Mode scraping : prod
[2025-07-06T11:35:23.818+0000] {logging_mixin.py:188} INFO - 👉 Fichier d’entrée : data/verbatims_test.csv
[2025-07-06T11:35:23.826+0000] {processor.py:840} INFO - DAG(s) 'trustpilot_pipeline' retrieved from /opt/airflow/dags/trustpilot_dag.py
[2025-07-06T11:35:23.855+0000] {logging_mixin.py:188} INFO - [2025-07-06T11:35:23.854+0000] {dag.py:3096} INFO - Sync 1 DAGs
[2025-07-06T11:35:23.872+0000] {logging_mixin.py:188} INFO - [2025-07-06T11:35:23.872+0000] {dag.py:3954} INFO - Setting next_dagrun for trustpilot_pipeline to None, run_after=None
[2025-07-06T11:35:23.891+0000] {processor.py:183} INFO - Processing /opt/airflow/dags/trustpilot_dag.py took 1.805 seconds
[2025-07-06T11:35:54.007+0000] {processor.py:161} INFO - Started process (PID=10065) to work on /opt/airflow/dags/trustpilot_dag.py
[2025-07-06T11:35:54.008+0000] {processor.py:830} INFO - Processing file /opt/airflow/dags/trustpilot_dag.py for tasks to queue
[2025-07-06T11:35:54.010+0000] {logging_mixin.py:188} INFO - [2025-07-06T11:35:54.010+0000] {dagbag.py:545} INFO - Filling up the DagBag from /opt/airflow/dags/trustpilot_dag.py
[2025-07-06T11:35:55.697+0000] {logging_mixin.py:188} INFO - 📁 Fichier .env chargé
[2025-07-06T11:35:55.698+0000] {logging_mixin.py:188} INFO - 👉 Mode scraping : prod
[2025-07-06T11:35:55.698+0000] {logging_mixin.py:188} INFO - 👉 Fichier d’entrée : data/verbatims_test.csv
[2025-07-06T11:35:55.705+0000] {processor.py:840} INFO - DAG(s) 'trustpilot_pipeline' retrieved from /opt/airflow/dags/trustpilot_dag.py
[2025-07-06T11:35:55.734+0000] {logging_mixin.py:188} INFO - [2025-07-06T11:35:55.734+0000] {dag.py:3096} INFO - Sync 1 DAGs
[2025-07-06T11:35:55.750+0000] {logging_mixin.py:188} INFO - [2025-07-06T11:35:55.750+0000] {dag.py:3954} INFO - Setting next_dagrun for trustpilot_pipeline to None, run_after=None
[2025-07-06T11:35:55.769+0000] {processor.py:183} INFO - Processing /opt/airflow/dags/trustpilot_dag.py took 1.770 seconds
[2025-07-06T11:36:25.884+0000] {processor.py:161} INFO - Started process (PID=10071) to work on /opt/airflow/dags/trustpilot_dag.py
[2025-07-06T11:36:25.885+0000] {processor.py:830} INFO - Processing file /opt/airflow/dags/trustpilot_dag.py for tasks to queue
[2025-07-06T11:36:25.887+0000] {logging_mixin.py:188} INFO - [2025-07-06T11:36:25.886+0000] {dagbag.py:545} INFO - Filling up the DagBag from /opt/airflow/dags/trustpilot_dag.py
[2025-07-06T11:36:27.577+0000] {logging_mixin.py:188} INFO - 📁 Fichier .env chargé
[2025-07-06T11:36:27.577+0000] {logging_mixin.py:188} INFO - 👉 Mode scraping : prod
[2025-07-06T11:36:27.577+0000] {logging_mixin.py:188} INFO - 👉 Fichier d’entrée : data/verbatims_test.csv
[2025-07-06T11:36:27.584+0000] {processor.py:840} INFO - DAG(s) 'trustpilot_pipeline' retrieved from /opt/airflow/dags/trustpilot_dag.py
[2025-07-06T11:36:27.612+0000] {logging_mixin.py:188} INFO - [2025-07-06T11:36:27.612+0000] {dag.py:3096} INFO - Sync 1 DAGs
[2025-07-06T11:36:27.628+0000] {logging_mixin.py:188} INFO - [2025-07-06T11:36:27.628+0000] {dag.py:3954} INFO - Setting next_dagrun for trustpilot_pipeline to None, run_after=None
[2025-07-06T11:36:27.648+0000] {processor.py:183} INFO - Processing /opt/airflow/dags/trustpilot_dag.py took 1.773 seconds
[2025-07-06T11:36:57.789+0000] {processor.py:161} INFO - Started process (PID=10077) to work on /opt/airflow/dags/trustpilot_dag.py
[2025-07-06T11:36:57.790+0000] {processor.py:830} INFO - Processing file /opt/airflow/dags/trustpilot_dag.py for tasks to queue
[2025-07-06T11:36:57.792+0000] {logging_mixin.py:188} INFO - [2025-07-06T11:36:57.792+0000] {dagbag.py:545} INFO - Filling up the DagBag from /opt/airflow/dags/trustpilot_dag.py
[2025-07-06T11:36:59.490+0000] {logging_mixin.py:188} INFO - 📁 Fichier .env chargé
[2025-07-06T11:36:59.490+0000] {logging_mixin.py:188} INFO - 👉 Mode scraping : prod
[2025-07-06T11:36:59.490+0000] {logging_mixin.py:188} INFO - 👉 Fichier d’entrée : data/verbatims_test.csv
[2025-07-06T11:36:59.497+0000] {processor.py:840} INFO - DAG(s) 'trustpilot_pipeline' retrieved from /opt/airflow/dags/trustpilot_dag.py
[2025-07-06T11:36:59.526+0000] {logging_mixin.py:188} INFO - [2025-07-06T11:36:59.525+0000] {dag.py:3096} INFO - Sync 1 DAGs
[2025-07-06T11:36:59.542+0000] {logging_mixin.py:188} INFO - [2025-07-06T11:36:59.541+0000] {dag.py:3954} INFO - Setting next_dagrun for trustpilot_pipeline to None, run_after=None
[2025-07-06T11:36:59.562+0000] {processor.py:183} INFO - Processing /opt/airflow/dags/trustpilot_dag.py took 1.785 seconds
[2025-07-06T11:37:29.684+0000] {processor.py:161} INFO - Started process (PID=10083) to work on /opt/airflow/dags/trustpilot_dag.py
[2025-07-06T11:37:29.685+0000] {processor.py:830} INFO - Processing file /opt/airflow/dags/trustpilot_dag.py for tasks to queue
[2025-07-06T11:37:29.687+0000] {logging_mixin.py:188} INFO - [2025-07-06T11:37:29.686+0000] {dagbag.py:545} INFO - Filling up the DagBag from /opt/airflow/dags/trustpilot_dag.py
[2025-07-06T11:37:31.266+0000] {logging_mixin.py:188} INFO - 📁 Fichier .env chargé
[2025-07-06T11:37:31.266+0000] {logging_mixin.py:188} INFO - 👉 Mode scraping : prod
[2025-07-06T11:37:31.266+0000] {logging_mixin.py:188} INFO - 👉 Fichier d’entrée : data/verbatims_test.csv
[2025-07-06T11:37:31.273+0000] {processor.py:840} INFO - DAG(s) 'trustpilot_pipeline' retrieved from /opt/airflow/dags/trustpilot_dag.py
[2025-07-06T11:37:31.301+0000] {logging_mixin.py:188} INFO - [2025-07-06T11:37:31.301+0000] {dag.py:3096} INFO - Sync 1 DAGs
[2025-07-06T11:37:31.437+0000] {logging_mixin.py:188} INFO - [2025-07-06T11:37:31.436+0000] {dag.py:3954} INFO - Setting next_dagrun for trustpilot_pipeline to None, run_after=None
[2025-07-06T11:37:31.456+0000] {processor.py:183} INFO - Processing /opt/airflow/dags/trustpilot_dag.py took 1.781 seconds
[2025-07-06T11:38:01.578+0000] {processor.py:161} INFO - Started process (PID=10089) to work on /opt/airflow/dags/trustpilot_dag.py
[2025-07-06T11:38:01.579+0000] {processor.py:830} INFO - Processing file /opt/airflow/dags/trustpilot_dag.py for tasks to queue
[2025-07-06T11:38:01.581+0000] {logging_mixin.py:188} INFO - [2025-07-06T11:38:01.581+0000] {dagbag.py:545} INFO - Filling up the DagBag from /opt/airflow/dags/trustpilot_dag.py
[2025-07-06T11:38:03.272+0000] {logging_mixin.py:188} INFO - 📁 Fichier .env chargé
[2025-07-06T11:38:03.272+0000] {logging_mixin.py:188} INFO - 👉 Mode scraping : prod
[2025-07-06T11:38:03.273+0000] {logging_mixin.py:188} INFO - 👉 Fichier d’entrée : data/verbatims_test.csv
[2025-07-06T11:38:03.280+0000] {processor.py:840} INFO - DAG(s) 'trustpilot_pipeline' retrieved from /opt/airflow/dags/trustpilot_dag.py
[2025-07-06T11:38:03.308+0000] {logging_mixin.py:188} INFO - [2025-07-06T11:38:03.307+0000] {dag.py:3096} INFO - Sync 1 DAGs
[2025-07-06T11:38:03.325+0000] {logging_mixin.py:188} INFO - [2025-07-06T11:38:03.325+0000] {dag.py:3954} INFO - Setting next_dagrun for trustpilot_pipeline to None, run_after=None
[2025-07-06T11:38:03.344+0000] {processor.py:183} INFO - Processing /opt/airflow/dags/trustpilot_dag.py took 1.775 seconds
[2025-07-06T11:38:33.476+0000] {processor.py:161} INFO - Started process (PID=10095) to work on /opt/airflow/dags/trustpilot_dag.py
[2025-07-06T11:38:33.477+0000] {processor.py:830} INFO - Processing file /opt/airflow/dags/trustpilot_dag.py for tasks to queue
[2025-07-06T11:38:33.479+0000] {logging_mixin.py:188} INFO - [2025-07-06T11:38:33.479+0000] {dagbag.py:545} INFO - Filling up the DagBag from /opt/airflow/dags/trustpilot_dag.py
[2025-07-06T11:38:35.169+0000] {logging_mixin.py:188} INFO - 📁 Fichier .env chargé
[2025-07-06T11:38:35.169+0000] {logging_mixin.py:188} INFO - 👉 Mode scraping : prod
[2025-07-06T11:38:35.169+0000] {logging_mixin.py:188} INFO - 👉 Fichier d’entrée : data/verbatims_test.csv
[2025-07-06T11:38:35.176+0000] {processor.py:840} INFO - DAG(s) 'trustpilot_pipeline' retrieved from /opt/airflow/dags/trustpilot_dag.py
[2025-07-06T11:38:35.206+0000] {logging_mixin.py:188} INFO - [2025-07-06T11:38:35.206+0000] {dag.py:3096} INFO - Sync 1 DAGs
[2025-07-06T11:38:35.222+0000] {logging_mixin.py:188} INFO - [2025-07-06T11:38:35.221+0000] {dag.py:3954} INFO - Setting next_dagrun for trustpilot_pipeline to None, run_after=None
[2025-07-06T11:38:35.243+0000] {processor.py:183} INFO - Processing /opt/airflow/dags/trustpilot_dag.py took 1.776 seconds
[2025-07-06T11:39:05.366+0000] {processor.py:161} INFO - Started process (PID=10101) to work on /opt/airflow/dags/trustpilot_dag.py
[2025-07-06T11:39:05.367+0000] {processor.py:830} INFO - Processing file /opt/airflow/dags/trustpilot_dag.py for tasks to queue
[2025-07-06T11:39:05.369+0000] {logging_mixin.py:188} INFO - [2025-07-06T11:39:05.368+0000] {dagbag.py:545} INFO - Filling up the DagBag from /opt/airflow/dags/trustpilot_dag.py
[2025-07-06T11:39:07.056+0000] {logging_mixin.py:188} INFO - 📁 Fichier .env chargé
[2025-07-06T11:39:07.056+0000] {logging_mixin.py:188} INFO - 👉 Mode scraping : prod
[2025-07-06T11:39:07.056+0000] {logging_mixin.py:188} INFO - 👉 Fichier d’entrée : data/verbatims_test.csv
[2025-07-06T11:39:07.063+0000] {processor.py:840} INFO - DAG(s) 'trustpilot_pipeline' retrieved from /opt/airflow/dags/trustpilot_dag.py
[2025-07-06T11:39:07.093+0000] {logging_mixin.py:188} INFO - [2025-07-06T11:39:07.092+0000] {dag.py:3096} INFO - Sync 1 DAGs
[2025-07-06T11:39:07.109+0000] {logging_mixin.py:188} INFO - [2025-07-06T11:39:07.108+0000] {dag.py:3954} INFO - Setting next_dagrun for trustpilot_pipeline to None, run_after=None
[2025-07-06T11:39:07.127+0000] {processor.py:183} INFO - Processing /opt/airflow/dags/trustpilot_dag.py took 1.771 seconds
[2025-07-06T11:39:37.270+0000] {processor.py:161} INFO - Started process (PID=10107) to work on /opt/airflow/dags/trustpilot_dag.py
[2025-07-06T11:39:37.271+0000] {processor.py:830} INFO - Processing file /opt/airflow/dags/trustpilot_dag.py for tasks to queue
[2025-07-06T11:39:37.274+0000] {logging_mixin.py:188} INFO - [2025-07-06T11:39:37.273+0000] {dagbag.py:545} INFO - Filling up the DagBag from /opt/airflow/dags/trustpilot_dag.py
[2025-07-06T11:39:38.991+0000] {logging_mixin.py:188} INFO - 📁 Fichier .env chargé
[2025-07-06T11:39:38.991+0000] {logging_mixin.py:188} INFO - 👉 Mode scraping : prod
[2025-07-06T11:39:38.992+0000] {logging_mixin.py:188} INFO - 👉 Fichier d’entrée : data/verbatims_test.csv
[2025-07-06T11:39:38.999+0000] {processor.py:840} INFO - DAG(s) 'trustpilot_pipeline' retrieved from /opt/airflow/dags/trustpilot_dag.py
[2025-07-06T11:39:39.028+0000] {logging_mixin.py:188} INFO - [2025-07-06T11:39:39.027+0000] {dag.py:3096} INFO - Sync 1 DAGs
[2025-07-06T11:39:39.044+0000] {logging_mixin.py:188} INFO - [2025-07-06T11:39:39.043+0000] {dag.py:3954} INFO - Setting next_dagrun for trustpilot_pipeline to None, run_after=None
[2025-07-06T11:39:39.062+0000] {processor.py:183} INFO - Processing /opt/airflow/dags/trustpilot_dag.py took 1.803 seconds
[2025-07-06T11:40:09.193+0000] {processor.py:161} INFO - Started process (PID=10113) to work on /opt/airflow/dags/trustpilot_dag.py
[2025-07-06T11:40:09.194+0000] {processor.py:830} INFO - Processing file /opt/airflow/dags/trustpilot_dag.py for tasks to queue
[2025-07-06T11:40:09.196+0000] {logging_mixin.py:188} INFO - [2025-07-06T11:40:09.196+0000] {dagbag.py:545} INFO - Filling up the DagBag from /opt/airflow/dags/trustpilot_dag.py
[2025-07-06T11:40:10.776+0000] {logging_mixin.py:188} INFO - 📁 Fichier .env chargé
[2025-07-06T11:40:10.776+0000] {logging_mixin.py:188} INFO - 👉 Mode scraping : prod
[2025-07-06T11:40:10.777+0000] {logging_mixin.py:188} INFO - 👉 Fichier d’entrée : data/verbatims_test.csv
[2025-07-06T11:40:10.784+0000] {processor.py:840} INFO - DAG(s) 'trustpilot_pipeline' retrieved from /opt/airflow/dags/trustpilot_dag.py
[2025-07-06T11:40:10.812+0000] {logging_mixin.py:188} INFO - [2025-07-06T11:40:10.812+0000] {dag.py:3096} INFO - Sync 1 DAGs
[2025-07-06T11:40:10.830+0000] {logging_mixin.py:188} INFO - [2025-07-06T11:40:10.830+0000] {dag.py:3954} INFO - Setting next_dagrun for trustpilot_pipeline to None, run_after=None
[2025-07-06T11:40:10.966+0000] {processor.py:183} INFO - Processing /opt/airflow/dags/trustpilot_dag.py took 1.782 seconds
[2025-07-06T11:40:41.085+0000] {processor.py:161} INFO - Started process (PID=10119) to work on /opt/airflow/dags/trustpilot_dag.py
[2025-07-06T11:40:41.086+0000] {processor.py:830} INFO - Processing file /opt/airflow/dags/trustpilot_dag.py for tasks to queue
[2025-07-06T11:40:41.088+0000] {logging_mixin.py:188} INFO - [2025-07-06T11:40:41.087+0000] {dagbag.py:545} INFO - Filling up the DagBag from /opt/airflow/dags/trustpilot_dag.py
[2025-07-06T11:40:42.775+0000] {logging_mixin.py:188} INFO - 📁 Fichier .env chargé
[2025-07-06T11:40:42.775+0000] {logging_mixin.py:188} INFO - 👉 Mode scraping : prod
[2025-07-06T11:40:42.776+0000] {logging_mixin.py:188} INFO - 👉 Fichier d’entrée : data/verbatims_test.csv
[2025-07-06T11:40:42.783+0000] {processor.py:840} INFO - DAG(s) 'trustpilot_pipeline' retrieved from /opt/airflow/dags/trustpilot_dag.py
[2025-07-06T11:40:42.813+0000] {logging_mixin.py:188} INFO - [2025-07-06T11:40:42.813+0000] {dag.py:3096} INFO - Sync 1 DAGs
[2025-07-06T11:40:42.829+0000] {logging_mixin.py:188} INFO - [2025-07-06T11:40:42.828+0000] {dag.py:3954} INFO - Setting next_dagrun for trustpilot_pipeline to None, run_after=None
[2025-07-06T11:40:42.847+0000] {processor.py:183} INFO - Processing /opt/airflow/dags/trustpilot_dag.py took 1.772 seconds
[2025-07-06T11:41:12.964+0000] {processor.py:161} INFO - Started process (PID=10125) to work on /opt/airflow/dags/trustpilot_dag.py
[2025-07-06T11:41:12.965+0000] {processor.py:830} INFO - Processing file /opt/airflow/dags/trustpilot_dag.py for tasks to queue
[2025-07-06T11:41:12.967+0000] {logging_mixin.py:188} INFO - [2025-07-06T11:41:12.967+0000] {dagbag.py:545} INFO - Filling up the DagBag from /opt/airflow/dags/trustpilot_dag.py
[2025-07-06T11:41:14.657+0000] {logging_mixin.py:188} INFO - 📁 Fichier .env chargé
[2025-07-06T11:41:14.657+0000] {logging_mixin.py:188} INFO - 👉 Mode scraping : prod
[2025-07-06T11:41:14.657+0000] {logging_mixin.py:188} INFO - 👉 Fichier d’entrée : data/verbatims_test.csv
[2025-07-06T11:41:14.664+0000] {processor.py:840} INFO - DAG(s) 'trustpilot_pipeline' retrieved from /opt/airflow/dags/trustpilot_dag.py
[2025-07-06T11:41:14.693+0000] {logging_mixin.py:188} INFO - [2025-07-06T11:41:14.693+0000] {dag.py:3096} INFO - Sync 1 DAGs
[2025-07-06T11:41:14.709+0000] {logging_mixin.py:188} INFO - [2025-07-06T11:41:14.709+0000] {dag.py:3954} INFO - Setting next_dagrun for trustpilot_pipeline to None, run_after=None
[2025-07-06T11:41:14.728+0000] {processor.py:183} INFO - Processing /opt/airflow/dags/trustpilot_dag.py took 1.773 seconds
[2025-07-06T11:41:44.849+0000] {processor.py:161} INFO - Started process (PID=10131) to work on /opt/airflow/dags/trustpilot_dag.py
[2025-07-06T11:41:44.850+0000] {processor.py:830} INFO - Processing file /opt/airflow/dags/trustpilot_dag.py for tasks to queue
[2025-07-06T11:41:44.852+0000] {logging_mixin.py:188} INFO - [2025-07-06T11:41:44.851+0000] {dagbag.py:545} INFO - Filling up the DagBag from /opt/airflow/dags/trustpilot_dag.py
[2025-07-06T11:41:46.537+0000] {logging_mixin.py:188} INFO - 📁 Fichier .env chargé
[2025-07-06T11:41:46.537+0000] {logging_mixin.py:188} INFO - 👉 Mode scraping : prod
[2025-07-06T11:41:46.538+0000] {logging_mixin.py:188} INFO - 👉 Fichier d’entrée : data/verbatims_test.csv
[2025-07-06T11:41:46.546+0000] {processor.py:840} INFO - DAG(s) 'trustpilot_pipeline' retrieved from /opt/airflow/dags/trustpilot_dag.py
[2025-07-06T11:41:46.575+0000] {logging_mixin.py:188} INFO - [2025-07-06T11:41:46.575+0000] {dag.py:3096} INFO - Sync 1 DAGs
[2025-07-06T11:41:46.591+0000] {logging_mixin.py:188} INFO - [2025-07-06T11:41:46.590+0000] {dag.py:3954} INFO - Setting next_dagrun for trustpilot_pipeline to None, run_after=None
[2025-07-06T11:41:46.610+0000] {processor.py:183} INFO - Processing /opt/airflow/dags/trustpilot_dag.py took 1.770 seconds
[2025-07-06T11:42:16.744+0000] {processor.py:161} INFO - Started process (PID=10137) to work on /opt/airflow/dags/trustpilot_dag.py
[2025-07-06T11:42:16.745+0000] {processor.py:830} INFO - Processing file /opt/airflow/dags/trustpilot_dag.py for tasks to queue
[2025-07-06T11:42:16.747+0000] {logging_mixin.py:188} INFO - [2025-07-06T11:42:16.747+0000] {dagbag.py:545} INFO - Filling up the DagBag from /opt/airflow/dags/trustpilot_dag.py
[2025-07-06T11:42:18.438+0000] {logging_mixin.py:188} INFO - 📁 Fichier .env chargé
[2025-07-06T11:42:18.438+0000] {logging_mixin.py:188} INFO - 👉 Mode scraping : prod
[2025-07-06T11:42:18.438+0000] {logging_mixin.py:188} INFO - 👉 Fichier d’entrée : data/verbatims_test.csv
[2025-07-06T11:42:18.445+0000] {processor.py:840} INFO - DAG(s) 'trustpilot_pipeline' retrieved from /opt/airflow/dags/trustpilot_dag.py
[2025-07-06T11:42:18.474+0000] {logging_mixin.py:188} INFO - [2025-07-06T11:42:18.473+0000] {dag.py:3096} INFO - Sync 1 DAGs
[2025-07-06T11:42:18.489+0000] {logging_mixin.py:188} INFO - [2025-07-06T11:42:18.489+0000] {dag.py:3954} INFO - Setting next_dagrun for trustpilot_pipeline to None, run_after=None
[2025-07-06T11:42:18.508+0000] {processor.py:183} INFO - Processing /opt/airflow/dags/trustpilot_dag.py took 1.774 seconds
[2025-07-06T11:42:48.636+0000] {processor.py:161} INFO - Started process (PID=10143) to work on /opt/airflow/dags/trustpilot_dag.py
[2025-07-06T11:42:48.637+0000] {processor.py:830} INFO - Processing file /opt/airflow/dags/trustpilot_dag.py for tasks to queue
[2025-07-06T11:42:48.639+0000] {logging_mixin.py:188} INFO - [2025-07-06T11:42:48.639+0000] {dagbag.py:545} INFO - Filling up the DagBag from /opt/airflow/dags/trustpilot_dag.py
[2025-07-06T11:42:50.328+0000] {logging_mixin.py:188} INFO - 📁 Fichier .env chargé
[2025-07-06T11:42:50.329+0000] {logging_mixin.py:188} INFO - 👉 Mode scraping : prod
[2025-07-06T11:42:50.329+0000] {logging_mixin.py:188} INFO - 👉 Fichier d’entrée : data/verbatims_test.csv
[2025-07-06T11:42:50.336+0000] {processor.py:840} INFO - DAG(s) 'trustpilot_pipeline' retrieved from /opt/airflow/dags/trustpilot_dag.py
[2025-07-06T11:42:50.364+0000] {logging_mixin.py:188} INFO - [2025-07-06T11:42:50.364+0000] {dag.py:3096} INFO - Sync 1 DAGs
[2025-07-06T11:42:50.380+0000] {logging_mixin.py:188} INFO - [2025-07-06T11:42:50.379+0000] {dag.py:3954} INFO - Setting next_dagrun for trustpilot_pipeline to None, run_after=None
[2025-07-06T11:42:50.400+0000] {processor.py:183} INFO - Processing /opt/airflow/dags/trustpilot_dag.py took 1.773 seconds
[2025-07-06T11:43:20.536+0000] {processor.py:161} INFO - Started process (PID=10149) to work on /opt/airflow/dags/trustpilot_dag.py
[2025-07-06T11:43:20.537+0000] {processor.py:830} INFO - Processing file /opt/airflow/dags/trustpilot_dag.py for tasks to queue
[2025-07-06T11:43:20.539+0000] {logging_mixin.py:188} INFO - [2025-07-06T11:43:20.538+0000] {dagbag.py:545} INFO - Filling up the DagBag from /opt/airflow/dags/trustpilot_dag.py
[2025-07-06T11:43:22.225+0000] {logging_mixin.py:188} INFO - 📁 Fichier .env chargé
[2025-07-06T11:43:22.226+0000] {logging_mixin.py:188} INFO - 👉 Mode scraping : prod
[2025-07-06T11:43:22.226+0000] {logging_mixin.py:188} INFO - 👉 Fichier d’entrée : data/verbatims_test.csv
[2025-07-06T11:43:22.233+0000] {processor.py:840} INFO - DAG(s) 'trustpilot_pipeline' retrieved from /opt/airflow/dags/trustpilot_dag.py
[2025-07-06T11:43:22.263+0000] {logging_mixin.py:188} INFO - [2025-07-06T11:43:22.262+0000] {dag.py:3096} INFO - Sync 1 DAGs
[2025-07-06T11:43:22.278+0000] {logging_mixin.py:188} INFO - [2025-07-06T11:43:22.278+0000] {dag.py:3954} INFO - Setting next_dagrun for trustpilot_pipeline to None, run_after=None
[2025-07-06T11:43:22.297+0000] {processor.py:183} INFO - Processing /opt/airflow/dags/trustpilot_dag.py took 1.771 seconds
[2025-07-06T11:43:52.410+0000] {processor.py:161} INFO - Started process (PID=10155) to work on /opt/airflow/dags/trustpilot_dag.py
[2025-07-06T11:43:52.411+0000] {processor.py:830} INFO - Processing file /opt/airflow/dags/trustpilot_dag.py for tasks to queue
[2025-07-06T11:43:52.413+0000] {logging_mixin.py:188} INFO - [2025-07-06T11:43:52.413+0000] {dagbag.py:545} INFO - Filling up the DagBag from /opt/airflow/dags/trustpilot_dag.py
[2025-07-06T11:43:54.109+0000] {logging_mixin.py:188} INFO - 📁 Fichier .env chargé
[2025-07-06T11:43:54.109+0000] {logging_mixin.py:188} INFO - 👉 Mode scraping : prod
[2025-07-06T11:43:54.109+0000] {logging_mixin.py:188} INFO - 👉 Fichier d’entrée : data/verbatims_test.csv
[2025-07-06T11:43:54.116+0000] {processor.py:840} INFO - DAG(s) 'trustpilot_pipeline' retrieved from /opt/airflow/dags/trustpilot_dag.py
[2025-07-06T11:43:54.144+0000] {logging_mixin.py:188} INFO - [2025-07-06T11:43:54.144+0000] {dag.py:3096} INFO - Sync 1 DAGs
[2025-07-06T11:43:54.161+0000] {logging_mixin.py:188} INFO - [2025-07-06T11:43:54.161+0000] {dag.py:3954} INFO - Setting next_dagrun for trustpilot_pipeline to None, run_after=None
[2025-07-06T11:43:54.181+0000] {processor.py:183} INFO - Processing /opt/airflow/dags/trustpilot_dag.py took 1.780 seconds
[2025-07-06T11:44:24.321+0000] {processor.py:161} INFO - Started process (PID=10161) to work on /opt/airflow/dags/trustpilot_dag.py
[2025-07-06T11:44:24.322+0000] {processor.py:830} INFO - Processing file /opt/airflow/dags/trustpilot_dag.py for tasks to queue
[2025-07-06T11:44:24.324+0000] {logging_mixin.py:188} INFO - [2025-07-06T11:44:24.324+0000] {dagbag.py:545} INFO - Filling up the DagBag from /opt/airflow/dags/trustpilot_dag.py
[2025-07-06T11:44:26.010+0000] {logging_mixin.py:188} INFO - 📁 Fichier .env chargé
[2025-07-06T11:44:26.011+0000] {logging_mixin.py:188} INFO - 👉 Mode scraping : prod
[2025-07-06T11:44:26.011+0000] {logging_mixin.py:188} INFO - 👉 Fichier d’entrée : data/verbatims_test.csv
[2025-07-06T11:44:26.018+0000] {processor.py:840} INFO - DAG(s) 'trustpilot_pipeline' retrieved from /opt/airflow/dags/trustpilot_dag.py
[2025-07-06T11:44:26.048+0000] {logging_mixin.py:188} INFO - [2025-07-06T11:44:26.048+0000] {dag.py:3096} INFO - Sync 1 DAGs
[2025-07-06T11:44:26.064+0000] {logging_mixin.py:188} INFO - [2025-07-06T11:44:26.064+0000] {dag.py:3954} INFO - Setting next_dagrun for trustpilot_pipeline to None, run_after=None
[2025-07-06T11:44:26.082+0000] {processor.py:183} INFO - Processing /opt/airflow/dags/trustpilot_dag.py took 1.771 seconds
[2025-07-06T11:44:56.210+0000] {processor.py:161} INFO - Started process (PID=10167) to work on /opt/airflow/dags/trustpilot_dag.py
[2025-07-06T11:44:56.211+0000] {processor.py:830} INFO - Processing file /opt/airflow/dags/trustpilot_dag.py for tasks to queue
[2025-07-06T11:44:56.213+0000] {logging_mixin.py:188} INFO - [2025-07-06T11:44:56.212+0000] {dagbag.py:545} INFO - Filling up the DagBag from /opt/airflow/dags/trustpilot_dag.py
[2025-07-06T11:44:57.180+0000] {logging_mixin.py:188} INFO - 📁 Fichier .env chargé
[2025-07-06T11:44:57.180+0000] {logging_mixin.py:188} INFO - 👉 Mode scraping : prod
[2025-07-06T11:44:57.180+0000] {logging_mixin.py:188} INFO - 👉 Fichier d’entrée : data/verbatims_test.csv
[2025-07-06T11:44:57.185+0000] {processor.py:840} INFO - DAG(s) 'trustpilot_pipeline' retrieved from /opt/airflow/dags/trustpilot_dag.py
[2025-07-06T11:44:57.212+0000] {logging_mixin.py:188} INFO - [2025-07-06T11:44:57.211+0000] {dag.py:3096} INFO - Sync 1 DAGs
[2025-07-06T11:44:57.228+0000] {logging_mixin.py:188} INFO - [2025-07-06T11:44:57.228+0000] {dag.py:3954} INFO - Setting next_dagrun for trustpilot_pipeline to None, run_after=None
[2025-07-06T11:44:57.250+0000] {processor.py:183} INFO - Processing /opt/airflow/dags/trustpilot_dag.py took 1.049 seconds
[2025-07-06T11:45:27.312+0000] {processor.py:161} INFO - Started process (PID=10173) to work on /opt/airflow/dags/trustpilot_dag.py
[2025-07-06T11:45:27.313+0000] {processor.py:830} INFO - Processing file /opt/airflow/dags/trustpilot_dag.py for tasks to queue
[2025-07-06T11:45:27.315+0000] {logging_mixin.py:188} INFO - [2025-07-06T11:45:27.315+0000] {dagbag.py:545} INFO - Filling up the DagBag from /opt/airflow/dags/trustpilot_dag.py
[2025-07-06T11:45:29.006+0000] {logging_mixin.py:188} INFO - 📁 Fichier .env chargé
[2025-07-06T11:45:29.006+0000] {logging_mixin.py:188} INFO - 👉 Mode scraping : prod
[2025-07-06T11:45:29.006+0000] {logging_mixin.py:188} INFO - 👉 Fichier d’entrée : data/verbatims_test.csv
[2025-07-06T11:45:29.013+0000] {processor.py:840} INFO - DAG(s) 'trustpilot_pipeline' retrieved from /opt/airflow/dags/trustpilot_dag.py
[2025-07-06T11:45:29.042+0000] {logging_mixin.py:188} INFO - [2025-07-06T11:45:29.041+0000] {dag.py:3096} INFO - Sync 1 DAGs
[2025-07-06T11:45:29.057+0000] {logging_mixin.py:188} INFO - [2025-07-06T11:45:29.057+0000] {dag.py:3954} INFO - Setting next_dagrun for trustpilot_pipeline to None, run_after=None
[2025-07-06T11:45:29.077+0000] {processor.py:183} INFO - Processing /opt/airflow/dags/trustpilot_dag.py took 1.774 seconds
[2025-07-06T11:45:59.216+0000] {processor.py:161} INFO - Started process (PID=10179) to work on /opt/airflow/dags/trustpilot_dag.py
[2025-07-06T11:45:59.218+0000] {processor.py:830} INFO - Processing file /opt/airflow/dags/trustpilot_dag.py for tasks to queue
[2025-07-06T11:45:59.220+0000] {logging_mixin.py:188} INFO - [2025-07-06T11:45:59.220+0000] {dagbag.py:545} INFO - Filling up the DagBag from /opt/airflow/dags/trustpilot_dag.py
[2025-07-06T11:46:00.825+0000] {logging_mixin.py:188} INFO - 📁 Fichier .env chargé
[2025-07-06T11:46:00.826+0000] {logging_mixin.py:188} INFO - 👉 Mode scraping : prod
[2025-07-06T11:46:00.826+0000] {logging_mixin.py:188} INFO - 👉 Fichier d’entrée : data/verbatims_test.csv
[2025-07-06T11:46:00.833+0000] {processor.py:840} INFO - DAG(s) 'trustpilot_pipeline' retrieved from /opt/airflow/dags/trustpilot_dag.py
[2025-07-06T11:46:00.862+0000] {logging_mixin.py:188} INFO - [2025-07-06T11:46:00.862+0000] {dag.py:3096} INFO - Sync 1 DAGs
[2025-07-06T11:46:00.997+0000] {logging_mixin.py:188} INFO - [2025-07-06T11:46:00.997+0000] {dag.py:3954} INFO - Setting next_dagrun for trustpilot_pipeline to None, run_after=None
[2025-07-06T11:46:01.016+0000] {processor.py:183} INFO - Processing /opt/airflow/dags/trustpilot_dag.py took 1.811 seconds
[2025-07-06T11:46:31.150+0000] {processor.py:161} INFO - Started process (PID=10185) to work on /opt/airflow/dags/trustpilot_dag.py
[2025-07-06T11:46:31.152+0000] {processor.py:830} INFO - Processing file /opt/airflow/dags/trustpilot_dag.py for tasks to queue
[2025-07-06T11:46:31.154+0000] {logging_mixin.py:188} INFO - [2025-07-06T11:46:31.154+0000] {dagbag.py:545} INFO - Filling up the DagBag from /opt/airflow/dags/trustpilot_dag.py
[2025-07-06T11:46:32.879+0000] {logging_mixin.py:188} INFO - 📁 Fichier .env chargé
[2025-07-06T11:46:32.879+0000] {logging_mixin.py:188} INFO - 👉 Mode scraping : prod
[2025-07-06T11:46:32.879+0000] {logging_mixin.py:188} INFO - 👉 Fichier d’entrée : data/verbatims_test.csv
[2025-07-06T11:46:32.887+0000] {processor.py:840} INFO - DAG(s) 'trustpilot_pipeline' retrieved from /opt/airflow/dags/trustpilot_dag.py
[2025-07-06T11:46:32.915+0000] {logging_mixin.py:188} INFO - [2025-07-06T11:46:32.914+0000] {dag.py:3096} INFO - Sync 1 DAGs
[2025-07-06T11:46:32.932+0000] {logging_mixin.py:188} INFO - [2025-07-06T11:46:32.932+0000] {dag.py:3954} INFO - Setting next_dagrun for trustpilot_pipeline to None, run_after=None
[2025-07-06T11:46:32.952+0000] {processor.py:183} INFO - Processing /opt/airflow/dags/trustpilot_dag.py took 1.812 seconds
[2025-07-06T11:47:03.079+0000] {processor.py:161} INFO - Started process (PID=10191) to work on /opt/airflow/dags/trustpilot_dag.py
[2025-07-06T11:47:03.080+0000] {processor.py:830} INFO - Processing file /opt/airflow/dags/trustpilot_dag.py for tasks to queue
[2025-07-06T11:47:03.083+0000] {logging_mixin.py:188} INFO - [2025-07-06T11:47:03.082+0000] {dagbag.py:545} INFO - Filling up the DagBag from /opt/airflow/dags/trustpilot_dag.py
[2025-07-06T11:47:04.773+0000] {logging_mixin.py:188} INFO - 📁 Fichier .env chargé
[2025-07-06T11:47:04.774+0000] {logging_mixin.py:188} INFO - 👉 Mode scraping : prod
[2025-07-06T11:47:04.774+0000] {logging_mixin.py:188} INFO - 👉 Fichier d’entrée : data/verbatims_test.csv
[2025-07-06T11:47:04.781+0000] {processor.py:840} INFO - DAG(s) 'trustpilot_pipeline' retrieved from /opt/airflow/dags/trustpilot_dag.py
[2025-07-06T11:47:04.811+0000] {logging_mixin.py:188} INFO - [2025-07-06T11:47:04.810+0000] {dag.py:3096} INFO - Sync 1 DAGs
[2025-07-06T11:47:04.826+0000] {logging_mixin.py:188} INFO - [2025-07-06T11:47:04.826+0000] {dag.py:3954} INFO - Setting next_dagrun for trustpilot_pipeline to None, run_after=None
[2025-07-06T11:47:04.846+0000] {processor.py:183} INFO - Processing /opt/airflow/dags/trustpilot_dag.py took 1.777 seconds
[2025-07-06T11:47:34.970+0000] {processor.py:161} INFO - Started process (PID=10197) to work on /opt/airflow/dags/trustpilot_dag.py
[2025-07-06T11:47:34.971+0000] {processor.py:830} INFO - Processing file /opt/airflow/dags/trustpilot_dag.py for tasks to queue
[2025-07-06T11:47:34.973+0000] {logging_mixin.py:188} INFO - [2025-07-06T11:47:34.972+0000] {dagbag.py:545} INFO - Filling up the DagBag from /opt/airflow/dags/trustpilot_dag.py
[2025-07-06T11:47:36.659+0000] {logging_mixin.py:188} INFO - 📁 Fichier .env chargé
[2025-07-06T11:47:36.659+0000] {logging_mixin.py:188} INFO - 👉 Mode scraping : prod
[2025-07-06T11:47:36.659+0000] {logging_mixin.py:188} INFO - 👉 Fichier d’entrée : data/verbatims_test.csv
[2025-07-06T11:47:36.668+0000] {processor.py:840} INFO - DAG(s) 'trustpilot_pipeline' retrieved from /opt/airflow/dags/trustpilot_dag.py
[2025-07-06T11:47:36.696+0000] {logging_mixin.py:188} INFO - [2025-07-06T11:47:36.695+0000] {dag.py:3096} INFO - Sync 1 DAGs
[2025-07-06T11:47:36.711+0000] {logging_mixin.py:188} INFO - [2025-07-06T11:47:36.711+0000] {dag.py:3954} INFO - Setting next_dagrun for trustpilot_pipeline to None, run_after=None
[2025-07-06T11:47:36.730+0000] {processor.py:183} INFO - Processing /opt/airflow/dags/trustpilot_dag.py took 1.769 seconds
[2025-07-06T11:48:06.804+0000] {processor.py:161} INFO - Started process (PID=10203) to work on /opt/airflow/dags/trustpilot_dag.py
[2025-07-06T11:48:06.805+0000] {processor.py:830} INFO - Processing file /opt/airflow/dags/trustpilot_dag.py for tasks to queue
[2025-07-06T11:48:06.807+0000] {logging_mixin.py:188} INFO - [2025-07-06T11:48:06.807+0000] {dagbag.py:545} INFO - Filling up the DagBag from /opt/airflow/dags/trustpilot_dag.py
[2025-07-06T11:48:08.505+0000] {logging_mixin.py:188} INFO - 📁 Fichier .env chargé
[2025-07-06T11:48:08.506+0000] {logging_mixin.py:188} INFO - 👉 Mode scraping : prod
[2025-07-06T11:48:08.506+0000] {logging_mixin.py:188} INFO - 👉 Fichier d’entrée : data/verbatims_test.csv
[2025-07-06T11:48:08.513+0000] {processor.py:840} INFO - DAG(s) 'trustpilot_pipeline' retrieved from /opt/airflow/dags/trustpilot_dag.py
[2025-07-06T11:48:08.541+0000] {logging_mixin.py:188} INFO - [2025-07-06T11:48:08.540+0000] {dag.py:3096} INFO - Sync 1 DAGs
[2025-07-06T11:48:08.556+0000] {logging_mixin.py:188} INFO - [2025-07-06T11:48:08.556+0000] {dag.py:3954} INFO - Setting next_dagrun for trustpilot_pipeline to None, run_after=None
[2025-07-06T11:48:08.575+0000] {processor.py:183} INFO - Processing /opt/airflow/dags/trustpilot_dag.py took 1.780 seconds
[2025-07-06T11:48:38.717+0000] {processor.py:161} INFO - Started process (PID=10209) to work on /opt/airflow/dags/trustpilot_dag.py
[2025-07-06T11:48:38.718+0000] {processor.py:830} INFO - Processing file /opt/airflow/dags/trustpilot_dag.py for tasks to queue
[2025-07-06T11:48:38.720+0000] {logging_mixin.py:188} INFO - [2025-07-06T11:48:38.719+0000] {dagbag.py:545} INFO - Filling up the DagBag from /opt/airflow/dags/trustpilot_dag.py
[2025-07-06T11:48:40.301+0000] {logging_mixin.py:188} INFO - 📁 Fichier .env chargé
[2025-07-06T11:48:40.301+0000] {logging_mixin.py:188} INFO - 👉 Mode scraping : prod
[2025-07-06T11:48:40.301+0000] {logging_mixin.py:188} INFO - 👉 Fichier d’entrée : data/verbatims_test.csv
[2025-07-06T11:48:40.308+0000] {processor.py:840} INFO - DAG(s) 'trustpilot_pipeline' retrieved from /opt/airflow/dags/trustpilot_dag.py
[2025-07-06T11:48:40.337+0000] {logging_mixin.py:188} INFO - [2025-07-06T11:48:40.336+0000] {dag.py:3096} INFO - Sync 1 DAGs
[2025-07-06T11:48:40.354+0000] {logging_mixin.py:188} INFO - [2025-07-06T11:48:40.354+0000] {dag.py:3954} INFO - Setting next_dagrun for trustpilot_pipeline to None, run_after=None
[2025-07-06T11:48:40.490+0000] {processor.py:183} INFO - Processing /opt/airflow/dags/trustpilot_dag.py took 1.783 seconds
[2025-07-06T11:49:10.621+0000] {processor.py:161} INFO - Started process (PID=10215) to work on /opt/airflow/dags/trustpilot_dag.py
[2025-07-06T11:49:10.622+0000] {processor.py:830} INFO - Processing file /opt/airflow/dags/trustpilot_dag.py for tasks to queue
[2025-07-06T11:49:10.624+0000] {logging_mixin.py:188} INFO - [2025-07-06T11:49:10.624+0000] {dagbag.py:545} INFO - Filling up the DagBag from /opt/airflow/dags/trustpilot_dag.py
[2025-07-06T11:49:11.691+0000] {logging_mixin.py:188} INFO - 📁 Fichier .env chargé
[2025-07-06T11:49:11.692+0000] {logging_mixin.py:188} INFO - 👉 Mode scraping : prod
[2025-07-06T11:49:11.692+0000] {logging_mixin.py:188} INFO - 👉 Fichier d’entrée : data/verbatims_test.csv
[2025-07-06T11:49:11.696+0000] {processor.py:840} INFO - DAG(s) 'trustpilot_pipeline' retrieved from /opt/airflow/dags/trustpilot_dag.py
[2025-07-06T11:49:11.716+0000] {logging_mixin.py:188} INFO - [2025-07-06T11:49:11.716+0000] {dag.py:3096} INFO - Sync 1 DAGs
[2025-07-06T11:49:11.725+0000] {logging_mixin.py:188} INFO - [2025-07-06T11:49:11.725+0000] {dag.py:3954} INFO - Setting next_dagrun for trustpilot_pipeline to None, run_after=None
[2025-07-06T11:49:11.738+0000] {processor.py:183} INFO - Processing /opt/airflow/dags/trustpilot_dag.py took 1.126 seconds
[2025-07-06T11:49:41.840+0000] {processor.py:161} INFO - Started process (PID=10221) to work on /opt/airflow/dags/trustpilot_dag.py
[2025-07-06T11:49:41.842+0000] {processor.py:830} INFO - Processing file /opt/airflow/dags/trustpilot_dag.py for tasks to queue
[2025-07-06T11:49:41.844+0000] {logging_mixin.py:188} INFO - [2025-07-06T11:49:41.843+0000] {dagbag.py:545} INFO - Filling up the DagBag from /opt/airflow/dags/trustpilot_dag.py
[2025-07-06T11:49:43.533+0000] {logging_mixin.py:188} INFO - 📁 Fichier .env chargé
[2025-07-06T11:49:43.533+0000] {logging_mixin.py:188} INFO - 👉 Mode scraping : prod
[2025-07-06T11:49:43.533+0000] {logging_mixin.py:188} INFO - 👉 Fichier d’entrée : data/verbatims_test.csv
[2025-07-06T11:49:43.541+0000] {processor.py:840} INFO - DAG(s) 'trustpilot_pipeline' retrieved from /opt/airflow/dags/trustpilot_dag.py
[2025-07-06T11:49:43.568+0000] {logging_mixin.py:188} INFO - [2025-07-06T11:49:43.568+0000] {dag.py:3096} INFO - Sync 1 DAGs
[2025-07-06T11:49:43.585+0000] {logging_mixin.py:188} INFO - [2025-07-06T11:49:43.585+0000] {dag.py:3954} INFO - Setting next_dagrun for trustpilot_pipeline to None, run_after=None
[2025-07-06T11:49:43.604+0000] {processor.py:183} INFO - Processing /opt/airflow/dags/trustpilot_dag.py took 1.773 seconds
[2025-07-06T11:50:13.735+0000] {processor.py:161} INFO - Started process (PID=10227) to work on /opt/airflow/dags/trustpilot_dag.py
[2025-07-06T11:50:13.736+0000] {processor.py:830} INFO - Processing file /opt/airflow/dags/trustpilot_dag.py for tasks to queue
[2025-07-06T11:50:13.738+0000] {logging_mixin.py:188} INFO - [2025-07-06T11:50:13.738+0000] {dagbag.py:545} INFO - Filling up the DagBag from /opt/airflow/dags/trustpilot_dag.py
[2025-07-06T11:50:15.424+0000] {logging_mixin.py:188} INFO - 📁 Fichier .env chargé
[2025-07-06T11:50:15.424+0000] {logging_mixin.py:188} INFO - 👉 Mode scraping : prod
[2025-07-06T11:50:15.425+0000] {logging_mixin.py:188} INFO - 👉 Fichier d’entrée : data/verbatims_test.csv
[2025-07-06T11:50:15.432+0000] {processor.py:840} INFO - DAG(s) 'trustpilot_pipeline' retrieved from /opt/airflow/dags/trustpilot_dag.py
[2025-07-06T11:50:15.462+0000] {logging_mixin.py:188} INFO - [2025-07-06T11:50:15.462+0000] {dag.py:3096} INFO - Sync 1 DAGs
[2025-07-06T11:50:15.478+0000] {logging_mixin.py:188} INFO - [2025-07-06T11:50:15.477+0000] {dag.py:3954} INFO - Setting next_dagrun for trustpilot_pipeline to None, run_after=None
[2025-07-06T11:50:15.496+0000] {processor.py:183} INFO - Processing /opt/airflow/dags/trustpilot_dag.py took 1.771 seconds
[2025-07-06T11:50:45.617+0000] {processor.py:161} INFO - Started process (PID=10233) to work on /opt/airflow/dags/trustpilot_dag.py
[2025-07-06T11:50:45.618+0000] {processor.py:830} INFO - Processing file /opt/airflow/dags/trustpilot_dag.py for tasks to queue
[2025-07-06T11:50:45.620+0000] {logging_mixin.py:188} INFO - [2025-07-06T11:50:45.619+0000] {dagbag.py:545} INFO - Filling up the DagBag from /opt/airflow/dags/trustpilot_dag.py
[2025-07-06T11:50:47.141+0000] {logging_mixin.py:188} INFO - 📁 Fichier .env chargé
[2025-07-06T11:50:47.142+0000] {logging_mixin.py:188} INFO - 👉 Mode scraping : prod
[2025-07-06T11:50:47.142+0000] {logging_mixin.py:188} INFO - 👉 Fichier d’entrée : data/verbatims_test.csv
[2025-07-06T11:50:47.146+0000] {processor.py:840} INFO - DAG(s) 'trustpilot_pipeline' retrieved from /opt/airflow/dags/trustpilot_dag.py
[2025-07-06T11:50:47.173+0000] {logging_mixin.py:188} INFO - [2025-07-06T11:50:47.172+0000] {dag.py:3096} INFO - Sync 1 DAGs
[2025-07-06T11:50:47.189+0000] {logging_mixin.py:188} INFO - [2025-07-06T11:50:47.188+0000] {dag.py:3954} INFO - Setting next_dagrun for trustpilot_pipeline to None, run_after=None
[2025-07-06T11:50:47.210+0000] {processor.py:183} INFO - Processing /opt/airflow/dags/trustpilot_dag.py took 1.603 seconds
[2025-07-06T11:51:17.331+0000] {processor.py:161} INFO - Started process (PID=10239) to work on /opt/airflow/dags/trustpilot_dag.py
[2025-07-06T11:51:17.332+0000] {processor.py:830} INFO - Processing file /opt/airflow/dags/trustpilot_dag.py for tasks to queue
[2025-07-06T11:51:17.334+0000] {logging_mixin.py:188} INFO - [2025-07-06T11:51:17.333+0000] {dagbag.py:545} INFO - Filling up the DagBag from /opt/airflow/dags/trustpilot_dag.py
[2025-07-06T11:51:19.052+0000] {logging_mixin.py:188} INFO - 📁 Fichier .env chargé
[2025-07-06T11:51:19.053+0000] {logging_mixin.py:188} INFO - 👉 Mode scraping : prod
[2025-07-06T11:51:19.053+0000] {logging_mixin.py:188} INFO - 👉 Fichier d’entrée : data/verbatims_test.csv
[2025-07-06T11:51:19.061+0000] {processor.py:840} INFO - DAG(s) 'trustpilot_pipeline' retrieved from /opt/airflow/dags/trustpilot_dag.py
[2025-07-06T11:51:19.090+0000] {logging_mixin.py:188} INFO - [2025-07-06T11:51:19.089+0000] {dag.py:3096} INFO - Sync 1 DAGs
[2025-07-06T11:51:19.106+0000] {logging_mixin.py:188} INFO - [2025-07-06T11:51:19.106+0000] {dag.py:3954} INFO - Setting next_dagrun for trustpilot_pipeline to None, run_after=None
[2025-07-06T11:51:19.129+0000] {processor.py:183} INFO - Processing /opt/airflow/dags/trustpilot_dag.py took 1.808 seconds
[2025-07-06T11:51:49.217+0000] {processor.py:161} INFO - Started process (PID=10245) to work on /opt/airflow/dags/trustpilot_dag.py
[2025-07-06T11:51:49.218+0000] {processor.py:830} INFO - Processing file /opt/airflow/dags/trustpilot_dag.py for tasks to queue
[2025-07-06T11:51:49.220+0000] {logging_mixin.py:188} INFO - [2025-07-06T11:51:49.220+0000] {dagbag.py:545} INFO - Filling up the DagBag from /opt/airflow/dags/trustpilot_dag.py
[2025-07-06T11:51:50.799+0000] {logging_mixin.py:188} INFO - 📁 Fichier .env chargé
[2025-07-06T11:51:50.799+0000] {logging_mixin.py:188} INFO - 👉 Mode scraping : prod
[2025-07-06T11:51:50.799+0000] {logging_mixin.py:188} INFO - 👉 Fichier d’entrée : data/verbatims_test.csv
[2025-07-06T11:51:50.807+0000] {processor.py:840} INFO - DAG(s) 'trustpilot_pipeline' retrieved from /opt/airflow/dags/trustpilot_dag.py
[2025-07-06T11:51:50.835+0000] {logging_mixin.py:188} INFO - [2025-07-06T11:51:50.834+0000] {dag.py:3096} INFO - Sync 1 DAGs
[2025-07-06T11:51:50.969+0000] {logging_mixin.py:188} INFO - [2025-07-06T11:51:50.969+0000] {dag.py:3954} INFO - Setting next_dagrun for trustpilot_pipeline to None, run_after=None
[2025-07-06T11:51:50.988+0000] {processor.py:183} INFO - Processing /opt/airflow/dags/trustpilot_dag.py took 1.780 seconds
[2025-07-06T11:52:21.115+0000] {processor.py:161} INFO - Started process (PID=10251) to work on /opt/airflow/dags/trustpilot_dag.py
[2025-07-06T11:52:21.117+0000] {processor.py:830} INFO - Processing file /opt/airflow/dags/trustpilot_dag.py for tasks to queue
[2025-07-06T11:52:21.119+0000] {logging_mixin.py:188} INFO - [2025-07-06T11:52:21.119+0000] {dagbag.py:545} INFO - Filling up the DagBag from /opt/airflow/dags/trustpilot_dag.py
[2025-07-06T11:52:22.832+0000] {logging_mixin.py:188} INFO - 📁 Fichier .env chargé
[2025-07-06T11:52:22.833+0000] {logging_mixin.py:188} INFO - 👉 Mode scraping : prod
[2025-07-06T11:52:22.833+0000] {logging_mixin.py:188} INFO - 👉 Fichier d’entrée : data/verbatims_test.csv
[2025-07-06T11:52:22.840+0000] {processor.py:840} INFO - DAG(s) 'trustpilot_pipeline' retrieved from /opt/airflow/dags/trustpilot_dag.py
[2025-07-06T11:52:22.869+0000] {logging_mixin.py:188} INFO - [2025-07-06T11:52:22.869+0000] {dag.py:3096} INFO - Sync 1 DAGs
[2025-07-06T11:52:22.886+0000] {logging_mixin.py:188} INFO - [2025-07-06T11:52:22.886+0000] {dag.py:3954} INFO - Setting next_dagrun for trustpilot_pipeline to None, run_after=None
[2025-07-06T11:52:22.905+0000] {processor.py:183} INFO - Processing /opt/airflow/dags/trustpilot_dag.py took 1.801 seconds
[2025-07-06T11:52:53.031+0000] {processor.py:161} INFO - Started process (PID=10257) to work on /opt/airflow/dags/trustpilot_dag.py
[2025-07-06T11:52:53.032+0000] {processor.py:830} INFO - Processing file /opt/airflow/dags/trustpilot_dag.py for tasks to queue
[2025-07-06T11:52:53.034+0000] {logging_mixin.py:188} INFO - [2025-07-06T11:52:53.034+0000] {dagbag.py:545} INFO - Filling up the DagBag from /opt/airflow/dags/trustpilot_dag.py
[2025-07-06T11:52:54.722+0000] {logging_mixin.py:188} INFO - 📁 Fichier .env chargé
[2025-07-06T11:52:54.722+0000] {logging_mixin.py:188} INFO - 👉 Mode scraping : prod
[2025-07-06T11:52:54.722+0000] {logging_mixin.py:188} INFO - 👉 Fichier d’entrée : data/verbatims_test.csv
[2025-07-06T11:52:54.730+0000] {processor.py:840} INFO - DAG(s) 'trustpilot_pipeline' retrieved from /opt/airflow/dags/trustpilot_dag.py
[2025-07-06T11:52:54.759+0000] {logging_mixin.py:188} INFO - [2025-07-06T11:52:54.758+0000] {dag.py:3096} INFO - Sync 1 DAGs
[2025-07-06T11:52:54.774+0000] {logging_mixin.py:188} INFO - [2025-07-06T11:52:54.774+0000] {dag.py:3954} INFO - Setting next_dagrun for trustpilot_pipeline to None, run_after=None
[2025-07-06T11:52:54.793+0000] {processor.py:183} INFO - Processing /opt/airflow/dags/trustpilot_dag.py took 1.771 seconds
[2025-07-06T11:53:24.925+0000] {processor.py:161} INFO - Started process (PID=10263) to work on /opt/airflow/dags/trustpilot_dag.py
[2025-07-06T11:53:24.926+0000] {processor.py:830} INFO - Processing file /opt/airflow/dags/trustpilot_dag.py for tasks to queue
[2025-07-06T11:53:24.928+0000] {logging_mixin.py:188} INFO - [2025-07-06T11:53:24.927+0000] {dagbag.py:545} INFO - Filling up the DagBag from /opt/airflow/dags/trustpilot_dag.py
[2025-07-06T11:53:26.619+0000] {logging_mixin.py:188} INFO - 📁 Fichier .env chargé
[2025-07-06T11:53:26.619+0000] {logging_mixin.py:188} INFO - 👉 Mode scraping : prod
[2025-07-06T11:53:26.620+0000] {logging_mixin.py:188} INFO - 👉 Fichier d’entrée : data/verbatims_test.csv
[2025-07-06T11:53:26.627+0000] {processor.py:840} INFO - DAG(s) 'trustpilot_pipeline' retrieved from /opt/airflow/dags/trustpilot_dag.py
[2025-07-06T11:53:26.655+0000] {logging_mixin.py:188} INFO - [2025-07-06T11:53:26.655+0000] {dag.py:3096} INFO - Sync 1 DAGs
[2025-07-06T11:53:26.671+0000] {logging_mixin.py:188} INFO - [2025-07-06T11:53:26.671+0000] {dag.py:3954} INFO - Setting next_dagrun for trustpilot_pipeline to None, run_after=None
[2025-07-06T11:53:26.690+0000] {processor.py:183} INFO - Processing /opt/airflow/dags/trustpilot_dag.py took 1.774 seconds
[2025-07-06T11:53:56.806+0000] {processor.py:161} INFO - Started process (PID=10269) to work on /opt/airflow/dags/trustpilot_dag.py
[2025-07-06T11:53:56.806+0000] {processor.py:830} INFO - Processing file /opt/airflow/dags/trustpilot_dag.py for tasks to queue
[2025-07-06T11:53:56.808+0000] {logging_mixin.py:188} INFO - [2025-07-06T11:53:56.808+0000] {dagbag.py:545} INFO - Filling up the DagBag from /opt/airflow/dags/trustpilot_dag.py
[2025-07-06T11:53:58.498+0000] {logging_mixin.py:188} INFO - 📁 Fichier .env chargé
[2025-07-06T11:53:58.499+0000] {logging_mixin.py:188} INFO - 👉 Mode scraping : prod
[2025-07-06T11:53:58.499+0000] {logging_mixin.py:188} INFO - 👉 Fichier d’entrée : data/verbatims_test.csv
[2025-07-06T11:53:58.506+0000] {processor.py:840} INFO - DAG(s) 'trustpilot_pipeline' retrieved from /opt/airflow/dags/trustpilot_dag.py
[2025-07-06T11:53:58.534+0000] {logging_mixin.py:188} INFO - [2025-07-06T11:53:58.533+0000] {dag.py:3096} INFO - Sync 1 DAGs
[2025-07-06T11:53:58.549+0000] {logging_mixin.py:188} INFO - [2025-07-06T11:53:58.549+0000] {dag.py:3954} INFO - Setting next_dagrun for trustpilot_pipeline to None, run_after=None
[2025-07-06T11:53:58.568+0000] {processor.py:183} INFO - Processing /opt/airflow/dags/trustpilot_dag.py took 1.772 seconds
[2025-07-06T11:54:28.700+0000] {processor.py:161} INFO - Started process (PID=10275) to work on /opt/airflow/dags/trustpilot_dag.py
[2025-07-06T11:54:28.701+0000] {processor.py:830} INFO - Processing file /opt/airflow/dags/trustpilot_dag.py for tasks to queue
[2025-07-06T11:54:28.703+0000] {logging_mixin.py:188} INFO - [2025-07-06T11:54:28.703+0000] {dagbag.py:545} INFO - Filling up the DagBag from /opt/airflow/dags/trustpilot_dag.py
[2025-07-06T11:54:30.283+0000] {logging_mixin.py:188} INFO - 📁 Fichier .env chargé
[2025-07-06T11:54:30.283+0000] {logging_mixin.py:188} INFO - 👉 Mode scraping : prod
[2025-07-06T11:54:30.283+0000] {logging_mixin.py:188} INFO - 👉 Fichier d’entrée : data/verbatims_test.csv
[2025-07-06T11:54:30.290+0000] {processor.py:840} INFO - DAG(s) 'trustpilot_pipeline' retrieved from /opt/airflow/dags/trustpilot_dag.py
[2025-07-06T11:54:30.318+0000] {logging_mixin.py:188} INFO - [2025-07-06T11:54:30.318+0000] {dag.py:3096} INFO - Sync 1 DAGs
[2025-07-06T11:54:30.335+0000] {logging_mixin.py:188} INFO - [2025-07-06T11:54:30.335+0000] {dag.py:3954} INFO - Setting next_dagrun for trustpilot_pipeline to None, run_after=None
[2025-07-06T11:54:30.472+0000] {processor.py:183} INFO - Processing /opt/airflow/dags/trustpilot_dag.py took 1.781 seconds
[2025-07-06T11:55:00.598+0000] {processor.py:161} INFO - Started process (PID=10281) to work on /opt/airflow/dags/trustpilot_dag.py
[2025-07-06T11:55:00.600+0000] {processor.py:830} INFO - Processing file /opt/airflow/dags/trustpilot_dag.py for tasks to queue
[2025-07-06T11:55:00.602+0000] {logging_mixin.py:188} INFO - [2025-07-06T11:55:00.601+0000] {dagbag.py:545} INFO - Filling up the DagBag from /opt/airflow/dags/trustpilot_dag.py
[2025-07-06T11:55:02.289+0000] {logging_mixin.py:188} INFO - 📁 Fichier .env chargé
[2025-07-06T11:55:02.289+0000] {logging_mixin.py:188} INFO - 👉 Mode scraping : prod
[2025-07-06T11:55:02.289+0000] {logging_mixin.py:188} INFO - 👉 Fichier d’entrée : data/verbatims_test.csv
[2025-07-06T11:55:02.297+0000] {processor.py:840} INFO - DAG(s) 'trustpilot_pipeline' retrieved from /opt/airflow/dags/trustpilot_dag.py
[2025-07-06T11:55:02.326+0000] {logging_mixin.py:188} INFO - [2025-07-06T11:55:02.326+0000] {dag.py:3096} INFO - Sync 1 DAGs
[2025-07-06T11:55:02.342+0000] {logging_mixin.py:188} INFO - [2025-07-06T11:55:02.341+0000] {dag.py:3954} INFO - Setting next_dagrun for trustpilot_pipeline to None, run_after=None
[2025-07-06T11:55:02.360+0000] {processor.py:183} INFO - Processing /opt/airflow/dags/trustpilot_dag.py took 1.771 seconds
[2025-07-06T11:55:32.482+0000] {processor.py:161} INFO - Started process (PID=10287) to work on /opt/airflow/dags/trustpilot_dag.py
[2025-07-06T11:55:32.483+0000] {processor.py:830} INFO - Processing file /opt/airflow/dags/trustpilot_dag.py for tasks to queue
[2025-07-06T11:55:32.485+0000] {logging_mixin.py:188} INFO - [2025-07-06T11:55:32.485+0000] {dagbag.py:545} INFO - Filling up the DagBag from /opt/airflow/dags/trustpilot_dag.py
[2025-07-06T11:55:34.171+0000] {logging_mixin.py:188} INFO - 📁 Fichier .env chargé
[2025-07-06T11:55:34.172+0000] {logging_mixin.py:188} INFO - 👉 Mode scraping : prod
[2025-07-06T11:55:34.172+0000] {logging_mixin.py:188} INFO - 👉 Fichier d’entrée : data/verbatims_test.csv
[2025-07-06T11:55:34.179+0000] {processor.py:840} INFO - DAG(s) 'trustpilot_pipeline' retrieved from /opt/airflow/dags/trustpilot_dag.py
[2025-07-06T11:55:34.207+0000] {logging_mixin.py:188} INFO - [2025-07-06T11:55:34.206+0000] {dag.py:3096} INFO - Sync 1 DAGs
[2025-07-06T11:55:34.224+0000] {logging_mixin.py:188} INFO - [2025-07-06T11:55:34.224+0000] {dag.py:3954} INFO - Setting next_dagrun for trustpilot_pipeline to None, run_after=None
[2025-07-06T11:55:34.242+0000] {processor.py:183} INFO - Processing /opt/airflow/dags/trustpilot_dag.py took 1.770 seconds
[2025-07-06T11:56:04.359+0000] {processor.py:161} INFO - Started process (PID=10293) to work on /opt/airflow/dags/trustpilot_dag.py
[2025-07-06T11:56:04.361+0000] {processor.py:830} INFO - Processing file /opt/airflow/dags/trustpilot_dag.py for tasks to queue
[2025-07-06T11:56:04.363+0000] {logging_mixin.py:188} INFO - [2025-07-06T11:56:04.362+0000] {dagbag.py:545} INFO - Filling up the DagBag from /opt/airflow/dags/trustpilot_dag.py
[2025-07-06T11:56:05.379+0000] {logging_mixin.py:188} INFO - 📁 Fichier .env chargé
[2025-07-06T11:56:05.379+0000] {logging_mixin.py:188} INFO - 👉 Mode scraping : prod
[2025-07-06T11:56:05.380+0000] {logging_mixin.py:188} INFO - 👉 Fichier d’entrée : data/verbatims_test.csv
[2025-07-06T11:56:05.384+0000] {processor.py:840} INFO - DAG(s) 'trustpilot_pipeline' retrieved from /opt/airflow/dags/trustpilot_dag.py
[2025-07-06T11:56:05.413+0000] {logging_mixin.py:188} INFO - [2025-07-06T11:56:05.412+0000] {dag.py:3096} INFO - Sync 1 DAGs
[2025-07-06T11:56:05.427+0000] {logging_mixin.py:188} INFO - [2025-07-06T11:56:05.427+0000] {dag.py:3954} INFO - Setting next_dagrun for trustpilot_pipeline to None, run_after=None
[2025-07-06T11:56:05.441+0000] {processor.py:183} INFO - Processing /opt/airflow/dags/trustpilot_dag.py took 1.093 seconds
[2025-07-06T11:56:35.551+0000] {processor.py:161} INFO - Started process (PID=10299) to work on /opt/airflow/dags/trustpilot_dag.py
[2025-07-06T11:56:35.552+0000] {processor.py:830} INFO - Processing file /opt/airflow/dags/trustpilot_dag.py for tasks to queue
[2025-07-06T11:56:35.554+0000] {logging_mixin.py:188} INFO - [2025-07-06T11:56:35.554+0000] {dagbag.py:545} INFO - Filling up the DagBag from /opt/airflow/dags/trustpilot_dag.py
[2025-07-06T11:56:37.240+0000] {logging_mixin.py:188} INFO - 📁 Fichier .env chargé
[2025-07-06T11:56:37.240+0000] {logging_mixin.py:188} INFO - 👉 Mode scraping : prod
[2025-07-06T11:56:37.240+0000] {logging_mixin.py:188} INFO - 👉 Fichier d’entrée : data/verbatims_test.csv
[2025-07-06T11:56:37.248+0000] {processor.py:840} INFO - DAG(s) 'trustpilot_pipeline' retrieved from /opt/airflow/dags/trustpilot_dag.py
[2025-07-06T11:56:37.275+0000] {logging_mixin.py:188} INFO - [2025-07-06T11:56:37.275+0000] {dag.py:3096} INFO - Sync 1 DAGs
[2025-07-06T11:56:37.291+0000] {logging_mixin.py:188} INFO - [2025-07-06T11:56:37.290+0000] {dag.py:3954} INFO - Setting next_dagrun for trustpilot_pipeline to None, run_after=None
[2025-07-06T11:56:37.309+0000] {processor.py:183} INFO - Processing /opt/airflow/dags/trustpilot_dag.py took 1.767 seconds
[2025-07-06T11:57:07.445+0000] {processor.py:161} INFO - Started process (PID=10305) to work on /opt/airflow/dags/trustpilot_dag.py
[2025-07-06T11:57:07.446+0000] {processor.py:830} INFO - Processing file /opt/airflow/dags/trustpilot_dag.py for tasks to queue
[2025-07-06T11:57:07.448+0000] {logging_mixin.py:188} INFO - [2025-07-06T11:57:07.448+0000] {dagbag.py:545} INFO - Filling up the DagBag from /opt/airflow/dags/trustpilot_dag.py
[2025-07-06T11:57:09.137+0000] {logging_mixin.py:188} INFO - 📁 Fichier .env chargé
[2025-07-06T11:57:09.137+0000] {logging_mixin.py:188} INFO - 👉 Mode scraping : prod
[2025-07-06T11:57:09.138+0000] {logging_mixin.py:188} INFO - 👉 Fichier d’entrée : data/verbatims_test.csv
[2025-07-06T11:57:09.145+0000] {processor.py:840} INFO - DAG(s) 'trustpilot_pipeline' retrieved from /opt/airflow/dags/trustpilot_dag.py
[2025-07-06T11:57:09.173+0000] {logging_mixin.py:188} INFO - [2025-07-06T11:57:09.173+0000] {dag.py:3096} INFO - Sync 1 DAGs
[2025-07-06T11:57:09.189+0000] {logging_mixin.py:188} INFO - [2025-07-06T11:57:09.189+0000] {dag.py:3954} INFO - Setting next_dagrun for trustpilot_pipeline to None, run_after=None
[2025-07-06T11:57:09.209+0000] {processor.py:183} INFO - Processing /opt/airflow/dags/trustpilot_dag.py took 1.773 seconds
[2025-07-06T11:57:39.325+0000] {processor.py:161} INFO - Started process (PID=10311) to work on /opt/airflow/dags/trustpilot_dag.py
[2025-07-06T11:57:39.326+0000] {processor.py:830} INFO - Processing file /opt/airflow/dags/trustpilot_dag.py for tasks to queue
[2025-07-06T11:57:39.328+0000] {logging_mixin.py:188} INFO - [2025-07-06T11:57:39.328+0000] {dagbag.py:545} INFO - Filling up the DagBag from /opt/airflow/dags/trustpilot_dag.py
[2025-07-06T11:57:40.907+0000] {logging_mixin.py:188} INFO - 📁 Fichier .env chargé
[2025-07-06T11:57:40.908+0000] {logging_mixin.py:188} INFO - 👉 Mode scraping : prod
[2025-07-06T11:57:40.908+0000] {logging_mixin.py:188} INFO - 👉 Fichier d’entrée : data/verbatims_test.csv
[2025-07-06T11:57:40.915+0000] {processor.py:840} INFO - DAG(s) 'trustpilot_pipeline' retrieved from /opt/airflow/dags/trustpilot_dag.py
[2025-07-06T11:57:40.944+0000] {logging_mixin.py:188} INFO - [2025-07-06T11:57:40.943+0000] {dag.py:3096} INFO - Sync 1 DAGs
[2025-07-06T11:57:41.077+0000] {logging_mixin.py:188} INFO - [2025-07-06T11:57:41.077+0000] {dag.py:3954} INFO - Setting next_dagrun for trustpilot_pipeline to None, run_after=None
[2025-07-06T11:57:41.096+0000] {processor.py:183} INFO - Processing /opt/airflow/dags/trustpilot_dag.py took 1.780 seconds
[2025-07-06T11:58:11.227+0000] {processor.py:161} INFO - Started process (PID=10317) to work on /opt/airflow/dags/trustpilot_dag.py
[2025-07-06T11:58:11.228+0000] {processor.py:830} INFO - Processing file /opt/airflow/dags/trustpilot_dag.py for tasks to queue
[2025-07-06T11:58:11.230+0000] {logging_mixin.py:188} INFO - [2025-07-06T11:58:11.230+0000] {dagbag.py:545} INFO - Filling up the DagBag from /opt/airflow/dags/trustpilot_dag.py
[2025-07-06T11:58:12.920+0000] {logging_mixin.py:188} INFO - 📁 Fichier .env chargé
[2025-07-06T11:58:12.921+0000] {logging_mixin.py:188} INFO - 👉 Mode scraping : prod
[2025-07-06T11:58:12.921+0000] {logging_mixin.py:188} INFO - 👉 Fichier d’entrée : data/verbatims_test.csv
[2025-07-06T11:58:12.928+0000] {processor.py:840} INFO - DAG(s) 'trustpilot_pipeline' retrieved from /opt/airflow/dags/trustpilot_dag.py
[2025-07-06T11:58:12.957+0000] {logging_mixin.py:188} INFO - [2025-07-06T11:58:12.956+0000] {dag.py:3096} INFO - Sync 1 DAGs
[2025-07-06T11:58:12.974+0000] {logging_mixin.py:188} INFO - [2025-07-06T11:58:12.973+0000] {dag.py:3954} INFO - Setting next_dagrun for trustpilot_pipeline to None, run_after=None
[2025-07-06T11:58:12.993+0000] {processor.py:183} INFO - Processing /opt/airflow/dags/trustpilot_dag.py took 1.775 seconds
[2025-07-06T11:58:43.123+0000] {processor.py:161} INFO - Started process (PID=10323) to work on /opt/airflow/dags/trustpilot_dag.py
[2025-07-06T11:58:43.124+0000] {processor.py:830} INFO - Processing file /opt/airflow/dags/trustpilot_dag.py for tasks to queue
[2025-07-06T11:58:43.126+0000] {logging_mixin.py:188} INFO - [2025-07-06T11:58:43.126+0000] {dagbag.py:545} INFO - Filling up the DagBag from /opt/airflow/dags/trustpilot_dag.py
[2025-07-06T11:58:44.840+0000] {logging_mixin.py:188} INFO - 📁 Fichier .env chargé
[2025-07-06T11:58:44.840+0000] {logging_mixin.py:188} INFO - 👉 Mode scraping : prod
[2025-07-06T11:58:44.841+0000] {logging_mixin.py:188} INFO - 👉 Fichier d’entrée : data/verbatims_test.csv
[2025-07-06T11:58:44.848+0000] {processor.py:840} INFO - DAG(s) 'trustpilot_pipeline' retrieved from /opt/airflow/dags/trustpilot_dag.py
[2025-07-06T11:58:44.878+0000] {logging_mixin.py:188} INFO - [2025-07-06T11:58:44.878+0000] {dag.py:3096} INFO - Sync 1 DAGs
[2025-07-06T11:58:44.894+0000] {logging_mixin.py:188} INFO - [2025-07-06T11:58:44.894+0000] {dag.py:3954} INFO - Setting next_dagrun for trustpilot_pipeline to None, run_after=None
[2025-07-06T11:58:44.913+0000] {processor.py:183} INFO - Processing /opt/airflow/dags/trustpilot_dag.py took 1.801 seconds
[2025-07-06T11:59:15.012+0000] {processor.py:161} INFO - Started process (PID=10329) to work on /opt/airflow/dags/trustpilot_dag.py
[2025-07-06T11:59:15.013+0000] {processor.py:830} INFO - Processing file /opt/airflow/dags/trustpilot_dag.py for tasks to queue
[2025-07-06T11:59:15.015+0000] {logging_mixin.py:188} INFO - [2025-07-06T11:59:15.014+0000] {dagbag.py:545} INFO - Filling up the DagBag from /opt/airflow/dags/trustpilot_dag.py
[2025-07-06T11:59:16.702+0000] {logging_mixin.py:188} INFO - 📁 Fichier .env chargé
[2025-07-06T11:59:16.702+0000] {logging_mixin.py:188} INFO - 👉 Mode scraping : prod
[2025-07-06T11:59:16.702+0000] {logging_mixin.py:188} INFO - 👉 Fichier d’entrée : data/verbatims_test.csv
[2025-07-06T11:59:16.710+0000] {processor.py:840} INFO - DAG(s) 'trustpilot_pipeline' retrieved from /opt/airflow/dags/trustpilot_dag.py
[2025-07-06T11:59:16.737+0000] {logging_mixin.py:188} INFO - [2025-07-06T11:59:16.737+0000] {dag.py:3096} INFO - Sync 1 DAGs
[2025-07-06T11:59:16.753+0000] {logging_mixin.py:188} INFO - [2025-07-06T11:59:16.753+0000] {dag.py:3954} INFO - Setting next_dagrun for trustpilot_pipeline to None, run_after=None
[2025-07-06T11:59:16.771+0000] {processor.py:183} INFO - Processing /opt/airflow/dags/trustpilot_dag.py took 1.769 seconds
[2025-07-06T11:59:46.905+0000] {processor.py:161} INFO - Started process (PID=10335) to work on /opt/airflow/dags/trustpilot_dag.py
[2025-07-06T11:59:46.906+0000] {processor.py:830} INFO - Processing file /opt/airflow/dags/trustpilot_dag.py for tasks to queue
[2025-07-06T11:59:46.908+0000] {logging_mixin.py:188} INFO - [2025-07-06T11:59:46.908+0000] {dagbag.py:545} INFO - Filling up the DagBag from /opt/airflow/dags/trustpilot_dag.py
[2025-07-06T11:59:48.598+0000] {logging_mixin.py:188} INFO - 📁 Fichier .env chargé
[2025-07-06T11:59:48.598+0000] {logging_mixin.py:188} INFO - 👉 Mode scraping : prod
[2025-07-06T11:59:48.598+0000] {logging_mixin.py:188} INFO - 👉 Fichier d’entrée : data/verbatims_test.csv
[2025-07-06T11:59:48.605+0000] {processor.py:840} INFO - DAG(s) 'trustpilot_pipeline' retrieved from /opt/airflow/dags/trustpilot_dag.py
[2025-07-06T11:59:48.634+0000] {logging_mixin.py:188} INFO - [2025-07-06T11:59:48.633+0000] {dag.py:3096} INFO - Sync 1 DAGs
[2025-07-06T11:59:48.650+0000] {logging_mixin.py:188} INFO - [2025-07-06T11:59:48.649+0000] {dag.py:3954} INFO - Setting next_dagrun for trustpilot_pipeline to None, run_after=None
[2025-07-06T11:59:48.668+0000] {processor.py:183} INFO - Processing /opt/airflow/dags/trustpilot_dag.py took 1.773 seconds
[2025-07-06T12:00:18.798+0000] {processor.py:161} INFO - Started process (PID=10341) to work on /opt/airflow/dags/trustpilot_dag.py
[2025-07-06T12:00:18.799+0000] {processor.py:830} INFO - Processing file /opt/airflow/dags/trustpilot_dag.py for tasks to queue
[2025-07-06T12:00:18.801+0000] {logging_mixin.py:188} INFO - [2025-07-06T12:00:18.801+0000] {dagbag.py:545} INFO - Filling up the DagBag from /opt/airflow/dags/trustpilot_dag.py
[2025-07-06T12:00:20.491+0000] {logging_mixin.py:188} INFO - 📁 Fichier .env chargé
[2025-07-06T12:00:20.491+0000] {logging_mixin.py:188} INFO - 👉 Mode scraping : prod
[2025-07-06T12:00:20.491+0000] {logging_mixin.py:188} INFO - 👉 Fichier d’entrée : data/verbatims_test.csv
[2025-07-06T12:00:20.499+0000] {processor.py:840} INFO - DAG(s) 'trustpilot_pipeline' retrieved from /opt/airflow/dags/trustpilot_dag.py
[2025-07-06T12:00:20.527+0000] {logging_mixin.py:188} INFO - [2025-07-06T12:00:20.526+0000] {dag.py:3096} INFO - Sync 1 DAGs
[2025-07-06T12:00:20.544+0000] {logging_mixin.py:188} INFO - [2025-07-06T12:00:20.544+0000] {dag.py:3954} INFO - Setting next_dagrun for trustpilot_pipeline to None, run_after=None
[2025-07-06T12:00:20.563+0000] {processor.py:183} INFO - Processing /opt/airflow/dags/trustpilot_dag.py took 1.774 seconds
[2025-07-06T12:00:50.678+0000] {processor.py:161} INFO - Started process (PID=10347) to work on /opt/airflow/dags/trustpilot_dag.py
[2025-07-06T12:00:50.679+0000] {processor.py:830} INFO - Processing file /opt/airflow/dags/trustpilot_dag.py for tasks to queue
[2025-07-06T12:00:50.682+0000] {logging_mixin.py:188} INFO - [2025-07-06T12:00:50.681+0000] {dagbag.py:545} INFO - Filling up the DagBag from /opt/airflow/dags/trustpilot_dag.py
[2025-07-06T12:00:52.370+0000] {logging_mixin.py:188} INFO - 📁 Fichier .env chargé
[2025-07-06T12:00:52.371+0000] {logging_mixin.py:188} INFO - 👉 Mode scraping : prod
[2025-07-06T12:00:52.371+0000] {logging_mixin.py:188} INFO - 👉 Fichier d’entrée : data/verbatims_test.csv
[2025-07-06T12:00:52.378+0000] {processor.py:840} INFO - DAG(s) 'trustpilot_pipeline' retrieved from /opt/airflow/dags/trustpilot_dag.py
[2025-07-06T12:00:52.406+0000] {logging_mixin.py:188} INFO - [2025-07-06T12:00:52.406+0000] {dag.py:3096} INFO - Sync 1 DAGs
[2025-07-06T12:00:52.423+0000] {logging_mixin.py:188} INFO - [2025-07-06T12:00:52.423+0000] {dag.py:3954} INFO - Setting next_dagrun for trustpilot_pipeline to None, run_after=None
[2025-07-06T12:00:52.442+0000] {processor.py:183} INFO - Processing /opt/airflow/dags/trustpilot_dag.py took 1.773 seconds
[2025-07-06T12:01:22.555+0000] {processor.py:161} INFO - Started process (PID=10353) to work on /opt/airflow/dags/trustpilot_dag.py
[2025-07-06T12:01:22.556+0000] {processor.py:830} INFO - Processing file /opt/airflow/dags/trustpilot_dag.py for tasks to queue
[2025-07-06T12:01:22.558+0000] {logging_mixin.py:188} INFO - [2025-07-06T12:01:22.557+0000] {dagbag.py:545} INFO - Filling up the DagBag from /opt/airflow/dags/trustpilot_dag.py
[2025-07-06T12:01:24.244+0000] {logging_mixin.py:188} INFO - 📁 Fichier .env chargé
[2025-07-06T12:01:24.244+0000] {logging_mixin.py:188} INFO - 👉 Mode scraping : prod
[2025-07-06T12:01:24.244+0000] {logging_mixin.py:188} INFO - 👉 Fichier d’entrée : data/verbatims_test.csv
[2025-07-06T12:01:24.252+0000] {processor.py:840} INFO - DAG(s) 'trustpilot_pipeline' retrieved from /opt/airflow/dags/trustpilot_dag.py
[2025-07-06T12:01:24.283+0000] {logging_mixin.py:188} INFO - [2025-07-06T12:01:24.282+0000] {dag.py:3096} INFO - Sync 1 DAGs
[2025-07-06T12:01:24.298+0000] {logging_mixin.py:188} INFO - [2025-07-06T12:01:24.298+0000] {dag.py:3954} INFO - Setting next_dagrun for trustpilot_pipeline to None, run_after=None
[2025-07-06T12:01:24.317+0000] {processor.py:183} INFO - Processing /opt/airflow/dags/trustpilot_dag.py took 1.772 seconds
[2025-07-06T12:01:54.451+0000] {processor.py:161} INFO - Started process (PID=10359) to work on /opt/airflow/dags/trustpilot_dag.py
[2025-07-06T12:01:54.452+0000] {processor.py:830} INFO - Processing file /opt/airflow/dags/trustpilot_dag.py for tasks to queue
[2025-07-06T12:01:54.454+0000] {logging_mixin.py:188} INFO - [2025-07-06T12:01:54.454+0000] {dagbag.py:545} INFO - Filling up the DagBag from /opt/airflow/dags/trustpilot_dag.py
[2025-07-06T12:01:56.141+0000] {logging_mixin.py:188} INFO - 📁 Fichier .env chargé
[2025-07-06T12:01:56.141+0000] {logging_mixin.py:188} INFO - 👉 Mode scraping : prod
[2025-07-06T12:01:56.141+0000] {logging_mixin.py:188} INFO - 👉 Fichier d’entrée : data/verbatims_test.csv
[2025-07-06T12:01:56.150+0000] {processor.py:840} INFO - DAG(s) 'trustpilot_pipeline' retrieved from /opt/airflow/dags/trustpilot_dag.py
[2025-07-06T12:01:56.178+0000] {logging_mixin.py:188} INFO - [2025-07-06T12:01:56.177+0000] {dag.py:3096} INFO - Sync 1 DAGs
[2025-07-06T12:01:56.194+0000] {logging_mixin.py:188} INFO - [2025-07-06T12:01:56.193+0000] {dag.py:3954} INFO - Setting next_dagrun for trustpilot_pipeline to None, run_after=None
[2025-07-06T12:01:56.213+0000] {processor.py:183} INFO - Processing /opt/airflow/dags/trustpilot_dag.py took 1.771 seconds
[2025-07-06T12:02:26.339+0000] {processor.py:161} INFO - Started process (PID=10365) to work on /opt/airflow/dags/trustpilot_dag.py
[2025-07-06T12:02:26.340+0000] {processor.py:830} INFO - Processing file /opt/airflow/dags/trustpilot_dag.py for tasks to queue
[2025-07-06T12:02:26.342+0000] {logging_mixin.py:188} INFO - [2025-07-06T12:02:26.341+0000] {dagbag.py:545} INFO - Filling up the DagBag from /opt/airflow/dags/trustpilot_dag.py
[2025-07-06T12:02:28.031+0000] {logging_mixin.py:188} INFO - 📁 Fichier .env chargé
[2025-07-06T12:02:28.031+0000] {logging_mixin.py:188} INFO - 👉 Mode scraping : prod
[2025-07-06T12:02:28.031+0000] {logging_mixin.py:188} INFO - 👉 Fichier d’entrée : data/verbatims_test.csv
[2025-07-06T12:02:28.039+0000] {processor.py:840} INFO - DAG(s) 'trustpilot_pipeline' retrieved from /opt/airflow/dags/trustpilot_dag.py
[2025-07-06T12:02:28.067+0000] {logging_mixin.py:188} INFO - [2025-07-06T12:02:28.067+0000] {dag.py:3096} INFO - Sync 1 DAGs
[2025-07-06T12:02:28.082+0000] {logging_mixin.py:188} INFO - [2025-07-06T12:02:28.082+0000] {dag.py:3954} INFO - Setting next_dagrun for trustpilot_pipeline to None, run_after=None
[2025-07-06T12:02:28.101+0000] {processor.py:183} INFO - Processing /opt/airflow/dags/trustpilot_dag.py took 1.772 seconds
[2025-07-06T12:02:58.227+0000] {processor.py:161} INFO - Started process (PID=10371) to work on /opt/airflow/dags/trustpilot_dag.py
[2025-07-06T12:02:58.229+0000] {processor.py:830} INFO - Processing file /opt/airflow/dags/trustpilot_dag.py for tasks to queue
[2025-07-06T12:02:58.231+0000] {logging_mixin.py:188} INFO - [2025-07-06T12:02:58.230+0000] {dagbag.py:545} INFO - Filling up the DagBag from /opt/airflow/dags/trustpilot_dag.py
[2025-07-06T12:02:59.946+0000] {logging_mixin.py:188} INFO - 📁 Fichier .env chargé
[2025-07-06T12:02:59.946+0000] {logging_mixin.py:188} INFO - 👉 Mode scraping : prod
[2025-07-06T12:02:59.947+0000] {logging_mixin.py:188} INFO - 👉 Fichier d’entrée : data/verbatims_test.csv
[2025-07-06T12:02:59.954+0000] {processor.py:840} INFO - DAG(s) 'trustpilot_pipeline' retrieved from /opt/airflow/dags/trustpilot_dag.py
[2025-07-06T12:02:59.983+0000] {logging_mixin.py:188} INFO - [2025-07-06T12:02:59.982+0000] {dag.py:3096} INFO - Sync 1 DAGs
[2025-07-06T12:02:59.999+0000] {logging_mixin.py:188} INFO - [2025-07-06T12:02:59.999+0000] {dag.py:3954} INFO - Setting next_dagrun for trustpilot_pipeline to None, run_after=None
[2025-07-06T12:03:00.019+0000] {processor.py:183} INFO - Processing /opt/airflow/dags/trustpilot_dag.py took 1.803 seconds
[2025-07-06T12:03:30.138+0000] {processor.py:161} INFO - Started process (PID=10377) to work on /opt/airflow/dags/trustpilot_dag.py
[2025-07-06T12:03:30.139+0000] {processor.py:830} INFO - Processing file /opt/airflow/dags/trustpilot_dag.py for tasks to queue
[2025-07-06T12:03:30.141+0000] {logging_mixin.py:188} INFO - [2025-07-06T12:03:30.141+0000] {dagbag.py:545} INFO - Filling up the DagBag from /opt/airflow/dags/trustpilot_dag.py
[2025-07-06T12:03:31.827+0000] {logging_mixin.py:188} INFO - 📁 Fichier .env chargé
[2025-07-06T12:03:31.827+0000] {logging_mixin.py:188} INFO - 👉 Mode scraping : prod
[2025-07-06T12:03:31.827+0000] {logging_mixin.py:188} INFO - 👉 Fichier d’entrée : data/verbatims_test.csv
[2025-07-06T12:03:31.834+0000] {processor.py:840} INFO - DAG(s) 'trustpilot_pipeline' retrieved from /opt/airflow/dags/trustpilot_dag.py
[2025-07-06T12:03:31.865+0000] {logging_mixin.py:188} INFO - [2025-07-06T12:03:31.864+0000] {dag.py:3096} INFO - Sync 1 DAGs
[2025-07-06T12:03:31.881+0000] {logging_mixin.py:188} INFO - [2025-07-06T12:03:31.880+0000] {dag.py:3954} INFO - Setting next_dagrun for trustpilot_pipeline to None, run_after=None
[2025-07-06T12:03:31.900+0000] {processor.py:183} INFO - Processing /opt/airflow/dags/trustpilot_dag.py took 1.771 seconds
[2025-07-06T12:04:02.029+0000] {processor.py:161} INFO - Started process (PID=10383) to work on /opt/airflow/dags/trustpilot_dag.py
[2025-07-06T12:04:02.030+0000] {processor.py:830} INFO - Processing file /opt/airflow/dags/trustpilot_dag.py for tasks to queue
[2025-07-06T12:04:02.033+0000] {logging_mixin.py:188} INFO - [2025-07-06T12:04:02.032+0000] {dagbag.py:545} INFO - Filling up the DagBag from /opt/airflow/dags/trustpilot_dag.py
[2025-07-06T12:04:03.741+0000] {logging_mixin.py:188} INFO - 📁 Fichier .env chargé
[2025-07-06T12:04:03.741+0000] {logging_mixin.py:188} INFO - 👉 Mode scraping : prod
[2025-07-06T12:04:03.742+0000] {logging_mixin.py:188} INFO - 👉 Fichier d’entrée : data/verbatims_test.csv
[2025-07-06T12:04:03.749+0000] {processor.py:840} INFO - DAG(s) 'trustpilot_pipeline' retrieved from /opt/airflow/dags/trustpilot_dag.py
[2025-07-06T12:04:03.777+0000] {logging_mixin.py:188} INFO - [2025-07-06T12:04:03.777+0000] {dag.py:3096} INFO - Sync 1 DAGs
[2025-07-06T12:04:03.794+0000] {logging_mixin.py:188} INFO - [2025-07-06T12:04:03.794+0000] {dag.py:3954} INFO - Setting next_dagrun for trustpilot_pipeline to None, run_after=None
[2025-07-06T12:04:03.813+0000] {processor.py:183} INFO - Processing /opt/airflow/dags/trustpilot_dag.py took 1.795 seconds
[2025-07-06T12:04:33.955+0000] {processor.py:161} INFO - Started process (PID=10389) to work on /opt/airflow/dags/trustpilot_dag.py
[2025-07-06T12:04:33.956+0000] {processor.py:830} INFO - Processing file /opt/airflow/dags/trustpilot_dag.py for tasks to queue
[2025-07-06T12:04:33.958+0000] {logging_mixin.py:188} INFO - [2025-07-06T12:04:33.957+0000] {dagbag.py:545} INFO - Filling up the DagBag from /opt/airflow/dags/trustpilot_dag.py
[2025-07-06T12:04:35.645+0000] {logging_mixin.py:188} INFO - 📁 Fichier .env chargé
[2025-07-06T12:04:35.646+0000] {logging_mixin.py:188} INFO - 👉 Mode scraping : prod
[2025-07-06T12:04:35.646+0000] {logging_mixin.py:188} INFO - 👉 Fichier d’entrée : data/verbatims_test.csv
[2025-07-06T12:04:35.653+0000] {processor.py:840} INFO - DAG(s) 'trustpilot_pipeline' retrieved from /opt/airflow/dags/trustpilot_dag.py
[2025-07-06T12:04:35.683+0000] {logging_mixin.py:188} INFO - [2025-07-06T12:04:35.682+0000] {dag.py:3096} INFO - Sync 1 DAGs
[2025-07-06T12:04:35.698+0000] {logging_mixin.py:188} INFO - [2025-07-06T12:04:35.698+0000] {dag.py:3954} INFO - Setting next_dagrun for trustpilot_pipeline to None, run_after=None
[2025-07-06T12:04:35.717+0000] {processor.py:183} INFO - Processing /opt/airflow/dags/trustpilot_dag.py took 1.772 seconds
[2025-07-06T12:05:05.846+0000] {processor.py:161} INFO - Started process (PID=10395) to work on /opt/airflow/dags/trustpilot_dag.py
[2025-07-06T12:05:05.847+0000] {processor.py:830} INFO - Processing file /opt/airflow/dags/trustpilot_dag.py for tasks to queue
[2025-07-06T12:05:05.849+0000] {logging_mixin.py:188} INFO - [2025-07-06T12:05:05.848+0000] {dagbag.py:545} INFO - Filling up the DagBag from /opt/airflow/dags/trustpilot_dag.py
[2025-07-06T12:05:07.538+0000] {logging_mixin.py:188} INFO - 📁 Fichier .env chargé
[2025-07-06T12:05:07.539+0000] {logging_mixin.py:188} INFO - 👉 Mode scraping : prod
[2025-07-06T12:05:07.539+0000] {logging_mixin.py:188} INFO - 👉 Fichier d’entrée : data/verbatims_test.csv
[2025-07-06T12:05:07.546+0000] {processor.py:840} INFO - DAG(s) 'trustpilot_pipeline' retrieved from /opt/airflow/dags/trustpilot_dag.py
[2025-07-06T12:05:07.574+0000] {logging_mixin.py:188} INFO - [2025-07-06T12:05:07.573+0000] {dag.py:3096} INFO - Sync 1 DAGs
[2025-07-06T12:05:07.589+0000] {logging_mixin.py:188} INFO - [2025-07-06T12:05:07.589+0000] {dag.py:3954} INFO - Setting next_dagrun for trustpilot_pipeline to None, run_after=None
[2025-07-06T12:05:07.608+0000] {processor.py:183} INFO - Processing /opt/airflow/dags/trustpilot_dag.py took 1.772 seconds
[2025-07-06T12:05:37.727+0000] {processor.py:161} INFO - Started process (PID=10401) to work on /opt/airflow/dags/trustpilot_dag.py
[2025-07-06T12:05:37.728+0000] {processor.py:830} INFO - Processing file /opt/airflow/dags/trustpilot_dag.py for tasks to queue
[2025-07-06T12:05:37.730+0000] {logging_mixin.py:188} INFO - [2025-07-06T12:05:37.730+0000] {dagbag.py:545} INFO - Filling up the DagBag from /opt/airflow/dags/trustpilot_dag.py
[2025-07-06T12:05:39.417+0000] {logging_mixin.py:188} INFO - 📁 Fichier .env chargé
[2025-07-06T12:05:39.418+0000] {logging_mixin.py:188} INFO - 👉 Mode scraping : prod
[2025-07-06T12:05:39.418+0000] {logging_mixin.py:188} INFO - 👉 Fichier d’entrée : data/verbatims_test.csv
[2025-07-06T12:05:39.425+0000] {processor.py:840} INFO - DAG(s) 'trustpilot_pipeline' retrieved from /opt/airflow/dags/trustpilot_dag.py
[2025-07-06T12:05:39.453+0000] {logging_mixin.py:188} INFO - [2025-07-06T12:05:39.452+0000] {dag.py:3096} INFO - Sync 1 DAGs
[2025-07-06T12:05:39.468+0000] {logging_mixin.py:188} INFO - [2025-07-06T12:05:39.468+0000] {dag.py:3954} INFO - Setting next_dagrun for trustpilot_pipeline to None, run_after=None
[2025-07-06T12:05:39.487+0000] {processor.py:183} INFO - Processing /opt/airflow/dags/trustpilot_dag.py took 1.769 seconds
[2025-07-06T12:06:09.607+0000] {processor.py:161} INFO - Started process (PID=10407) to work on /opt/airflow/dags/trustpilot_dag.py
[2025-07-06T12:06:09.608+0000] {processor.py:830} INFO - Processing file /opt/airflow/dags/trustpilot_dag.py for tasks to queue
[2025-07-06T12:06:09.610+0000] {logging_mixin.py:188} INFO - [2025-07-06T12:06:09.610+0000] {dagbag.py:545} INFO - Filling up the DagBag from /opt/airflow/dags/trustpilot_dag.py
[2025-07-06T12:06:11.189+0000] {logging_mixin.py:188} INFO - 📁 Fichier .env chargé
[2025-07-06T12:06:11.190+0000] {logging_mixin.py:188} INFO - 👉 Mode scraping : prod
[2025-07-06T12:06:11.190+0000] {logging_mixin.py:188} INFO - 👉 Fichier d’entrée : data/verbatims_test.csv
[2025-07-06T12:06:11.197+0000] {processor.py:840} INFO - DAG(s) 'trustpilot_pipeline' retrieved from /opt/airflow/dags/trustpilot_dag.py
[2025-07-06T12:06:11.225+0000] {logging_mixin.py:188} INFO - [2025-07-06T12:06:11.224+0000] {dag.py:3096} INFO - Sync 1 DAGs
[2025-07-06T12:06:11.359+0000] {logging_mixin.py:188} INFO - [2025-07-06T12:06:11.358+0000] {dag.py:3954} INFO - Setting next_dagrun for trustpilot_pipeline to None, run_after=None
[2025-07-06T12:06:11.378+0000] {processor.py:183} INFO - Processing /opt/airflow/dags/trustpilot_dag.py took 1.780 seconds
[2025-07-06T12:06:41.489+0000] {processor.py:161} INFO - Started process (PID=10413) to work on /opt/airflow/dags/trustpilot_dag.py
[2025-07-06T12:06:41.490+0000] {processor.py:830} INFO - Processing file /opt/airflow/dags/trustpilot_dag.py for tasks to queue
[2025-07-06T12:06:41.492+0000] {logging_mixin.py:188} INFO - [2025-07-06T12:06:41.492+0000] {dagbag.py:545} INFO - Filling up the DagBag from /opt/airflow/dags/trustpilot_dag.py
[2025-07-06T12:06:43.180+0000] {logging_mixin.py:188} INFO - 📁 Fichier .env chargé
[2025-07-06T12:06:43.181+0000] {logging_mixin.py:188} INFO - 👉 Mode scraping : prod
[2025-07-06T12:06:43.181+0000] {logging_mixin.py:188} INFO - 👉 Fichier d’entrée : data/verbatims_test.csv
[2025-07-06T12:06:43.188+0000] {processor.py:840} INFO - DAG(s) 'trustpilot_pipeline' retrieved from /opt/airflow/dags/trustpilot_dag.py
[2025-07-06T12:06:43.217+0000] {logging_mixin.py:188} INFO - [2025-07-06T12:06:43.216+0000] {dag.py:3096} INFO - Sync 1 DAGs
[2025-07-06T12:06:43.234+0000] {logging_mixin.py:188} INFO - [2025-07-06T12:06:43.234+0000] {dag.py:3954} INFO - Setting next_dagrun for trustpilot_pipeline to None, run_after=None
[2025-07-06T12:06:43.253+0000] {processor.py:183} INFO - Processing /opt/airflow/dags/trustpilot_dag.py took 1.773 seconds
[2025-07-06T12:07:13.392+0000] {processor.py:161} INFO - Started process (PID=10419) to work on /opt/airflow/dags/trustpilot_dag.py
[2025-07-06T12:07:13.393+0000] {processor.py:830} INFO - Processing file /opt/airflow/dags/trustpilot_dag.py for tasks to queue
[2025-07-06T12:07:13.395+0000] {logging_mixin.py:188} INFO - [2025-07-06T12:07:13.395+0000] {dagbag.py:545} INFO - Filling up the DagBag from /opt/airflow/dags/trustpilot_dag.py
[2025-07-06T12:07:15.077+0000] {logging_mixin.py:188} INFO - 📁 Fichier .env chargé
[2025-07-06T12:07:15.077+0000] {logging_mixin.py:188} INFO - 👉 Mode scraping : prod
[2025-07-06T12:07:15.078+0000] {logging_mixin.py:188} INFO - 👉 Fichier d’entrée : data/verbatims_test.csv
[2025-07-06T12:07:15.085+0000] {processor.py:840} INFO - DAG(s) 'trustpilot_pipeline' retrieved from /opt/airflow/dags/trustpilot_dag.py
[2025-07-06T12:07:15.114+0000] {logging_mixin.py:188} INFO - [2025-07-06T12:07:15.113+0000] {dag.py:3096} INFO - Sync 1 DAGs
[2025-07-06T12:07:15.129+0000] {logging_mixin.py:188} INFO - [2025-07-06T12:07:15.129+0000] {dag.py:3954} INFO - Setting next_dagrun for trustpilot_pipeline to None, run_after=None
[2025-07-06T12:07:15.148+0000] {processor.py:183} INFO - Processing /opt/airflow/dags/trustpilot_dag.py took 1.765 seconds
[2025-07-06T12:07:45.281+0000] {processor.py:161} INFO - Started process (PID=10425) to work on /opt/airflow/dags/trustpilot_dag.py
[2025-07-06T12:07:45.282+0000] {processor.py:830} INFO - Processing file /opt/airflow/dags/trustpilot_dag.py for tasks to queue
[2025-07-06T12:07:45.284+0000] {logging_mixin.py:188} INFO - [2025-07-06T12:07:45.284+0000] {dagbag.py:545} INFO - Filling up the DagBag from /opt/airflow/dags/trustpilot_dag.py
[2025-07-06T12:07:46.996+0000] {logging_mixin.py:188} INFO - 📁 Fichier .env chargé
[2025-07-06T12:07:46.996+0000] {logging_mixin.py:188} INFO - 👉 Mode scraping : prod
[2025-07-06T12:07:46.996+0000] {logging_mixin.py:188} INFO - 👉 Fichier d’entrée : data/verbatims_test.csv
[2025-07-06T12:07:47.005+0000] {processor.py:840} INFO - DAG(s) 'trustpilot_pipeline' retrieved from /opt/airflow/dags/trustpilot_dag.py
[2025-07-06T12:07:47.033+0000] {logging_mixin.py:188} INFO - [2025-07-06T12:07:47.032+0000] {dag.py:3096} INFO - Sync 1 DAGs
[2025-07-06T12:07:47.048+0000] {logging_mixin.py:188} INFO - [2025-07-06T12:07:47.048+0000] {dag.py:3954} INFO - Setting next_dagrun for trustpilot_pipeline to None, run_after=None
[2025-07-06T12:07:47.067+0000] {processor.py:183} INFO - Processing /opt/airflow/dags/trustpilot_dag.py took 1.798 seconds
[2025-07-06T12:08:17.200+0000] {processor.py:161} INFO - Started process (PID=10431) to work on /opt/airflow/dags/trustpilot_dag.py
[2025-07-06T12:08:17.201+0000] {processor.py:830} INFO - Processing file /opt/airflow/dags/trustpilot_dag.py for tasks to queue
[2025-07-06T12:08:17.203+0000] {logging_mixin.py:188} INFO - [2025-07-06T12:08:17.203+0000] {dagbag.py:545} INFO - Filling up the DagBag from /opt/airflow/dags/trustpilot_dag.py
[2025-07-06T12:08:18.884+0000] {logging_mixin.py:188} INFO - 📁 Fichier .env chargé
[2025-07-06T12:08:18.884+0000] {logging_mixin.py:188} INFO - 👉 Mode scraping : prod
[2025-07-06T12:08:18.885+0000] {logging_mixin.py:188} INFO - 👉 Fichier d’entrée : data/verbatims_test.csv
[2025-07-06T12:08:18.892+0000] {processor.py:840} INFO - DAG(s) 'trustpilot_pipeline' retrieved from /opt/airflow/dags/trustpilot_dag.py
[2025-07-06T12:08:18.920+0000] {logging_mixin.py:188} INFO - [2025-07-06T12:08:18.919+0000] {dag.py:3096} INFO - Sync 1 DAGs
[2025-07-06T12:08:18.935+0000] {logging_mixin.py:188} INFO - [2025-07-06T12:08:18.935+0000] {dag.py:3954} INFO - Setting next_dagrun for trustpilot_pipeline to None, run_after=None
[2025-07-06T12:08:18.956+0000] {processor.py:183} INFO - Processing /opt/airflow/dags/trustpilot_dag.py took 1.765 seconds
[2025-07-06T12:08:49.082+0000] {processor.py:161} INFO - Started process (PID=10437) to work on /opt/airflow/dags/trustpilot_dag.py
[2025-07-06T12:08:49.083+0000] {processor.py:830} INFO - Processing file /opt/airflow/dags/trustpilot_dag.py for tasks to queue
[2025-07-06T12:08:49.086+0000] {logging_mixin.py:188} INFO - [2025-07-06T12:08:49.085+0000] {dagbag.py:545} INFO - Filling up the DagBag from /opt/airflow/dags/trustpilot_dag.py
[2025-07-06T12:08:50.798+0000] {logging_mixin.py:188} INFO - 📁 Fichier .env chargé
[2025-07-06T12:08:50.798+0000] {logging_mixin.py:188} INFO - 👉 Mode scraping : prod
[2025-07-06T12:08:50.798+0000] {logging_mixin.py:188} INFO - 👉 Fichier d’entrée : data/verbatims_test.csv
[2025-07-06T12:08:50.806+0000] {processor.py:840} INFO - DAG(s) 'trustpilot_pipeline' retrieved from /opt/airflow/dags/trustpilot_dag.py
[2025-07-06T12:08:50.834+0000] {logging_mixin.py:188} INFO - [2025-07-06T12:08:50.834+0000] {dag.py:3096} INFO - Sync 1 DAGs
[2025-07-06T12:08:50.852+0000] {logging_mixin.py:188} INFO - [2025-07-06T12:08:50.851+0000] {dag.py:3954} INFO - Setting next_dagrun for trustpilot_pipeline to None, run_after=None
[2025-07-06T12:08:50.871+0000] {processor.py:183} INFO - Processing /opt/airflow/dags/trustpilot_dag.py took 1.800 seconds
[2025-07-06T12:09:20.955+0000] {processor.py:161} INFO - Started process (PID=10443) to work on /opt/airflow/dags/trustpilot_dag.py
[2025-07-06T12:09:20.955+0000] {processor.py:830} INFO - Processing file /opt/airflow/dags/trustpilot_dag.py for tasks to queue
[2025-07-06T12:09:20.957+0000] {logging_mixin.py:188} INFO - [2025-07-06T12:09:20.957+0000] {dagbag.py:545} INFO - Filling up the DagBag from /opt/airflow/dags/trustpilot_dag.py
[2025-07-06T12:09:22.642+0000] {logging_mixin.py:188} INFO - 📁 Fichier .env chargé
[2025-07-06T12:09:22.643+0000] {logging_mixin.py:188} INFO - 👉 Mode scraping : prod
[2025-07-06T12:09:22.643+0000] {logging_mixin.py:188} INFO - 👉 Fichier d’entrée : data/verbatims_test.csv
[2025-07-06T12:09:22.651+0000] {processor.py:840} INFO - DAG(s) 'trustpilot_pipeline' retrieved from /opt/airflow/dags/trustpilot_dag.py
[2025-07-06T12:09:22.681+0000] {logging_mixin.py:188} INFO - [2025-07-06T12:09:22.681+0000] {dag.py:3096} INFO - Sync 1 DAGs
[2025-07-06T12:09:22.697+0000] {logging_mixin.py:188} INFO - [2025-07-06T12:09:22.697+0000] {dag.py:3954} INFO - Setting next_dagrun for trustpilot_pipeline to None, run_after=None
[2025-07-06T12:09:22.716+0000] {processor.py:183} INFO - Processing /opt/airflow/dags/trustpilot_dag.py took 1.771 seconds
[2025-07-06T12:09:52.843+0000] {processor.py:161} INFO - Started process (PID=10449) to work on /opt/airflow/dags/trustpilot_dag.py
[2025-07-06T12:09:52.844+0000] {processor.py:830} INFO - Processing file /opt/airflow/dags/trustpilot_dag.py for tasks to queue
[2025-07-06T12:09:52.846+0000] {logging_mixin.py:188} INFO - [2025-07-06T12:09:52.846+0000] {dagbag.py:545} INFO - Filling up the DagBag from /opt/airflow/dags/trustpilot_dag.py
[2025-07-06T12:09:54.533+0000] {logging_mixin.py:188} INFO - 📁 Fichier .env chargé
[2025-07-06T12:09:54.533+0000] {logging_mixin.py:188} INFO - 👉 Mode scraping : prod
[2025-07-06T12:09:54.533+0000] {logging_mixin.py:188} INFO - 👉 Fichier d’entrée : data/verbatims_test.csv
[2025-07-06T12:09:54.540+0000] {processor.py:840} INFO - DAG(s) 'trustpilot_pipeline' retrieved from /opt/airflow/dags/trustpilot_dag.py
[2025-07-06T12:09:54.568+0000] {logging_mixin.py:188} INFO - [2025-07-06T12:09:54.567+0000] {dag.py:3096} INFO - Sync 1 DAGs
[2025-07-06T12:09:54.585+0000] {logging_mixin.py:188} INFO - [2025-07-06T12:09:54.585+0000] {dag.py:3954} INFO - Setting next_dagrun for trustpilot_pipeline to None, run_after=None
[2025-07-06T12:09:54.604+0000] {processor.py:183} INFO - Processing /opt/airflow/dags/trustpilot_dag.py took 1.770 seconds
[2025-07-06T12:10:24.736+0000] {processor.py:161} INFO - Started process (PID=10455) to work on /opt/airflow/dags/trustpilot_dag.py
[2025-07-06T12:10:24.737+0000] {processor.py:830} INFO - Processing file /opt/airflow/dags/trustpilot_dag.py for tasks to queue
[2025-07-06T12:10:24.740+0000] {logging_mixin.py:188} INFO - [2025-07-06T12:10:24.739+0000] {dagbag.py:545} INFO - Filling up the DagBag from /opt/airflow/dags/trustpilot_dag.py
[2025-07-06T12:10:26.449+0000] {logging_mixin.py:188} INFO - 📁 Fichier .env chargé
[2025-07-06T12:10:26.449+0000] {logging_mixin.py:188} INFO - 👉 Mode scraping : prod
[2025-07-06T12:10:26.449+0000] {logging_mixin.py:188} INFO - 👉 Fichier d’entrée : data/verbatims_test.csv
[2025-07-06T12:10:26.457+0000] {processor.py:840} INFO - DAG(s) 'trustpilot_pipeline' retrieved from /opt/airflow/dags/trustpilot_dag.py
[2025-07-06T12:10:26.488+0000] {logging_mixin.py:188} INFO - [2025-07-06T12:10:26.487+0000] {dag.py:3096} INFO - Sync 1 DAGs
[2025-07-06T12:10:26.503+0000] {logging_mixin.py:188} INFO - [2025-07-06T12:10:26.503+0000] {dag.py:3954} INFO - Setting next_dagrun for trustpilot_pipeline to None, run_after=None
[2025-07-06T12:10:26.522+0000] {processor.py:183} INFO - Processing /opt/airflow/dags/trustpilot_dag.py took 1.797 seconds
[2025-07-06T12:10:56.641+0000] {processor.py:161} INFO - Started process (PID=10461) to work on /opt/airflow/dags/trustpilot_dag.py
[2025-07-06T12:10:56.642+0000] {processor.py:830} INFO - Processing file /opt/airflow/dags/trustpilot_dag.py for tasks to queue
[2025-07-06T12:10:56.644+0000] {logging_mixin.py:188} INFO - [2025-07-06T12:10:56.643+0000] {dagbag.py:545} INFO - Filling up the DagBag from /opt/airflow/dags/trustpilot_dag.py
[2025-07-06T12:10:58.331+0000] {logging_mixin.py:188} INFO - 📁 Fichier .env chargé
[2025-07-06T12:10:58.332+0000] {logging_mixin.py:188} INFO - 👉 Mode scraping : prod
[2025-07-06T12:10:58.332+0000] {logging_mixin.py:188} INFO - 👉 Fichier d’entrée : data/verbatims_test.csv
[2025-07-06T12:10:58.339+0000] {processor.py:840} INFO - DAG(s) 'trustpilot_pipeline' retrieved from /opt/airflow/dags/trustpilot_dag.py
[2025-07-06T12:10:58.367+0000] {logging_mixin.py:188} INFO - [2025-07-06T12:10:58.367+0000] {dag.py:3096} INFO - Sync 1 DAGs
[2025-07-06T12:10:58.383+0000] {logging_mixin.py:188} INFO - [2025-07-06T12:10:58.382+0000] {dag.py:3954} INFO - Setting next_dagrun for trustpilot_pipeline to None, run_after=None
[2025-07-06T12:10:58.401+0000] {processor.py:183} INFO - Processing /opt/airflow/dags/trustpilot_dag.py took 1.770 seconds
[2025-07-06T12:11:28.515+0000] {processor.py:161} INFO - Started process (PID=10467) to work on /opt/airflow/dags/trustpilot_dag.py
[2025-07-06T12:11:28.516+0000] {processor.py:830} INFO - Processing file /opt/airflow/dags/trustpilot_dag.py for tasks to queue
[2025-07-06T12:11:28.518+0000] {logging_mixin.py:188} INFO - [2025-07-06T12:11:28.518+0000] {dagbag.py:545} INFO - Filling up the DagBag from /opt/airflow/dags/trustpilot_dag.py
[2025-07-06T12:11:30.203+0000] {logging_mixin.py:188} INFO - 📁 Fichier .env chargé
[2025-07-06T12:11:30.204+0000] {logging_mixin.py:188} INFO - 👉 Mode scraping : prod
[2025-07-06T12:11:30.204+0000] {logging_mixin.py:188} INFO - 👉 Fichier d’entrée : data/verbatims_test.csv
[2025-07-06T12:11:30.211+0000] {processor.py:840} INFO - DAG(s) 'trustpilot_pipeline' retrieved from /opt/airflow/dags/trustpilot_dag.py
[2025-07-06T12:11:30.239+0000] {logging_mixin.py:188} INFO - [2025-07-06T12:11:30.238+0000] {dag.py:3096} INFO - Sync 1 DAGs
[2025-07-06T12:11:30.254+0000] {logging_mixin.py:188} INFO - [2025-07-06T12:11:30.254+0000] {dag.py:3954} INFO - Setting next_dagrun for trustpilot_pipeline to None, run_after=None
[2025-07-06T12:11:30.274+0000] {processor.py:183} INFO - Processing /opt/airflow/dags/trustpilot_dag.py took 1.769 seconds
[2025-07-06T12:12:00.409+0000] {processor.py:161} INFO - Started process (PID=10473) to work on /opt/airflow/dags/trustpilot_dag.py
[2025-07-06T12:12:00.410+0000] {processor.py:830} INFO - Processing file /opt/airflow/dags/trustpilot_dag.py for tasks to queue
[2025-07-06T12:12:00.412+0000] {logging_mixin.py:188} INFO - [2025-07-06T12:12:00.411+0000] {dagbag.py:545} INFO - Filling up the DagBag from /opt/airflow/dags/trustpilot_dag.py
[2025-07-06T12:12:01.992+0000] {logging_mixin.py:188} INFO - 📁 Fichier .env chargé
[2025-07-06T12:12:01.992+0000] {logging_mixin.py:188} INFO - 👉 Mode scraping : prod
[2025-07-06T12:12:01.993+0000] {logging_mixin.py:188} INFO - 👉 Fichier d’entrée : data/verbatims_test.csv
[2025-07-06T12:12:02.000+0000] {processor.py:840} INFO - DAG(s) 'trustpilot_pipeline' retrieved from /opt/airflow/dags/trustpilot_dag.py
[2025-07-06T12:12:02.029+0000] {logging_mixin.py:188} INFO - [2025-07-06T12:12:02.028+0000] {dag.py:3096} INFO - Sync 1 DAGs
[2025-07-06T12:12:02.162+0000] {logging_mixin.py:188} INFO - [2025-07-06T12:12:02.162+0000] {dag.py:3954} INFO - Setting next_dagrun for trustpilot_pipeline to None, run_after=None
[2025-07-06T12:12:02.181+0000] {processor.py:183} INFO - Processing /opt/airflow/dags/trustpilot_dag.py took 1.782 seconds
[2025-07-06T12:12:32.316+0000] {processor.py:161} INFO - Started process (PID=10479) to work on /opt/airflow/dags/trustpilot_dag.py
[2025-07-06T12:12:32.317+0000] {processor.py:830} INFO - Processing file /opt/airflow/dags/trustpilot_dag.py for tasks to queue
[2025-07-06T12:12:32.319+0000] {logging_mixin.py:188} INFO - [2025-07-06T12:12:32.319+0000] {dagbag.py:545} INFO - Filling up the DagBag from /opt/airflow/dags/trustpilot_dag.py
[2025-07-06T12:12:34.034+0000] {logging_mixin.py:188} INFO - 📁 Fichier .env chargé
[2025-07-06T12:12:34.034+0000] {logging_mixin.py:188} INFO - 👉 Mode scraping : prod
[2025-07-06T12:12:34.035+0000] {logging_mixin.py:188} INFO - 👉 Fichier d’entrée : data/verbatims_test.csv
[2025-07-06T12:12:34.042+0000] {processor.py:840} INFO - DAG(s) 'trustpilot_pipeline' retrieved from /opt/airflow/dags/trustpilot_dag.py
[2025-07-06T12:12:34.071+0000] {logging_mixin.py:188} INFO - [2025-07-06T12:12:34.070+0000] {dag.py:3096} INFO - Sync 1 DAGs
[2025-07-06T12:12:34.088+0000] {logging_mixin.py:188} INFO - [2025-07-06T12:12:34.088+0000] {dag.py:3954} INFO - Setting next_dagrun for trustpilot_pipeline to None, run_after=None
[2025-07-06T12:12:34.107+0000] {processor.py:183} INFO - Processing /opt/airflow/dags/trustpilot_dag.py took 1.802 seconds
[2025-07-06T12:13:04.227+0000] {processor.py:161} INFO - Started process (PID=10485) to work on /opt/airflow/dags/trustpilot_dag.py
[2025-07-06T12:13:04.228+0000] {processor.py:830} INFO - Processing file /opt/airflow/dags/trustpilot_dag.py for tasks to queue
[2025-07-06T12:13:04.230+0000] {logging_mixin.py:188} INFO - [2025-07-06T12:13:04.230+0000] {dagbag.py:545} INFO - Filling up the DagBag from /opt/airflow/dags/trustpilot_dag.py
[2025-07-06T12:13:05.918+0000] {logging_mixin.py:188} INFO - 📁 Fichier .env chargé
[2025-07-06T12:13:05.918+0000] {logging_mixin.py:188} INFO - 👉 Mode scraping : prod
[2025-07-06T12:13:05.918+0000] {logging_mixin.py:188} INFO - 👉 Fichier d’entrée : data/verbatims_test.csv
[2025-07-06T12:13:05.926+0000] {processor.py:840} INFO - DAG(s) 'trustpilot_pipeline' retrieved from /opt/airflow/dags/trustpilot_dag.py
[2025-07-06T12:13:05.955+0000] {logging_mixin.py:188} INFO - [2025-07-06T12:13:05.954+0000] {dag.py:3096} INFO - Sync 1 DAGs
[2025-07-06T12:13:05.970+0000] {logging_mixin.py:188} INFO - [2025-07-06T12:13:05.970+0000] {dag.py:3954} INFO - Setting next_dagrun for trustpilot_pipeline to None, run_after=None
[2025-07-06T12:13:05.989+0000] {processor.py:183} INFO - Processing /opt/airflow/dags/trustpilot_dag.py took 1.771 seconds
[2025-07-06T12:13:36.103+0000] {processor.py:161} INFO - Started process (PID=10491) to work on /opt/airflow/dags/trustpilot_dag.py
[2025-07-06T12:13:36.104+0000] {processor.py:830} INFO - Processing file /opt/airflow/dags/trustpilot_dag.py for tasks to queue
[2025-07-06T12:13:36.106+0000] {logging_mixin.py:188} INFO - [2025-07-06T12:13:36.105+0000] {dagbag.py:545} INFO - Filling up the DagBag from /opt/airflow/dags/trustpilot_dag.py
[2025-07-06T12:13:37.791+0000] {logging_mixin.py:188} INFO - 📁 Fichier .env chargé
[2025-07-06T12:13:37.791+0000] {logging_mixin.py:188} INFO - 👉 Mode scraping : prod
[2025-07-06T12:13:37.791+0000] {logging_mixin.py:188} INFO - 👉 Fichier d’entrée : data/verbatims_test.csv
[2025-07-06T12:13:37.799+0000] {processor.py:840} INFO - DAG(s) 'trustpilot_pipeline' retrieved from /opt/airflow/dags/trustpilot_dag.py
[2025-07-06T12:13:37.826+0000] {logging_mixin.py:188} INFO - [2025-07-06T12:13:37.826+0000] {dag.py:3096} INFO - Sync 1 DAGs
[2025-07-06T12:13:37.842+0000] {logging_mixin.py:188} INFO - [2025-07-06T12:13:37.842+0000] {dag.py:3954} INFO - Setting next_dagrun for trustpilot_pipeline to None, run_after=None
[2025-07-06T12:13:37.860+0000] {processor.py:183} INFO - Processing /opt/airflow/dags/trustpilot_dag.py took 1.767 seconds
[2025-07-06T12:14:07.968+0000] {processor.py:161} INFO - Started process (PID=10497) to work on /opt/airflow/dags/trustpilot_dag.py
[2025-07-06T12:14:07.969+0000] {processor.py:830} INFO - Processing file /opt/airflow/dags/trustpilot_dag.py for tasks to queue
[2025-07-06T12:14:07.971+0000] {logging_mixin.py:188} INFO - [2025-07-06T12:14:07.970+0000] {dagbag.py:545} INFO - Filling up the DagBag from /opt/airflow/dags/trustpilot_dag.py
[2025-07-06T12:14:09.656+0000] {logging_mixin.py:188} INFO - 📁 Fichier .env chargé
[2025-07-06T12:14:09.656+0000] {logging_mixin.py:188} INFO - 👉 Mode scraping : prod
[2025-07-06T12:14:09.656+0000] {logging_mixin.py:188} INFO - 👉 Fichier d’entrée : data/verbatims_test.csv
[2025-07-06T12:14:09.663+0000] {processor.py:840} INFO - DAG(s) 'trustpilot_pipeline' retrieved from /opt/airflow/dags/trustpilot_dag.py
[2025-07-06T12:14:09.691+0000] {logging_mixin.py:188} INFO - [2025-07-06T12:14:09.691+0000] {dag.py:3096} INFO - Sync 1 DAGs
[2025-07-06T12:14:09.707+0000] {logging_mixin.py:188} INFO - [2025-07-06T12:14:09.707+0000] {dag.py:3954} INFO - Setting next_dagrun for trustpilot_pipeline to None, run_after=None
[2025-07-06T12:14:09.726+0000] {processor.py:183} INFO - Processing /opt/airflow/dags/trustpilot_dag.py took 1.767 seconds
[2025-07-06T12:14:39.860+0000] {processor.py:161} INFO - Started process (PID=10503) to work on /opt/airflow/dags/trustpilot_dag.py
[2025-07-06T12:14:39.861+0000] {processor.py:830} INFO - Processing file /opt/airflow/dags/trustpilot_dag.py for tasks to queue
[2025-07-06T12:14:39.863+0000] {logging_mixin.py:188} INFO - [2025-07-06T12:14:39.863+0000] {dagbag.py:545} INFO - Filling up the DagBag from /opt/airflow/dags/trustpilot_dag.py
[2025-07-06T12:14:41.449+0000] {logging_mixin.py:188} INFO - 📁 Fichier .env chargé
[2025-07-06T12:14:41.450+0000] {logging_mixin.py:188} INFO - 👉 Mode scraping : prod
[2025-07-06T12:14:41.450+0000] {logging_mixin.py:188} INFO - 👉 Fichier d’entrée : data/verbatims_test.csv
[2025-07-06T12:14:41.457+0000] {processor.py:840} INFO - DAG(s) 'trustpilot_pipeline' retrieved from /opt/airflow/dags/trustpilot_dag.py
[2025-07-06T12:14:41.485+0000] {logging_mixin.py:188} INFO - [2025-07-06T12:14:41.485+0000] {dag.py:3096} INFO - Sync 1 DAGs
[2025-07-06T12:14:41.620+0000] {logging_mixin.py:188} INFO - [2025-07-06T12:14:41.619+0000] {dag.py:3954} INFO - Setting next_dagrun for trustpilot_pipeline to None, run_after=None
[2025-07-06T12:14:41.639+0000] {processor.py:183} INFO - Processing /opt/airflow/dags/trustpilot_dag.py took 1.788 seconds
[2025-07-06T12:15:11.762+0000] {processor.py:161} INFO - Started process (PID=10509) to work on /opt/airflow/dags/trustpilot_dag.py
[2025-07-06T12:15:11.763+0000] {processor.py:830} INFO - Processing file /opt/airflow/dags/trustpilot_dag.py for tasks to queue
[2025-07-06T12:15:11.765+0000] {logging_mixin.py:188} INFO - [2025-07-06T12:15:11.765+0000] {dagbag.py:545} INFO - Filling up the DagBag from /opt/airflow/dags/trustpilot_dag.py
[2025-07-06T12:15:13.462+0000] {logging_mixin.py:188} INFO - 📁 Fichier .env chargé
[2025-07-06T12:15:13.462+0000] {logging_mixin.py:188} INFO - 👉 Mode scraping : prod
[2025-07-06T12:15:13.462+0000] {logging_mixin.py:188} INFO - 👉 Fichier d’entrée : data/verbatims_test.csv
[2025-07-06T12:15:13.470+0000] {processor.py:840} INFO - DAG(s) 'trustpilot_pipeline' retrieved from /opt/airflow/dags/trustpilot_dag.py
[2025-07-06T12:15:13.498+0000] {logging_mixin.py:188} INFO - [2025-07-06T12:15:13.497+0000] {dag.py:3096} INFO - Sync 1 DAGs
[2025-07-06T12:15:13.515+0000] {logging_mixin.py:188} INFO - [2025-07-06T12:15:13.515+0000] {dag.py:3954} INFO - Setting next_dagrun for trustpilot_pipeline to None, run_after=None
[2025-07-06T12:15:13.534+0000] {processor.py:183} INFO - Processing /opt/airflow/dags/trustpilot_dag.py took 1.781 seconds
[2025-07-06T12:15:43.658+0000] {processor.py:161} INFO - Started process (PID=10515) to work on /opt/airflow/dags/trustpilot_dag.py
[2025-07-06T12:15:43.659+0000] {processor.py:830} INFO - Processing file /opt/airflow/dags/trustpilot_dag.py for tasks to queue
[2025-07-06T12:15:43.661+0000] {logging_mixin.py:188} INFO - [2025-07-06T12:15:43.660+0000] {dagbag.py:545} INFO - Filling up the DagBag from /opt/airflow/dags/trustpilot_dag.py
[2025-07-06T12:15:45.356+0000] {logging_mixin.py:188} INFO - 📁 Fichier .env chargé
[2025-07-06T12:15:45.356+0000] {logging_mixin.py:188} INFO - 👉 Mode scraping : prod
[2025-07-06T12:15:45.356+0000] {logging_mixin.py:188} INFO - 👉 Fichier d’entrée : data/verbatims_test.csv
[2025-07-06T12:15:45.364+0000] {processor.py:840} INFO - DAG(s) 'trustpilot_pipeline' retrieved from /opt/airflow/dags/trustpilot_dag.py
[2025-07-06T12:15:45.393+0000] {logging_mixin.py:188} INFO - [2025-07-06T12:15:45.393+0000] {dag.py:3096} INFO - Sync 1 DAGs
[2025-07-06T12:15:45.409+0000] {logging_mixin.py:188} INFO - [2025-07-06T12:15:45.408+0000] {dag.py:3954} INFO - Setting next_dagrun for trustpilot_pipeline to None, run_after=None
[2025-07-06T12:15:45.427+0000] {processor.py:183} INFO - Processing /opt/airflow/dags/trustpilot_dag.py took 1.779 seconds
[2025-07-06T12:16:15.550+0000] {processor.py:161} INFO - Started process (PID=10521) to work on /opt/airflow/dags/trustpilot_dag.py
[2025-07-06T12:16:15.551+0000] {processor.py:830} INFO - Processing file /opt/airflow/dags/trustpilot_dag.py for tasks to queue
[2025-07-06T12:16:15.553+0000] {logging_mixin.py:188} INFO - [2025-07-06T12:16:15.553+0000] {dagbag.py:545} INFO - Filling up the DagBag from /opt/airflow/dags/trustpilot_dag.py
[2025-07-06T12:16:17.239+0000] {logging_mixin.py:188} INFO - 📁 Fichier .env chargé
[2025-07-06T12:16:17.240+0000] {logging_mixin.py:188} INFO - 👉 Mode scraping : prod
[2025-07-06T12:16:17.240+0000] {logging_mixin.py:188} INFO - 👉 Fichier d’entrée : data/verbatims_test.csv
[2025-07-06T12:16:17.249+0000] {processor.py:840} INFO - DAG(s) 'trustpilot_pipeline' retrieved from /opt/airflow/dags/trustpilot_dag.py
[2025-07-06T12:16:17.277+0000] {logging_mixin.py:188} INFO - [2025-07-06T12:16:17.277+0000] {dag.py:3096} INFO - Sync 1 DAGs
[2025-07-06T12:16:17.293+0000] {logging_mixin.py:188} INFO - [2025-07-06T12:16:17.292+0000] {dag.py:3954} INFO - Setting next_dagrun for trustpilot_pipeline to None, run_after=None
[2025-07-06T12:16:17.311+0000] {processor.py:183} INFO - Processing /opt/airflow/dags/trustpilot_dag.py took 1.771 seconds
[2025-07-06T12:16:47.442+0000] {processor.py:161} INFO - Started process (PID=10527) to work on /opt/airflow/dags/trustpilot_dag.py
[2025-07-06T12:16:47.443+0000] {processor.py:830} INFO - Processing file /opt/airflow/dags/trustpilot_dag.py for tasks to queue
[2025-07-06T12:16:47.445+0000] {logging_mixin.py:188} INFO - [2025-07-06T12:16:47.444+0000] {dagbag.py:545} INFO - Filling up the DagBag from /opt/airflow/dags/trustpilot_dag.py
[2025-07-06T12:16:49.130+0000] {logging_mixin.py:188} INFO - 📁 Fichier .env chargé
[2025-07-06T12:16:49.130+0000] {logging_mixin.py:188} INFO - 👉 Mode scraping : prod
[2025-07-06T12:16:49.130+0000] {logging_mixin.py:188} INFO - 👉 Fichier d’entrée : data/verbatims_test.csv
[2025-07-06T12:16:49.137+0000] {processor.py:840} INFO - DAG(s) 'trustpilot_pipeline' retrieved from /opt/airflow/dags/trustpilot_dag.py
[2025-07-06T12:16:49.166+0000] {logging_mixin.py:188} INFO - [2025-07-06T12:16:49.165+0000] {dag.py:3096} INFO - Sync 1 DAGs
[2025-07-06T12:16:49.181+0000] {logging_mixin.py:188} INFO - [2025-07-06T12:16:49.181+0000] {dag.py:3954} INFO - Setting next_dagrun for trustpilot_pipeline to None, run_after=None
[2025-07-06T12:16:49.200+0000] {processor.py:183} INFO - Processing /opt/airflow/dags/trustpilot_dag.py took 1.767 seconds
[2025-07-06T12:17:19.336+0000] {processor.py:161} INFO - Started process (PID=10533) to work on /opt/airflow/dags/trustpilot_dag.py
[2025-07-06T12:17:19.337+0000] {processor.py:830} INFO - Processing file /opt/airflow/dags/trustpilot_dag.py for tasks to queue
[2025-07-06T12:17:19.339+0000] {logging_mixin.py:188} INFO - [2025-07-06T12:17:19.339+0000] {dagbag.py:545} INFO - Filling up the DagBag from /opt/airflow/dags/trustpilot_dag.py
[2025-07-06T12:17:21.030+0000] {logging_mixin.py:188} INFO - 📁 Fichier .env chargé
[2025-07-06T12:17:21.030+0000] {logging_mixin.py:188} INFO - 👉 Mode scraping : prod
[2025-07-06T12:17:21.030+0000] {logging_mixin.py:188} INFO - 👉 Fichier d’entrée : data/verbatims_test.csv
[2025-07-06T12:17:21.037+0000] {processor.py:840} INFO - DAG(s) 'trustpilot_pipeline' retrieved from /opt/airflow/dags/trustpilot_dag.py
[2025-07-06T12:17:21.066+0000] {logging_mixin.py:188} INFO - [2025-07-06T12:17:21.066+0000] {dag.py:3096} INFO - Sync 1 DAGs
[2025-07-06T12:17:21.083+0000] {logging_mixin.py:188} INFO - [2025-07-06T12:17:21.083+0000] {dag.py:3954} INFO - Setting next_dagrun for trustpilot_pipeline to None, run_after=None
[2025-07-06T12:17:21.102+0000] {processor.py:183} INFO - Processing /opt/airflow/dags/trustpilot_dag.py took 1.775 seconds
[2025-07-06T12:17:51.234+0000] {processor.py:161} INFO - Started process (PID=10539) to work on /opt/airflow/dags/trustpilot_dag.py
[2025-07-06T12:17:51.235+0000] {processor.py:830} INFO - Processing file /opt/airflow/dags/trustpilot_dag.py for tasks to queue
[2025-07-06T12:17:51.238+0000] {logging_mixin.py:188} INFO - [2025-07-06T12:17:51.237+0000] {dagbag.py:545} INFO - Filling up the DagBag from /opt/airflow/dags/trustpilot_dag.py
[2025-07-06T12:17:52.947+0000] {logging_mixin.py:188} INFO - 📁 Fichier .env chargé
[2025-07-06T12:17:52.947+0000] {logging_mixin.py:188} INFO - 👉 Mode scraping : prod
[2025-07-06T12:17:52.947+0000] {logging_mixin.py:188} INFO - 👉 Fichier d’entrée : data/verbatims_test.csv
[2025-07-06T12:17:52.955+0000] {processor.py:840} INFO - DAG(s) 'trustpilot_pipeline' retrieved from /opt/airflow/dags/trustpilot_dag.py
[2025-07-06T12:17:52.985+0000] {logging_mixin.py:188} INFO - [2025-07-06T12:17:52.985+0000] {dag.py:3096} INFO - Sync 1 DAGs
[2025-07-06T12:17:53.001+0000] {logging_mixin.py:188} INFO - [2025-07-06T12:17:53.001+0000] {dag.py:3954} INFO - Setting next_dagrun for trustpilot_pipeline to None, run_after=None
[2025-07-06T12:17:53.020+0000] {processor.py:183} INFO - Processing /opt/airflow/dags/trustpilot_dag.py took 1.797 seconds
[2025-07-06T12:18:23.140+0000] {processor.py:161} INFO - Started process (PID=10545) to work on /opt/airflow/dags/trustpilot_dag.py
[2025-07-06T12:18:23.141+0000] {processor.py:830} INFO - Processing file /opt/airflow/dags/trustpilot_dag.py for tasks to queue
[2025-07-06T12:18:23.143+0000] {logging_mixin.py:188} INFO - [2025-07-06T12:18:23.143+0000] {dagbag.py:545} INFO - Filling up the DagBag from /opt/airflow/dags/trustpilot_dag.py
[2025-07-06T12:18:24.829+0000] {logging_mixin.py:188} INFO - 📁 Fichier .env chargé
[2025-07-06T12:18:24.829+0000] {logging_mixin.py:188} INFO - 👉 Mode scraping : prod
[2025-07-06T12:18:24.829+0000] {logging_mixin.py:188} INFO - 👉 Fichier d’entrée : data/verbatims_test.csv
[2025-07-06T12:18:24.836+0000] {processor.py:840} INFO - DAG(s) 'trustpilot_pipeline' retrieved from /opt/airflow/dags/trustpilot_dag.py
[2025-07-06T12:18:24.864+0000] {logging_mixin.py:188} INFO - [2025-07-06T12:18:24.864+0000] {dag.py:3096} INFO - Sync 1 DAGs
[2025-07-06T12:18:24.881+0000] {logging_mixin.py:188} INFO - [2025-07-06T12:18:24.881+0000] {dag.py:3954} INFO - Setting next_dagrun for trustpilot_pipeline to None, run_after=None
[2025-07-06T12:18:24.900+0000] {processor.py:183} INFO - Processing /opt/airflow/dags/trustpilot_dag.py took 1.770 seconds
[2025-07-06T12:18:55.021+0000] {processor.py:161} INFO - Started process (PID=10551) to work on /opt/airflow/dags/trustpilot_dag.py
[2025-07-06T12:18:55.021+0000] {processor.py:830} INFO - Processing file /opt/airflow/dags/trustpilot_dag.py for tasks to queue
[2025-07-06T12:18:55.024+0000] {logging_mixin.py:188} INFO - [2025-07-06T12:18:55.023+0000] {dagbag.py:545} INFO - Filling up the DagBag from /opt/airflow/dags/trustpilot_dag.py
[2025-07-06T12:18:56.708+0000] {logging_mixin.py:188} INFO - 📁 Fichier .env chargé
[2025-07-06T12:18:56.709+0000] {logging_mixin.py:188} INFO - 👉 Mode scraping : prod
[2025-07-06T12:18:56.709+0000] {logging_mixin.py:188} INFO - 👉 Fichier d’entrée : data/verbatims_test.csv
[2025-07-06T12:18:56.716+0000] {processor.py:840} INFO - DAG(s) 'trustpilot_pipeline' retrieved from /opt/airflow/dags/trustpilot_dag.py
[2025-07-06T12:18:56.745+0000] {logging_mixin.py:188} INFO - [2025-07-06T12:18:56.745+0000] {dag.py:3096} INFO - Sync 1 DAGs
[2025-07-06T12:18:56.761+0000] {logging_mixin.py:188} INFO - [2025-07-06T12:18:56.760+0000] {dag.py:3954} INFO - Setting next_dagrun for trustpilot_pipeline to None, run_after=None
[2025-07-06T12:18:56.779+0000] {processor.py:183} INFO - Processing /opt/airflow/dags/trustpilot_dag.py took 1.768 seconds
[2025-07-06T12:19:26.914+0000] {processor.py:161} INFO - Started process (PID=10557) to work on /opt/airflow/dags/trustpilot_dag.py
[2025-07-06T12:19:26.915+0000] {processor.py:830} INFO - Processing file /opt/airflow/dags/trustpilot_dag.py for tasks to queue
[2025-07-06T12:19:26.917+0000] {logging_mixin.py:188} INFO - [2025-07-06T12:19:26.917+0000] {dagbag.py:545} INFO - Filling up the DagBag from /opt/airflow/dags/trustpilot_dag.py
[2025-07-06T12:19:28.602+0000] {logging_mixin.py:188} INFO - 📁 Fichier .env chargé
[2025-07-06T12:19:28.602+0000] {logging_mixin.py:188} INFO - 👉 Mode scraping : prod
[2025-07-06T12:19:28.603+0000] {logging_mixin.py:188} INFO - 👉 Fichier d’entrée : data/verbatims_test.csv
[2025-07-06T12:19:28.610+0000] {processor.py:840} INFO - DAG(s) 'trustpilot_pipeline' retrieved from /opt/airflow/dags/trustpilot_dag.py
[2025-07-06T12:19:28.638+0000] {logging_mixin.py:188} INFO - [2025-07-06T12:19:28.637+0000] {dag.py:3096} INFO - Sync 1 DAGs
[2025-07-06T12:19:28.653+0000] {logging_mixin.py:188} INFO - [2025-07-06T12:19:28.653+0000] {dag.py:3954} INFO - Setting next_dagrun for trustpilot_pipeline to None, run_after=None
[2025-07-06T12:19:28.672+0000] {processor.py:183} INFO - Processing /opt/airflow/dags/trustpilot_dag.py took 1.767 seconds
[2025-07-06T12:19:58.805+0000] {processor.py:161} INFO - Started process (PID=10563) to work on /opt/airflow/dags/trustpilot_dag.py
[2025-07-06T12:19:58.806+0000] {processor.py:830} INFO - Processing file /opt/airflow/dags/trustpilot_dag.py for tasks to queue
[2025-07-06T12:19:58.808+0000] {logging_mixin.py:188} INFO - [2025-07-06T12:19:58.808+0000] {dagbag.py:545} INFO - Filling up the DagBag from /opt/airflow/dags/trustpilot_dag.py
[2025-07-06T12:20:00.505+0000] {logging_mixin.py:188} INFO - 📁 Fichier .env chargé
[2025-07-06T12:20:00.505+0000] {logging_mixin.py:188} INFO - 👉 Mode scraping : prod
[2025-07-06T12:20:00.505+0000] {logging_mixin.py:188} INFO - 👉 Fichier d’entrée : data/verbatims_test.csv
[2025-07-06T12:20:00.512+0000] {processor.py:840} INFO - DAG(s) 'trustpilot_pipeline' retrieved from /opt/airflow/dags/trustpilot_dag.py
[2025-07-06T12:20:00.540+0000] {logging_mixin.py:188} INFO - [2025-07-06T12:20:00.540+0000] {dag.py:3096} INFO - Sync 1 DAGs
[2025-07-06T12:20:00.557+0000] {logging_mixin.py:188} INFO - [2025-07-06T12:20:00.557+0000] {dag.py:3954} INFO - Setting next_dagrun for trustpilot_pipeline to None, run_after=None
[2025-07-06T12:20:00.576+0000] {processor.py:183} INFO - Processing /opt/airflow/dags/trustpilot_dag.py took 1.781 seconds
[2025-07-06T12:20:30.701+0000] {processor.py:161} INFO - Started process (PID=10569) to work on /opt/airflow/dags/trustpilot_dag.py
[2025-07-06T12:20:30.702+0000] {processor.py:830} INFO - Processing file /opt/airflow/dags/trustpilot_dag.py for tasks to queue
[2025-07-06T12:20:30.704+0000] {logging_mixin.py:188} INFO - [2025-07-06T12:20:30.704+0000] {dagbag.py:545} INFO - Filling up the DagBag from /opt/airflow/dags/trustpilot_dag.py
[2025-07-06T12:20:32.389+0000] {logging_mixin.py:188} INFO - 📁 Fichier .env chargé
[2025-07-06T12:20:32.390+0000] {logging_mixin.py:188} INFO - 👉 Mode scraping : prod
[2025-07-06T12:20:32.390+0000] {logging_mixin.py:188} INFO - 👉 Fichier d’entrée : data/verbatims_test.csv
[2025-07-06T12:20:32.397+0000] {processor.py:840} INFO - DAG(s) 'trustpilot_pipeline' retrieved from /opt/airflow/dags/trustpilot_dag.py
[2025-07-06T12:20:32.426+0000] {logging_mixin.py:188} INFO - [2025-07-06T12:20:32.425+0000] {dag.py:3096} INFO - Sync 1 DAGs
[2025-07-06T12:20:32.443+0000] {logging_mixin.py:188} INFO - [2025-07-06T12:20:32.442+0000] {dag.py:3954} INFO - Setting next_dagrun for trustpilot_pipeline to None, run_after=None
[2025-07-06T12:20:32.461+0000] {processor.py:183} INFO - Processing /opt/airflow/dags/trustpilot_dag.py took 1.770 seconds
[2025-07-06T12:21:02.577+0000] {processor.py:161} INFO - Started process (PID=10575) to work on /opt/airflow/dags/trustpilot_dag.py
[2025-07-06T12:21:02.578+0000] {processor.py:830} INFO - Processing file /opt/airflow/dags/trustpilot_dag.py for tasks to queue
[2025-07-06T12:21:02.580+0000] {logging_mixin.py:188} INFO - [2025-07-06T12:21:02.579+0000] {dagbag.py:545} INFO - Filling up the DagBag from /opt/airflow/dags/trustpilot_dag.py
[2025-07-06T12:21:04.269+0000] {logging_mixin.py:188} INFO - 📁 Fichier .env chargé
[2025-07-06T12:21:04.269+0000] {logging_mixin.py:188} INFO - 👉 Mode scraping : prod
[2025-07-06T12:21:04.270+0000] {logging_mixin.py:188} INFO - 👉 Fichier d’entrée : data/verbatims_test.csv
[2025-07-06T12:21:04.277+0000] {processor.py:840} INFO - DAG(s) 'trustpilot_pipeline' retrieved from /opt/airflow/dags/trustpilot_dag.py
[2025-07-06T12:21:04.305+0000] {logging_mixin.py:188} INFO - [2025-07-06T12:21:04.304+0000] {dag.py:3096} INFO - Sync 1 DAGs
[2025-07-06T12:21:04.322+0000] {logging_mixin.py:188} INFO - [2025-07-06T12:21:04.321+0000] {dag.py:3954} INFO - Setting next_dagrun for trustpilot_pipeline to None, run_after=None
[2025-07-06T12:21:04.340+0000] {processor.py:183} INFO - Processing /opt/airflow/dags/trustpilot_dag.py took 1.773 seconds
[2025-07-06T12:21:34.470+0000] {processor.py:161} INFO - Started process (PID=10581) to work on /opt/airflow/dags/trustpilot_dag.py
[2025-07-06T12:21:34.471+0000] {processor.py:830} INFO - Processing file /opt/airflow/dags/trustpilot_dag.py for tasks to queue
[2025-07-06T12:21:34.473+0000] {logging_mixin.py:188} INFO - [2025-07-06T12:21:34.473+0000] {dagbag.py:545} INFO - Filling up the DagBag from /opt/airflow/dags/trustpilot_dag.py
[2025-07-06T12:21:36.158+0000] {logging_mixin.py:188} INFO - 📁 Fichier .env chargé
[2025-07-06T12:21:36.158+0000] {logging_mixin.py:188} INFO - 👉 Mode scraping : prod
[2025-07-06T12:21:36.159+0000] {logging_mixin.py:188} INFO - 👉 Fichier d’entrée : data/verbatims_test.csv
[2025-07-06T12:21:36.166+0000] {processor.py:840} INFO - DAG(s) 'trustpilot_pipeline' retrieved from /opt/airflow/dags/trustpilot_dag.py
[2025-07-06T12:21:36.196+0000] {logging_mixin.py:188} INFO - [2025-07-06T12:21:36.196+0000] {dag.py:3096} INFO - Sync 1 DAGs
[2025-07-06T12:21:36.212+0000] {logging_mixin.py:188} INFO - [2025-07-06T12:21:36.212+0000] {dag.py:3954} INFO - Setting next_dagrun for trustpilot_pipeline to None, run_after=None
[2025-07-06T12:21:36.231+0000] {processor.py:183} INFO - Processing /opt/airflow/dags/trustpilot_dag.py took 1.770 seconds
[2025-07-06T12:22:06.363+0000] {processor.py:161} INFO - Started process (PID=10587) to work on /opt/airflow/dags/trustpilot_dag.py
[2025-07-06T12:22:06.364+0000] {processor.py:830} INFO - Processing file /opt/airflow/dags/trustpilot_dag.py for tasks to queue
[2025-07-06T12:22:06.366+0000] {logging_mixin.py:188} INFO - [2025-07-06T12:22:06.366+0000] {dagbag.py:545} INFO - Filling up the DagBag from /opt/airflow/dags/trustpilot_dag.py
[2025-07-06T12:22:08.060+0000] {logging_mixin.py:188} INFO - 📁 Fichier .env chargé
[2025-07-06T12:22:08.060+0000] {logging_mixin.py:188} INFO - 👉 Mode scraping : prod
[2025-07-06T12:22:08.060+0000] {logging_mixin.py:188} INFO - 👉 Fichier d’entrée : data/verbatims_test.csv
[2025-07-06T12:22:08.067+0000] {processor.py:840} INFO - DAG(s) 'trustpilot_pipeline' retrieved from /opt/airflow/dags/trustpilot_dag.py
[2025-07-06T12:22:08.096+0000] {logging_mixin.py:188} INFO - [2025-07-06T12:22:08.095+0000] {dag.py:3096} INFO - Sync 1 DAGs
[2025-07-06T12:22:08.112+0000] {logging_mixin.py:188} INFO - [2025-07-06T12:22:08.111+0000] {dag.py:3954} INFO - Setting next_dagrun for trustpilot_pipeline to None, run_after=None
[2025-07-06T12:22:08.130+0000] {processor.py:183} INFO - Processing /opt/airflow/dags/trustpilot_dag.py took 1.777 seconds
[2025-07-06T12:22:38.252+0000] {processor.py:161} INFO - Started process (PID=10593) to work on /opt/airflow/dags/trustpilot_dag.py
[2025-07-06T12:22:38.253+0000] {processor.py:830} INFO - Processing file /opt/airflow/dags/trustpilot_dag.py for tasks to queue
[2025-07-06T12:22:38.255+0000] {logging_mixin.py:188} INFO - [2025-07-06T12:22:38.254+0000] {dagbag.py:545} INFO - Filling up the DagBag from /opt/airflow/dags/trustpilot_dag.py
[2025-07-06T12:22:39.965+0000] {logging_mixin.py:188} INFO - 📁 Fichier .env chargé
[2025-07-06T12:22:39.966+0000] {logging_mixin.py:188} INFO - 👉 Mode scraping : prod
[2025-07-06T12:22:39.966+0000] {logging_mixin.py:188} INFO - 👉 Fichier d’entrée : data/verbatims_test.csv
[2025-07-06T12:22:39.973+0000] {processor.py:840} INFO - DAG(s) 'trustpilot_pipeline' retrieved from /opt/airflow/dags/trustpilot_dag.py
[2025-07-06T12:22:40.002+0000] {logging_mixin.py:188} INFO - [2025-07-06T12:22:40.001+0000] {dag.py:3096} INFO - Sync 1 DAGs
[2025-07-06T12:22:40.018+0000] {logging_mixin.py:188} INFO - [2025-07-06T12:22:40.018+0000] {dag.py:3954} INFO - Setting next_dagrun for trustpilot_pipeline to None, run_after=None
[2025-07-06T12:22:40.037+0000] {processor.py:183} INFO - Processing /opt/airflow/dags/trustpilot_dag.py took 1.796 seconds
[2025-07-06T12:23:10.160+0000] {processor.py:161} INFO - Started process (PID=10599) to work on /opt/airflow/dags/trustpilot_dag.py
[2025-07-06T12:23:10.161+0000] {processor.py:830} INFO - Processing file /opt/airflow/dags/trustpilot_dag.py for tasks to queue
[2025-07-06T12:23:10.163+0000] {logging_mixin.py:188} INFO - [2025-07-06T12:23:10.162+0000] {dagbag.py:545} INFO - Filling up the DagBag from /opt/airflow/dags/trustpilot_dag.py
[2025-07-06T12:23:11.121+0000] {logging_mixin.py:188} INFO - 📁 Fichier .env chargé
[2025-07-06T12:23:11.121+0000] {logging_mixin.py:188} INFO - 👉 Mode scraping : prod
[2025-07-06T12:23:11.121+0000] {logging_mixin.py:188} INFO - 👉 Fichier d’entrée : data/verbatims_test.csv
[2025-07-06T12:23:11.126+0000] {processor.py:840} INFO - DAG(s) 'trustpilot_pipeline' retrieved from /opt/airflow/dags/trustpilot_dag.py
[2025-07-06T12:23:11.153+0000] {logging_mixin.py:188} INFO - [2025-07-06T12:23:11.152+0000] {dag.py:3096} INFO - Sync 1 DAGs
[2025-07-06T12:23:11.171+0000] {logging_mixin.py:188} INFO - [2025-07-06T12:23:11.170+0000] {dag.py:3954} INFO - Setting next_dagrun for trustpilot_pipeline to None, run_after=None
[2025-07-06T12:23:11.191+0000] {processor.py:183} INFO - Processing /opt/airflow/dags/trustpilot_dag.py took 1.040 seconds
[2025-07-06T12:23:41.265+0000] {processor.py:161} INFO - Started process (PID=10605) to work on /opt/airflow/dags/trustpilot_dag.py
[2025-07-06T12:23:41.266+0000] {processor.py:830} INFO - Processing file /opt/airflow/dags/trustpilot_dag.py for tasks to queue
[2025-07-06T12:23:41.268+0000] {logging_mixin.py:188} INFO - [2025-07-06T12:23:41.268+0000] {dagbag.py:545} INFO - Filling up the DagBag from /opt/airflow/dags/trustpilot_dag.py
[2025-07-06T12:23:42.956+0000] {logging_mixin.py:188} INFO - 📁 Fichier .env chargé
[2025-07-06T12:23:42.957+0000] {logging_mixin.py:188} INFO - 👉 Mode scraping : prod
[2025-07-06T12:23:42.957+0000] {logging_mixin.py:188} INFO - 👉 Fichier d’entrée : data/verbatims_test.csv
[2025-07-06T12:23:42.964+0000] {processor.py:840} INFO - DAG(s) 'trustpilot_pipeline' retrieved from /opt/airflow/dags/trustpilot_dag.py
[2025-07-06T12:23:42.993+0000] {logging_mixin.py:188} INFO - [2025-07-06T12:23:42.993+0000] {dag.py:3096} INFO - Sync 1 DAGs
[2025-07-06T12:23:43.011+0000] {logging_mixin.py:188} INFO - [2025-07-06T12:23:43.010+0000] {dag.py:3954} INFO - Setting next_dagrun for trustpilot_pipeline to None, run_after=None
[2025-07-06T12:23:43.030+0000] {processor.py:183} INFO - Processing /opt/airflow/dags/trustpilot_dag.py took 1.774 seconds
[2025-07-06T12:24:13.164+0000] {processor.py:161} INFO - Started process (PID=10611) to work on /opt/airflow/dags/trustpilot_dag.py
[2025-07-06T12:24:13.165+0000] {processor.py:830} INFO - Processing file /opt/airflow/dags/trustpilot_dag.py for tasks to queue
[2025-07-06T12:24:13.167+0000] {logging_mixin.py:188} INFO - [2025-07-06T12:24:13.167+0000] {dagbag.py:545} INFO - Filling up the DagBag from /opt/airflow/dags/trustpilot_dag.py
[2025-07-06T12:24:14.883+0000] {logging_mixin.py:188} INFO - 📁 Fichier .env chargé
[2025-07-06T12:24:14.883+0000] {logging_mixin.py:188} INFO - 👉 Mode scraping : prod
[2025-07-06T12:24:14.883+0000] {logging_mixin.py:188} INFO - 👉 Fichier d’entrée : data/verbatims_test.csv
[2025-07-06T12:24:14.891+0000] {processor.py:840} INFO - DAG(s) 'trustpilot_pipeline' retrieved from /opt/airflow/dags/trustpilot_dag.py
[2025-07-06T12:24:14.921+0000] {logging_mixin.py:188} INFO - [2025-07-06T12:24:14.920+0000] {dag.py:3096} INFO - Sync 1 DAGs
[2025-07-06T12:24:14.936+0000] {logging_mixin.py:188} INFO - [2025-07-06T12:24:14.936+0000] {dag.py:3954} INFO - Setting next_dagrun for trustpilot_pipeline to None, run_after=None
[2025-07-06T12:24:14.955+0000] {processor.py:183} INFO - Processing /opt/airflow/dags/trustpilot_dag.py took 1.800 seconds
[2025-07-06T12:24:45.073+0000] {processor.py:161} INFO - Started process (PID=10617) to work on /opt/airflow/dags/trustpilot_dag.py
[2025-07-06T12:24:45.074+0000] {processor.py:830} INFO - Processing file /opt/airflow/dags/trustpilot_dag.py for tasks to queue
[2025-07-06T12:24:45.076+0000] {logging_mixin.py:188} INFO - [2025-07-06T12:24:45.076+0000] {dagbag.py:545} INFO - Filling up the DagBag from /opt/airflow/dags/trustpilot_dag.py
[2025-07-06T12:24:46.763+0000] {logging_mixin.py:188} INFO - 📁 Fichier .env chargé
[2025-07-06T12:24:46.764+0000] {logging_mixin.py:188} INFO - 👉 Mode scraping : prod
[2025-07-06T12:24:46.764+0000] {logging_mixin.py:188} INFO - 👉 Fichier d’entrée : data/verbatims_test.csv
[2025-07-06T12:24:46.772+0000] {processor.py:840} INFO - DAG(s) 'trustpilot_pipeline' retrieved from /opt/airflow/dags/trustpilot_dag.py
[2025-07-06T12:24:46.800+0000] {logging_mixin.py:188} INFO - [2025-07-06T12:24:46.800+0000] {dag.py:3096} INFO - Sync 1 DAGs
[2025-07-06T12:24:46.816+0000] {logging_mixin.py:188} INFO - [2025-07-06T12:24:46.816+0000] {dag.py:3954} INFO - Setting next_dagrun for trustpilot_pipeline to None, run_after=None
[2025-07-06T12:24:46.834+0000] {processor.py:183} INFO - Processing /opt/airflow/dags/trustpilot_dag.py took 1.771 seconds
[2025-07-06T12:25:16.954+0000] {processor.py:161} INFO - Started process (PID=10623) to work on /opt/airflow/dags/trustpilot_dag.py
[2025-07-06T12:25:16.955+0000] {processor.py:830} INFO - Processing file /opt/airflow/dags/trustpilot_dag.py for tasks to queue
[2025-07-06T12:25:16.957+0000] {logging_mixin.py:188} INFO - [2025-07-06T12:25:16.957+0000] {dagbag.py:545} INFO - Filling up the DagBag from /opt/airflow/dags/trustpilot_dag.py
[2025-07-06T12:25:18.652+0000] {logging_mixin.py:188} INFO - 📁 Fichier .env chargé
[2025-07-06T12:25:18.652+0000] {logging_mixin.py:188} INFO - 👉 Mode scraping : prod
[2025-07-06T12:25:18.652+0000] {logging_mixin.py:188} INFO - 👉 Fichier d’entrée : data/verbatims_test.csv
[2025-07-06T12:25:18.660+0000] {processor.py:840} INFO - DAG(s) 'trustpilot_pipeline' retrieved from /opt/airflow/dags/trustpilot_dag.py
[2025-07-06T12:25:18.687+0000] {logging_mixin.py:188} INFO - [2025-07-06T12:25:18.687+0000] {dag.py:3096} INFO - Sync 1 DAGs
[2025-07-06T12:25:18.703+0000] {logging_mixin.py:188} INFO - [2025-07-06T12:25:18.703+0000] {dag.py:3954} INFO - Setting next_dagrun for trustpilot_pipeline to None, run_after=None
[2025-07-06T12:25:18.722+0000] {processor.py:183} INFO - Processing /opt/airflow/dags/trustpilot_dag.py took 1.777 seconds
[2025-07-06T12:25:48.834+0000] {processor.py:161} INFO - Started process (PID=10629) to work on /opt/airflow/dags/trustpilot_dag.py
[2025-07-06T12:25:48.835+0000] {processor.py:830} INFO - Processing file /opt/airflow/dags/trustpilot_dag.py for tasks to queue
[2025-07-06T12:25:48.837+0000] {logging_mixin.py:188} INFO - [2025-07-06T12:25:48.837+0000] {dagbag.py:545} INFO - Filling up the DagBag from /opt/airflow/dags/trustpilot_dag.py
[2025-07-06T12:25:50.524+0000] {logging_mixin.py:188} INFO - 📁 Fichier .env chargé
[2025-07-06T12:25:50.524+0000] {logging_mixin.py:188} INFO - 👉 Mode scraping : prod
[2025-07-06T12:25:50.525+0000] {logging_mixin.py:188} INFO - 👉 Fichier d’entrée : data/verbatims_test.csv
[2025-07-06T12:25:50.532+0000] {processor.py:840} INFO - DAG(s) 'trustpilot_pipeline' retrieved from /opt/airflow/dags/trustpilot_dag.py
[2025-07-06T12:25:50.560+0000] {logging_mixin.py:188} INFO - [2025-07-06T12:25:50.560+0000] {dag.py:3096} INFO - Sync 1 DAGs
[2025-07-06T12:25:50.577+0000] {logging_mixin.py:188} INFO - [2025-07-06T12:25:50.577+0000] {dag.py:3954} INFO - Setting next_dagrun for trustpilot_pipeline to None, run_after=None
[2025-07-06T12:25:50.596+0000] {processor.py:183} INFO - Processing /opt/airflow/dags/trustpilot_dag.py took 1.771 seconds
[2025-07-06T12:26:20.728+0000] {processor.py:161} INFO - Started process (PID=10635) to work on /opt/airflow/dags/trustpilot_dag.py
[2025-07-06T12:26:20.729+0000] {processor.py:830} INFO - Processing file /opt/airflow/dags/trustpilot_dag.py for tasks to queue
[2025-07-06T12:26:20.731+0000] {logging_mixin.py:188} INFO - [2025-07-06T12:26:20.731+0000] {dagbag.py:545} INFO - Filling up the DagBag from /opt/airflow/dags/trustpilot_dag.py
[2025-07-06T12:26:22.436+0000] {logging_mixin.py:188} INFO - 📁 Fichier .env chargé
[2025-07-06T12:26:22.436+0000] {logging_mixin.py:188} INFO - 👉 Mode scraping : prod
[2025-07-06T12:26:22.436+0000] {logging_mixin.py:188} INFO - 👉 Fichier d’entrée : data/verbatims_test.csv
[2025-07-06T12:26:22.444+0000] {processor.py:840} INFO - DAG(s) 'trustpilot_pipeline' retrieved from /opt/airflow/dags/trustpilot_dag.py
[2025-07-06T12:26:22.474+0000] {logging_mixin.py:188} INFO - [2025-07-06T12:26:22.473+0000] {dag.py:3096} INFO - Sync 1 DAGs
[2025-07-06T12:26:22.489+0000] {logging_mixin.py:188} INFO - [2025-07-06T12:26:22.489+0000] {dag.py:3954} INFO - Setting next_dagrun for trustpilot_pipeline to None, run_after=None
[2025-07-06T12:26:22.508+0000] {processor.py:183} INFO - Processing /opt/airflow/dags/trustpilot_dag.py took 1.792 seconds
[2025-07-06T12:26:52.638+0000] {processor.py:161} INFO - Started process (PID=10641) to work on /opt/airflow/dags/trustpilot_dag.py
[2025-07-06T12:26:52.639+0000] {processor.py:830} INFO - Processing file /opt/airflow/dags/trustpilot_dag.py for tasks to queue
[2025-07-06T12:26:52.641+0000] {logging_mixin.py:188} INFO - [2025-07-06T12:26:52.640+0000] {dagbag.py:545} INFO - Filling up the DagBag from /opt/airflow/dags/trustpilot_dag.py
[2025-07-06T12:26:54.337+0000] {logging_mixin.py:188} INFO - 📁 Fichier .env chargé
[2025-07-06T12:26:54.337+0000] {logging_mixin.py:188} INFO - 👉 Mode scraping : prod
[2025-07-06T12:26:54.337+0000] {logging_mixin.py:188} INFO - 👉 Fichier d’entrée : data/verbatims_test.csv
[2025-07-06T12:26:54.345+0000] {processor.py:840} INFO - DAG(s) 'trustpilot_pipeline' retrieved from /opt/airflow/dags/trustpilot_dag.py
[2025-07-06T12:26:54.372+0000] {logging_mixin.py:188} INFO - [2025-07-06T12:26:54.372+0000] {dag.py:3096} INFO - Sync 1 DAGs
[2025-07-06T12:26:54.389+0000] {logging_mixin.py:188} INFO - [2025-07-06T12:26:54.389+0000] {dag.py:3954} INFO - Setting next_dagrun for trustpilot_pipeline to None, run_after=None
[2025-07-06T12:26:54.408+0000] {processor.py:183} INFO - Processing /opt/airflow/dags/trustpilot_dag.py took 1.779 seconds
[2025-07-06T12:27:24.531+0000] {processor.py:161} INFO - Started process (PID=10647) to work on /opt/airflow/dags/trustpilot_dag.py
[2025-07-06T12:27:24.532+0000] {processor.py:830} INFO - Processing file /opt/airflow/dags/trustpilot_dag.py for tasks to queue
[2025-07-06T12:27:24.534+0000] {logging_mixin.py:188} INFO - [2025-07-06T12:27:24.533+0000] {dagbag.py:545} INFO - Filling up the DagBag from /opt/airflow/dags/trustpilot_dag.py
[2025-07-06T12:27:26.221+0000] {logging_mixin.py:188} INFO - 📁 Fichier .env chargé
[2025-07-06T12:27:26.221+0000] {logging_mixin.py:188} INFO - 👉 Mode scraping : prod
[2025-07-06T12:27:26.221+0000] {logging_mixin.py:188} INFO - 👉 Fichier d’entrée : data/verbatims_test.csv
[2025-07-06T12:27:26.229+0000] {processor.py:840} INFO - DAG(s) 'trustpilot_pipeline' retrieved from /opt/airflow/dags/trustpilot_dag.py
[2025-07-06T12:27:26.259+0000] {logging_mixin.py:188} INFO - [2025-07-06T12:27:26.259+0000] {dag.py:3096} INFO - Sync 1 DAGs
[2025-07-06T12:27:26.275+0000] {logging_mixin.py:188} INFO - [2025-07-06T12:27:26.275+0000] {dag.py:3954} INFO - Setting next_dagrun for trustpilot_pipeline to None, run_after=None
[2025-07-06T12:27:26.294+0000] {processor.py:183} INFO - Processing /opt/airflow/dags/trustpilot_dag.py took 1.772 seconds
[2025-07-06T12:27:56.411+0000] {processor.py:161} INFO - Started process (PID=10653) to work on /opt/airflow/dags/trustpilot_dag.py
[2025-07-06T12:27:56.413+0000] {processor.py:830} INFO - Processing file /opt/airflow/dags/trustpilot_dag.py for tasks to queue
[2025-07-06T12:27:56.415+0000] {logging_mixin.py:188} INFO - [2025-07-06T12:27:56.415+0000] {dagbag.py:545} INFO - Filling up the DagBag from /opt/airflow/dags/trustpilot_dag.py
[2025-07-06T12:27:58.119+0000] {logging_mixin.py:188} INFO - 📁 Fichier .env chargé
[2025-07-06T12:27:58.119+0000] {logging_mixin.py:188} INFO - 👉 Mode scraping : prod
[2025-07-06T12:27:58.120+0000] {logging_mixin.py:188} INFO - 👉 Fichier d’entrée : data/verbatims_test.csv
[2025-07-06T12:27:58.127+0000] {processor.py:840} INFO - DAG(s) 'trustpilot_pipeline' retrieved from /opt/airflow/dags/trustpilot_dag.py
[2025-07-06T12:27:58.156+0000] {logging_mixin.py:188} INFO - [2025-07-06T12:27:58.155+0000] {dag.py:3096} INFO - Sync 1 DAGs
[2025-07-06T12:27:58.172+0000] {logging_mixin.py:188} INFO - [2025-07-06T12:27:58.171+0000] {dag.py:3954} INFO - Setting next_dagrun for trustpilot_pipeline to None, run_after=None
[2025-07-06T12:27:58.190+0000] {processor.py:183} INFO - Processing /opt/airflow/dags/trustpilot_dag.py took 1.790 seconds
[2025-07-06T12:28:28.308+0000] {processor.py:161} INFO - Started process (PID=10659) to work on /opt/airflow/dags/trustpilot_dag.py
[2025-07-06T12:28:28.309+0000] {processor.py:830} INFO - Processing file /opt/airflow/dags/trustpilot_dag.py for tasks to queue
[2025-07-06T12:28:28.311+0000] {logging_mixin.py:188} INFO - [2025-07-06T12:28:28.310+0000] {dagbag.py:545} INFO - Filling up the DagBag from /opt/airflow/dags/trustpilot_dag.py
[2025-07-06T12:28:29.998+0000] {logging_mixin.py:188} INFO - 📁 Fichier .env chargé
[2025-07-06T12:28:29.998+0000] {logging_mixin.py:188} INFO - 👉 Mode scraping : prod
[2025-07-06T12:28:29.998+0000] {logging_mixin.py:188} INFO - 👉 Fichier d’entrée : data/verbatims_test.csv
[2025-07-06T12:28:30.005+0000] {processor.py:840} INFO - DAG(s) 'trustpilot_pipeline' retrieved from /opt/airflow/dags/trustpilot_dag.py
[2025-07-06T12:28:30.034+0000] {logging_mixin.py:188} INFO - [2025-07-06T12:28:30.033+0000] {dag.py:3096} INFO - Sync 1 DAGs
[2025-07-06T12:28:30.051+0000] {logging_mixin.py:188} INFO - [2025-07-06T12:28:30.051+0000] {dag.py:3954} INFO - Setting next_dagrun for trustpilot_pipeline to None, run_after=None
[2025-07-06T12:28:30.070+0000] {processor.py:183} INFO - Processing /opt/airflow/dags/trustpilot_dag.py took 1.771 seconds
[2025-07-06T12:29:00.198+0000] {processor.py:161} INFO - Started process (PID=10665) to work on /opt/airflow/dags/trustpilot_dag.py
[2025-07-06T12:29:00.199+0000] {processor.py:830} INFO - Processing file /opt/airflow/dags/trustpilot_dag.py for tasks to queue
[2025-07-06T12:29:00.201+0000] {logging_mixin.py:188} INFO - [2025-07-06T12:29:00.201+0000] {dagbag.py:545} INFO - Filling up the DagBag from /opt/airflow/dags/trustpilot_dag.py
[2025-07-06T12:29:01.884+0000] {logging_mixin.py:188} INFO - 📁 Fichier .env chargé
[2025-07-06T12:29:01.885+0000] {logging_mixin.py:188} INFO - 👉 Mode scraping : prod
[2025-07-06T12:29:01.885+0000] {logging_mixin.py:188} INFO - 👉 Fichier d’entrée : data/verbatims_test.csv
[2025-07-06T12:29:01.892+0000] {processor.py:840} INFO - DAG(s) 'trustpilot_pipeline' retrieved from /opt/airflow/dags/trustpilot_dag.py
[2025-07-06T12:29:01.921+0000] {logging_mixin.py:188} INFO - [2025-07-06T12:29:01.921+0000] {dag.py:3096} INFO - Sync 1 DAGs
[2025-07-06T12:29:01.939+0000] {logging_mixin.py:188} INFO - [2025-07-06T12:29:01.938+0000] {dag.py:3954} INFO - Setting next_dagrun for trustpilot_pipeline to None, run_after=None
[2025-07-06T12:29:01.957+0000] {processor.py:183} INFO - Processing /opt/airflow/dags/trustpilot_dag.py took 1.768 seconds
[2025-07-06T12:29:32.087+0000] {processor.py:161} INFO - Started process (PID=10671) to work on /opt/airflow/dags/trustpilot_dag.py
[2025-07-06T12:29:32.088+0000] {processor.py:830} INFO - Processing file /opt/airflow/dags/trustpilot_dag.py for tasks to queue
[2025-07-06T12:29:32.090+0000] {logging_mixin.py:188} INFO - [2025-07-06T12:29:32.089+0000] {dagbag.py:545} INFO - Filling up the DagBag from /opt/airflow/dags/trustpilot_dag.py
[2025-07-06T12:29:33.795+0000] {logging_mixin.py:188} INFO - 📁 Fichier .env chargé
[2025-07-06T12:29:33.795+0000] {logging_mixin.py:188} INFO - 👉 Mode scraping : prod
[2025-07-06T12:29:33.795+0000] {logging_mixin.py:188} INFO - 👉 Fichier d’entrée : data/verbatims_test.csv
[2025-07-06T12:29:33.802+0000] {processor.py:840} INFO - DAG(s) 'trustpilot_pipeline' retrieved from /opt/airflow/dags/trustpilot_dag.py
[2025-07-06T12:29:33.830+0000] {logging_mixin.py:188} INFO - [2025-07-06T12:29:33.830+0000] {dag.py:3096} INFO - Sync 1 DAGs
[2025-07-06T12:29:33.847+0000] {logging_mixin.py:188} INFO - [2025-07-06T12:29:33.847+0000] {dag.py:3954} INFO - Setting next_dagrun for trustpilot_pipeline to None, run_after=None
[2025-07-06T12:29:33.866+0000] {processor.py:183} INFO - Processing /opt/airflow/dags/trustpilot_dag.py took 1.791 seconds
[2025-07-06T12:30:03.983+0000] {processor.py:161} INFO - Started process (PID=10677) to work on /opt/airflow/dags/trustpilot_dag.py
[2025-07-06T12:30:03.984+0000] {processor.py:830} INFO - Processing file /opt/airflow/dags/trustpilot_dag.py for tasks to queue
[2025-07-06T12:30:03.986+0000] {logging_mixin.py:188} INFO - [2025-07-06T12:30:03.986+0000] {dagbag.py:545} INFO - Filling up the DagBag from /opt/airflow/dags/trustpilot_dag.py
[2025-07-06T12:30:05.673+0000] {logging_mixin.py:188} INFO - 📁 Fichier .env chargé
[2025-07-06T12:30:05.674+0000] {logging_mixin.py:188} INFO - 👉 Mode scraping : prod
[2025-07-06T12:30:05.674+0000] {logging_mixin.py:188} INFO - 👉 Fichier d’entrée : data/verbatims_test.csv
[2025-07-06T12:30:05.681+0000] {processor.py:840} INFO - DAG(s) 'trustpilot_pipeline' retrieved from /opt/airflow/dags/trustpilot_dag.py
[2025-07-06T12:30:05.711+0000] {logging_mixin.py:188} INFO - [2025-07-06T12:30:05.710+0000] {dag.py:3096} INFO - Sync 1 DAGs
[2025-07-06T12:30:05.726+0000] {logging_mixin.py:188} INFO - [2025-07-06T12:30:05.726+0000] {dag.py:3954} INFO - Setting next_dagrun for trustpilot_pipeline to None, run_after=None
[2025-07-06T12:30:05.745+0000] {processor.py:183} INFO - Processing /opt/airflow/dags/trustpilot_dag.py took 1.771 seconds
[2025-07-06T12:30:35.868+0000] {processor.py:161} INFO - Started process (PID=10683) to work on /opt/airflow/dags/trustpilot_dag.py
[2025-07-06T12:30:35.869+0000] {processor.py:830} INFO - Processing file /opt/airflow/dags/trustpilot_dag.py for tasks to queue
[2025-07-06T12:30:35.871+0000] {logging_mixin.py:188} INFO - [2025-07-06T12:30:35.871+0000] {dagbag.py:545} INFO - Filling up the DagBag from /opt/airflow/dags/trustpilot_dag.py
[2025-07-06T12:30:37.566+0000] {logging_mixin.py:188} INFO - 📁 Fichier .env chargé
[2025-07-06T12:30:37.566+0000] {logging_mixin.py:188} INFO - 👉 Mode scraping : prod
[2025-07-06T12:30:37.566+0000] {logging_mixin.py:188} INFO - 👉 Fichier d’entrée : data/verbatims_test.csv
[2025-07-06T12:30:37.573+0000] {processor.py:840} INFO - DAG(s) 'trustpilot_pipeline' retrieved from /opt/airflow/dags/trustpilot_dag.py
[2025-07-06T12:30:37.602+0000] {logging_mixin.py:188} INFO - [2025-07-06T12:30:37.602+0000] {dag.py:3096} INFO - Sync 1 DAGs
[2025-07-06T12:30:37.618+0000] {logging_mixin.py:188} INFO - [2025-07-06T12:30:37.618+0000] {dag.py:3954} INFO - Setting next_dagrun for trustpilot_pipeline to None, run_after=None
[2025-07-06T12:30:37.637+0000] {processor.py:183} INFO - Processing /opt/airflow/dags/trustpilot_dag.py took 1.778 seconds
[2025-07-06T12:31:07.772+0000] {processor.py:161} INFO - Started process (PID=10689) to work on /opt/airflow/dags/trustpilot_dag.py
[2025-07-06T12:31:07.773+0000] {processor.py:830} INFO - Processing file /opt/airflow/dags/trustpilot_dag.py for tasks to queue
[2025-07-06T12:31:07.775+0000] {logging_mixin.py:188} INFO - [2025-07-06T12:31:07.775+0000] {dagbag.py:545} INFO - Filling up the DagBag from /opt/airflow/dags/trustpilot_dag.py
[2025-07-06T12:31:09.461+0000] {logging_mixin.py:188} INFO - 📁 Fichier .env chargé
[2025-07-06T12:31:09.461+0000] {logging_mixin.py:188} INFO - 👉 Mode scraping : prod
[2025-07-06T12:31:09.462+0000] {logging_mixin.py:188} INFO - 👉 Fichier d’entrée : data/verbatims_test.csv
[2025-07-06T12:31:09.469+0000] {processor.py:840} INFO - DAG(s) 'trustpilot_pipeline' retrieved from /opt/airflow/dags/trustpilot_dag.py
[2025-07-06T12:31:09.497+0000] {logging_mixin.py:188} INFO - [2025-07-06T12:31:09.496+0000] {dag.py:3096} INFO - Sync 1 DAGs
[2025-07-06T12:31:09.513+0000] {logging_mixin.py:188} INFO - [2025-07-06T12:31:09.513+0000] {dag.py:3954} INFO - Setting next_dagrun for trustpilot_pipeline to None, run_after=None
[2025-07-06T12:31:09.532+0000] {processor.py:183} INFO - Processing /opt/airflow/dags/trustpilot_dag.py took 1.769 seconds
[2025-07-06T12:31:39.661+0000] {processor.py:161} INFO - Started process (PID=10695) to work on /opt/airflow/dags/trustpilot_dag.py
[2025-07-06T12:31:39.662+0000] {processor.py:830} INFO - Processing file /opt/airflow/dags/trustpilot_dag.py for tasks to queue
[2025-07-06T12:31:39.664+0000] {logging_mixin.py:188} INFO - [2025-07-06T12:31:39.663+0000] {dagbag.py:545} INFO - Filling up the DagBag from /opt/airflow/dags/trustpilot_dag.py
[2025-07-06T12:31:41.353+0000] {logging_mixin.py:188} INFO - 📁 Fichier .env chargé
[2025-07-06T12:31:41.353+0000] {logging_mixin.py:188} INFO - 👉 Mode scraping : prod
[2025-07-06T12:31:41.353+0000] {logging_mixin.py:188} INFO - 👉 Fichier d’entrée : data/verbatims_test.csv
[2025-07-06T12:31:41.360+0000] {processor.py:840} INFO - DAG(s) 'trustpilot_pipeline' retrieved from /opt/airflow/dags/trustpilot_dag.py
[2025-07-06T12:31:41.388+0000] {logging_mixin.py:188} INFO - [2025-07-06T12:31:41.388+0000] {dag.py:3096} INFO - Sync 1 DAGs
[2025-07-06T12:31:41.405+0000] {logging_mixin.py:188} INFO - [2025-07-06T12:31:41.405+0000] {dag.py:3954} INFO - Setting next_dagrun for trustpilot_pipeline to None, run_after=None
[2025-07-06T12:31:41.424+0000] {processor.py:183} INFO - Processing /opt/airflow/dags/trustpilot_dag.py took 1.772 seconds
[2025-07-06T12:32:11.542+0000] {processor.py:161} INFO - Started process (PID=10701) to work on /opt/airflow/dags/trustpilot_dag.py
[2025-07-06T12:32:11.543+0000] {processor.py:830} INFO - Processing file /opt/airflow/dags/trustpilot_dag.py for tasks to queue
[2025-07-06T12:32:11.545+0000] {logging_mixin.py:188} INFO - [2025-07-06T12:32:11.545+0000] {dagbag.py:545} INFO - Filling up the DagBag from /opt/airflow/dags/trustpilot_dag.py
[2025-07-06T12:32:13.228+0000] {logging_mixin.py:188} INFO - 📁 Fichier .env chargé
[2025-07-06T12:32:13.228+0000] {logging_mixin.py:188} INFO - 👉 Mode scraping : prod
[2025-07-06T12:32:13.228+0000] {logging_mixin.py:188} INFO - 👉 Fichier d’entrée : data/verbatims_test.csv
[2025-07-06T12:32:13.235+0000] {processor.py:840} INFO - DAG(s) 'trustpilot_pipeline' retrieved from /opt/airflow/dags/trustpilot_dag.py
[2025-07-06T12:32:13.264+0000] {logging_mixin.py:188} INFO - [2025-07-06T12:32:13.263+0000] {dag.py:3096} INFO - Sync 1 DAGs
[2025-07-06T12:32:13.281+0000] {logging_mixin.py:188} INFO - [2025-07-06T12:32:13.281+0000] {dag.py:3954} INFO - Setting next_dagrun for trustpilot_pipeline to None, run_after=None
[2025-07-06T12:32:13.300+0000] {processor.py:183} INFO - Processing /opt/airflow/dags/trustpilot_dag.py took 1.767 seconds
[2025-07-06T12:32:43.413+0000] {processor.py:161} INFO - Started process (PID=10707) to work on /opt/airflow/dags/trustpilot_dag.py
[2025-07-06T12:32:43.414+0000] {processor.py:830} INFO - Processing file /opt/airflow/dags/trustpilot_dag.py for tasks to queue
[2025-07-06T12:32:43.416+0000] {logging_mixin.py:188} INFO - [2025-07-06T12:32:43.415+0000] {dagbag.py:545} INFO - Filling up the DagBag from /opt/airflow/dags/trustpilot_dag.py
[2025-07-06T12:32:45.104+0000] {logging_mixin.py:188} INFO - 📁 Fichier .env chargé
[2025-07-06T12:32:45.105+0000] {logging_mixin.py:188} INFO - 👉 Mode scraping : prod
[2025-07-06T12:32:45.105+0000] {logging_mixin.py:188} INFO - 👉 Fichier d’entrée : data/verbatims_test.csv
[2025-07-06T12:32:45.112+0000] {processor.py:840} INFO - DAG(s) 'trustpilot_pipeline' retrieved from /opt/airflow/dags/trustpilot_dag.py
[2025-07-06T12:32:45.142+0000] {logging_mixin.py:188} INFO - [2025-07-06T12:32:45.141+0000] {dag.py:3096} INFO - Sync 1 DAGs
[2025-07-06T12:32:45.158+0000] {logging_mixin.py:188} INFO - [2025-07-06T12:32:45.157+0000] {dag.py:3954} INFO - Setting next_dagrun for trustpilot_pipeline to None, run_after=None
[2025-07-06T12:32:45.177+0000] {processor.py:183} INFO - Processing /opt/airflow/dags/trustpilot_dag.py took 1.773 seconds
[2025-07-06T12:33:15.325+0000] {processor.py:161} INFO - Started process (PID=10713) to work on /opt/airflow/dags/trustpilot_dag.py
[2025-07-06T12:33:15.326+0000] {processor.py:830} INFO - Processing file /opt/airflow/dags/trustpilot_dag.py for tasks to queue
[2025-07-06T12:33:15.328+0000] {logging_mixin.py:188} INFO - [2025-07-06T12:33:15.328+0000] {dagbag.py:545} INFO - Filling up the DagBag from /opt/airflow/dags/trustpilot_dag.py
[2025-07-06T12:33:17.013+0000] {logging_mixin.py:188} INFO - 📁 Fichier .env chargé
[2025-07-06T12:33:17.014+0000] {logging_mixin.py:188} INFO - 👉 Mode scraping : prod
[2025-07-06T12:33:17.014+0000] {logging_mixin.py:188} INFO - 👉 Fichier d’entrée : data/verbatims_test.csv
[2025-07-06T12:33:17.022+0000] {processor.py:840} INFO - DAG(s) 'trustpilot_pipeline' retrieved from /opt/airflow/dags/trustpilot_dag.py
[2025-07-06T12:33:17.051+0000] {logging_mixin.py:188} INFO - [2025-07-06T12:33:17.050+0000] {dag.py:3096} INFO - Sync 1 DAGs
[2025-07-06T12:33:17.066+0000] {logging_mixin.py:188} INFO - [2025-07-06T12:33:17.066+0000] {dag.py:3954} INFO - Setting next_dagrun for trustpilot_pipeline to None, run_after=None
[2025-07-06T12:33:17.085+0000] {processor.py:183} INFO - Processing /opt/airflow/dags/trustpilot_dag.py took 1.769 seconds
[2025-07-06T12:33:47.218+0000] {processor.py:161} INFO - Started process (PID=10719) to work on /opt/airflow/dags/trustpilot_dag.py
[2025-07-06T12:33:47.219+0000] {processor.py:830} INFO - Processing file /opt/airflow/dags/trustpilot_dag.py for tasks to queue
[2025-07-06T12:33:47.221+0000] {logging_mixin.py:188} INFO - [2025-07-06T12:33:47.220+0000] {dagbag.py:545} INFO - Filling up the DagBag from /opt/airflow/dags/trustpilot_dag.py
[2025-07-06T12:33:48.914+0000] {logging_mixin.py:188} INFO - 📁 Fichier .env chargé
[2025-07-06T12:33:48.915+0000] {logging_mixin.py:188} INFO - 👉 Mode scraping : prod
[2025-07-06T12:33:48.915+0000] {logging_mixin.py:188} INFO - 👉 Fichier d’entrée : data/verbatims_test.csv
[2025-07-06T12:33:48.922+0000] {processor.py:840} INFO - DAG(s) 'trustpilot_pipeline' retrieved from /opt/airflow/dags/trustpilot_dag.py
[2025-07-06T12:33:48.950+0000] {logging_mixin.py:188} INFO - [2025-07-06T12:33:48.950+0000] {dag.py:3096} INFO - Sync 1 DAGs
[2025-07-06T12:33:48.966+0000] {logging_mixin.py:188} INFO - [2025-07-06T12:33:48.965+0000] {dag.py:3954} INFO - Setting next_dagrun for trustpilot_pipeline to None, run_after=None
[2025-07-06T12:33:48.986+0000] {processor.py:183} INFO - Processing /opt/airflow/dags/trustpilot_dag.py took 1.777 seconds
[2025-07-06T12:34:19.103+0000] {processor.py:161} INFO - Started process (PID=10725) to work on /opt/airflow/dags/trustpilot_dag.py
[2025-07-06T12:34:19.104+0000] {processor.py:830} INFO - Processing file /opt/airflow/dags/trustpilot_dag.py for tasks to queue
[2025-07-06T12:34:19.106+0000] {logging_mixin.py:188} INFO - [2025-07-06T12:34:19.106+0000] {dagbag.py:545} INFO - Filling up the DagBag from /opt/airflow/dags/trustpilot_dag.py
[2025-07-06T12:34:20.794+0000] {logging_mixin.py:188} INFO - 📁 Fichier .env chargé
[2025-07-06T12:34:20.794+0000] {logging_mixin.py:188} INFO - 👉 Mode scraping : prod
[2025-07-06T12:34:20.794+0000] {logging_mixin.py:188} INFO - 👉 Fichier d’entrée : data/verbatims_test.csv
[2025-07-06T12:34:20.801+0000] {processor.py:840} INFO - DAG(s) 'trustpilot_pipeline' retrieved from /opt/airflow/dags/trustpilot_dag.py
[2025-07-06T12:34:20.829+0000] {logging_mixin.py:188} INFO - [2025-07-06T12:34:20.828+0000] {dag.py:3096} INFO - Sync 1 DAGs
[2025-07-06T12:34:20.846+0000] {logging_mixin.py:188} INFO - [2025-07-06T12:34:20.846+0000] {dag.py:3954} INFO - Setting next_dagrun for trustpilot_pipeline to None, run_after=None
[2025-07-06T12:34:20.865+0000] {processor.py:183} INFO - Processing /opt/airflow/dags/trustpilot_dag.py took 1.771 seconds
[2025-07-06T12:34:50.981+0000] {processor.py:161} INFO - Started process (PID=10731) to work on /opt/airflow/dags/trustpilot_dag.py
[2025-07-06T12:34:50.982+0000] {processor.py:830} INFO - Processing file /opt/airflow/dags/trustpilot_dag.py for tasks to queue
[2025-07-06T12:34:50.984+0000] {logging_mixin.py:188} INFO - [2025-07-06T12:34:50.983+0000] {dagbag.py:545} INFO - Filling up the DagBag from /opt/airflow/dags/trustpilot_dag.py
[2025-07-06T12:34:52.669+0000] {logging_mixin.py:188} INFO - 📁 Fichier .env chargé
[2025-07-06T12:34:52.670+0000] {logging_mixin.py:188} INFO - 👉 Mode scraping : prod
[2025-07-06T12:34:52.670+0000] {logging_mixin.py:188} INFO - 👉 Fichier d’entrée : data/verbatims_test.csv
[2025-07-06T12:34:52.677+0000] {processor.py:840} INFO - DAG(s) 'trustpilot_pipeline' retrieved from /opt/airflow/dags/trustpilot_dag.py
[2025-07-06T12:34:52.705+0000] {logging_mixin.py:188} INFO - [2025-07-06T12:34:52.705+0000] {dag.py:3096} INFO - Sync 1 DAGs
[2025-07-06T12:34:52.723+0000] {logging_mixin.py:188} INFO - [2025-07-06T12:34:52.722+0000] {dag.py:3954} INFO - Setting next_dagrun for trustpilot_pipeline to None, run_after=None
[2025-07-06T12:34:52.741+0000] {processor.py:183} INFO - Processing /opt/airflow/dags/trustpilot_dag.py took 1.770 seconds
[2025-07-06T12:35:22.873+0000] {processor.py:161} INFO - Started process (PID=10737) to work on /opt/airflow/dags/trustpilot_dag.py
[2025-07-06T12:35:22.874+0000] {processor.py:830} INFO - Processing file /opt/airflow/dags/trustpilot_dag.py for tasks to queue
[2025-07-06T12:35:22.876+0000] {logging_mixin.py:188} INFO - [2025-07-06T12:35:22.875+0000] {dagbag.py:545} INFO - Filling up the DagBag from /opt/airflow/dags/trustpilot_dag.py
[2025-07-06T12:35:24.561+0000] {logging_mixin.py:188} INFO - 📁 Fichier .env chargé
[2025-07-06T12:35:24.561+0000] {logging_mixin.py:188} INFO - 👉 Mode scraping : prod
[2025-07-06T12:35:24.561+0000] {logging_mixin.py:188} INFO - 👉 Fichier d’entrée : data/verbatims_test.csv
[2025-07-06T12:35:24.568+0000] {processor.py:840} INFO - DAG(s) 'trustpilot_pipeline' retrieved from /opt/airflow/dags/trustpilot_dag.py
[2025-07-06T12:35:24.596+0000] {logging_mixin.py:188} INFO - [2025-07-06T12:35:24.596+0000] {dag.py:3096} INFO - Sync 1 DAGs
[2025-07-06T12:35:24.614+0000] {logging_mixin.py:188} INFO - [2025-07-06T12:35:24.613+0000] {dag.py:3954} INFO - Setting next_dagrun for trustpilot_pipeline to None, run_after=None
[2025-07-06T12:35:24.633+0000] {processor.py:183} INFO - Processing /opt/airflow/dags/trustpilot_dag.py took 1.769 seconds
[2025-07-06T12:35:54.770+0000] {processor.py:161} INFO - Started process (PID=10743) to work on /opt/airflow/dags/trustpilot_dag.py
[2025-07-06T12:35:54.771+0000] {processor.py:830} INFO - Processing file /opt/airflow/dags/trustpilot_dag.py for tasks to queue
[2025-07-06T12:35:54.773+0000] {logging_mixin.py:188} INFO - [2025-07-06T12:35:54.772+0000] {dagbag.py:545} INFO - Filling up the DagBag from /opt/airflow/dags/trustpilot_dag.py
[2025-07-06T12:35:56.459+0000] {logging_mixin.py:188} INFO - 📁 Fichier .env chargé
[2025-07-06T12:35:56.459+0000] {logging_mixin.py:188} INFO - 👉 Mode scraping : prod
[2025-07-06T12:35:56.459+0000] {logging_mixin.py:188} INFO - 👉 Fichier d’entrée : data/verbatims_test.csv
[2025-07-06T12:35:56.468+0000] {processor.py:840} INFO - DAG(s) 'trustpilot_pipeline' retrieved from /opt/airflow/dags/trustpilot_dag.py
[2025-07-06T12:35:56.496+0000] {logging_mixin.py:188} INFO - [2025-07-06T12:35:56.495+0000] {dag.py:3096} INFO - Sync 1 DAGs
[2025-07-06T12:35:56.511+0000] {logging_mixin.py:188} INFO - [2025-07-06T12:35:56.511+0000] {dag.py:3954} INFO - Setting next_dagrun for trustpilot_pipeline to None, run_after=None
[2025-07-06T12:35:56.530+0000] {processor.py:183} INFO - Processing /opt/airflow/dags/trustpilot_dag.py took 1.769 seconds
[2025-07-06T12:36:26.657+0000] {processor.py:161} INFO - Started process (PID=10749) to work on /opt/airflow/dags/trustpilot_dag.py
[2025-07-06T12:36:26.658+0000] {processor.py:830} INFO - Processing file /opt/airflow/dags/trustpilot_dag.py for tasks to queue
[2025-07-06T12:36:26.660+0000] {logging_mixin.py:188} INFO - [2025-07-06T12:36:26.659+0000] {dagbag.py:545} INFO - Filling up the DagBag from /opt/airflow/dags/trustpilot_dag.py
[2025-07-06T12:36:28.344+0000] {logging_mixin.py:188} INFO - 📁 Fichier .env chargé
[2025-07-06T12:36:28.344+0000] {logging_mixin.py:188} INFO - 👉 Mode scraping : prod
[2025-07-06T12:36:28.344+0000] {logging_mixin.py:188} INFO - 👉 Fichier d’entrée : data/verbatims_test.csv
[2025-07-06T12:36:28.351+0000] {processor.py:840} INFO - DAG(s) 'trustpilot_pipeline' retrieved from /opt/airflow/dags/trustpilot_dag.py
[2025-07-06T12:36:28.379+0000] {logging_mixin.py:188} INFO - [2025-07-06T12:36:28.379+0000] {dag.py:3096} INFO - Sync 1 DAGs
[2025-07-06T12:36:28.395+0000] {logging_mixin.py:188} INFO - [2025-07-06T12:36:28.394+0000] {dag.py:3954} INFO - Setting next_dagrun for trustpilot_pipeline to None, run_after=None
[2025-07-06T12:36:28.414+0000] {processor.py:183} INFO - Processing /opt/airflow/dags/trustpilot_dag.py took 1.766 seconds
[2025-07-06T12:36:58.528+0000] {processor.py:161} INFO - Started process (PID=10755) to work on /opt/airflow/dags/trustpilot_dag.py
[2025-07-06T12:36:58.529+0000] {processor.py:830} INFO - Processing file /opt/airflow/dags/trustpilot_dag.py for tasks to queue
[2025-07-06T12:36:58.531+0000] {logging_mixin.py:188} INFO - [2025-07-06T12:36:58.530+0000] {dagbag.py:545} INFO - Filling up the DagBag from /opt/airflow/dags/trustpilot_dag.py
[2025-07-06T12:37:00.217+0000] {logging_mixin.py:188} INFO - 📁 Fichier .env chargé
[2025-07-06T12:37:00.217+0000] {logging_mixin.py:188} INFO - 👉 Mode scraping : prod
[2025-07-06T12:37:00.217+0000] {logging_mixin.py:188} INFO - 👉 Fichier d’entrée : data/verbatims_test.csv
[2025-07-06T12:37:00.225+0000] {processor.py:840} INFO - DAG(s) 'trustpilot_pipeline' retrieved from /opt/airflow/dags/trustpilot_dag.py
[2025-07-06T12:37:00.253+0000] {logging_mixin.py:188} INFO - [2025-07-06T12:37:00.253+0000] {dag.py:3096} INFO - Sync 1 DAGs
[2025-07-06T12:37:00.270+0000] {logging_mixin.py:188} INFO - [2025-07-06T12:37:00.270+0000] {dag.py:3954} INFO - Setting next_dagrun for trustpilot_pipeline to None, run_after=None
[2025-07-06T12:37:00.289+0000] {processor.py:183} INFO - Processing /opt/airflow/dags/trustpilot_dag.py took 1.771 seconds
[2025-07-06T12:37:30.406+0000] {processor.py:161} INFO - Started process (PID=10761) to work on /opt/airflow/dags/trustpilot_dag.py
[2025-07-06T12:37:30.407+0000] {processor.py:830} INFO - Processing file /opt/airflow/dags/trustpilot_dag.py for tasks to queue
[2025-07-06T12:37:30.409+0000] {logging_mixin.py:188} INFO - [2025-07-06T12:37:30.409+0000] {dagbag.py:545} INFO - Filling up the DagBag from /opt/airflow/dags/trustpilot_dag.py
[2025-07-06T12:37:31.395+0000] {logging_mixin.py:188} INFO - 📁 Fichier .env chargé
[2025-07-06T12:37:31.396+0000] {logging_mixin.py:188} INFO - 👉 Mode scraping : prod
[2025-07-06T12:37:31.396+0000] {logging_mixin.py:188} INFO - 👉 Fichier d’entrée : data/verbatims_test.csv
[2025-07-06T12:37:31.400+0000] {processor.py:840} INFO - DAG(s) 'trustpilot_pipeline' retrieved from /opt/airflow/dags/trustpilot_dag.py
[2025-07-06T12:37:31.428+0000] {logging_mixin.py:188} INFO - [2025-07-06T12:37:31.427+0000] {dag.py:3096} INFO - Sync 1 DAGs
[2025-07-06T12:37:31.444+0000] {logging_mixin.py:188} INFO - [2025-07-06T12:37:31.444+0000] {dag.py:3954} INFO - Setting next_dagrun for trustpilot_pipeline to None, run_after=None
[2025-07-06T12:37:31.465+0000] {processor.py:183} INFO - Processing /opt/airflow/dags/trustpilot_dag.py took 1.069 seconds
[2025-07-06T12:38:01.517+0000] {processor.py:161} INFO - Started process (PID=10767) to work on /opt/airflow/dags/trustpilot_dag.py
[2025-07-06T12:38:01.517+0000] {processor.py:830} INFO - Processing file /opt/airflow/dags/trustpilot_dag.py for tasks to queue
[2025-07-06T12:38:01.519+0000] {logging_mixin.py:188} INFO - [2025-07-06T12:38:01.519+0000] {dagbag.py:545} INFO - Filling up the DagBag from /opt/airflow/dags/trustpilot_dag.py
[2025-07-06T12:38:03.208+0000] {logging_mixin.py:188} INFO - 📁 Fichier .env chargé
[2025-07-06T12:38:03.208+0000] {logging_mixin.py:188} INFO - 👉 Mode scraping : prod
[2025-07-06T12:38:03.208+0000] {logging_mixin.py:188} INFO - 👉 Fichier d’entrée : data/verbatims_test.csv
[2025-07-06T12:38:03.216+0000] {processor.py:840} INFO - DAG(s) 'trustpilot_pipeline' retrieved from /opt/airflow/dags/trustpilot_dag.py
[2025-07-06T12:38:03.243+0000] {logging_mixin.py:188} INFO - [2025-07-06T12:38:03.243+0000] {dag.py:3096} INFO - Sync 1 DAGs
[2025-07-06T12:38:03.260+0000] {logging_mixin.py:188} INFO - [2025-07-06T12:38:03.260+0000] {dag.py:3954} INFO - Setting next_dagrun for trustpilot_pipeline to None, run_after=None
[2025-07-06T12:38:03.279+0000] {processor.py:183} INFO - Processing /opt/airflow/dags/trustpilot_dag.py took 1.772 seconds
[2025-07-06T12:38:33.409+0000] {processor.py:161} INFO - Started process (PID=10773) to work on /opt/airflow/dags/trustpilot_dag.py
[2025-07-06T12:38:33.410+0000] {processor.py:830} INFO - Processing file /opt/airflow/dags/trustpilot_dag.py for tasks to queue
[2025-07-06T12:38:33.412+0000] {logging_mixin.py:188} INFO - [2025-07-06T12:38:33.412+0000] {dagbag.py:545} INFO - Filling up the DagBag from /opt/airflow/dags/trustpilot_dag.py
[2025-07-06T12:38:35.098+0000] {logging_mixin.py:188} INFO - 📁 Fichier .env chargé
[2025-07-06T12:38:35.099+0000] {logging_mixin.py:188} INFO - 👉 Mode scraping : prod
[2025-07-06T12:38:35.099+0000] {logging_mixin.py:188} INFO - 👉 Fichier d’entrée : data/verbatims_test.csv
[2025-07-06T12:38:35.106+0000] {processor.py:840} INFO - DAG(s) 'trustpilot_pipeline' retrieved from /opt/airflow/dags/trustpilot_dag.py
[2025-07-06T12:38:35.135+0000] {logging_mixin.py:188} INFO - [2025-07-06T12:38:35.135+0000] {dag.py:3096} INFO - Sync 1 DAGs
[2025-07-06T12:38:35.151+0000] {logging_mixin.py:188} INFO - [2025-07-06T12:38:35.150+0000] {dag.py:3954} INFO - Setting next_dagrun for trustpilot_pipeline to None, run_after=None
[2025-07-06T12:38:35.169+0000] {processor.py:183} INFO - Processing /opt/airflow/dags/trustpilot_dag.py took 1.769 seconds
[2025-07-06T12:39:05.289+0000] {processor.py:161} INFO - Started process (PID=10779) to work on /opt/airflow/dags/trustpilot_dag.py
[2025-07-06T12:39:05.290+0000] {processor.py:830} INFO - Processing file /opt/airflow/dags/trustpilot_dag.py for tasks to queue
[2025-07-06T12:39:05.293+0000] {logging_mixin.py:188} INFO - [2025-07-06T12:39:05.292+0000] {dagbag.py:545} INFO - Filling up the DagBag from /opt/airflow/dags/trustpilot_dag.py
[2025-07-06T12:39:06.997+0000] {logging_mixin.py:188} INFO - 📁 Fichier .env chargé
[2025-07-06T12:39:06.997+0000] {logging_mixin.py:188} INFO - 👉 Mode scraping : prod
[2025-07-06T12:39:06.997+0000] {logging_mixin.py:188} INFO - 👉 Fichier d’entrée : data/verbatims_test.csv
[2025-07-06T12:39:07.005+0000] {processor.py:840} INFO - DAG(s) 'trustpilot_pipeline' retrieved from /opt/airflow/dags/trustpilot_dag.py
[2025-07-06T12:39:07.034+0000] {logging_mixin.py:188} INFO - [2025-07-06T12:39:07.033+0000] {dag.py:3096} INFO - Sync 1 DAGs
[2025-07-06T12:39:07.049+0000] {logging_mixin.py:188} INFO - [2025-07-06T12:39:07.049+0000] {dag.py:3954} INFO - Setting next_dagrun for trustpilot_pipeline to None, run_after=None
[2025-07-06T12:39:07.068+0000] {processor.py:183} INFO - Processing /opt/airflow/dags/trustpilot_dag.py took 1.790 seconds
[2025-07-06T12:39:37.180+0000] {processor.py:161} INFO - Started process (PID=10785) to work on /opt/airflow/dags/trustpilot_dag.py
[2025-07-06T12:39:37.181+0000] {processor.py:830} INFO - Processing file /opt/airflow/dags/trustpilot_dag.py for tasks to queue
[2025-07-06T12:39:37.183+0000] {logging_mixin.py:188} INFO - [2025-07-06T12:39:37.182+0000] {dagbag.py:545} INFO - Filling up the DagBag from /opt/airflow/dags/trustpilot_dag.py
[2025-07-06T12:39:38.873+0000] {logging_mixin.py:188} INFO - 📁 Fichier .env chargé
[2025-07-06T12:39:38.874+0000] {logging_mixin.py:188} INFO - 👉 Mode scraping : prod
[2025-07-06T12:39:38.874+0000] {logging_mixin.py:188} INFO - 👉 Fichier d’entrée : data/verbatims_test.csv
[2025-07-06T12:39:38.881+0000] {processor.py:840} INFO - DAG(s) 'trustpilot_pipeline' retrieved from /opt/airflow/dags/trustpilot_dag.py
[2025-07-06T12:39:38.909+0000] {logging_mixin.py:188} INFO - [2025-07-06T12:39:38.908+0000] {dag.py:3096} INFO - Sync 1 DAGs
[2025-07-06T12:39:38.924+0000] {logging_mixin.py:188} INFO - [2025-07-06T12:39:38.924+0000] {dag.py:3954} INFO - Setting next_dagrun for trustpilot_pipeline to None, run_after=None
[2025-07-06T12:39:38.943+0000] {processor.py:183} INFO - Processing /opt/airflow/dags/trustpilot_dag.py took 1.772 seconds
[2025-07-06T12:40:09.055+0000] {processor.py:161} INFO - Started process (PID=10791) to work on /opt/airflow/dags/trustpilot_dag.py
[2025-07-06T12:40:09.056+0000] {processor.py:830} INFO - Processing file /opt/airflow/dags/trustpilot_dag.py for tasks to queue
[2025-07-06T12:40:09.058+0000] {logging_mixin.py:188} INFO - [2025-07-06T12:40:09.057+0000] {dagbag.py:545} INFO - Filling up the DagBag from /opt/airflow/dags/trustpilot_dag.py
[2025-07-06T12:40:10.740+0000] {logging_mixin.py:188} INFO - 📁 Fichier .env chargé
[2025-07-06T12:40:10.740+0000] {logging_mixin.py:188} INFO - 👉 Mode scraping : prod
[2025-07-06T12:40:10.741+0000] {logging_mixin.py:188} INFO - 👉 Fichier d’entrée : data/verbatims_test.csv
[2025-07-06T12:40:10.748+0000] {processor.py:840} INFO - DAG(s) 'trustpilot_pipeline' retrieved from /opt/airflow/dags/trustpilot_dag.py
[2025-07-06T12:40:10.775+0000] {logging_mixin.py:188} INFO - [2025-07-06T12:40:10.775+0000] {dag.py:3096} INFO - Sync 1 DAGs
[2025-07-06T12:40:10.792+0000] {logging_mixin.py:188} INFO - [2025-07-06T12:40:10.792+0000] {dag.py:3954} INFO - Setting next_dagrun for trustpilot_pipeline to None, run_after=None
[2025-07-06T12:40:10.811+0000] {processor.py:183} INFO - Processing /opt/airflow/dags/trustpilot_dag.py took 1.766 seconds
[2025-07-06T12:40:40.934+0000] {processor.py:161} INFO - Started process (PID=10797) to work on /opt/airflow/dags/trustpilot_dag.py
[2025-07-06T12:40:40.936+0000] {processor.py:830} INFO - Processing file /opt/airflow/dags/trustpilot_dag.py for tasks to queue
[2025-07-06T12:40:40.938+0000] {logging_mixin.py:188} INFO - [2025-07-06T12:40:40.937+0000] {dagbag.py:545} INFO - Filling up the DagBag from /opt/airflow/dags/trustpilot_dag.py
[2025-07-06T12:40:42.648+0000] {logging_mixin.py:188} INFO - 📁 Fichier .env chargé
[2025-07-06T12:40:42.648+0000] {logging_mixin.py:188} INFO - 👉 Mode scraping : prod
[2025-07-06T12:40:42.648+0000] {logging_mixin.py:188} INFO - 👉 Fichier d’entrée : data/verbatims_test.csv
[2025-07-06T12:40:42.656+0000] {processor.py:840} INFO - DAG(s) 'trustpilot_pipeline' retrieved from /opt/airflow/dags/trustpilot_dag.py
[2025-07-06T12:40:42.684+0000] {logging_mixin.py:188} INFO - [2025-07-06T12:40:42.684+0000] {dag.py:3096} INFO - Sync 1 DAGs
[2025-07-06T12:40:42.702+0000] {logging_mixin.py:188} INFO - [2025-07-06T12:40:42.701+0000] {dag.py:3954} INFO - Setting next_dagrun for trustpilot_pipeline to None, run_after=None
[2025-07-06T12:40:42.720+0000] {processor.py:183} INFO - Processing /opt/airflow/dags/trustpilot_dag.py took 1.797 seconds
[2025-07-06T12:41:12.848+0000] {processor.py:161} INFO - Started process (PID=10803) to work on /opt/airflow/dags/trustpilot_dag.py
[2025-07-06T12:41:12.848+0000] {processor.py:830} INFO - Processing file /opt/airflow/dags/trustpilot_dag.py for tasks to queue
[2025-07-06T12:41:12.850+0000] {logging_mixin.py:188} INFO - [2025-07-06T12:41:12.850+0000] {dagbag.py:545} INFO - Filling up the DagBag from /opt/airflow/dags/trustpilot_dag.py
[2025-07-06T12:41:14.540+0000] {logging_mixin.py:188} INFO - 📁 Fichier .env chargé
[2025-07-06T12:41:14.540+0000] {logging_mixin.py:188} INFO - 👉 Mode scraping : prod
[2025-07-06T12:41:14.541+0000] {logging_mixin.py:188} INFO - 👉 Fichier d’entrée : data/verbatims_test.csv
[2025-07-06T12:41:14.548+0000] {processor.py:840} INFO - DAG(s) 'trustpilot_pipeline' retrieved from /opt/airflow/dags/trustpilot_dag.py
[2025-07-06T12:41:14.577+0000] {logging_mixin.py:188} INFO - [2025-07-06T12:41:14.577+0000] {dag.py:3096} INFO - Sync 1 DAGs
[2025-07-06T12:41:14.593+0000] {logging_mixin.py:188} INFO - [2025-07-06T12:41:14.593+0000] {dag.py:3954} INFO - Setting next_dagrun for trustpilot_pipeline to None, run_after=None
[2025-07-06T12:41:14.611+0000] {processor.py:183} INFO - Processing /opt/airflow/dags/trustpilot_dag.py took 1.773 seconds
[2025-07-06T12:41:44.737+0000] {processor.py:161} INFO - Started process (PID=10809) to work on /opt/airflow/dags/trustpilot_dag.py
[2025-07-06T12:41:44.738+0000] {processor.py:830} INFO - Processing file /opt/airflow/dags/trustpilot_dag.py for tasks to queue
[2025-07-06T12:41:44.740+0000] {logging_mixin.py:188} INFO - [2025-07-06T12:41:44.740+0000] {dagbag.py:545} INFO - Filling up the DagBag from /opt/airflow/dags/trustpilot_dag.py
[2025-07-06T12:41:46.430+0000] {logging_mixin.py:188} INFO - 📁 Fichier .env chargé
[2025-07-06T12:41:46.431+0000] {logging_mixin.py:188} INFO - 👉 Mode scraping : prod
[2025-07-06T12:41:46.431+0000] {logging_mixin.py:188} INFO - 👉 Fichier d’entrée : data/verbatims_test.csv
[2025-07-06T12:41:46.440+0000] {processor.py:840} INFO - DAG(s) 'trustpilot_pipeline' retrieved from /opt/airflow/dags/trustpilot_dag.py
[2025-07-06T12:41:46.469+0000] {logging_mixin.py:188} INFO - [2025-07-06T12:41:46.468+0000] {dag.py:3096} INFO - Sync 1 DAGs
[2025-07-06T12:41:46.484+0000] {logging_mixin.py:188} INFO - [2025-07-06T12:41:46.484+0000] {dag.py:3954} INFO - Setting next_dagrun for trustpilot_pipeline to None, run_after=None
[2025-07-06T12:41:46.503+0000] {processor.py:183} INFO - Processing /opt/airflow/dags/trustpilot_dag.py took 1.776 seconds
[2025-07-06T12:42:16.623+0000] {processor.py:161} INFO - Started process (PID=10815) to work on /opt/airflow/dags/trustpilot_dag.py
[2025-07-06T12:42:16.624+0000] {processor.py:830} INFO - Processing file /opt/airflow/dags/trustpilot_dag.py for tasks to queue
[2025-07-06T12:42:16.627+0000] {logging_mixin.py:188} INFO - [2025-07-06T12:42:16.626+0000] {dagbag.py:545} INFO - Filling up the DagBag from /opt/airflow/dags/trustpilot_dag.py
[2025-07-06T12:42:18.332+0000] {logging_mixin.py:188} INFO - 📁 Fichier .env chargé
[2025-07-06T12:42:18.333+0000] {logging_mixin.py:188} INFO - 👉 Mode scraping : prod
[2025-07-06T12:42:18.333+0000] {logging_mixin.py:188} INFO - 👉 Fichier d’entrée : data/verbatims_test.csv
[2025-07-06T12:42:18.340+0000] {processor.py:840} INFO - DAG(s) 'trustpilot_pipeline' retrieved from /opt/airflow/dags/trustpilot_dag.py
[2025-07-06T12:42:18.369+0000] {logging_mixin.py:188} INFO - [2025-07-06T12:42:18.368+0000] {dag.py:3096} INFO - Sync 1 DAGs
[2025-07-06T12:42:18.385+0000] {logging_mixin.py:188} INFO - [2025-07-06T12:42:18.384+0000] {dag.py:3954} INFO - Setting next_dagrun for trustpilot_pipeline to None, run_after=None
[2025-07-06T12:42:18.404+0000] {processor.py:183} INFO - Processing /opt/airflow/dags/trustpilot_dag.py took 1.792 seconds
[2025-07-06T12:42:48.527+0000] {processor.py:161} INFO - Started process (PID=10821) to work on /opt/airflow/dags/trustpilot_dag.py
[2025-07-06T12:42:48.527+0000] {processor.py:830} INFO - Processing file /opt/airflow/dags/trustpilot_dag.py for tasks to queue
[2025-07-06T12:42:48.529+0000] {logging_mixin.py:188} INFO - [2025-07-06T12:42:48.529+0000] {dagbag.py:545} INFO - Filling up the DagBag from /opt/airflow/dags/trustpilot_dag.py
[2025-07-06T12:42:50.215+0000] {logging_mixin.py:188} INFO - 📁 Fichier .env chargé
[2025-07-06T12:42:50.215+0000] {logging_mixin.py:188} INFO - 👉 Mode scraping : prod
[2025-07-06T12:42:50.215+0000] {logging_mixin.py:188} INFO - 👉 Fichier d’entrée : data/verbatims_test.csv
[2025-07-06T12:42:50.222+0000] {processor.py:840} INFO - DAG(s) 'trustpilot_pipeline' retrieved from /opt/airflow/dags/trustpilot_dag.py
[2025-07-06T12:42:50.250+0000] {logging_mixin.py:188} INFO - [2025-07-06T12:42:50.249+0000] {dag.py:3096} INFO - Sync 1 DAGs
[2025-07-06T12:42:50.267+0000] {logging_mixin.py:188} INFO - [2025-07-06T12:42:50.267+0000] {dag.py:3954} INFO - Setting next_dagrun for trustpilot_pipeline to None, run_after=None
[2025-07-06T12:42:50.286+0000] {processor.py:183} INFO - Processing /opt/airflow/dags/trustpilot_dag.py took 1.768 seconds
[2025-07-06T12:43:20.430+0000] {processor.py:161} INFO - Started process (PID=10827) to work on /opt/airflow/dags/trustpilot_dag.py
[2025-07-06T12:43:20.431+0000] {processor.py:830} INFO - Processing file /opt/airflow/dags/trustpilot_dag.py for tasks to queue
[2025-07-06T12:43:20.433+0000] {logging_mixin.py:188} INFO - [2025-07-06T12:43:20.433+0000] {dagbag.py:545} INFO - Filling up the DagBag from /opt/airflow/dags/trustpilot_dag.py
[2025-07-06T12:43:22.118+0000] {logging_mixin.py:188} INFO - 📁 Fichier .env chargé
[2025-07-06T12:43:22.118+0000] {logging_mixin.py:188} INFO - 👉 Mode scraping : prod
[2025-07-06T12:43:22.118+0000] {logging_mixin.py:188} INFO - 👉 Fichier d’entrée : data/verbatims_test.csv
[2025-07-06T12:43:22.126+0000] {processor.py:840} INFO - DAG(s) 'trustpilot_pipeline' retrieved from /opt/airflow/dags/trustpilot_dag.py
[2025-07-06T12:43:22.156+0000] {logging_mixin.py:188} INFO - [2025-07-06T12:43:22.155+0000] {dag.py:3096} INFO - Sync 1 DAGs
[2025-07-06T12:43:22.174+0000] {logging_mixin.py:188} INFO - [2025-07-06T12:43:22.173+0000] {dag.py:3954} INFO - Setting next_dagrun for trustpilot_pipeline to None, run_after=None
[2025-07-06T12:43:22.193+0000] {processor.py:183} INFO - Processing /opt/airflow/dags/trustpilot_dag.py took 1.772 seconds
[2025-07-06T12:43:52.320+0000] {processor.py:161} INFO - Started process (PID=10833) to work on /opt/airflow/dags/trustpilot_dag.py
[2025-07-06T12:43:52.321+0000] {processor.py:830} INFO - Processing file /opt/airflow/dags/trustpilot_dag.py for tasks to queue
[2025-07-06T12:43:52.323+0000] {logging_mixin.py:188} INFO - [2025-07-06T12:43:52.322+0000] {dagbag.py:545} INFO - Filling up the DagBag from /opt/airflow/dags/trustpilot_dag.py
[2025-07-06T12:43:53.554+0000] {logging_mixin.py:188} INFO - 📁 Fichier .env chargé
[2025-07-06T12:43:53.554+0000] {logging_mixin.py:188} INFO - 👉 Mode scraping : prod
[2025-07-06T12:43:53.554+0000] {logging_mixin.py:188} INFO - 👉 Fichier d’entrée : data/verbatims_test.csv
[2025-07-06T12:43:53.559+0000] {processor.py:840} INFO - DAG(s) 'trustpilot_pipeline' retrieved from /opt/airflow/dags/trustpilot_dag.py
[2025-07-06T12:43:53.587+0000] {logging_mixin.py:188} INFO - [2025-07-06T12:43:53.586+0000] {dag.py:3096} INFO - Sync 1 DAGs
[2025-07-06T12:43:53.605+0000] {logging_mixin.py:188} INFO - [2025-07-06T12:43:53.605+0000] {dag.py:3954} INFO - Setting next_dagrun for trustpilot_pipeline to None, run_after=None
[2025-07-06T12:43:53.624+0000] {processor.py:183} INFO - Processing /opt/airflow/dags/trustpilot_dag.py took 1.314 seconds
[2025-07-06T12:44:23.748+0000] {processor.py:161} INFO - Started process (PID=10839) to work on /opt/airflow/dags/trustpilot_dag.py
[2025-07-06T12:44:23.749+0000] {processor.py:830} INFO - Processing file /opt/airflow/dags/trustpilot_dag.py for tasks to queue
[2025-07-06T12:44:23.751+0000] {logging_mixin.py:188} INFO - [2025-07-06T12:44:23.750+0000] {dagbag.py:545} INFO - Filling up the DagBag from /opt/airflow/dags/trustpilot_dag.py
[2025-07-06T12:44:25.433+0000] {logging_mixin.py:188} INFO - 📁 Fichier .env chargé
[2025-07-06T12:44:25.434+0000] {logging_mixin.py:188} INFO - 👉 Mode scraping : prod
[2025-07-06T12:44:25.434+0000] {logging_mixin.py:188} INFO - 👉 Fichier d’entrée : data/verbatims_test.csv
[2025-07-06T12:44:25.441+0000] {processor.py:840} INFO - DAG(s) 'trustpilot_pipeline' retrieved from /opt/airflow/dags/trustpilot_dag.py
[2025-07-06T12:44:25.471+0000] {logging_mixin.py:188} INFO - [2025-07-06T12:44:25.471+0000] {dag.py:3096} INFO - Sync 1 DAGs
[2025-07-06T12:44:25.487+0000] {logging_mixin.py:188} INFO - [2025-07-06T12:44:25.486+0000] {dag.py:3954} INFO - Setting next_dagrun for trustpilot_pipeline to None, run_after=None
[2025-07-06T12:44:25.505+0000] {processor.py:183} INFO - Processing /opt/airflow/dags/trustpilot_dag.py took 1.767 seconds
[2025-07-06T12:44:55.619+0000] {processor.py:161} INFO - Started process (PID=10845) to work on /opt/airflow/dags/trustpilot_dag.py
[2025-07-06T12:44:55.620+0000] {processor.py:830} INFO - Processing file /opt/airflow/dags/trustpilot_dag.py for tasks to queue
[2025-07-06T12:44:55.622+0000] {logging_mixin.py:188} INFO - [2025-07-06T12:44:55.621+0000] {dagbag.py:545} INFO - Filling up the DagBag from /opt/airflow/dags/trustpilot_dag.py
[2025-07-06T12:44:57.307+0000] {logging_mixin.py:188} INFO - 📁 Fichier .env chargé
[2025-07-06T12:44:57.307+0000] {logging_mixin.py:188} INFO - 👉 Mode scraping : prod
[2025-07-06T12:44:57.308+0000] {logging_mixin.py:188} INFO - 👉 Fichier d’entrée : data/verbatims_test.csv
[2025-07-06T12:44:57.315+0000] {processor.py:840} INFO - DAG(s) 'trustpilot_pipeline' retrieved from /opt/airflow/dags/trustpilot_dag.py
[2025-07-06T12:44:57.343+0000] {logging_mixin.py:188} INFO - [2025-07-06T12:44:57.343+0000] {dag.py:3096} INFO - Sync 1 DAGs
[2025-07-06T12:44:57.359+0000] {logging_mixin.py:188} INFO - [2025-07-06T12:44:57.359+0000] {dag.py:3954} INFO - Setting next_dagrun for trustpilot_pipeline to None, run_after=None
[2025-07-06T12:44:57.378+0000] {processor.py:183} INFO - Processing /opt/airflow/dags/trustpilot_dag.py took 1.768 seconds
[2025-07-06T12:45:27.508+0000] {processor.py:161} INFO - Started process (PID=10851) to work on /opt/airflow/dags/trustpilot_dag.py
[2025-07-06T12:45:27.509+0000] {processor.py:830} INFO - Processing file /opt/airflow/dags/trustpilot_dag.py for tasks to queue
[2025-07-06T12:45:27.511+0000] {logging_mixin.py:188} INFO - [2025-07-06T12:45:27.511+0000] {dagbag.py:545} INFO - Filling up the DagBag from /opt/airflow/dags/trustpilot_dag.py
[2025-07-06T12:45:29.194+0000] {logging_mixin.py:188} INFO - 📁 Fichier .env chargé
[2025-07-06T12:45:29.195+0000] {logging_mixin.py:188} INFO - 👉 Mode scraping : prod
[2025-07-06T12:45:29.195+0000] {logging_mixin.py:188} INFO - 👉 Fichier d’entrée : data/verbatims_test.csv
[2025-07-06T12:45:29.202+0000] {processor.py:840} INFO - DAG(s) 'trustpilot_pipeline' retrieved from /opt/airflow/dags/trustpilot_dag.py
[2025-07-06T12:45:29.230+0000] {logging_mixin.py:188} INFO - [2025-07-06T12:45:29.229+0000] {dag.py:3096} INFO - Sync 1 DAGs
[2025-07-06T12:45:29.245+0000] {logging_mixin.py:188} INFO - [2025-07-06T12:45:29.245+0000] {dag.py:3954} INFO - Setting next_dagrun for trustpilot_pipeline to None, run_after=None
[2025-07-06T12:45:29.264+0000] {processor.py:183} INFO - Processing /opt/airflow/dags/trustpilot_dag.py took 1.765 seconds
[2025-07-06T12:45:59.393+0000] {processor.py:161} INFO - Started process (PID=10857) to work on /opt/airflow/dags/trustpilot_dag.py
[2025-07-06T12:45:59.394+0000] {processor.py:830} INFO - Processing file /opt/airflow/dags/trustpilot_dag.py for tasks to queue
[2025-07-06T12:45:59.396+0000] {logging_mixin.py:188} INFO - [2025-07-06T12:45:59.396+0000] {dagbag.py:545} INFO - Filling up the DagBag from /opt/airflow/dags/trustpilot_dag.py
[2025-07-06T12:46:01.081+0000] {logging_mixin.py:188} INFO - 📁 Fichier .env chargé
[2025-07-06T12:46:01.081+0000] {logging_mixin.py:188} INFO - 👉 Mode scraping : prod
[2025-07-06T12:46:01.081+0000] {logging_mixin.py:188} INFO - 👉 Fichier d’entrée : data/verbatims_test.csv
[2025-07-06T12:46:01.088+0000] {processor.py:840} INFO - DAG(s) 'trustpilot_pipeline' retrieved from /opt/airflow/dags/trustpilot_dag.py
[2025-07-06T12:46:01.116+0000] {logging_mixin.py:188} INFO - [2025-07-06T12:46:01.116+0000] {dag.py:3096} INFO - Sync 1 DAGs
[2025-07-06T12:46:01.132+0000] {logging_mixin.py:188} INFO - [2025-07-06T12:46:01.131+0000] {dag.py:3954} INFO - Setting next_dagrun for trustpilot_pipeline to None, run_after=None
[2025-07-06T12:46:01.152+0000] {processor.py:183} INFO - Processing /opt/airflow/dags/trustpilot_dag.py took 1.769 seconds
[2025-07-06T12:46:31.269+0000] {processor.py:161} INFO - Started process (PID=10863) to work on /opt/airflow/dags/trustpilot_dag.py
[2025-07-06T12:46:31.270+0000] {processor.py:830} INFO - Processing file /opt/airflow/dags/trustpilot_dag.py for tasks to queue
[2025-07-06T12:46:31.272+0000] {logging_mixin.py:188} INFO - [2025-07-06T12:46:31.272+0000] {dagbag.py:545} INFO - Filling up the DagBag from /opt/airflow/dags/trustpilot_dag.py
[2025-07-06T12:46:32.962+0000] {logging_mixin.py:188} INFO - 📁 Fichier .env chargé
[2025-07-06T12:46:32.962+0000] {logging_mixin.py:188} INFO - 👉 Mode scraping : prod
[2025-07-06T12:46:32.962+0000] {logging_mixin.py:188} INFO - 👉 Fichier d’entrée : data/verbatims_test.csv
[2025-07-06T12:46:32.969+0000] {processor.py:840} INFO - DAG(s) 'trustpilot_pipeline' retrieved from /opt/airflow/dags/trustpilot_dag.py
[2025-07-06T12:46:32.997+0000] {logging_mixin.py:188} INFO - [2025-07-06T12:46:32.997+0000] {dag.py:3096} INFO - Sync 1 DAGs
[2025-07-06T12:46:33.014+0000] {logging_mixin.py:188} INFO - [2025-07-06T12:46:33.014+0000] {dag.py:3954} INFO - Setting next_dagrun for trustpilot_pipeline to None, run_after=None
[2025-07-06T12:46:33.033+0000] {processor.py:183} INFO - Processing /opt/airflow/dags/trustpilot_dag.py took 1.773 seconds
[2025-07-06T12:47:03.149+0000] {processor.py:161} INFO - Started process (PID=10869) to work on /opt/airflow/dags/trustpilot_dag.py
[2025-07-06T12:47:03.150+0000] {processor.py:830} INFO - Processing file /opt/airflow/dags/trustpilot_dag.py for tasks to queue
[2025-07-06T12:47:03.152+0000] {logging_mixin.py:188} INFO - [2025-07-06T12:47:03.151+0000] {dagbag.py:545} INFO - Filling up the DagBag from /opt/airflow/dags/trustpilot_dag.py
[2025-07-06T12:47:04.839+0000] {logging_mixin.py:188} INFO - 📁 Fichier .env chargé
[2025-07-06T12:47:04.840+0000] {logging_mixin.py:188} INFO - 👉 Mode scraping : prod
[2025-07-06T12:47:04.840+0000] {logging_mixin.py:188} INFO - 👉 Fichier d’entrée : data/verbatims_test.csv
[2025-07-06T12:47:04.847+0000] {processor.py:840} INFO - DAG(s) 'trustpilot_pipeline' retrieved from /opt/airflow/dags/trustpilot_dag.py
[2025-07-06T12:47:04.877+0000] {logging_mixin.py:188} INFO - [2025-07-06T12:47:04.876+0000] {dag.py:3096} INFO - Sync 1 DAGs
[2025-07-06T12:47:04.892+0000] {logging_mixin.py:188} INFO - [2025-07-06T12:47:04.892+0000] {dag.py:3954} INFO - Setting next_dagrun for trustpilot_pipeline to None, run_after=None
[2025-07-06T12:47:04.911+0000] {processor.py:183} INFO - Processing /opt/airflow/dags/trustpilot_dag.py took 1.771 seconds
[2025-07-06T12:47:35.043+0000] {processor.py:161} INFO - Started process (PID=10875) to work on /opt/airflow/dags/trustpilot_dag.py
[2025-07-06T12:47:35.044+0000] {processor.py:830} INFO - Processing file /opt/airflow/dags/trustpilot_dag.py for tasks to queue
[2025-07-06T12:47:35.047+0000] {logging_mixin.py:188} INFO - [2025-07-06T12:47:35.046+0000] {dagbag.py:545} INFO - Filling up the DagBag from /opt/airflow/dags/trustpilot_dag.py
[2025-07-06T12:47:36.751+0000] {logging_mixin.py:188} INFO - 📁 Fichier .env chargé
[2025-07-06T12:47:36.751+0000] {logging_mixin.py:188} INFO - 👉 Mode scraping : prod
[2025-07-06T12:47:36.752+0000] {logging_mixin.py:188} INFO - 👉 Fichier d’entrée : data/verbatims_test.csv
[2025-07-06T12:47:36.760+0000] {processor.py:840} INFO - DAG(s) 'trustpilot_pipeline' retrieved from /opt/airflow/dags/trustpilot_dag.py
[2025-07-06T12:47:36.789+0000] {logging_mixin.py:188} INFO - [2025-07-06T12:47:36.789+0000] {dag.py:3096} INFO - Sync 1 DAGs
[2025-07-06T12:47:36.805+0000] {logging_mixin.py:188} INFO - [2025-07-06T12:47:36.805+0000] {dag.py:3954} INFO - Setting next_dagrun for trustpilot_pipeline to None, run_after=None
[2025-07-06T12:47:36.823+0000] {processor.py:183} INFO - Processing /opt/airflow/dags/trustpilot_dag.py took 1.792 seconds
[2025-07-06T12:48:06.959+0000] {processor.py:161} INFO - Started process (PID=10881) to work on /opt/airflow/dags/trustpilot_dag.py
[2025-07-06T12:48:06.960+0000] {processor.py:830} INFO - Processing file /opt/airflow/dags/trustpilot_dag.py for tasks to queue
[2025-07-06T12:48:06.962+0000] {logging_mixin.py:188} INFO - [2025-07-06T12:48:06.961+0000] {dagbag.py:545} INFO - Filling up the DagBag from /opt/airflow/dags/trustpilot_dag.py
[2025-07-06T12:48:08.646+0000] {logging_mixin.py:188} INFO - 📁 Fichier .env chargé
[2025-07-06T12:48:08.646+0000] {logging_mixin.py:188} INFO - 👉 Mode scraping : prod
[2025-07-06T12:48:08.646+0000] {logging_mixin.py:188} INFO - 👉 Fichier d’entrée : data/verbatims_test.csv
[2025-07-06T12:48:08.653+0000] {processor.py:840} INFO - DAG(s) 'trustpilot_pipeline' retrieved from /opt/airflow/dags/trustpilot_dag.py
[2025-07-06T12:48:08.681+0000] {logging_mixin.py:188} INFO - [2025-07-06T12:48:08.681+0000] {dag.py:3096} INFO - Sync 1 DAGs
[2025-07-06T12:48:08.697+0000] {logging_mixin.py:188} INFO - [2025-07-06T12:48:08.697+0000] {dag.py:3954} INFO - Setting next_dagrun for trustpilot_pipeline to None, run_after=None
[2025-07-06T12:48:08.716+0000] {processor.py:183} INFO - Processing /opt/airflow/dags/trustpilot_dag.py took 1.767 seconds
[2025-07-06T12:48:38.841+0000] {processor.py:161} INFO - Started process (PID=10887) to work on /opt/airflow/dags/trustpilot_dag.py
[2025-07-06T12:48:38.842+0000] {processor.py:830} INFO - Processing file /opt/airflow/dags/trustpilot_dag.py for tasks to queue
[2025-07-06T12:48:38.844+0000] {logging_mixin.py:188} INFO - [2025-07-06T12:48:38.843+0000] {dagbag.py:545} INFO - Filling up the DagBag from /opt/airflow/dags/trustpilot_dag.py
[2025-07-06T12:48:40.536+0000] {logging_mixin.py:188} INFO - 📁 Fichier .env chargé
[2025-07-06T12:48:40.537+0000] {logging_mixin.py:188} INFO - 👉 Mode scraping : prod
[2025-07-06T12:48:40.537+0000] {logging_mixin.py:188} INFO - 👉 Fichier d’entrée : data/verbatims_test.csv
[2025-07-06T12:48:40.544+0000] {processor.py:840} INFO - DAG(s) 'trustpilot_pipeline' retrieved from /opt/airflow/dags/trustpilot_dag.py
[2025-07-06T12:48:40.572+0000] {logging_mixin.py:188} INFO - [2025-07-06T12:48:40.571+0000] {dag.py:3096} INFO - Sync 1 DAGs
[2025-07-06T12:48:40.589+0000] {logging_mixin.py:188} INFO - [2025-07-06T12:48:40.589+0000] {dag.py:3954} INFO - Setting next_dagrun for trustpilot_pipeline to None, run_after=None
[2025-07-06T12:48:40.608+0000] {processor.py:183} INFO - Processing /opt/airflow/dags/trustpilot_dag.py took 1.776 seconds
[2025-07-06T12:49:10.730+0000] {processor.py:161} INFO - Started process (PID=10893) to work on /opt/airflow/dags/trustpilot_dag.py
[2025-07-06T12:49:10.731+0000] {processor.py:830} INFO - Processing file /opt/airflow/dags/trustpilot_dag.py for tasks to queue
[2025-07-06T12:49:10.734+0000] {logging_mixin.py:188} INFO - [2025-07-06T12:49:10.733+0000] {dagbag.py:545} INFO - Filling up the DagBag from /opt/airflow/dags/trustpilot_dag.py
[2025-07-06T12:49:12.443+0000] {logging_mixin.py:188} INFO - 📁 Fichier .env chargé
[2025-07-06T12:49:12.443+0000] {logging_mixin.py:188} INFO - 👉 Mode scraping : prod
[2025-07-06T12:49:12.444+0000] {logging_mixin.py:188} INFO - 👉 Fichier d’entrée : data/verbatims_test.csv
[2025-07-06T12:49:12.451+0000] {processor.py:840} INFO - DAG(s) 'trustpilot_pipeline' retrieved from /opt/airflow/dags/trustpilot_dag.py
[2025-07-06T12:49:12.480+0000] {logging_mixin.py:188} INFO - [2025-07-06T12:49:12.479+0000] {dag.py:3096} INFO - Sync 1 DAGs
[2025-07-06T12:49:12.497+0000] {logging_mixin.py:188} INFO - [2025-07-06T12:49:12.497+0000] {dag.py:3954} INFO - Setting next_dagrun for trustpilot_pipeline to None, run_after=None
[2025-07-06T12:49:12.516+0000] {processor.py:183} INFO - Processing /opt/airflow/dags/trustpilot_dag.py took 1.797 seconds
[2025-07-06T12:49:42.613+0000] {processor.py:161} INFO - Started process (PID=10899) to work on /opt/airflow/dags/trustpilot_dag.py
[2025-07-06T12:49:42.614+0000] {processor.py:830} INFO - Processing file /opt/airflow/dags/trustpilot_dag.py for tasks to queue
[2025-07-06T12:49:42.616+0000] {logging_mixin.py:188} INFO - [2025-07-06T12:49:42.615+0000] {dagbag.py:545} INFO - Filling up the DagBag from /opt/airflow/dags/trustpilot_dag.py
[2025-07-06T12:49:44.296+0000] {logging_mixin.py:188} INFO - 📁 Fichier .env chargé
[2025-07-06T12:49:44.296+0000] {logging_mixin.py:188} INFO - 👉 Mode scraping : prod
[2025-07-06T12:49:44.296+0000] {logging_mixin.py:188} INFO - 👉 Fichier d’entrée : data/verbatims_test.csv
[2025-07-06T12:49:44.303+0000] {processor.py:840} INFO - DAG(s) 'trustpilot_pipeline' retrieved from /opt/airflow/dags/trustpilot_dag.py
[2025-07-06T12:49:44.332+0000] {logging_mixin.py:188} INFO - [2025-07-06T12:49:44.331+0000] {dag.py:3096} INFO - Sync 1 DAGs
[2025-07-06T12:49:44.349+0000] {logging_mixin.py:188} INFO - [2025-07-06T12:49:44.349+0000] {dag.py:3954} INFO - Setting next_dagrun for trustpilot_pipeline to None, run_after=None
[2025-07-06T12:49:44.368+0000] {processor.py:183} INFO - Processing /opt/airflow/dags/trustpilot_dag.py took 1.767 seconds
[2025-07-06T12:50:14.508+0000] {processor.py:161} INFO - Started process (PID=10905) to work on /opt/airflow/dags/trustpilot_dag.py
[2025-07-06T12:50:14.509+0000] {processor.py:830} INFO - Processing file /opt/airflow/dags/trustpilot_dag.py for tasks to queue
[2025-07-06T12:50:14.511+0000] {logging_mixin.py:188} INFO - [2025-07-06T12:50:14.511+0000] {dagbag.py:545} INFO - Filling up the DagBag from /opt/airflow/dags/trustpilot_dag.py
[2025-07-06T12:50:16.194+0000] {logging_mixin.py:188} INFO - 📁 Fichier .env chargé
[2025-07-06T12:50:16.195+0000] {logging_mixin.py:188} INFO - 👉 Mode scraping : prod
[2025-07-06T12:50:16.195+0000] {logging_mixin.py:188} INFO - 👉 Fichier d’entrée : data/verbatims_test.csv
[2025-07-06T12:50:16.202+0000] {processor.py:840} INFO - DAG(s) 'trustpilot_pipeline' retrieved from /opt/airflow/dags/trustpilot_dag.py
[2025-07-06T12:50:16.233+0000] {logging_mixin.py:188} INFO - [2025-07-06T12:50:16.232+0000] {dag.py:3096} INFO - Sync 1 DAGs
[2025-07-06T12:50:16.249+0000] {logging_mixin.py:188} INFO - [2025-07-06T12:50:16.248+0000] {dag.py:3954} INFO - Setting next_dagrun for trustpilot_pipeline to None, run_after=None
[2025-07-06T12:50:16.267+0000] {processor.py:183} INFO - Processing /opt/airflow/dags/trustpilot_dag.py took 1.768 seconds
[2025-07-06T12:50:46.391+0000] {processor.py:161} INFO - Started process (PID=10911) to work on /opt/airflow/dags/trustpilot_dag.py
[2025-07-06T12:50:46.393+0000] {processor.py:830} INFO - Processing file /opt/airflow/dags/trustpilot_dag.py for tasks to queue
[2025-07-06T12:50:46.395+0000] {logging_mixin.py:188} INFO - [2025-07-06T12:50:46.394+0000] {dagbag.py:545} INFO - Filling up the DagBag from /opt/airflow/dags/trustpilot_dag.py
[2025-07-06T12:50:48.101+0000] {logging_mixin.py:188} INFO - 📁 Fichier .env chargé
[2025-07-06T12:50:48.101+0000] {logging_mixin.py:188} INFO - 👉 Mode scraping : prod
[2025-07-06T12:50:48.101+0000] {logging_mixin.py:188} INFO - 👉 Fichier d’entrée : data/verbatims_test.csv
[2025-07-06T12:50:48.109+0000] {processor.py:840} INFO - DAG(s) 'trustpilot_pipeline' retrieved from /opt/airflow/dags/trustpilot_dag.py
[2025-07-06T12:50:48.137+0000] {logging_mixin.py:188} INFO - [2025-07-06T12:50:48.137+0000] {dag.py:3096} INFO - Sync 1 DAGs
[2025-07-06T12:50:48.153+0000] {logging_mixin.py:188} INFO - [2025-07-06T12:50:48.153+0000] {dag.py:3954} INFO - Setting next_dagrun for trustpilot_pipeline to None, run_after=None
[2025-07-06T12:50:48.172+0000] {processor.py:183} INFO - Processing /opt/airflow/dags/trustpilot_dag.py took 1.792 seconds
[2025-07-06T12:51:18.295+0000] {processor.py:161} INFO - Started process (PID=10917) to work on /opt/airflow/dags/trustpilot_dag.py
[2025-07-06T12:51:18.296+0000] {processor.py:830} INFO - Processing file /opt/airflow/dags/trustpilot_dag.py for tasks to queue
[2025-07-06T12:51:18.298+0000] {logging_mixin.py:188} INFO - [2025-07-06T12:51:18.298+0000] {dagbag.py:545} INFO - Filling up the DagBag from /opt/airflow/dags/trustpilot_dag.py
[2025-07-06T12:51:20.008+0000] {logging_mixin.py:188} INFO - 📁 Fichier .env chargé
[2025-07-06T12:51:20.008+0000] {logging_mixin.py:188} INFO - 👉 Mode scraping : prod
[2025-07-06T12:51:20.008+0000] {logging_mixin.py:188} INFO - 👉 Fichier d’entrée : data/verbatims_test.csv
[2025-07-06T12:51:20.016+0000] {processor.py:840} INFO - DAG(s) 'trustpilot_pipeline' retrieved from /opt/airflow/dags/trustpilot_dag.py
[2025-07-06T12:51:20.044+0000] {logging_mixin.py:188} INFO - [2025-07-06T12:51:20.043+0000] {dag.py:3096} INFO - Sync 1 DAGs
[2025-07-06T12:51:20.062+0000] {logging_mixin.py:188} INFO - [2025-07-06T12:51:20.061+0000] {dag.py:3954} INFO - Setting next_dagrun for trustpilot_pipeline to None, run_after=None
[2025-07-06T12:51:20.082+0000] {processor.py:183} INFO - Processing /opt/airflow/dags/trustpilot_dag.py took 1.797 seconds
[2025-07-06T12:51:50.201+0000] {processor.py:161} INFO - Started process (PID=10923) to work on /opt/airflow/dags/trustpilot_dag.py
[2025-07-06T12:51:50.203+0000] {processor.py:830} INFO - Processing file /opt/airflow/dags/trustpilot_dag.py for tasks to queue
[2025-07-06T12:51:50.205+0000] {logging_mixin.py:188} INFO - [2025-07-06T12:51:50.204+0000] {dagbag.py:545} INFO - Filling up the DagBag from /opt/airflow/dags/trustpilot_dag.py
[2025-07-06T12:51:51.910+0000] {logging_mixin.py:188} INFO - 📁 Fichier .env chargé
[2025-07-06T12:51:51.911+0000] {logging_mixin.py:188} INFO - 👉 Mode scraping : prod
[2025-07-06T12:51:51.911+0000] {logging_mixin.py:188} INFO - 👉 Fichier d’entrée : data/verbatims_test.csv
[2025-07-06T12:51:51.918+0000] {processor.py:840} INFO - DAG(s) 'trustpilot_pipeline' retrieved from /opt/airflow/dags/trustpilot_dag.py
[2025-07-06T12:51:51.947+0000] {logging_mixin.py:188} INFO - [2025-07-06T12:51:51.946+0000] {dag.py:3096} INFO - Sync 1 DAGs
[2025-07-06T12:51:51.962+0000] {logging_mixin.py:188} INFO - [2025-07-06T12:51:51.962+0000] {dag.py:3954} INFO - Setting next_dagrun for trustpilot_pipeline to None, run_after=None
[2025-07-06T12:51:51.984+0000] {processor.py:183} INFO - Processing /opt/airflow/dags/trustpilot_dag.py took 1.793 seconds
[2025-07-06T12:52:22.105+0000] {processor.py:161} INFO - Started process (PID=10929) to work on /opt/airflow/dags/trustpilot_dag.py
[2025-07-06T12:52:22.107+0000] {processor.py:830} INFO - Processing file /opt/airflow/dags/trustpilot_dag.py for tasks to queue
[2025-07-06T12:52:22.109+0000] {logging_mixin.py:188} INFO - [2025-07-06T12:52:22.108+0000] {dagbag.py:545} INFO - Filling up the DagBag from /opt/airflow/dags/trustpilot_dag.py
[2025-07-06T12:52:23.800+0000] {logging_mixin.py:188} INFO - 📁 Fichier .env chargé
[2025-07-06T12:52:23.800+0000] {logging_mixin.py:188} INFO - 👉 Mode scraping : prod
[2025-07-06T12:52:23.801+0000] {logging_mixin.py:188} INFO - 👉 Fichier d’entrée : data/verbatims_test.csv
[2025-07-06T12:52:23.808+0000] {processor.py:840} INFO - DAG(s) 'trustpilot_pipeline' retrieved from /opt/airflow/dags/trustpilot_dag.py
[2025-07-06T12:52:23.837+0000] {logging_mixin.py:188} INFO - [2025-07-06T12:52:23.836+0000] {dag.py:3096} INFO - Sync 1 DAGs
[2025-07-06T12:52:23.854+0000] {logging_mixin.py:188} INFO - [2025-07-06T12:52:23.853+0000] {dag.py:3954} INFO - Setting next_dagrun for trustpilot_pipeline to None, run_after=None
[2025-07-06T12:52:23.872+0000] {processor.py:183} INFO - Processing /opt/airflow/dags/trustpilot_dag.py took 1.776 seconds
[2025-07-06T12:52:54.012+0000] {processor.py:161} INFO - Started process (PID=10935) to work on /opt/airflow/dags/trustpilot_dag.py
[2025-07-06T12:52:54.013+0000] {processor.py:830} INFO - Processing file /opt/airflow/dags/trustpilot_dag.py for tasks to queue
[2025-07-06T12:52:54.015+0000] {logging_mixin.py:188} INFO - [2025-07-06T12:52:54.015+0000] {dagbag.py:545} INFO - Filling up the DagBag from /opt/airflow/dags/trustpilot_dag.py
[2025-07-06T12:52:55.722+0000] {logging_mixin.py:188} INFO - 📁 Fichier .env chargé
[2025-07-06T12:52:55.723+0000] {logging_mixin.py:188} INFO - 👉 Mode scraping : prod
[2025-07-06T12:52:55.723+0000] {logging_mixin.py:188} INFO - 👉 Fichier d’entrée : data/verbatims_test.csv
[2025-07-06T12:52:55.730+0000] {processor.py:840} INFO - DAG(s) 'trustpilot_pipeline' retrieved from /opt/airflow/dags/trustpilot_dag.py
[2025-07-06T12:52:55.760+0000] {logging_mixin.py:188} INFO - [2025-07-06T12:52:55.760+0000] {dag.py:3096} INFO - Sync 1 DAGs
[2025-07-06T12:52:55.776+0000] {logging_mixin.py:188} INFO - [2025-07-06T12:52:55.776+0000] {dag.py:3954} INFO - Setting next_dagrun for trustpilot_pipeline to None, run_after=None
[2025-07-06T12:52:55.795+0000] {processor.py:183} INFO - Processing /opt/airflow/dags/trustpilot_dag.py took 1.794 seconds
[2025-07-06T12:53:25.924+0000] {processor.py:161} INFO - Started process (PID=10941) to work on /opt/airflow/dags/trustpilot_dag.py
[2025-07-06T12:53:25.925+0000] {processor.py:830} INFO - Processing file /opt/airflow/dags/trustpilot_dag.py for tasks to queue
[2025-07-06T12:53:25.927+0000] {logging_mixin.py:188} INFO - [2025-07-06T12:53:25.926+0000] {dagbag.py:545} INFO - Filling up the DagBag from /opt/airflow/dags/trustpilot_dag.py
[2025-07-06T12:53:27.612+0000] {logging_mixin.py:188} INFO - 📁 Fichier .env chargé
[2025-07-06T12:53:27.613+0000] {logging_mixin.py:188} INFO - 👉 Mode scraping : prod
[2025-07-06T12:53:27.613+0000] {logging_mixin.py:188} INFO - 👉 Fichier d’entrée : data/verbatims_test.csv
[2025-07-06T12:53:27.620+0000] {processor.py:840} INFO - DAG(s) 'trustpilot_pipeline' retrieved from /opt/airflow/dags/trustpilot_dag.py
[2025-07-06T12:53:27.648+0000] {logging_mixin.py:188} INFO - [2025-07-06T12:53:27.648+0000] {dag.py:3096} INFO - Sync 1 DAGs
[2025-07-06T12:53:27.664+0000] {logging_mixin.py:188} INFO - [2025-07-06T12:53:27.664+0000] {dag.py:3954} INFO - Setting next_dagrun for trustpilot_pipeline to None, run_after=None
[2025-07-06T12:53:27.683+0000] {processor.py:183} INFO - Processing /opt/airflow/dags/trustpilot_dag.py took 1.768 seconds
[2025-07-06T12:53:57.807+0000] {processor.py:161} INFO - Started process (PID=10947) to work on /opt/airflow/dags/trustpilot_dag.py
[2025-07-06T12:53:57.808+0000] {processor.py:830} INFO - Processing file /opt/airflow/dags/trustpilot_dag.py for tasks to queue
[2025-07-06T12:53:57.811+0000] {logging_mixin.py:188} INFO - [2025-07-06T12:53:57.810+0000] {dagbag.py:545} INFO - Filling up the DagBag from /opt/airflow/dags/trustpilot_dag.py
[2025-07-06T12:53:59.520+0000] {logging_mixin.py:188} INFO - 📁 Fichier .env chargé
[2025-07-06T12:53:59.520+0000] {logging_mixin.py:188} INFO - 👉 Mode scraping : prod
[2025-07-06T12:53:59.521+0000] {logging_mixin.py:188} INFO - 👉 Fichier d’entrée : data/verbatims_test.csv
[2025-07-06T12:53:59.528+0000] {processor.py:840} INFO - DAG(s) 'trustpilot_pipeline' retrieved from /opt/airflow/dags/trustpilot_dag.py
[2025-07-06T12:53:59.557+0000] {logging_mixin.py:188} INFO - [2025-07-06T12:53:59.556+0000] {dag.py:3096} INFO - Sync 1 DAGs
[2025-07-06T12:53:59.573+0000] {logging_mixin.py:188} INFO - [2025-07-06T12:53:59.572+0000] {dag.py:3954} INFO - Setting next_dagrun for trustpilot_pipeline to None, run_after=None
[2025-07-06T12:53:59.591+0000] {processor.py:183} INFO - Processing /opt/airflow/dags/trustpilot_dag.py took 1.795 seconds
[2025-07-06T12:54:29.711+0000] {processor.py:161} INFO - Started process (PID=10953) to work on /opt/airflow/dags/trustpilot_dag.py
[2025-07-06T12:54:29.712+0000] {processor.py:830} INFO - Processing file /opt/airflow/dags/trustpilot_dag.py for tasks to queue
[2025-07-06T12:54:29.714+0000] {logging_mixin.py:188} INFO - [2025-07-06T12:54:29.713+0000] {dagbag.py:545} INFO - Filling up the DagBag from /opt/airflow/dags/trustpilot_dag.py
[2025-07-06T12:54:31.399+0000] {logging_mixin.py:188} INFO - 📁 Fichier .env chargé
[2025-07-06T12:54:31.399+0000] {logging_mixin.py:188} INFO - 👉 Mode scraping : prod
[2025-07-06T12:54:31.399+0000] {logging_mixin.py:188} INFO - 👉 Fichier d’entrée : data/verbatims_test.csv
[2025-07-06T12:54:31.407+0000] {processor.py:840} INFO - DAG(s) 'trustpilot_pipeline' retrieved from /opt/airflow/dags/trustpilot_dag.py
[2025-07-06T12:54:31.434+0000] {logging_mixin.py:188} INFO - [2025-07-06T12:54:31.434+0000] {dag.py:3096} INFO - Sync 1 DAGs
[2025-07-06T12:54:31.451+0000] {logging_mixin.py:188} INFO - [2025-07-06T12:54:31.451+0000] {dag.py:3954} INFO - Setting next_dagrun for trustpilot_pipeline to None, run_after=None
[2025-07-06T12:54:31.470+0000] {processor.py:183} INFO - Processing /opt/airflow/dags/trustpilot_dag.py took 1.768 seconds
[2025-07-06T12:55:01.585+0000] {processor.py:161} INFO - Started process (PID=10959) to work on /opt/airflow/dags/trustpilot_dag.py
[2025-07-06T12:55:01.586+0000] {processor.py:830} INFO - Processing file /opt/airflow/dags/trustpilot_dag.py for tasks to queue
[2025-07-06T12:55:01.588+0000] {logging_mixin.py:188} INFO - [2025-07-06T12:55:01.587+0000] {dagbag.py:545} INFO - Filling up the DagBag from /opt/airflow/dags/trustpilot_dag.py
[2025-07-06T12:55:03.270+0000] {logging_mixin.py:188} INFO - 📁 Fichier .env chargé
[2025-07-06T12:55:03.271+0000] {logging_mixin.py:188} INFO - 👉 Mode scraping : prod
[2025-07-06T12:55:03.271+0000] {logging_mixin.py:188} INFO - 👉 Fichier d’entrée : data/verbatims_test.csv
[2025-07-06T12:55:03.278+0000] {processor.py:840} INFO - DAG(s) 'trustpilot_pipeline' retrieved from /opt/airflow/dags/trustpilot_dag.py
[2025-07-06T12:55:03.306+0000] {logging_mixin.py:188} INFO - [2025-07-06T12:55:03.306+0000] {dag.py:3096} INFO - Sync 1 DAGs
[2025-07-06T12:55:03.323+0000] {logging_mixin.py:188} INFO - [2025-07-06T12:55:03.323+0000] {dag.py:3954} INFO - Setting next_dagrun for trustpilot_pipeline to None, run_after=None
[2025-07-06T12:55:03.342+0000] {processor.py:183} INFO - Processing /opt/airflow/dags/trustpilot_dag.py took 1.766 seconds
[2025-07-06T12:55:33.476+0000] {processor.py:161} INFO - Started process (PID=10965) to work on /opt/airflow/dags/trustpilot_dag.py
[2025-07-06T12:55:33.478+0000] {processor.py:830} INFO - Processing file /opt/airflow/dags/trustpilot_dag.py for tasks to queue
[2025-07-06T12:55:33.480+0000] {logging_mixin.py:188} INFO - [2025-07-06T12:55:33.479+0000] {dagbag.py:545} INFO - Filling up the DagBag from /opt/airflow/dags/trustpilot_dag.py
[2025-07-06T12:55:35.166+0000] {logging_mixin.py:188} INFO - 📁 Fichier .env chargé
[2025-07-06T12:55:35.166+0000] {logging_mixin.py:188} INFO - 👉 Mode scraping : prod
[2025-07-06T12:55:35.166+0000] {logging_mixin.py:188} INFO - 👉 Fichier d’entrée : data/verbatims_test.csv
[2025-07-06T12:55:35.173+0000] {processor.py:840} INFO - DAG(s) 'trustpilot_pipeline' retrieved from /opt/airflow/dags/trustpilot_dag.py
[2025-07-06T12:55:35.203+0000] {logging_mixin.py:188} INFO - [2025-07-06T12:55:35.202+0000] {dag.py:3096} INFO - Sync 1 DAGs
[2025-07-06T12:55:35.219+0000] {logging_mixin.py:188} INFO - [2025-07-06T12:55:35.218+0000] {dag.py:3954} INFO - Setting next_dagrun for trustpilot_pipeline to None, run_after=None
[2025-07-06T12:55:35.237+0000] {processor.py:183} INFO - Processing /opt/airflow/dags/trustpilot_dag.py took 1.772 seconds
[2025-07-06T12:56:05.367+0000] {processor.py:161} INFO - Started process (PID=10971) to work on /opt/airflow/dags/trustpilot_dag.py
[2025-07-06T12:56:05.368+0000] {processor.py:830} INFO - Processing file /opt/airflow/dags/trustpilot_dag.py for tasks to queue
[2025-07-06T12:56:05.370+0000] {logging_mixin.py:188} INFO - [2025-07-06T12:56:05.370+0000] {dagbag.py:545} INFO - Filling up the DagBag from /opt/airflow/dags/trustpilot_dag.py
[2025-07-06T12:56:07.055+0000] {logging_mixin.py:188} INFO - 📁 Fichier .env chargé
[2025-07-06T12:56:07.055+0000] {logging_mixin.py:188} INFO - 👉 Mode scraping : prod
[2025-07-06T12:56:07.055+0000] {logging_mixin.py:188} INFO - 👉 Fichier d’entrée : data/verbatims_test.csv
[2025-07-06T12:56:07.064+0000] {processor.py:840} INFO - DAG(s) 'trustpilot_pipeline' retrieved from /opt/airflow/dags/trustpilot_dag.py
[2025-07-06T12:56:07.092+0000] {logging_mixin.py:188} INFO - [2025-07-06T12:56:07.091+0000] {dag.py:3096} INFO - Sync 1 DAGs
[2025-07-06T12:56:07.107+0000] {logging_mixin.py:188} INFO - [2025-07-06T12:56:07.107+0000] {dag.py:3954} INFO - Setting next_dagrun for trustpilot_pipeline to None, run_after=None
[2025-07-06T12:56:07.126+0000] {processor.py:183} INFO - Processing /opt/airflow/dags/trustpilot_dag.py took 1.768 seconds
[2025-07-06T12:56:37.257+0000] {processor.py:161} INFO - Started process (PID=10977) to work on /opt/airflow/dags/trustpilot_dag.py
[2025-07-06T12:56:37.258+0000] {processor.py:830} INFO - Processing file /opt/airflow/dags/trustpilot_dag.py for tasks to queue
[2025-07-06T12:56:37.260+0000] {logging_mixin.py:188} INFO - [2025-07-06T12:56:37.260+0000] {dagbag.py:545} INFO - Filling up the DagBag from /opt/airflow/dags/trustpilot_dag.py
[2025-07-06T12:56:38.950+0000] {logging_mixin.py:188} INFO - 📁 Fichier .env chargé
[2025-07-06T12:56:38.950+0000] {logging_mixin.py:188} INFO - 👉 Mode scraping : prod
[2025-07-06T12:56:38.951+0000] {logging_mixin.py:188} INFO - 👉 Fichier d’entrée : data/verbatims_test.csv
[2025-07-06T12:56:38.958+0000] {processor.py:840} INFO - DAG(s) 'trustpilot_pipeline' retrieved from /opt/airflow/dags/trustpilot_dag.py
[2025-07-06T12:56:38.985+0000] {logging_mixin.py:188} INFO - [2025-07-06T12:56:38.985+0000] {dag.py:3096} INFO - Sync 1 DAGs
[2025-07-06T12:56:39.001+0000] {logging_mixin.py:188} INFO - [2025-07-06T12:56:39.001+0000] {dag.py:3954} INFO - Setting next_dagrun for trustpilot_pipeline to None, run_after=None
[2025-07-06T12:56:39.021+0000] {processor.py:183} INFO - Processing /opt/airflow/dags/trustpilot_dag.py took 1.773 seconds
[2025-07-06T12:57:09.140+0000] {processor.py:161} INFO - Started process (PID=10983) to work on /opt/airflow/dags/trustpilot_dag.py
[2025-07-06T12:57:09.141+0000] {processor.py:830} INFO - Processing file /opt/airflow/dags/trustpilot_dag.py for tasks to queue
[2025-07-06T12:57:09.143+0000] {logging_mixin.py:188} INFO - [2025-07-06T12:57:09.143+0000] {dagbag.py:545} INFO - Filling up the DagBag from /opt/airflow/dags/trustpilot_dag.py
[2025-07-06T12:57:10.853+0000] {logging_mixin.py:188} INFO - 📁 Fichier .env chargé
[2025-07-06T12:57:10.854+0000] {logging_mixin.py:188} INFO - 👉 Mode scraping : prod
[2025-07-06T12:57:10.854+0000] {logging_mixin.py:188} INFO - 👉 Fichier d’entrée : data/verbatims_test.csv
[2025-07-06T12:57:10.861+0000] {processor.py:840} INFO - DAG(s) 'trustpilot_pipeline' retrieved from /opt/airflow/dags/trustpilot_dag.py
[2025-07-06T12:57:10.889+0000] {logging_mixin.py:188} INFO - [2025-07-06T12:57:10.889+0000] {dag.py:3096} INFO - Sync 1 DAGs
[2025-07-06T12:57:10.906+0000] {logging_mixin.py:188} INFO - [2025-07-06T12:57:10.906+0000] {dag.py:3954} INFO - Setting next_dagrun for trustpilot_pipeline to None, run_after=None
[2025-07-06T12:57:10.925+0000] {processor.py:183} INFO - Processing /opt/airflow/dags/trustpilot_dag.py took 1.796 seconds
[2025-07-06T12:57:41.050+0000] {processor.py:161} INFO - Started process (PID=10989) to work on /opt/airflow/dags/trustpilot_dag.py
[2025-07-06T12:57:41.051+0000] {processor.py:830} INFO - Processing file /opt/airflow/dags/trustpilot_dag.py for tasks to queue
[2025-07-06T12:57:41.053+0000] {logging_mixin.py:188} INFO - [2025-07-06T12:57:41.053+0000] {dagbag.py:545} INFO - Filling up the DagBag from /opt/airflow/dags/trustpilot_dag.py
[2025-07-06T12:57:42.736+0000] {logging_mixin.py:188} INFO - 📁 Fichier .env chargé
[2025-07-06T12:57:42.736+0000] {logging_mixin.py:188} INFO - 👉 Mode scraping : prod
[2025-07-06T12:57:42.736+0000] {logging_mixin.py:188} INFO - 👉 Fichier d’entrée : data/verbatims_test.csv
[2025-07-06T12:57:42.744+0000] {processor.py:840} INFO - DAG(s) 'trustpilot_pipeline' retrieved from /opt/airflow/dags/trustpilot_dag.py
[2025-07-06T12:57:42.771+0000] {logging_mixin.py:188} INFO - [2025-07-06T12:57:42.771+0000] {dag.py:3096} INFO - Sync 1 DAGs
[2025-07-06T12:57:42.788+0000] {logging_mixin.py:188} INFO - [2025-07-06T12:57:42.788+0000] {dag.py:3954} INFO - Setting next_dagrun for trustpilot_pipeline to None, run_after=None
[2025-07-06T12:57:42.807+0000] {processor.py:183} INFO - Processing /opt/airflow/dags/trustpilot_dag.py took 1.766 seconds
[2025-07-06T12:58:12.940+0000] {processor.py:161} INFO - Started process (PID=10995) to work on /opt/airflow/dags/trustpilot_dag.py
[2025-07-06T12:58:12.941+0000] {processor.py:830} INFO - Processing file /opt/airflow/dags/trustpilot_dag.py for tasks to queue
[2025-07-06T12:58:12.943+0000] {logging_mixin.py:188} INFO - [2025-07-06T12:58:12.942+0000] {dagbag.py:545} INFO - Filling up the DagBag from /opt/airflow/dags/trustpilot_dag.py
[2025-07-06T12:58:14.625+0000] {logging_mixin.py:188} INFO - 📁 Fichier .env chargé
[2025-07-06T12:58:14.626+0000] {logging_mixin.py:188} INFO - 👉 Mode scraping : prod
[2025-07-06T12:58:14.626+0000] {logging_mixin.py:188} INFO - 👉 Fichier d’entrée : data/verbatims_test.csv
[2025-07-06T12:58:14.633+0000] {processor.py:840} INFO - DAG(s) 'trustpilot_pipeline' retrieved from /opt/airflow/dags/trustpilot_dag.py
[2025-07-06T12:58:14.661+0000] {logging_mixin.py:188} INFO - [2025-07-06T12:58:14.660+0000] {dag.py:3096} INFO - Sync 1 DAGs
[2025-07-06T12:58:14.678+0000] {logging_mixin.py:188} INFO - [2025-07-06T12:58:14.678+0000] {dag.py:3954} INFO - Setting next_dagrun for trustpilot_pipeline to None, run_after=None
[2025-07-06T12:58:14.697+0000] {processor.py:183} INFO - Processing /opt/airflow/dags/trustpilot_dag.py took 1.766 seconds
[2025-07-06T12:58:44.827+0000] {processor.py:161} INFO - Started process (PID=11001) to work on /opt/airflow/dags/trustpilot_dag.py
[2025-07-06T12:58:44.828+0000] {processor.py:830} INFO - Processing file /opt/airflow/dags/trustpilot_dag.py for tasks to queue
[2025-07-06T12:58:44.831+0000] {logging_mixin.py:188} INFO - [2025-07-06T12:58:44.830+0000] {dagbag.py:545} INFO - Filling up the DagBag from /opt/airflow/dags/trustpilot_dag.py
[2025-07-06T12:58:46.537+0000] {logging_mixin.py:188} INFO - 📁 Fichier .env chargé
[2025-07-06T12:58:46.538+0000] {logging_mixin.py:188} INFO - 👉 Mode scraping : prod
[2025-07-06T12:58:46.538+0000] {logging_mixin.py:188} INFO - 👉 Fichier d’entrée : data/verbatims_test.csv
[2025-07-06T12:58:46.546+0000] {processor.py:840} INFO - DAG(s) 'trustpilot_pipeline' retrieved from /opt/airflow/dags/trustpilot_dag.py
[2025-07-06T12:58:46.576+0000] {logging_mixin.py:188} INFO - [2025-07-06T12:58:46.575+0000] {dag.py:3096} INFO - Sync 1 DAGs
[2025-07-06T12:58:46.592+0000] {logging_mixin.py:188} INFO - [2025-07-06T12:58:46.591+0000] {dag.py:3954} INFO - Setting next_dagrun for trustpilot_pipeline to None, run_after=None
[2025-07-06T12:58:46.610+0000] {processor.py:183} INFO - Processing /opt/airflow/dags/trustpilot_dag.py took 1.794 seconds
[2025-07-06T12:59:16.731+0000] {processor.py:161} INFO - Started process (PID=11007) to work on /opt/airflow/dags/trustpilot_dag.py
[2025-07-06T12:59:16.732+0000] {processor.py:830} INFO - Processing file /opt/airflow/dags/trustpilot_dag.py for tasks to queue
[2025-07-06T12:59:16.735+0000] {logging_mixin.py:188} INFO - [2025-07-06T12:59:16.734+0000] {dagbag.py:545} INFO - Filling up the DagBag from /opt/airflow/dags/trustpilot_dag.py
[2025-07-06T12:59:18.441+0000] {logging_mixin.py:188} INFO - 📁 Fichier .env chargé
[2025-07-06T12:59:18.441+0000] {logging_mixin.py:188} INFO - 👉 Mode scraping : prod
[2025-07-06T12:59:18.442+0000] {logging_mixin.py:188} INFO - 👉 Fichier d’entrée : data/verbatims_test.csv
[2025-07-06T12:59:18.449+0000] {processor.py:840} INFO - DAG(s) 'trustpilot_pipeline' retrieved from /opt/airflow/dags/trustpilot_dag.py
[2025-07-06T12:59:18.478+0000] {logging_mixin.py:188} INFO - [2025-07-06T12:59:18.477+0000] {dag.py:3096} INFO - Sync 1 DAGs
[2025-07-06T12:59:18.494+0000] {logging_mixin.py:188} INFO - [2025-07-06T12:59:18.493+0000] {dag.py:3954} INFO - Setting next_dagrun for trustpilot_pipeline to None, run_after=None
[2025-07-06T12:59:18.512+0000] {processor.py:183} INFO - Processing /opt/airflow/dags/trustpilot_dag.py took 1.792 seconds
[2025-07-06T12:59:48.629+0000] {processor.py:161} INFO - Started process (PID=11013) to work on /opt/airflow/dags/trustpilot_dag.py
[2025-07-06T12:59:48.630+0000] {processor.py:830} INFO - Processing file /opt/airflow/dags/trustpilot_dag.py for tasks to queue
[2025-07-06T12:59:48.633+0000] {logging_mixin.py:188} INFO - [2025-07-06T12:59:48.632+0000] {dagbag.py:545} INFO - Filling up the DagBag from /opt/airflow/dags/trustpilot_dag.py
[2025-07-06T12:59:50.346+0000] {logging_mixin.py:188} INFO - 📁 Fichier .env chargé
[2025-07-06T12:59:50.346+0000] {logging_mixin.py:188} INFO - 👉 Mode scraping : prod
[2025-07-06T12:59:50.347+0000] {logging_mixin.py:188} INFO - 👉 Fichier d’entrée : data/verbatims_test.csv
[2025-07-06T12:59:50.354+0000] {processor.py:840} INFO - DAG(s) 'trustpilot_pipeline' retrieved from /opt/airflow/dags/trustpilot_dag.py
[2025-07-06T12:59:50.383+0000] {logging_mixin.py:188} INFO - [2025-07-06T12:59:50.382+0000] {dag.py:3096} INFO - Sync 1 DAGs
[2025-07-06T12:59:50.400+0000] {logging_mixin.py:188} INFO - [2025-07-06T12:59:50.400+0000] {dag.py:3954} INFO - Setting next_dagrun for trustpilot_pipeline to None, run_after=None
[2025-07-06T12:59:50.419+0000] {processor.py:183} INFO - Processing /opt/airflow/dags/trustpilot_dag.py took 1.801 seconds
[2025-07-06T13:00:20.531+0000] {processor.py:161} INFO - Started process (PID=11019) to work on /opt/airflow/dags/trustpilot_dag.py
[2025-07-06T13:00:20.532+0000] {processor.py:830} INFO - Processing file /opt/airflow/dags/trustpilot_dag.py for tasks to queue
[2025-07-06T13:00:20.534+0000] {logging_mixin.py:188} INFO - [2025-07-06T13:00:20.534+0000] {dagbag.py:545} INFO - Filling up the DagBag from /opt/airflow/dags/trustpilot_dag.py
[2025-07-06T13:00:22.217+0000] {logging_mixin.py:188} INFO - 📁 Fichier .env chargé
[2025-07-06T13:00:22.217+0000] {logging_mixin.py:188} INFO - 👉 Mode scraping : prod
[2025-07-06T13:00:22.217+0000] {logging_mixin.py:188} INFO - 👉 Fichier d’entrée : data/verbatims_test.csv
[2025-07-06T13:00:22.224+0000] {processor.py:840} INFO - DAG(s) 'trustpilot_pipeline' retrieved from /opt/airflow/dags/trustpilot_dag.py
[2025-07-06T13:00:22.253+0000] {logging_mixin.py:188} INFO - [2025-07-06T13:00:22.252+0000] {dag.py:3096} INFO - Sync 1 DAGs
[2025-07-06T13:00:22.268+0000] {logging_mixin.py:188} INFO - [2025-07-06T13:00:22.268+0000] {dag.py:3954} INFO - Setting next_dagrun for trustpilot_pipeline to None, run_after=None
[2025-07-06T13:00:22.289+0000] {processor.py:183} INFO - Processing /opt/airflow/dags/trustpilot_dag.py took 1.767 seconds
[2025-07-06T13:00:52.423+0000] {processor.py:161} INFO - Started process (PID=11025) to work on /opt/airflow/dags/trustpilot_dag.py
[2025-07-06T13:00:52.424+0000] {processor.py:830} INFO - Processing file /opt/airflow/dags/trustpilot_dag.py for tasks to queue
[2025-07-06T13:00:52.426+0000] {logging_mixin.py:188} INFO - [2025-07-06T13:00:52.426+0000] {dagbag.py:545} INFO - Filling up the DagBag from /opt/airflow/dags/trustpilot_dag.py
[2025-07-06T13:00:54.119+0000] {logging_mixin.py:188} INFO - 📁 Fichier .env chargé
[2025-07-06T13:00:54.119+0000] {logging_mixin.py:188} INFO - 👉 Mode scraping : prod
[2025-07-06T13:00:54.120+0000] {logging_mixin.py:188} INFO - 👉 Fichier d’entrée : data/verbatims_test.csv
[2025-07-06T13:00:54.127+0000] {processor.py:840} INFO - DAG(s) 'trustpilot_pipeline' retrieved from /opt/airflow/dags/trustpilot_dag.py
[2025-07-06T13:00:54.155+0000] {logging_mixin.py:188} INFO - [2025-07-06T13:00:54.154+0000] {dag.py:3096} INFO - Sync 1 DAGs
[2025-07-06T13:00:54.172+0000] {logging_mixin.py:188} INFO - [2025-07-06T13:00:54.172+0000] {dag.py:3954} INFO - Setting next_dagrun for trustpilot_pipeline to None, run_after=None
[2025-07-06T13:00:54.191+0000] {processor.py:183} INFO - Processing /opt/airflow/dags/trustpilot_dag.py took 1.777 seconds
[2025-07-06T13:01:24.316+0000] {processor.py:161} INFO - Started process (PID=11031) to work on /opt/airflow/dags/trustpilot_dag.py
[2025-07-06T13:01:24.317+0000] {processor.py:830} INFO - Processing file /opt/airflow/dags/trustpilot_dag.py for tasks to queue
[2025-07-06T13:01:24.320+0000] {logging_mixin.py:188} INFO - [2025-07-06T13:01:24.319+0000] {dagbag.py:545} INFO - Filling up the DagBag from /opt/airflow/dags/trustpilot_dag.py
[2025-07-06T13:01:26.000+0000] {logging_mixin.py:188} INFO - 📁 Fichier .env chargé
[2025-07-06T13:01:26.001+0000] {logging_mixin.py:188} INFO - 👉 Mode scraping : prod
[2025-07-06T13:01:26.001+0000] {logging_mixin.py:188} INFO - 👉 Fichier d’entrée : data/verbatims_test.csv
[2025-07-06T13:01:26.008+0000] {processor.py:840} INFO - DAG(s) 'trustpilot_pipeline' retrieved from /opt/airflow/dags/trustpilot_dag.py
[2025-07-06T13:01:26.039+0000] {logging_mixin.py:188} INFO - [2025-07-06T13:01:26.038+0000] {dag.py:3096} INFO - Sync 1 DAGs
[2025-07-06T13:01:26.054+0000] {logging_mixin.py:188} INFO - [2025-07-06T13:01:26.054+0000] {dag.py:3954} INFO - Setting next_dagrun for trustpilot_pipeline to None, run_after=None
[2025-07-06T13:01:26.073+0000] {processor.py:183} INFO - Processing /opt/airflow/dags/trustpilot_dag.py took 1.766 seconds
[2025-07-06T13:01:56.196+0000] {processor.py:161} INFO - Started process (PID=11037) to work on /opt/airflow/dags/trustpilot_dag.py
[2025-07-06T13:01:56.197+0000] {processor.py:830} INFO - Processing file /opt/airflow/dags/trustpilot_dag.py for tasks to queue
[2025-07-06T13:01:56.200+0000] {logging_mixin.py:188} INFO - [2025-07-06T13:01:56.199+0000] {dagbag.py:545} INFO - Filling up the DagBag from /opt/airflow/dags/trustpilot_dag.py
[2025-07-06T13:01:57.903+0000] {logging_mixin.py:188} INFO - 📁 Fichier .env chargé
[2025-07-06T13:01:57.904+0000] {logging_mixin.py:188} INFO - 👉 Mode scraping : prod
[2025-07-06T13:01:57.904+0000] {logging_mixin.py:188} INFO - 👉 Fichier d’entrée : data/verbatims_test.csv
[2025-07-06T13:01:57.911+0000] {processor.py:840} INFO - DAG(s) 'trustpilot_pipeline' retrieved from /opt/airflow/dags/trustpilot_dag.py
[2025-07-06T13:01:57.940+0000] {logging_mixin.py:188} INFO - [2025-07-06T13:01:57.940+0000] {dag.py:3096} INFO - Sync 1 DAGs
[2025-07-06T13:01:57.956+0000] {logging_mixin.py:188} INFO - [2025-07-06T13:01:57.956+0000] {dag.py:3954} INFO - Setting next_dagrun for trustpilot_pipeline to None, run_after=None
[2025-07-06T13:01:57.975+0000] {processor.py:183} INFO - Processing /opt/airflow/dags/trustpilot_dag.py took 1.790 seconds
[2025-07-06T13:02:28.090+0000] {processor.py:161} INFO - Started process (PID=11043) to work on /opt/airflow/dags/trustpilot_dag.py
[2025-07-06T13:02:28.091+0000] {processor.py:830} INFO - Processing file /opt/airflow/dags/trustpilot_dag.py for tasks to queue
[2025-07-06T13:02:28.093+0000] {logging_mixin.py:188} INFO - [2025-07-06T13:02:28.093+0000] {dagbag.py:545} INFO - Filling up the DagBag from /opt/airflow/dags/trustpilot_dag.py
[2025-07-06T13:02:29.779+0000] {logging_mixin.py:188} INFO - 📁 Fichier .env chargé
[2025-07-06T13:02:29.779+0000] {logging_mixin.py:188} INFO - 👉 Mode scraping : prod
[2025-07-06T13:02:29.779+0000] {logging_mixin.py:188} INFO - 👉 Fichier d’entrée : data/verbatims_test.csv
[2025-07-06T13:02:29.787+0000] {processor.py:840} INFO - DAG(s) 'trustpilot_pipeline' retrieved from /opt/airflow/dags/trustpilot_dag.py
[2025-07-06T13:02:29.815+0000] {logging_mixin.py:188} INFO - [2025-07-06T13:02:29.814+0000] {dag.py:3096} INFO - Sync 1 DAGs
[2025-07-06T13:02:29.830+0000] {logging_mixin.py:188} INFO - [2025-07-06T13:02:29.830+0000] {dag.py:3954} INFO - Setting next_dagrun for trustpilot_pipeline to None, run_after=None
[2025-07-06T13:02:29.849+0000] {processor.py:183} INFO - Processing /opt/airflow/dags/trustpilot_dag.py took 1.767 seconds
[2025-07-06T13:02:59.988+0000] {processor.py:161} INFO - Started process (PID=11049) to work on /opt/airflow/dags/trustpilot_dag.py
[2025-07-06T13:02:59.989+0000] {processor.py:830} INFO - Processing file /opt/airflow/dags/trustpilot_dag.py for tasks to queue
[2025-07-06T13:02:59.991+0000] {logging_mixin.py:188} INFO - [2025-07-06T13:02:59.990+0000] {dagbag.py:545} INFO - Filling up the DagBag from /opt/airflow/dags/trustpilot_dag.py
[2025-07-06T13:03:01.676+0000] {logging_mixin.py:188} INFO - 📁 Fichier .env chargé
[2025-07-06T13:03:01.676+0000] {logging_mixin.py:188} INFO - 👉 Mode scraping : prod
[2025-07-06T13:03:01.676+0000] {logging_mixin.py:188} INFO - 👉 Fichier d’entrée : data/verbatims_test.csv
[2025-07-06T13:03:01.683+0000] {processor.py:840} INFO - DAG(s) 'trustpilot_pipeline' retrieved from /opt/airflow/dags/trustpilot_dag.py
[2025-07-06T13:03:01.711+0000] {logging_mixin.py:188} INFO - [2025-07-06T13:03:01.711+0000] {dag.py:3096} INFO - Sync 1 DAGs
[2025-07-06T13:03:01.728+0000] {logging_mixin.py:188} INFO - [2025-07-06T13:03:01.728+0000] {dag.py:3954} INFO - Setting next_dagrun for trustpilot_pipeline to None, run_after=None
[2025-07-06T13:03:01.747+0000] {processor.py:183} INFO - Processing /opt/airflow/dags/trustpilot_dag.py took 1.768 seconds
[2025-07-06T13:03:31.869+0000] {processor.py:161} INFO - Started process (PID=11055) to work on /opt/airflow/dags/trustpilot_dag.py
[2025-07-06T13:03:31.870+0000] {processor.py:830} INFO - Processing file /opt/airflow/dags/trustpilot_dag.py for tasks to queue
[2025-07-06T13:03:31.872+0000] {logging_mixin.py:188} INFO - [2025-07-06T13:03:31.872+0000] {dagbag.py:545} INFO - Filling up the DagBag from /opt/airflow/dags/trustpilot_dag.py
[2025-07-06T13:03:33.552+0000] {logging_mixin.py:188} INFO - 📁 Fichier .env chargé
[2025-07-06T13:03:33.552+0000] {logging_mixin.py:188} INFO - 👉 Mode scraping : prod
[2025-07-06T13:03:33.552+0000] {logging_mixin.py:188} INFO - 👉 Fichier d’entrée : data/verbatims_test.csv
[2025-07-06T13:03:33.559+0000] {processor.py:840} INFO - DAG(s) 'trustpilot_pipeline' retrieved from /opt/airflow/dags/trustpilot_dag.py
[2025-07-06T13:03:33.588+0000] {logging_mixin.py:188} INFO - [2025-07-06T13:03:33.588+0000] {dag.py:3096} INFO - Sync 1 DAGs
[2025-07-06T13:03:33.605+0000] {logging_mixin.py:188} INFO - [2025-07-06T13:03:33.605+0000] {dag.py:3954} INFO - Setting next_dagrun for trustpilot_pipeline to None, run_after=None
[2025-07-06T13:03:33.624+0000] {processor.py:183} INFO - Processing /opt/airflow/dags/trustpilot_dag.py took 1.764 seconds
[2025-07-06T13:04:03.740+0000] {processor.py:161} INFO - Started process (PID=11061) to work on /opt/airflow/dags/trustpilot_dag.py
[2025-07-06T13:04:03.741+0000] {processor.py:830} INFO - Processing file /opt/airflow/dags/trustpilot_dag.py for tasks to queue
[2025-07-06T13:04:03.743+0000] {logging_mixin.py:188} INFO - [2025-07-06T13:04:03.743+0000] {dagbag.py:545} INFO - Filling up the DagBag from /opt/airflow/dags/trustpilot_dag.py
[2025-07-06T13:04:05.428+0000] {logging_mixin.py:188} INFO - 📁 Fichier .env chargé
[2025-07-06T13:04:05.428+0000] {logging_mixin.py:188} INFO - 👉 Mode scraping : prod
[2025-07-06T13:04:05.429+0000] {logging_mixin.py:188} INFO - 👉 Fichier d’entrée : data/verbatims_test.csv
[2025-07-06T13:04:05.436+0000] {processor.py:840} INFO - DAG(s) 'trustpilot_pipeline' retrieved from /opt/airflow/dags/trustpilot_dag.py
[2025-07-06T13:04:05.465+0000] {logging_mixin.py:188} INFO - [2025-07-06T13:04:05.465+0000] {dag.py:3096} INFO - Sync 1 DAGs
[2025-07-06T13:04:05.481+0000] {logging_mixin.py:188} INFO - [2025-07-06T13:04:05.480+0000] {dag.py:3954} INFO - Setting next_dagrun for trustpilot_pipeline to None, run_after=None
[2025-07-06T13:04:05.499+0000] {processor.py:183} INFO - Processing /opt/airflow/dags/trustpilot_dag.py took 1.768 seconds
[2025-07-06T13:04:35.615+0000] {processor.py:161} INFO - Started process (PID=11067) to work on /opt/airflow/dags/trustpilot_dag.py
[2025-07-06T13:04:35.616+0000] {processor.py:830} INFO - Processing file /opt/airflow/dags/trustpilot_dag.py for tasks to queue
[2025-07-06T13:04:35.618+0000] {logging_mixin.py:188} INFO - [2025-07-06T13:04:35.618+0000] {dagbag.py:545} INFO - Filling up the DagBag from /opt/airflow/dags/trustpilot_dag.py
[2025-07-06T13:04:37.305+0000] {logging_mixin.py:188} INFO - 📁 Fichier .env chargé
[2025-07-06T13:04:37.306+0000] {logging_mixin.py:188} INFO - 👉 Mode scraping : prod
[2025-07-06T13:04:37.306+0000] {logging_mixin.py:188} INFO - 👉 Fichier d’entrée : data/verbatims_test.csv
[2025-07-06T13:04:37.315+0000] {processor.py:840} INFO - DAG(s) 'trustpilot_pipeline' retrieved from /opt/airflow/dags/trustpilot_dag.py
[2025-07-06T13:04:37.342+0000] {logging_mixin.py:188} INFO - [2025-07-06T13:04:37.342+0000] {dag.py:3096} INFO - Sync 1 DAGs
[2025-07-06T13:04:37.358+0000] {logging_mixin.py:188} INFO - [2025-07-06T13:04:37.357+0000] {dag.py:3954} INFO - Setting next_dagrun for trustpilot_pipeline to None, run_after=None
[2025-07-06T13:04:37.376+0000] {processor.py:183} INFO - Processing /opt/airflow/dags/trustpilot_dag.py took 1.770 seconds
[2025-07-06T13:05:07.513+0000] {processor.py:161} INFO - Started process (PID=11073) to work on /opt/airflow/dags/trustpilot_dag.py
[2025-07-06T13:05:07.514+0000] {processor.py:830} INFO - Processing file /opt/airflow/dags/trustpilot_dag.py for tasks to queue
[2025-07-06T13:05:07.516+0000] {logging_mixin.py:188} INFO - [2025-07-06T13:05:07.516+0000] {dagbag.py:545} INFO - Filling up the DagBag from /opt/airflow/dags/trustpilot_dag.py
[2025-07-06T13:05:09.210+0000] {logging_mixin.py:188} INFO - 📁 Fichier .env chargé
[2025-07-06T13:05:09.210+0000] {logging_mixin.py:188} INFO - 👉 Mode scraping : prod
[2025-07-06T13:05:09.211+0000] {logging_mixin.py:188} INFO - 👉 Fichier d’entrée : data/verbatims_test.csv
[2025-07-06T13:05:09.218+0000] {processor.py:840} INFO - DAG(s) 'trustpilot_pipeline' retrieved from /opt/airflow/dags/trustpilot_dag.py
[2025-07-06T13:05:09.248+0000] {logging_mixin.py:188} INFO - [2025-07-06T13:05:09.247+0000] {dag.py:3096} INFO - Sync 1 DAGs
[2025-07-06T13:05:09.265+0000] {logging_mixin.py:188} INFO - [2025-07-06T13:05:09.265+0000] {dag.py:3954} INFO - Setting next_dagrun for trustpilot_pipeline to None, run_after=None
[2025-07-06T13:05:09.286+0000] {processor.py:183} INFO - Processing /opt/airflow/dags/trustpilot_dag.py took 1.783 seconds
[2025-07-06T13:05:39.420+0000] {processor.py:161} INFO - Started process (PID=11079) to work on /opt/airflow/dags/trustpilot_dag.py
[2025-07-06T13:05:39.421+0000] {processor.py:830} INFO - Processing file /opt/airflow/dags/trustpilot_dag.py for tasks to queue
[2025-07-06T13:05:39.423+0000] {logging_mixin.py:188} INFO - [2025-07-06T13:05:39.423+0000] {dagbag.py:545} INFO - Filling up the DagBag from /opt/airflow/dags/trustpilot_dag.py
[2025-07-06T13:05:41.110+0000] {logging_mixin.py:188} INFO - 📁 Fichier .env chargé
[2025-07-06T13:05:41.111+0000] {logging_mixin.py:188} INFO - 👉 Mode scraping : prod
[2025-07-06T13:05:41.111+0000] {logging_mixin.py:188} INFO - 👉 Fichier d’entrée : data/verbatims_test.csv
[2025-07-06T13:05:41.118+0000] {processor.py:840} INFO - DAG(s) 'trustpilot_pipeline' retrieved from /opt/airflow/dags/trustpilot_dag.py
[2025-07-06T13:05:41.147+0000] {logging_mixin.py:188} INFO - [2025-07-06T13:05:41.146+0000] {dag.py:3096} INFO - Sync 1 DAGs
[2025-07-06T13:05:41.164+0000] {logging_mixin.py:188} INFO - [2025-07-06T13:05:41.163+0000] {dag.py:3954} INFO - Setting next_dagrun for trustpilot_pipeline to None, run_after=None
[2025-07-06T13:05:41.182+0000] {processor.py:183} INFO - Processing /opt/airflow/dags/trustpilot_dag.py took 1.772 seconds
[2025-07-06T13:06:11.307+0000] {processor.py:161} INFO - Started process (PID=11085) to work on /opt/airflow/dags/trustpilot_dag.py
[2025-07-06T13:06:11.308+0000] {processor.py:830} INFO - Processing file /opt/airflow/dags/trustpilot_dag.py for tasks to queue
[2025-07-06T13:06:11.310+0000] {logging_mixin.py:188} INFO - [2025-07-06T13:06:11.310+0000] {dagbag.py:545} INFO - Filling up the DagBag from /opt/airflow/dags/trustpilot_dag.py
[2025-07-06T13:06:13.005+0000] {logging_mixin.py:188} INFO - 📁 Fichier .env chargé
[2025-07-06T13:06:13.005+0000] {logging_mixin.py:188} INFO - 👉 Mode scraping : prod
[2025-07-06T13:06:13.006+0000] {logging_mixin.py:188} INFO - 👉 Fichier d’entrée : data/verbatims_test.csv
[2025-07-06T13:06:13.013+0000] {processor.py:840} INFO - DAG(s) 'trustpilot_pipeline' retrieved from /opt/airflow/dags/trustpilot_dag.py
[2025-07-06T13:06:13.041+0000] {logging_mixin.py:188} INFO - [2025-07-06T13:06:13.040+0000] {dag.py:3096} INFO - Sync 1 DAGs
[2025-07-06T13:06:13.058+0000] {logging_mixin.py:188} INFO - [2025-07-06T13:06:13.058+0000] {dag.py:3954} INFO - Setting next_dagrun for trustpilot_pipeline to None, run_after=None
[2025-07-06T13:06:13.077+0000] {processor.py:183} INFO - Processing /opt/airflow/dags/trustpilot_dag.py took 1.779 seconds
[2025-07-06T13:06:43.193+0000] {processor.py:161} INFO - Started process (PID=11091) to work on /opt/airflow/dags/trustpilot_dag.py
[2025-07-06T13:06:43.194+0000] {processor.py:830} INFO - Processing file /opt/airflow/dags/trustpilot_dag.py for tasks to queue
[2025-07-06T13:06:43.196+0000] {logging_mixin.py:188} INFO - [2025-07-06T13:06:43.196+0000] {dagbag.py:545} INFO - Filling up the DagBag from /opt/airflow/dags/trustpilot_dag.py
[2025-07-06T13:06:44.876+0000] {logging_mixin.py:188} INFO - 📁 Fichier .env chargé
[2025-07-06T13:06:44.877+0000] {logging_mixin.py:188} INFO - 👉 Mode scraping : prod
[2025-07-06T13:06:44.877+0000] {logging_mixin.py:188} INFO - 👉 Fichier d’entrée : data/verbatims_test.csv
[2025-07-06T13:06:44.884+0000] {processor.py:840} INFO - DAG(s) 'trustpilot_pipeline' retrieved from /opt/airflow/dags/trustpilot_dag.py
[2025-07-06T13:06:44.912+0000] {logging_mixin.py:188} INFO - [2025-07-06T13:06:44.911+0000] {dag.py:3096} INFO - Sync 1 DAGs
[2025-07-06T13:06:44.929+0000] {logging_mixin.py:188} INFO - [2025-07-06T13:06:44.929+0000] {dag.py:3954} INFO - Setting next_dagrun for trustpilot_pipeline to None, run_after=None
[2025-07-06T13:06:44.948+0000] {processor.py:183} INFO - Processing /opt/airflow/dags/trustpilot_dag.py took 1.764 seconds
[2025-07-06T13:07:15.073+0000] {processor.py:161} INFO - Started process (PID=11097) to work on /opt/airflow/dags/trustpilot_dag.py
[2025-07-06T13:07:15.074+0000] {processor.py:830} INFO - Processing file /opt/airflow/dags/trustpilot_dag.py for tasks to queue
[2025-07-06T13:07:15.076+0000] {logging_mixin.py:188} INFO - [2025-07-06T13:07:15.075+0000] {dagbag.py:545} INFO - Filling up the DagBag from /opt/airflow/dags/trustpilot_dag.py
[2025-07-06T13:07:16.758+0000] {logging_mixin.py:188} INFO - 📁 Fichier .env chargé
[2025-07-06T13:07:16.758+0000] {logging_mixin.py:188} INFO - 👉 Mode scraping : prod
[2025-07-06T13:07:16.758+0000] {logging_mixin.py:188} INFO - 👉 Fichier d’entrée : data/verbatims_test.csv
[2025-07-06T13:07:16.766+0000] {processor.py:840} INFO - DAG(s) 'trustpilot_pipeline' retrieved from /opt/airflow/dags/trustpilot_dag.py
[2025-07-06T13:07:16.795+0000] {logging_mixin.py:188} INFO - [2025-07-06T13:07:16.794+0000] {dag.py:3096} INFO - Sync 1 DAGs
[2025-07-06T13:07:16.810+0000] {logging_mixin.py:188} INFO - [2025-07-06T13:07:16.810+0000] {dag.py:3954} INFO - Setting next_dagrun for trustpilot_pipeline to None, run_after=None
[2025-07-06T13:07:16.829+0000] {processor.py:183} INFO - Processing /opt/airflow/dags/trustpilot_dag.py took 1.765 seconds
[2025-07-06T13:07:46.957+0000] {processor.py:161} INFO - Started process (PID=11103) to work on /opt/airflow/dags/trustpilot_dag.py
[2025-07-06T13:07:46.958+0000] {processor.py:830} INFO - Processing file /opt/airflow/dags/trustpilot_dag.py for tasks to queue
[2025-07-06T13:07:46.960+0000] {logging_mixin.py:188} INFO - [2025-07-06T13:07:46.960+0000] {dagbag.py:545} INFO - Filling up the DagBag from /opt/airflow/dags/trustpilot_dag.py
[2025-07-06T13:07:48.649+0000] {logging_mixin.py:188} INFO - 📁 Fichier .env chargé
[2025-07-06T13:07:48.650+0000] {logging_mixin.py:188} INFO - 👉 Mode scraping : prod
[2025-07-06T13:07:48.650+0000] {logging_mixin.py:188} INFO - 👉 Fichier d’entrée : data/verbatims_test.csv
[2025-07-06T13:07:48.657+0000] {processor.py:840} INFO - DAG(s) 'trustpilot_pipeline' retrieved from /opt/airflow/dags/trustpilot_dag.py
[2025-07-06T13:07:48.686+0000] {logging_mixin.py:188} INFO - [2025-07-06T13:07:48.685+0000] {dag.py:3096} INFO - Sync 1 DAGs
[2025-07-06T13:07:48.701+0000] {logging_mixin.py:188} INFO - [2025-07-06T13:07:48.701+0000] {dag.py:3954} INFO - Setting next_dagrun for trustpilot_pipeline to None, run_after=None
[2025-07-06T13:07:48.720+0000] {processor.py:183} INFO - Processing /opt/airflow/dags/trustpilot_dag.py took 1.772 seconds
[2025-07-06T13:08:18.844+0000] {processor.py:161} INFO - Started process (PID=11109) to work on /opt/airflow/dags/trustpilot_dag.py
[2025-07-06T13:08:18.845+0000] {processor.py:830} INFO - Processing file /opt/airflow/dags/trustpilot_dag.py for tasks to queue
[2025-07-06T13:08:18.847+0000] {logging_mixin.py:188} INFO - [2025-07-06T13:08:18.847+0000] {dagbag.py:545} INFO - Filling up the DagBag from /opt/airflow/dags/trustpilot_dag.py
[2025-07-06T13:08:20.542+0000] {logging_mixin.py:188} INFO - 📁 Fichier .env chargé
[2025-07-06T13:08:20.543+0000] {logging_mixin.py:188} INFO - 👉 Mode scraping : prod
[2025-07-06T13:08:20.543+0000] {logging_mixin.py:188} INFO - 👉 Fichier d’entrée : data/verbatims_test.csv
[2025-07-06T13:08:20.550+0000] {processor.py:840} INFO - DAG(s) 'trustpilot_pipeline' retrieved from /opt/airflow/dags/trustpilot_dag.py
[2025-07-06T13:08:20.578+0000] {logging_mixin.py:188} INFO - [2025-07-06T13:08:20.578+0000] {dag.py:3096} INFO - Sync 1 DAGs
[2025-07-06T13:08:20.596+0000] {logging_mixin.py:188} INFO - [2025-07-06T13:08:20.595+0000] {dag.py:3954} INFO - Setting next_dagrun for trustpilot_pipeline to None, run_after=None
[2025-07-06T13:08:20.615+0000] {processor.py:183} INFO - Processing /opt/airflow/dags/trustpilot_dag.py took 1.780 seconds
[2025-07-06T13:08:50.741+0000] {processor.py:161} INFO - Started process (PID=11115) to work on /opt/airflow/dags/trustpilot_dag.py
[2025-07-06T13:08:50.742+0000] {processor.py:830} INFO - Processing file /opt/airflow/dags/trustpilot_dag.py for tasks to queue
[2025-07-06T13:08:50.745+0000] {logging_mixin.py:188} INFO - [2025-07-06T13:08:50.744+0000] {dagbag.py:545} INFO - Filling up the DagBag from /opt/airflow/dags/trustpilot_dag.py
[2025-07-06T13:08:52.434+0000] {logging_mixin.py:188} INFO - 📁 Fichier .env chargé
[2025-07-06T13:08:52.434+0000] {logging_mixin.py:188} INFO - 👉 Mode scraping : prod
[2025-07-06T13:08:52.435+0000] {logging_mixin.py:188} INFO - 👉 Fichier d’entrée : data/verbatims_test.csv
[2025-07-06T13:08:52.442+0000] {processor.py:840} INFO - DAG(s) 'trustpilot_pipeline' retrieved from /opt/airflow/dags/trustpilot_dag.py
[2025-07-06T13:08:52.470+0000] {logging_mixin.py:188} INFO - [2025-07-06T13:08:52.469+0000] {dag.py:3096} INFO - Sync 1 DAGs
[2025-07-06T13:08:52.485+0000] {logging_mixin.py:188} INFO - [2025-07-06T13:08:52.485+0000] {dag.py:3954} INFO - Setting next_dagrun for trustpilot_pipeline to None, run_after=None
[2025-07-06T13:08:52.506+0000] {processor.py:183} INFO - Processing /opt/airflow/dags/trustpilot_dag.py took 1.774 seconds
[2025-07-06T13:09:22.623+0000] {processor.py:161} INFO - Started process (PID=11121) to work on /opt/airflow/dags/trustpilot_dag.py
[2025-07-06T13:09:22.625+0000] {processor.py:830} INFO - Processing file /opt/airflow/dags/trustpilot_dag.py for tasks to queue
[2025-07-06T13:09:22.627+0000] {logging_mixin.py:188} INFO - [2025-07-06T13:09:22.626+0000] {dagbag.py:545} INFO - Filling up the DagBag from /opt/airflow/dags/trustpilot_dag.py
[2025-07-06T13:09:23.837+0000] {logging_mixin.py:188} INFO - 📁 Fichier .env chargé
[2025-07-06T13:09:23.837+0000] {logging_mixin.py:188} INFO - 👉 Mode scraping : prod
[2025-07-06T13:09:23.837+0000] {logging_mixin.py:188} INFO - 👉 Fichier d’entrée : data/verbatims_test.csv
[2025-07-06T13:09:23.841+0000] {processor.py:840} INFO - DAG(s) 'trustpilot_pipeline' retrieved from /opt/airflow/dags/trustpilot_dag.py
[2025-07-06T13:09:23.860+0000] {logging_mixin.py:188} INFO - [2025-07-06T13:09:23.860+0000] {dag.py:3096} INFO - Sync 1 DAGs
[2025-07-06T13:09:23.870+0000] {logging_mixin.py:188} INFO - [2025-07-06T13:09:23.870+0000] {dag.py:3954} INFO - Setting next_dagrun for trustpilot_pipeline to None, run_after=None
[2025-07-06T13:09:23.883+0000] {processor.py:183} INFO - Processing /opt/airflow/dags/trustpilot_dag.py took 1.271 seconds
[2025-07-06T13:09:54.000+0000] {processor.py:161} INFO - Started process (PID=11127) to work on /opt/airflow/dags/trustpilot_dag.py
[2025-07-06T13:09:54.001+0000] {processor.py:830} INFO - Processing file /opt/airflow/dags/trustpilot_dag.py for tasks to queue
[2025-07-06T13:09:54.003+0000] {logging_mixin.py:188} INFO - [2025-07-06T13:09:54.003+0000] {dagbag.py:545} INFO - Filling up the DagBag from /opt/airflow/dags/trustpilot_dag.py
[2025-07-06T13:09:55.691+0000] {logging_mixin.py:188} INFO - 📁 Fichier .env chargé
[2025-07-06T13:09:55.691+0000] {logging_mixin.py:188} INFO - 👉 Mode scraping : prod
[2025-07-06T13:09:55.691+0000] {logging_mixin.py:188} INFO - 👉 Fichier d’entrée : data/verbatims_test.csv
[2025-07-06T13:09:55.698+0000] {processor.py:840} INFO - DAG(s) 'trustpilot_pipeline' retrieved from /opt/airflow/dags/trustpilot_dag.py
[2025-07-06T13:09:55.728+0000] {logging_mixin.py:188} INFO - [2025-07-06T13:09:55.727+0000] {dag.py:3096} INFO - Sync 1 DAGs
[2025-07-06T13:09:55.743+0000] {logging_mixin.py:188} INFO - [2025-07-06T13:09:55.743+0000] {dag.py:3954} INFO - Setting next_dagrun for trustpilot_pipeline to None, run_after=None
[2025-07-06T13:09:55.762+0000] {processor.py:183} INFO - Processing /opt/airflow/dags/trustpilot_dag.py took 1.771 seconds
[2025-07-06T13:10:25.825+0000] {processor.py:161} INFO - Started process (PID=11133) to work on /opt/airflow/dags/trustpilot_dag.py
[2025-07-06T13:10:25.826+0000] {processor.py:830} INFO - Processing file /opt/airflow/dags/trustpilot_dag.py for tasks to queue
[2025-07-06T13:10:25.828+0000] {logging_mixin.py:188} INFO - [2025-07-06T13:10:25.828+0000] {dagbag.py:545} INFO - Filling up the DagBag from /opt/airflow/dags/trustpilot_dag.py
[2025-07-06T13:10:27.508+0000] {logging_mixin.py:188} INFO - 📁 Fichier .env chargé
[2025-07-06T13:10:27.508+0000] {logging_mixin.py:188} INFO - 👉 Mode scraping : prod
[2025-07-06T13:10:27.508+0000] {logging_mixin.py:188} INFO - 👉 Fichier d’entrée : data/verbatims_test.csv
[2025-07-06T13:10:27.516+0000] {processor.py:840} INFO - DAG(s) 'trustpilot_pipeline' retrieved from /opt/airflow/dags/trustpilot_dag.py
[2025-07-06T13:10:27.543+0000] {logging_mixin.py:188} INFO - [2025-07-06T13:10:27.543+0000] {dag.py:3096} INFO - Sync 1 DAGs
[2025-07-06T13:10:27.559+0000] {logging_mixin.py:188} INFO - [2025-07-06T13:10:27.558+0000] {dag.py:3954} INFO - Setting next_dagrun for trustpilot_pipeline to None, run_after=None
[2025-07-06T13:10:27.577+0000] {processor.py:183} INFO - Processing /opt/airflow/dags/trustpilot_dag.py took 1.761 seconds
[2025-07-06T13:10:57.849+0000] {processor.py:161} INFO - Started process (PID=11139) to work on /opt/airflow/dags/trustpilot_dag.py
[2025-07-06T13:10:57.850+0000] {processor.py:830} INFO - Processing file /opt/airflow/dags/trustpilot_dag.py for tasks to queue
[2025-07-06T13:10:57.852+0000] {logging_mixin.py:188} INFO - [2025-07-06T13:10:57.852+0000] {dagbag.py:545} INFO - Filling up the DagBag from /opt/airflow/dags/trustpilot_dag.py
[2025-07-06T13:10:59.470+0000] {logging_mixin.py:188} INFO - 📁 Fichier .env chargé
[2025-07-06T13:10:59.470+0000] {logging_mixin.py:188} INFO - 👉 Mode scraping : prod
[2025-07-06T13:10:59.470+0000] {logging_mixin.py:188} INFO - 👉 Fichier d’entrée : data/verbatims_test.csv
[2025-07-06T13:10:59.477+0000] {processor.py:840} INFO - DAG(s) 'trustpilot_pipeline' retrieved from /opt/airflow/dags/trustpilot_dag.py
[2025-07-06T13:10:59.506+0000] {logging_mixin.py:188} INFO - [2025-07-06T13:10:59.506+0000] {dag.py:3096} INFO - Sync 1 DAGs
[2025-07-06T13:10:59.522+0000] {logging_mixin.py:188} INFO - [2025-07-06T13:10:59.522+0000] {dag.py:3954} INFO - Setting next_dagrun for trustpilot_pipeline to None, run_after=None
[2025-07-06T13:10:59.541+0000] {processor.py:183} INFO - Processing /opt/airflow/dags/trustpilot_dag.py took 1.703 seconds
[2025-07-06T13:11:29.667+0000] {processor.py:161} INFO - Started process (PID=11145) to work on /opt/airflow/dags/trustpilot_dag.py
[2025-07-06T13:11:29.668+0000] {processor.py:830} INFO - Processing file /opt/airflow/dags/trustpilot_dag.py for tasks to queue
[2025-07-06T13:11:29.670+0000] {logging_mixin.py:188} INFO - [2025-07-06T13:11:29.669+0000] {dagbag.py:545} INFO - Filling up the DagBag from /opt/airflow/dags/trustpilot_dag.py
[2025-07-06T13:11:31.266+0000] {logging_mixin.py:188} INFO - 📁 Fichier .env chargé
[2025-07-06T13:11:31.266+0000] {logging_mixin.py:188} INFO - 👉 Mode scraping : prod
[2025-07-06T13:11:31.266+0000] {logging_mixin.py:188} INFO - 👉 Fichier d’entrée : data/verbatims_test.csv
[2025-07-06T13:11:31.273+0000] {processor.py:840} INFO - DAG(s) 'trustpilot_pipeline' retrieved from /opt/airflow/dags/trustpilot_dag.py
[2025-07-06T13:11:31.302+0000] {logging_mixin.py:188} INFO - [2025-07-06T13:11:31.301+0000] {dag.py:3096} INFO - Sync 1 DAGs
[2025-07-06T13:11:31.318+0000] {logging_mixin.py:188} INFO - [2025-07-06T13:11:31.318+0000] {dag.py:3954} INFO - Setting next_dagrun for trustpilot_pipeline to None, run_after=None
[2025-07-06T13:11:31.338+0000] {processor.py:183} INFO - Processing /opt/airflow/dags/trustpilot_dag.py took 1.681 seconds
[2025-07-06T13:12:01.460+0000] {processor.py:161} INFO - Started process (PID=11151) to work on /opt/airflow/dags/trustpilot_dag.py
[2025-07-06T13:12:01.461+0000] {processor.py:830} INFO - Processing file /opt/airflow/dags/trustpilot_dag.py for tasks to queue
[2025-07-06T13:12:01.463+0000] {logging_mixin.py:188} INFO - [2025-07-06T13:12:01.463+0000] {dagbag.py:545} INFO - Filling up the DagBag from /opt/airflow/dags/trustpilot_dag.py
[2025-07-06T13:12:02.373+0000] {logging_mixin.py:188} INFO - 📁 Fichier .env chargé
[2025-07-06T13:12:02.374+0000] {logging_mixin.py:188} INFO - 👉 Mode scraping : prod
[2025-07-06T13:12:02.374+0000] {logging_mixin.py:188} INFO - 👉 Fichier d’entrée : data/verbatims_test.csv
[2025-07-06T13:12:02.378+0000] {processor.py:840} INFO - DAG(s) 'trustpilot_pipeline' retrieved from /opt/airflow/dags/trustpilot_dag.py
[2025-07-06T13:12:02.396+0000] {logging_mixin.py:188} INFO - [2025-07-06T13:12:02.396+0000] {dag.py:3096} INFO - Sync 1 DAGs
[2025-07-06T13:12:02.407+0000] {logging_mixin.py:188} INFO - [2025-07-06T13:12:02.406+0000] {dag.py:3954} INFO - Setting next_dagrun for trustpilot_pipeline to None, run_after=None
[2025-07-06T13:12:02.423+0000] {processor.py:183} INFO - Processing /opt/airflow/dags/trustpilot_dag.py took 0.974 seconds
[2025-07-06T13:12:32.544+0000] {processor.py:161} INFO - Started process (PID=11157) to work on /opt/airflow/dags/trustpilot_dag.py
[2025-07-06T13:12:32.545+0000] {processor.py:830} INFO - Processing file /opt/airflow/dags/trustpilot_dag.py for tasks to queue
[2025-07-06T13:12:32.547+0000] {logging_mixin.py:188} INFO - [2025-07-06T13:12:32.547+0000] {dagbag.py:545} INFO - Filling up the DagBag from /opt/airflow/dags/trustpilot_dag.py
[2025-07-06T13:12:34.135+0000] {logging_mixin.py:188} INFO - 📁 Fichier .env chargé
[2025-07-06T13:12:34.135+0000] {logging_mixin.py:188} INFO - 👉 Mode scraping : prod
[2025-07-06T13:12:34.135+0000] {logging_mixin.py:188} INFO - 👉 Fichier d’entrée : data/verbatims_test.csv
[2025-07-06T13:12:34.142+0000] {processor.py:840} INFO - DAG(s) 'trustpilot_pipeline' retrieved from /opt/airflow/dags/trustpilot_dag.py
[2025-07-06T13:12:34.173+0000] {logging_mixin.py:188} INFO - [2025-07-06T13:12:34.172+0000] {dag.py:3096} INFO - Sync 1 DAGs
[2025-07-06T13:12:34.188+0000] {logging_mixin.py:188} INFO - [2025-07-06T13:12:34.188+0000] {dag.py:3954} INFO - Setting next_dagrun for trustpilot_pipeline to None, run_after=None
[2025-07-06T13:12:34.207+0000] {processor.py:183} INFO - Processing /opt/airflow/dags/trustpilot_dag.py took 1.672 seconds
[2025-07-06T13:13:04.321+0000] {processor.py:161} INFO - Started process (PID=11163) to work on /opt/airflow/dags/trustpilot_dag.py
[2025-07-06T13:13:04.322+0000] {processor.py:830} INFO - Processing file /opt/airflow/dags/trustpilot_dag.py for tasks to queue
[2025-07-06T13:13:04.324+0000] {logging_mixin.py:188} INFO - [2025-07-06T13:13:04.324+0000] {dagbag.py:545} INFO - Filling up the DagBag from /opt/airflow/dags/trustpilot_dag.py
[2025-07-06T13:13:05.915+0000] {logging_mixin.py:188} INFO - 📁 Fichier .env chargé
[2025-07-06T13:13:05.915+0000] {logging_mixin.py:188} INFO - 👉 Mode scraping : prod
[2025-07-06T13:13:05.915+0000] {logging_mixin.py:188} INFO - 👉 Fichier d’entrée : data/verbatims_test.csv
[2025-07-06T13:13:05.924+0000] {processor.py:840} INFO - DAG(s) 'trustpilot_pipeline' retrieved from /opt/airflow/dags/trustpilot_dag.py
[2025-07-06T13:13:05.952+0000] {logging_mixin.py:188} INFO - [2025-07-06T13:13:05.951+0000] {dag.py:3096} INFO - Sync 1 DAGs
[2025-07-06T13:13:05.967+0000] {logging_mixin.py:188} INFO - [2025-07-06T13:13:05.967+0000] {dag.py:3954} INFO - Setting next_dagrun for trustpilot_pipeline to None, run_after=None
[2025-07-06T13:13:05.986+0000] {processor.py:183} INFO - Processing /opt/airflow/dags/trustpilot_dag.py took 1.673 seconds
[2025-07-06T13:13:36.102+0000] {processor.py:161} INFO - Started process (PID=11169) to work on /opt/airflow/dags/trustpilot_dag.py
[2025-07-06T13:13:36.102+0000] {processor.py:830} INFO - Processing file /opt/airflow/dags/trustpilot_dag.py for tasks to queue
[2025-07-06T13:13:36.105+0000] {logging_mixin.py:188} INFO - [2025-07-06T13:13:36.104+0000] {dagbag.py:545} INFO - Filling up the DagBag from /opt/airflow/dags/trustpilot_dag.py
[2025-07-06T13:13:37.696+0000] {logging_mixin.py:188} INFO - 📁 Fichier .env chargé
[2025-07-06T13:13:37.696+0000] {logging_mixin.py:188} INFO - 👉 Mode scraping : prod
[2025-07-06T13:13:37.696+0000] {logging_mixin.py:188} INFO - 👉 Fichier d’entrée : data/verbatims_test.csv
[2025-07-06T13:13:37.704+0000] {processor.py:840} INFO - DAG(s) 'trustpilot_pipeline' retrieved from /opt/airflow/dags/trustpilot_dag.py
[2025-07-06T13:13:37.732+0000] {logging_mixin.py:188} INFO - [2025-07-06T13:13:37.731+0000] {dag.py:3096} INFO - Sync 1 DAGs
[2025-07-06T13:13:37.747+0000] {logging_mixin.py:188} INFO - [2025-07-06T13:13:37.747+0000] {dag.py:3954} INFO - Setting next_dagrun for trustpilot_pipeline to None, run_after=None
[2025-07-06T13:13:37.766+0000] {processor.py:183} INFO - Processing /opt/airflow/dags/trustpilot_dag.py took 1.673 seconds
[2025-07-06T13:14:07.883+0000] {processor.py:161} INFO - Started process (PID=11175) to work on /opt/airflow/dags/trustpilot_dag.py
[2025-07-06T13:14:07.885+0000] {processor.py:830} INFO - Processing file /opt/airflow/dags/trustpilot_dag.py for tasks to queue
[2025-07-06T13:14:07.887+0000] {logging_mixin.py:188} INFO - [2025-07-06T13:14:07.886+0000] {dagbag.py:545} INFO - Filling up the DagBag from /opt/airflow/dags/trustpilot_dag.py
[2025-07-06T13:14:09.484+0000] {logging_mixin.py:188} INFO - 📁 Fichier .env chargé
[2025-07-06T13:14:09.485+0000] {logging_mixin.py:188} INFO - 👉 Mode scraping : prod
[2025-07-06T13:14:09.485+0000] {logging_mixin.py:188} INFO - 👉 Fichier d’entrée : data/verbatims_test.csv
[2025-07-06T13:14:09.492+0000] {processor.py:840} INFO - DAG(s) 'trustpilot_pipeline' retrieved from /opt/airflow/dags/trustpilot_dag.py
[2025-07-06T13:14:09.520+0000] {logging_mixin.py:188} INFO - [2025-07-06T13:14:09.519+0000] {dag.py:3096} INFO - Sync 1 DAGs
[2025-07-06T13:14:09.535+0000] {logging_mixin.py:188} INFO - [2025-07-06T13:14:09.535+0000] {dag.py:3954} INFO - Setting next_dagrun for trustpilot_pipeline to None, run_after=None
[2025-07-06T13:14:09.556+0000] {processor.py:183} INFO - Processing /opt/airflow/dags/trustpilot_dag.py took 1.681 seconds
[2025-07-06T13:14:39.623+0000] {processor.py:161} INFO - Started process (PID=11181) to work on /opt/airflow/dags/trustpilot_dag.py
[2025-07-06T13:14:39.624+0000] {processor.py:830} INFO - Processing file /opt/airflow/dags/trustpilot_dag.py for tasks to queue
[2025-07-06T13:14:39.626+0000] {logging_mixin.py:188} INFO - [2025-07-06T13:14:39.625+0000] {dagbag.py:545} INFO - Filling up the DagBag from /opt/airflow/dags/trustpilot_dag.py
[2025-07-06T13:14:41.218+0000] {logging_mixin.py:188} INFO - 📁 Fichier .env chargé
[2025-07-06T13:14:41.218+0000] {logging_mixin.py:188} INFO - 👉 Mode scraping : prod
[2025-07-06T13:14:41.218+0000] {logging_mixin.py:188} INFO - 👉 Fichier d’entrée : data/verbatims_test.csv
[2025-07-06T13:14:41.226+0000] {processor.py:840} INFO - DAG(s) 'trustpilot_pipeline' retrieved from /opt/airflow/dags/trustpilot_dag.py
[2025-07-06T13:14:41.253+0000] {logging_mixin.py:188} INFO - [2025-07-06T13:14:41.253+0000] {dag.py:3096} INFO - Sync 1 DAGs
[2025-07-06T13:14:41.270+0000] {logging_mixin.py:188} INFO - [2025-07-06T13:14:41.270+0000] {dag.py:3954} INFO - Setting next_dagrun for trustpilot_pipeline to None, run_after=None
[2025-07-06T13:14:41.289+0000] {processor.py:183} INFO - Processing /opt/airflow/dags/trustpilot_dag.py took 1.675 seconds
[2025-07-06T13:15:11.414+0000] {processor.py:161} INFO - Started process (PID=11187) to work on /opt/airflow/dags/trustpilot_dag.py
[2025-07-06T13:15:11.415+0000] {processor.py:830} INFO - Processing file /opt/airflow/dags/trustpilot_dag.py for tasks to queue
[2025-07-06T13:15:11.417+0000] {logging_mixin.py:188} INFO - [2025-07-06T13:15:11.417+0000] {dagbag.py:545} INFO - Filling up the DagBag from /opt/airflow/dags/trustpilot_dag.py
[2025-07-06T13:15:13.008+0000] {logging_mixin.py:188} INFO - 📁 Fichier .env chargé
[2025-07-06T13:15:13.008+0000] {logging_mixin.py:188} INFO - 👉 Mode scraping : prod
[2025-07-06T13:15:13.008+0000] {logging_mixin.py:188} INFO - 👉 Fichier d’entrée : data/verbatims_test.csv
[2025-07-06T13:15:13.015+0000] {processor.py:840} INFO - DAG(s) 'trustpilot_pipeline' retrieved from /opt/airflow/dags/trustpilot_dag.py
[2025-07-06T13:15:13.045+0000] {logging_mixin.py:188} INFO - [2025-07-06T13:15:13.044+0000] {dag.py:3096} INFO - Sync 1 DAGs
[2025-07-06T13:15:13.060+0000] {logging_mixin.py:188} INFO - [2025-07-06T13:15:13.060+0000] {dag.py:3954} INFO - Setting next_dagrun for trustpilot_pipeline to None, run_after=None
[2025-07-06T13:15:13.079+0000] {processor.py:183} INFO - Processing /opt/airflow/dags/trustpilot_dag.py took 1.673 seconds
[2025-07-06T13:15:43.196+0000] {processor.py:161} INFO - Started process (PID=11193) to work on /opt/airflow/dags/trustpilot_dag.py
[2025-07-06T13:15:43.198+0000] {processor.py:830} INFO - Processing file /opt/airflow/dags/trustpilot_dag.py for tasks to queue
[2025-07-06T13:15:43.200+0000] {logging_mixin.py:188} INFO - [2025-07-06T13:15:43.200+0000] {dagbag.py:545} INFO - Filling up the DagBag from /opt/airflow/dags/trustpilot_dag.py
[2025-07-06T13:15:44.819+0000] {logging_mixin.py:188} INFO - 📁 Fichier .env chargé
[2025-07-06T13:15:44.819+0000] {logging_mixin.py:188} INFO - 👉 Mode scraping : prod
[2025-07-06T13:15:44.820+0000] {logging_mixin.py:188} INFO - 👉 Fichier d’entrée : data/verbatims_test.csv
[2025-07-06T13:15:44.828+0000] {processor.py:840} INFO - DAG(s) 'trustpilot_pipeline' retrieved from /opt/airflow/dags/trustpilot_dag.py
[2025-07-06T13:15:44.857+0000] {logging_mixin.py:188} INFO - [2025-07-06T13:15:44.856+0000] {dag.py:3096} INFO - Sync 1 DAGs
[2025-07-06T13:15:44.872+0000] {logging_mixin.py:188} INFO - [2025-07-06T13:15:44.872+0000] {dag.py:3954} INFO - Setting next_dagrun for trustpilot_pipeline to None, run_after=None
[2025-07-06T13:15:44.891+0000] {processor.py:183} INFO - Processing /opt/airflow/dags/trustpilot_dag.py took 1.705 seconds
[2025-07-06T13:16:14.950+0000] {processor.py:161} INFO - Started process (PID=11199) to work on /opt/airflow/dags/trustpilot_dag.py
[2025-07-06T13:16:14.950+0000] {processor.py:830} INFO - Processing file /opt/airflow/dags/trustpilot_dag.py for tasks to queue
[2025-07-06T13:16:14.953+0000] {logging_mixin.py:188} INFO - [2025-07-06T13:16:14.952+0000] {dagbag.py:545} INFO - Filling up the DagBag from /opt/airflow/dags/trustpilot_dag.py
[2025-07-06T13:16:16.543+0000] {logging_mixin.py:188} INFO - 📁 Fichier .env chargé
[2025-07-06T13:16:16.543+0000] {logging_mixin.py:188} INFO - 👉 Mode scraping : prod
[2025-07-06T13:16:16.543+0000] {logging_mixin.py:188} INFO - 👉 Fichier d’entrée : data/verbatims_test.csv
[2025-07-06T13:16:16.551+0000] {processor.py:840} INFO - DAG(s) 'trustpilot_pipeline' retrieved from /opt/airflow/dags/trustpilot_dag.py
[2025-07-06T13:16:16.578+0000] {logging_mixin.py:188} INFO - [2025-07-06T13:16:16.578+0000] {dag.py:3096} INFO - Sync 1 DAGs
[2025-07-06T13:16:16.594+0000] {logging_mixin.py:188} INFO - [2025-07-06T13:16:16.594+0000] {dag.py:3954} INFO - Setting next_dagrun for trustpilot_pipeline to None, run_after=None
[2025-07-06T13:16:16.613+0000] {processor.py:183} INFO - Processing /opt/airflow/dags/trustpilot_dag.py took 1.672 seconds
[2025-07-06T13:16:46.742+0000] {processor.py:161} INFO - Started process (PID=11205) to work on /opt/airflow/dags/trustpilot_dag.py
[2025-07-06T13:16:46.743+0000] {processor.py:830} INFO - Processing file /opt/airflow/dags/trustpilot_dag.py for tasks to queue
[2025-07-06T13:16:46.745+0000] {logging_mixin.py:188} INFO - [2025-07-06T13:16:46.745+0000] {dagbag.py:545} INFO - Filling up the DagBag from /opt/airflow/dags/trustpilot_dag.py
[2025-07-06T13:16:48.375+0000] {logging_mixin.py:188} INFO - 📁 Fichier .env chargé
[2025-07-06T13:16:48.375+0000] {logging_mixin.py:188} INFO - 👉 Mode scraping : prod
[2025-07-06T13:16:48.375+0000] {logging_mixin.py:188} INFO - 👉 Fichier d’entrée : data/verbatims_test.csv
[2025-07-06T13:16:48.383+0000] {processor.py:840} INFO - DAG(s) 'trustpilot_pipeline' retrieved from /opt/airflow/dags/trustpilot_dag.py
[2025-07-06T13:16:48.411+0000] {logging_mixin.py:188} INFO - [2025-07-06T13:16:48.411+0000] {dag.py:3096} INFO - Sync 1 DAGs
[2025-07-06T13:16:48.427+0000] {logging_mixin.py:188} INFO - [2025-07-06T13:16:48.427+0000] {dag.py:3954} INFO - Setting next_dagrun for trustpilot_pipeline to None, run_after=None
[2025-07-06T13:16:48.446+0000] {processor.py:183} INFO - Processing /opt/airflow/dags/trustpilot_dag.py took 1.715 seconds
[2025-07-06T13:17:18.565+0000] {processor.py:161} INFO - Started process (PID=11211) to work on /opt/airflow/dags/trustpilot_dag.py
[2025-07-06T13:17:18.566+0000] {processor.py:830} INFO - Processing file /opt/airflow/dags/trustpilot_dag.py for tasks to queue
[2025-07-06T13:17:18.568+0000] {logging_mixin.py:188} INFO - [2025-07-06T13:17:18.568+0000] {dagbag.py:545} INFO - Filling up the DagBag from /opt/airflow/dags/trustpilot_dag.py
[2025-07-06T13:17:20.162+0000] {logging_mixin.py:188} INFO - 📁 Fichier .env chargé
[2025-07-06T13:17:20.162+0000] {logging_mixin.py:188} INFO - 👉 Mode scraping : prod
[2025-07-06T13:17:20.162+0000] {logging_mixin.py:188} INFO - 👉 Fichier d’entrée : data/verbatims_test.csv
[2025-07-06T13:17:20.169+0000] {processor.py:840} INFO - DAG(s) 'trustpilot_pipeline' retrieved from /opt/airflow/dags/trustpilot_dag.py
[2025-07-06T13:17:20.197+0000] {logging_mixin.py:188} INFO - [2025-07-06T13:17:20.197+0000] {dag.py:3096} INFO - Sync 1 DAGs
[2025-07-06T13:17:20.214+0000] {logging_mixin.py:188} INFO - [2025-07-06T13:17:20.214+0000] {dag.py:3954} INFO - Setting next_dagrun for trustpilot_pipeline to None, run_after=None
[2025-07-06T13:17:20.233+0000] {processor.py:183} INFO - Processing /opt/airflow/dags/trustpilot_dag.py took 1.677 seconds
[2025-07-06T13:17:50.282+0000] {processor.py:161} INFO - Started process (PID=11217) to work on /opt/airflow/dags/trustpilot_dag.py
[2025-07-06T13:17:50.283+0000] {processor.py:830} INFO - Processing file /opt/airflow/dags/trustpilot_dag.py for tasks to queue
[2025-07-06T13:17:50.285+0000] {logging_mixin.py:188} INFO - [2025-07-06T13:17:50.284+0000] {dagbag.py:545} INFO - Filling up the DagBag from /opt/airflow/dags/trustpilot_dag.py
[2025-07-06T13:17:51.881+0000] {logging_mixin.py:188} INFO - 📁 Fichier .env chargé
[2025-07-06T13:17:51.881+0000] {logging_mixin.py:188} INFO - 👉 Mode scraping : prod
[2025-07-06T13:17:51.881+0000] {logging_mixin.py:188} INFO - 👉 Fichier d’entrée : data/verbatims_test.csv
[2025-07-06T13:17:51.889+0000] {processor.py:840} INFO - DAG(s) 'trustpilot_pipeline' retrieved from /opt/airflow/dags/trustpilot_dag.py
[2025-07-06T13:17:51.917+0000] {logging_mixin.py:188} INFO - [2025-07-06T13:17:51.916+0000] {dag.py:3096} INFO - Sync 1 DAGs
[2025-07-06T13:17:51.934+0000] {logging_mixin.py:188} INFO - [2025-07-06T13:17:51.933+0000] {dag.py:3954} INFO - Setting next_dagrun for trustpilot_pipeline to None, run_after=None
[2025-07-06T13:17:51.953+0000] {processor.py:183} INFO - Processing /opt/airflow/dags/trustpilot_dag.py took 1.680 seconds
[2025-07-06T13:18:22.075+0000] {processor.py:161} INFO - Started process (PID=11223) to work on /opt/airflow/dags/trustpilot_dag.py
[2025-07-06T13:18:22.076+0000] {processor.py:830} INFO - Processing file /opt/airflow/dags/trustpilot_dag.py for tasks to queue
[2025-07-06T13:18:22.078+0000] {logging_mixin.py:188} INFO - [2025-07-06T13:18:22.077+0000] {dagbag.py:545} INFO - Filling up the DagBag from /opt/airflow/dags/trustpilot_dag.py
[2025-07-06T13:18:23.667+0000] {logging_mixin.py:188} INFO - 📁 Fichier .env chargé
[2025-07-06T13:18:23.668+0000] {logging_mixin.py:188} INFO - 👉 Mode scraping : prod
[2025-07-06T13:18:23.668+0000] {logging_mixin.py:188} INFO - 👉 Fichier d’entrée : data/verbatims_test.csv
[2025-07-06T13:18:23.675+0000] {processor.py:840} INFO - DAG(s) 'trustpilot_pipeline' retrieved from /opt/airflow/dags/trustpilot_dag.py
[2025-07-06T13:18:23.704+0000] {logging_mixin.py:188} INFO - [2025-07-06T13:18:23.704+0000] {dag.py:3096} INFO - Sync 1 DAGs
[2025-07-06T13:18:23.720+0000] {logging_mixin.py:188} INFO - [2025-07-06T13:18:23.719+0000] {dag.py:3954} INFO - Setting next_dagrun for trustpilot_pipeline to None, run_after=None
[2025-07-06T13:18:23.738+0000] {processor.py:183} INFO - Processing /opt/airflow/dags/trustpilot_dag.py took 1.672 seconds
[2025-07-06T13:18:53.860+0000] {processor.py:161} INFO - Started process (PID=11229) to work on /opt/airflow/dags/trustpilot_dag.py
[2025-07-06T13:18:53.861+0000] {processor.py:830} INFO - Processing file /opt/airflow/dags/trustpilot_dag.py for tasks to queue
[2025-07-06T13:18:53.863+0000] {logging_mixin.py:188} INFO - [2025-07-06T13:18:53.863+0000] {dagbag.py:545} INFO - Filling up the DagBag from /opt/airflow/dags/trustpilot_dag.py
[2025-07-06T13:18:55.458+0000] {logging_mixin.py:188} INFO - 📁 Fichier .env chargé
[2025-07-06T13:18:55.458+0000] {logging_mixin.py:188} INFO - 👉 Mode scraping : prod
[2025-07-06T13:18:55.458+0000] {logging_mixin.py:188} INFO - 👉 Fichier d’entrée : data/verbatims_test.csv
[2025-07-06T13:18:55.465+0000] {processor.py:840} INFO - DAG(s) 'trustpilot_pipeline' retrieved from /opt/airflow/dags/trustpilot_dag.py
[2025-07-06T13:18:55.494+0000] {logging_mixin.py:188} INFO - [2025-07-06T13:18:55.493+0000] {dag.py:3096} INFO - Sync 1 DAGs
[2025-07-06T13:18:55.509+0000] {logging_mixin.py:188} INFO - [2025-07-06T13:18:55.509+0000] {dag.py:3954} INFO - Setting next_dagrun for trustpilot_pipeline to None, run_after=None
[2025-07-06T13:18:55.528+0000] {processor.py:183} INFO - Processing /opt/airflow/dags/trustpilot_dag.py took 1.677 seconds
[2025-07-06T13:19:25.632+0000] {processor.py:161} INFO - Started process (PID=11235) to work on /opt/airflow/dags/trustpilot_dag.py
[2025-07-06T13:19:25.632+0000] {processor.py:830} INFO - Processing file /opt/airflow/dags/trustpilot_dag.py for tasks to queue
[2025-07-06T13:19:25.634+0000] {logging_mixin.py:188} INFO - [2025-07-06T13:19:25.634+0000] {dagbag.py:545} INFO - Filling up the DagBag from /opt/airflow/dags/trustpilot_dag.py
[2025-07-06T13:19:27.224+0000] {logging_mixin.py:188} INFO - 📁 Fichier .env chargé
[2025-07-06T13:19:27.224+0000] {logging_mixin.py:188} INFO - 👉 Mode scraping : prod
[2025-07-06T13:19:27.224+0000] {logging_mixin.py:188} INFO - 👉 Fichier d’entrée : data/verbatims_test.csv
[2025-07-06T13:19:27.232+0000] {processor.py:840} INFO - DAG(s) 'trustpilot_pipeline' retrieved from /opt/airflow/dags/trustpilot_dag.py
[2025-07-06T13:19:27.259+0000] {logging_mixin.py:188} INFO - [2025-07-06T13:19:27.259+0000] {dag.py:3096} INFO - Sync 1 DAGs
[2025-07-06T13:19:27.275+0000] {logging_mixin.py:188} INFO - [2025-07-06T13:19:27.274+0000] {dag.py:3954} INFO - Setting next_dagrun for trustpilot_pipeline to None, run_after=None
[2025-07-06T13:19:27.293+0000] {processor.py:183} INFO - Processing /opt/airflow/dags/trustpilot_dag.py took 1.670 seconds
[2025-07-06T13:19:57.423+0000] {processor.py:161} INFO - Started process (PID=11241) to work on /opt/airflow/dags/trustpilot_dag.py
[2025-07-06T13:19:57.424+0000] {processor.py:830} INFO - Processing file /opt/airflow/dags/trustpilot_dag.py for tasks to queue
[2025-07-06T13:19:57.426+0000] {logging_mixin.py:188} INFO - [2025-07-06T13:19:57.426+0000] {dagbag.py:545} INFO - Filling up the DagBag from /opt/airflow/dags/trustpilot_dag.py
[2025-07-06T13:19:59.022+0000] {logging_mixin.py:188} INFO - 📁 Fichier .env chargé
[2025-07-06T13:19:59.022+0000] {logging_mixin.py:188} INFO - 👉 Mode scraping : prod
[2025-07-06T13:19:59.022+0000] {logging_mixin.py:188} INFO - 👉 Fichier d’entrée : data/verbatims_test.csv
[2025-07-06T13:19:59.029+0000] {processor.py:840} INFO - DAG(s) 'trustpilot_pipeline' retrieved from /opt/airflow/dags/trustpilot_dag.py
[2025-07-06T13:19:59.057+0000] {logging_mixin.py:188} INFO - [2025-07-06T13:19:59.057+0000] {dag.py:3096} INFO - Sync 1 DAGs
[2025-07-06T13:19:59.073+0000] {logging_mixin.py:188} INFO - [2025-07-06T13:19:59.072+0000] {dag.py:3954} INFO - Setting next_dagrun for trustpilot_pipeline to None, run_after=None
[2025-07-06T13:19:59.093+0000] {processor.py:183} INFO - Processing /opt/airflow/dags/trustpilot_dag.py took 1.679 seconds
[2025-07-06T13:20:29.217+0000] {processor.py:161} INFO - Started process (PID=11247) to work on /opt/airflow/dags/trustpilot_dag.py
[2025-07-06T13:20:29.218+0000] {processor.py:830} INFO - Processing file /opt/airflow/dags/trustpilot_dag.py for tasks to queue
[2025-07-06T13:20:29.220+0000] {logging_mixin.py:188} INFO - [2025-07-06T13:20:29.220+0000] {dagbag.py:545} INFO - Filling up the DagBag from /opt/airflow/dags/trustpilot_dag.py
[2025-07-06T13:20:30.838+0000] {logging_mixin.py:188} INFO - 📁 Fichier .env chargé
[2025-07-06T13:20:30.839+0000] {logging_mixin.py:188} INFO - 👉 Mode scraping : prod
[2025-07-06T13:20:30.839+0000] {logging_mixin.py:188} INFO - 👉 Fichier d’entrée : data/verbatims_test.csv
[2025-07-06T13:20:30.846+0000] {processor.py:840} INFO - DAG(s) 'trustpilot_pipeline' retrieved from /opt/airflow/dags/trustpilot_dag.py
[2025-07-06T13:20:30.875+0000] {logging_mixin.py:188} INFO - [2025-07-06T13:20:30.875+0000] {dag.py:3096} INFO - Sync 1 DAGs
[2025-07-06T13:20:30.892+0000] {logging_mixin.py:188} INFO - [2025-07-06T13:20:30.892+0000] {dag.py:3954} INFO - Setting next_dagrun for trustpilot_pipeline to None, run_after=None
[2025-07-06T13:20:30.914+0000] {processor.py:183} INFO - Processing /opt/airflow/dags/trustpilot_dag.py took 1.708 seconds
[2025-07-06T13:21:01.024+0000] {processor.py:161} INFO - Started process (PID=11253) to work on /opt/airflow/dags/trustpilot_dag.py
[2025-07-06T13:21:01.025+0000] {processor.py:830} INFO - Processing file /opt/airflow/dags/trustpilot_dag.py for tasks to queue
[2025-07-06T13:21:01.027+0000] {logging_mixin.py:188} INFO - [2025-07-06T13:21:01.027+0000] {dagbag.py:545} INFO - Filling up the DagBag from /opt/airflow/dags/trustpilot_dag.py
[2025-07-06T13:21:02.625+0000] {logging_mixin.py:188} INFO - 📁 Fichier .env chargé
[2025-07-06T13:21:02.625+0000] {logging_mixin.py:188} INFO - 👉 Mode scraping : prod
[2025-07-06T13:21:02.626+0000] {logging_mixin.py:188} INFO - 👉 Fichier d’entrée : data/verbatims_test.csv
[2025-07-06T13:21:02.633+0000] {processor.py:840} INFO - DAG(s) 'trustpilot_pipeline' retrieved from /opt/airflow/dags/trustpilot_dag.py
[2025-07-06T13:21:02.662+0000] {logging_mixin.py:188} INFO - [2025-07-06T13:21:02.662+0000] {dag.py:3096} INFO - Sync 1 DAGs
[2025-07-06T13:21:02.678+0000] {logging_mixin.py:188} INFO - [2025-07-06T13:21:02.677+0000] {dag.py:3954} INFO - Setting next_dagrun for trustpilot_pipeline to None, run_after=None
[2025-07-06T13:21:02.696+0000] {processor.py:183} INFO - Processing /opt/airflow/dags/trustpilot_dag.py took 1.681 seconds
[2025-07-06T13:21:32.829+0000] {processor.py:161} INFO - Started process (PID=11259) to work on /opt/airflow/dags/trustpilot_dag.py
[2025-07-06T13:21:32.830+0000] {processor.py:830} INFO - Processing file /opt/airflow/dags/trustpilot_dag.py for tasks to queue
[2025-07-06T13:21:32.832+0000] {logging_mixin.py:188} INFO - [2025-07-06T13:21:32.832+0000] {dagbag.py:545} INFO - Filling up the DagBag from /opt/airflow/dags/trustpilot_dag.py
[2025-07-06T13:21:34.420+0000] {logging_mixin.py:188} INFO - 📁 Fichier .env chargé
[2025-07-06T13:21:34.421+0000] {logging_mixin.py:188} INFO - 👉 Mode scraping : prod
[2025-07-06T13:21:34.421+0000] {logging_mixin.py:188} INFO - 👉 Fichier d’entrée : data/verbatims_test.csv
[2025-07-06T13:21:34.429+0000] {processor.py:840} INFO - DAG(s) 'trustpilot_pipeline' retrieved from /opt/airflow/dags/trustpilot_dag.py
[2025-07-06T13:21:34.457+0000] {logging_mixin.py:188} INFO - [2025-07-06T13:21:34.457+0000] {dag.py:3096} INFO - Sync 1 DAGs
[2025-07-06T13:21:34.473+0000] {logging_mixin.py:188} INFO - [2025-07-06T13:21:34.473+0000] {dag.py:3954} INFO - Setting next_dagrun for trustpilot_pipeline to None, run_after=None
[2025-07-06T13:21:34.492+0000] {processor.py:183} INFO - Processing /opt/airflow/dags/trustpilot_dag.py took 1.672 seconds
[2025-07-06T13:22:04.610+0000] {processor.py:161} INFO - Started process (PID=11265) to work on /opt/airflow/dags/trustpilot_dag.py
[2025-07-06T13:22:04.611+0000] {processor.py:830} INFO - Processing file /opt/airflow/dags/trustpilot_dag.py for tasks to queue
[2025-07-06T13:22:04.613+0000] {logging_mixin.py:188} INFO - [2025-07-06T13:22:04.613+0000] {dagbag.py:545} INFO - Filling up the DagBag from /opt/airflow/dags/trustpilot_dag.py
[2025-07-06T13:22:06.203+0000] {logging_mixin.py:188} INFO - 📁 Fichier .env chargé
[2025-07-06T13:22:06.203+0000] {logging_mixin.py:188} INFO - 👉 Mode scraping : prod
[2025-07-06T13:22:06.204+0000] {logging_mixin.py:188} INFO - 👉 Fichier d’entrée : data/verbatims_test.csv
[2025-07-06T13:22:06.211+0000] {processor.py:840} INFO - DAG(s) 'trustpilot_pipeline' retrieved from /opt/airflow/dags/trustpilot_dag.py
[2025-07-06T13:22:06.239+0000] {logging_mixin.py:188} INFO - [2025-07-06T13:22:06.238+0000] {dag.py:3096} INFO - Sync 1 DAGs
[2025-07-06T13:22:06.254+0000] {logging_mixin.py:188} INFO - [2025-07-06T13:22:06.254+0000] {dag.py:3954} INFO - Setting next_dagrun for trustpilot_pipeline to None, run_after=None
[2025-07-06T13:22:06.273+0000] {processor.py:183} INFO - Processing /opt/airflow/dags/trustpilot_dag.py took 1.672 seconds
[2025-07-06T13:22:36.387+0000] {processor.py:161} INFO - Started process (PID=11271) to work on /opt/airflow/dags/trustpilot_dag.py
[2025-07-06T13:22:36.388+0000] {processor.py:830} INFO - Processing file /opt/airflow/dags/trustpilot_dag.py for tasks to queue
[2025-07-06T13:22:36.391+0000] {logging_mixin.py:188} INFO - [2025-07-06T13:22:36.391+0000] {dagbag.py:545} INFO - Filling up the DagBag from /opt/airflow/dags/trustpilot_dag.py
[2025-07-06T13:22:38.013+0000] {logging_mixin.py:188} INFO - 📁 Fichier .env chargé
[2025-07-06T13:22:38.013+0000] {logging_mixin.py:188} INFO - 👉 Mode scraping : prod
[2025-07-06T13:22:38.014+0000] {logging_mixin.py:188} INFO - 👉 Fichier d’entrée : data/verbatims_test.csv
[2025-07-06T13:22:38.021+0000] {processor.py:840} INFO - DAG(s) 'trustpilot_pipeline' retrieved from /opt/airflow/dags/trustpilot_dag.py
[2025-07-06T13:22:38.050+0000] {logging_mixin.py:188} INFO - [2025-07-06T13:22:38.049+0000] {dag.py:3096} INFO - Sync 1 DAGs
[2025-07-06T13:22:38.065+0000] {logging_mixin.py:188} INFO - [2025-07-06T13:22:38.065+0000] {dag.py:3954} INFO - Setting next_dagrun for trustpilot_pipeline to None, run_after=None
[2025-07-06T13:22:38.084+0000] {processor.py:183} INFO - Processing /opt/airflow/dags/trustpilot_dag.py took 1.708 seconds
[2025-07-06T13:23:08.208+0000] {processor.py:161} INFO - Started process (PID=11277) to work on /opt/airflow/dags/trustpilot_dag.py
[2025-07-06T13:23:08.209+0000] {processor.py:830} INFO - Processing file /opt/airflow/dags/trustpilot_dag.py for tasks to queue
[2025-07-06T13:23:08.211+0000] {logging_mixin.py:188} INFO - [2025-07-06T13:23:08.210+0000] {dagbag.py:545} INFO - Filling up the DagBag from /opt/airflow/dags/trustpilot_dag.py
[2025-07-06T13:23:09.807+0000] {logging_mixin.py:188} INFO - 📁 Fichier .env chargé
[2025-07-06T13:23:09.808+0000] {logging_mixin.py:188} INFO - 👉 Mode scraping : prod
[2025-07-06T13:23:09.808+0000] {logging_mixin.py:188} INFO - 👉 Fichier d’entrée : data/verbatims_test.csv
[2025-07-06T13:23:09.815+0000] {processor.py:840} INFO - DAG(s) 'trustpilot_pipeline' retrieved from /opt/airflow/dags/trustpilot_dag.py
[2025-07-06T13:23:09.844+0000] {logging_mixin.py:188} INFO - [2025-07-06T13:23:09.843+0000] {dag.py:3096} INFO - Sync 1 DAGs
[2025-07-06T13:23:09.861+0000] {logging_mixin.py:188} INFO - [2025-07-06T13:23:09.861+0000] {dag.py:3954} INFO - Setting next_dagrun for trustpilot_pipeline to None, run_after=None
[2025-07-06T13:23:09.880+0000] {processor.py:183} INFO - Processing /opt/airflow/dags/trustpilot_dag.py took 1.681 seconds
[2025-07-06T13:23:40.001+0000] {processor.py:161} INFO - Started process (PID=11283) to work on /opt/airflow/dags/trustpilot_dag.py
[2025-07-06T13:23:40.002+0000] {processor.py:830} INFO - Processing file /opt/airflow/dags/trustpilot_dag.py for tasks to queue
[2025-07-06T13:23:40.004+0000] {logging_mixin.py:188} INFO - [2025-07-06T13:23:40.003+0000] {dagbag.py:545} INFO - Filling up the DagBag from /opt/airflow/dags/trustpilot_dag.py
[2025-07-06T13:23:41.596+0000] {logging_mixin.py:188} INFO - 📁 Fichier .env chargé
[2025-07-06T13:23:41.597+0000] {logging_mixin.py:188} INFO - 👉 Mode scraping : prod
[2025-07-06T13:23:41.597+0000] {logging_mixin.py:188} INFO - 👉 Fichier d’entrée : data/verbatims_test.csv
[2025-07-06T13:23:41.604+0000] {processor.py:840} INFO - DAG(s) 'trustpilot_pipeline' retrieved from /opt/airflow/dags/trustpilot_dag.py
[2025-07-06T13:23:41.634+0000] {logging_mixin.py:188} INFO - [2025-07-06T13:23:41.634+0000] {dag.py:3096} INFO - Sync 1 DAGs
[2025-07-06T13:23:41.650+0000] {logging_mixin.py:188} INFO - [2025-07-06T13:23:41.650+0000] {dag.py:3954} INFO - Setting next_dagrun for trustpilot_pipeline to None, run_after=None
[2025-07-06T13:23:41.669+0000] {processor.py:183} INFO - Processing /opt/airflow/dags/trustpilot_dag.py took 1.677 seconds
[2025-07-06T13:24:11.791+0000] {processor.py:161} INFO - Started process (PID=11289) to work on /opt/airflow/dags/trustpilot_dag.py
[2025-07-06T13:24:11.792+0000] {processor.py:830} INFO - Processing file /opt/airflow/dags/trustpilot_dag.py for tasks to queue
[2025-07-06T13:24:11.794+0000] {logging_mixin.py:188} INFO - [2025-07-06T13:24:11.794+0000] {dagbag.py:545} INFO - Filling up the DagBag from /opt/airflow/dags/trustpilot_dag.py
[2025-07-06T13:24:13.532+0000] {logging_mixin.py:188} INFO - 📁 Fichier .env chargé
[2025-07-06T13:24:13.532+0000] {logging_mixin.py:188} INFO - 👉 Mode scraping : prod
[2025-07-06T13:24:13.533+0000] {logging_mixin.py:188} INFO - 👉 Fichier d’entrée : data/verbatims_test.csv
[2025-07-06T13:24:13.541+0000] {processor.py:840} INFO - DAG(s) 'trustpilot_pipeline' retrieved from /opt/airflow/dags/trustpilot_dag.py
[2025-07-06T13:24:13.573+0000] {logging_mixin.py:188} INFO - [2025-07-06T13:24:13.573+0000] {dag.py:3096} INFO - Sync 1 DAGs
[2025-07-06T13:24:13.590+0000] {logging_mixin.py:188} INFO - [2025-07-06T13:24:13.590+0000] {dag.py:3954} INFO - Setting next_dagrun for trustpilot_pipeline to None, run_after=None
[2025-07-06T13:24:13.610+0000] {processor.py:183} INFO - Processing /opt/airflow/dags/trustpilot_dag.py took 1.829 seconds
[2025-07-06T13:24:43.756+0000] {processor.py:161} INFO - Started process (PID=11295) to work on /opt/airflow/dags/trustpilot_dag.py
[2025-07-06T13:24:43.757+0000] {processor.py:830} INFO - Processing file /opt/airflow/dags/trustpilot_dag.py for tasks to queue
[2025-07-06T13:24:43.759+0000] {logging_mixin.py:188} INFO - [2025-07-06T13:24:43.759+0000] {dagbag.py:545} INFO - Filling up the DagBag from /opt/airflow/dags/trustpilot_dag.py
[2025-07-06T13:24:45.481+0000] {logging_mixin.py:188} INFO - 📁 Fichier .env chargé
[2025-07-06T13:24:45.482+0000] {logging_mixin.py:188} INFO - 👉 Mode scraping : prod
[2025-07-06T13:24:45.482+0000] {logging_mixin.py:188} INFO - 👉 Fichier d’entrée : data/verbatims_test.csv
[2025-07-06T13:24:45.490+0000] {processor.py:840} INFO - DAG(s) 'trustpilot_pipeline' retrieved from /opt/airflow/dags/trustpilot_dag.py
[2025-07-06T13:24:45.520+0000] {logging_mixin.py:188} INFO - [2025-07-06T13:24:45.519+0000] {dag.py:3096} INFO - Sync 1 DAGs
[2025-07-06T13:24:45.537+0000] {logging_mixin.py:188} INFO - [2025-07-06T13:24:45.536+0000] {dag.py:3954} INFO - Setting next_dagrun for trustpilot_pipeline to None, run_after=None
[2025-07-06T13:24:45.556+0000] {processor.py:183} INFO - Processing /opt/airflow/dags/trustpilot_dag.py took 1.810 seconds
[2025-07-06T13:25:15.696+0000] {processor.py:161} INFO - Started process (PID=11301) to work on /opt/airflow/dags/trustpilot_dag.py
[2025-07-06T13:25:15.697+0000] {processor.py:830} INFO - Processing file /opt/airflow/dags/trustpilot_dag.py for tasks to queue
[2025-07-06T13:25:15.700+0000] {logging_mixin.py:188} INFO - [2025-07-06T13:25:15.699+0000] {dagbag.py:545} INFO - Filling up the DagBag from /opt/airflow/dags/trustpilot_dag.py
[2025-07-06T13:25:17.424+0000] {logging_mixin.py:188} INFO - 📁 Fichier .env chargé
[2025-07-06T13:25:17.424+0000] {logging_mixin.py:188} INFO - 👉 Mode scraping : prod
[2025-07-06T13:25:17.424+0000] {logging_mixin.py:188} INFO - 👉 Fichier d’entrée : data/verbatims_test.csv
[2025-07-06T13:25:17.432+0000] {processor.py:840} INFO - DAG(s) 'trustpilot_pipeline' retrieved from /opt/airflow/dags/trustpilot_dag.py
[2025-07-06T13:25:17.463+0000] {logging_mixin.py:188} INFO - [2025-07-06T13:25:17.463+0000] {dag.py:3096} INFO - Sync 1 DAGs
[2025-07-06T13:25:17.480+0000] {logging_mixin.py:188} INFO - [2025-07-06T13:25:17.480+0000] {dag.py:3954} INFO - Setting next_dagrun for trustpilot_pipeline to None, run_after=None
[2025-07-06T13:25:17.500+0000] {processor.py:183} INFO - Processing /opt/airflow/dags/trustpilot_dag.py took 1.816 seconds
[2025-07-06T13:25:47.634+0000] {processor.py:161} INFO - Started process (PID=11307) to work on /opt/airflow/dags/trustpilot_dag.py
[2025-07-06T13:25:47.636+0000] {processor.py:830} INFO - Processing file /opt/airflow/dags/trustpilot_dag.py for tasks to queue
[2025-07-06T13:25:47.638+0000] {logging_mixin.py:188} INFO - [2025-07-06T13:25:47.637+0000] {dagbag.py:545} INFO - Filling up the DagBag from /opt/airflow/dags/trustpilot_dag.py
[2025-07-06T13:25:49.357+0000] {logging_mixin.py:188} INFO - 📁 Fichier .env chargé
[2025-07-06T13:25:49.357+0000] {logging_mixin.py:188} INFO - 👉 Mode scraping : prod
[2025-07-06T13:25:49.357+0000] {logging_mixin.py:188} INFO - 👉 Fichier d’entrée : data/verbatims_test.csv
[2025-07-06T13:25:49.365+0000] {processor.py:840} INFO - DAG(s) 'trustpilot_pipeline' retrieved from /opt/airflow/dags/trustpilot_dag.py
[2025-07-06T13:25:49.395+0000] {logging_mixin.py:188} INFO - [2025-07-06T13:25:49.394+0000] {dag.py:3096} INFO - Sync 1 DAGs
[2025-07-06T13:25:49.411+0000] {logging_mixin.py:188} INFO - [2025-07-06T13:25:49.411+0000] {dag.py:3954} INFO - Setting next_dagrun for trustpilot_pipeline to None, run_after=None
[2025-07-06T13:25:49.434+0000] {processor.py:183} INFO - Processing /opt/airflow/dags/trustpilot_dag.py took 1.809 seconds
[2025-07-06T13:26:19.568+0000] {processor.py:161} INFO - Started process (PID=11313) to work on /opt/airflow/dags/trustpilot_dag.py
[2025-07-06T13:26:19.569+0000] {processor.py:830} INFO - Processing file /opt/airflow/dags/trustpilot_dag.py for tasks to queue
[2025-07-06T13:26:19.571+0000] {logging_mixin.py:188} INFO - [2025-07-06T13:26:19.570+0000] {dagbag.py:545} INFO - Filling up the DagBag from /opt/airflow/dags/trustpilot_dag.py
[2025-07-06T13:26:21.252+0000] {logging_mixin.py:188} INFO - 📁 Fichier .env chargé
[2025-07-06T13:26:21.253+0000] {logging_mixin.py:188} INFO - 👉 Mode scraping : prod
[2025-07-06T13:26:21.253+0000] {logging_mixin.py:188} INFO - 👉 Fichier d’entrée : data/verbatims_test.csv
[2025-07-06T13:26:21.261+0000] {processor.py:840} INFO - DAG(s) 'trustpilot_pipeline' retrieved from /opt/airflow/dags/trustpilot_dag.py
[2025-07-06T13:26:21.291+0000] {logging_mixin.py:188} INFO - [2025-07-06T13:26:21.291+0000] {dag.py:3096} INFO - Sync 1 DAGs
[2025-07-06T13:26:21.309+0000] {logging_mixin.py:188} INFO - [2025-07-06T13:26:21.309+0000] {dag.py:3954} INFO - Setting next_dagrun for trustpilot_pipeline to None, run_after=None
[2025-07-06T13:26:21.330+0000] {processor.py:183} INFO - Processing /opt/airflow/dags/trustpilot_dag.py took 1.772 seconds
[2025-07-06T13:26:51.466+0000] {processor.py:161} INFO - Started process (PID=11319) to work on /opt/airflow/dags/trustpilot_dag.py
[2025-07-06T13:26:51.467+0000] {processor.py:830} INFO - Processing file /opt/airflow/dags/trustpilot_dag.py for tasks to queue
[2025-07-06T13:26:51.470+0000] {logging_mixin.py:188} INFO - [2025-07-06T13:26:51.470+0000] {dagbag.py:545} INFO - Filling up the DagBag from /opt/airflow/dags/trustpilot_dag.py
[2025-07-06T13:26:53.187+0000] {logging_mixin.py:188} INFO - 📁 Fichier .env chargé
[2025-07-06T13:26:53.187+0000] {logging_mixin.py:188} INFO - 👉 Mode scraping : prod
[2025-07-06T13:26:53.188+0000] {logging_mixin.py:188} INFO - 👉 Fichier d’entrée : data/verbatims_test.csv
[2025-07-06T13:26:53.195+0000] {processor.py:840} INFO - DAG(s) 'trustpilot_pipeline' retrieved from /opt/airflow/dags/trustpilot_dag.py
[2025-07-06T13:26:53.228+0000] {logging_mixin.py:188} INFO - [2025-07-06T13:26:53.228+0000] {dag.py:3096} INFO - Sync 1 DAGs
[2025-07-06T13:26:53.245+0000] {logging_mixin.py:188} INFO - [2025-07-06T13:26:53.245+0000] {dag.py:3954} INFO - Setting next_dagrun for trustpilot_pipeline to None, run_after=None
[2025-07-06T13:26:53.265+0000] {processor.py:183} INFO - Processing /opt/airflow/dags/trustpilot_dag.py took 1.810 seconds
[2025-07-06T13:27:23.384+0000] {processor.py:161} INFO - Started process (PID=11325) to work on /opt/airflow/dags/trustpilot_dag.py
[2025-07-06T13:27:23.385+0000] {processor.py:830} INFO - Processing file /opt/airflow/dags/trustpilot_dag.py for tasks to queue
[2025-07-06T13:27:23.387+0000] {logging_mixin.py:188} INFO - [2025-07-06T13:27:23.387+0000] {dagbag.py:545} INFO - Filling up the DagBag from /opt/airflow/dags/trustpilot_dag.py
[2025-07-06T13:27:25.066+0000] {logging_mixin.py:188} INFO - 📁 Fichier .env chargé
[2025-07-06T13:27:25.067+0000] {logging_mixin.py:188} INFO - 👉 Mode scraping : prod
[2025-07-06T13:27:25.067+0000] {logging_mixin.py:188} INFO - 👉 Fichier d’entrée : data/verbatims_test.csv
[2025-07-06T13:27:25.076+0000] {processor.py:840} INFO - DAG(s) 'trustpilot_pipeline' retrieved from /opt/airflow/dags/trustpilot_dag.py
[2025-07-06T13:27:25.107+0000] {logging_mixin.py:188} INFO - [2025-07-06T13:27:25.106+0000] {dag.py:3096} INFO - Sync 1 DAGs
[2025-07-06T13:27:25.123+0000] {logging_mixin.py:188} INFO - [2025-07-06T13:27:25.123+0000] {dag.py:3954} INFO - Setting next_dagrun for trustpilot_pipeline to None, run_after=None
[2025-07-06T13:27:25.143+0000] {processor.py:183} INFO - Processing /opt/airflow/dags/trustpilot_dag.py took 1.769 seconds
[2025-07-06T13:27:55.282+0000] {processor.py:161} INFO - Started process (PID=11331) to work on /opt/airflow/dags/trustpilot_dag.py
[2025-07-06T13:27:55.283+0000] {processor.py:830} INFO - Processing file /opt/airflow/dags/trustpilot_dag.py for tasks to queue
[2025-07-06T13:27:55.285+0000] {logging_mixin.py:188} INFO - [2025-07-06T13:27:55.285+0000] {dagbag.py:545} INFO - Filling up the DagBag from /opt/airflow/dags/trustpilot_dag.py
[2025-07-06T13:27:57.001+0000] {logging_mixin.py:188} INFO - 📁 Fichier .env chargé
[2025-07-06T13:27:57.002+0000] {logging_mixin.py:188} INFO - 👉 Mode scraping : prod
[2025-07-06T13:27:57.002+0000] {logging_mixin.py:188} INFO - 👉 Fichier d’entrée : data/verbatims_test.csv
[2025-07-06T13:27:57.010+0000] {processor.py:840} INFO - DAG(s) 'trustpilot_pipeline' retrieved from /opt/airflow/dags/trustpilot_dag.py
[2025-07-06T13:27:57.039+0000] {logging_mixin.py:188} INFO - [2025-07-06T13:27:57.039+0000] {dag.py:3096} INFO - Sync 1 DAGs
[2025-07-06T13:27:57.056+0000] {logging_mixin.py:188} INFO - [2025-07-06T13:27:57.056+0000] {dag.py:3954} INFO - Setting next_dagrun for trustpilot_pipeline to None, run_after=None
[2025-07-06T13:27:57.076+0000] {processor.py:183} INFO - Processing /opt/airflow/dags/trustpilot_dag.py took 1.804 seconds
[2025-07-06T13:28:27.211+0000] {processor.py:161} INFO - Started process (PID=11337) to work on /opt/airflow/dags/trustpilot_dag.py
[2025-07-06T13:28:27.212+0000] {processor.py:830} INFO - Processing file /opt/airflow/dags/trustpilot_dag.py for tasks to queue
[2025-07-06T13:28:27.215+0000] {logging_mixin.py:188} INFO - [2025-07-06T13:28:27.214+0000] {dagbag.py:545} INFO - Filling up the DagBag from /opt/airflow/dags/trustpilot_dag.py
[2025-07-06T13:28:28.229+0000] {logging_mixin.py:188} INFO - 📁 Fichier .env chargé
[2025-07-06T13:28:28.229+0000] {logging_mixin.py:188} INFO - 👉 Mode scraping : prod
[2025-07-06T13:28:28.229+0000] {logging_mixin.py:188} INFO - 👉 Fichier d’entrée : data/verbatims_test.csv
[2025-07-06T13:28:28.234+0000] {processor.py:840} INFO - DAG(s) 'trustpilot_pipeline' retrieved from /opt/airflow/dags/trustpilot_dag.py
[2025-07-06T13:28:28.254+0000] {logging_mixin.py:188} INFO - [2025-07-06T13:28:28.253+0000] {dag.py:3096} INFO - Sync 1 DAGs
[2025-07-06T13:28:28.263+0000] {logging_mixin.py:188} INFO - [2025-07-06T13:28:28.263+0000] {dag.py:3954} INFO - Setting next_dagrun for trustpilot_pipeline to None, run_after=None
[2025-07-06T13:28:28.278+0000] {processor.py:183} INFO - Processing /opt/airflow/dags/trustpilot_dag.py took 1.076 seconds
[2025-07-06T13:28:58.323+0000] {processor.py:161} INFO - Started process (PID=11343) to work on /opt/airflow/dags/trustpilot_dag.py
[2025-07-06T13:28:58.324+0000] {processor.py:830} INFO - Processing file /opt/airflow/dags/trustpilot_dag.py for tasks to queue
[2025-07-06T13:28:58.327+0000] {logging_mixin.py:188} INFO - [2025-07-06T13:28:58.326+0000] {dagbag.py:545} INFO - Filling up the DagBag from /opt/airflow/dags/trustpilot_dag.py
[2025-07-06T13:29:00.043+0000] {logging_mixin.py:188} INFO - 📁 Fichier .env chargé
[2025-07-06T13:29:00.043+0000] {logging_mixin.py:188} INFO - 👉 Mode scraping : prod
[2025-07-06T13:29:00.043+0000] {logging_mixin.py:188} INFO - 👉 Fichier d’entrée : data/verbatims_test.csv
[2025-07-06T13:29:00.052+0000] {processor.py:840} INFO - DAG(s) 'trustpilot_pipeline' retrieved from /opt/airflow/dags/trustpilot_dag.py
[2025-07-06T13:29:00.082+0000] {logging_mixin.py:188} INFO - [2025-07-06T13:29:00.081+0000] {dag.py:3096} INFO - Sync 1 DAGs
[2025-07-06T13:29:00.100+0000] {logging_mixin.py:188} INFO - [2025-07-06T13:29:00.100+0000] {dag.py:3954} INFO - Setting next_dagrun for trustpilot_pipeline to None, run_after=None
[2025-07-06T13:29:00.120+0000] {processor.py:183} INFO - Processing /opt/airflow/dags/trustpilot_dag.py took 1.806 seconds
[2025-07-06T13:29:30.255+0000] {processor.py:161} INFO - Started process (PID=11349) to work on /opt/airflow/dags/trustpilot_dag.py
[2025-07-06T13:29:30.256+0000] {processor.py:830} INFO - Processing file /opt/airflow/dags/trustpilot_dag.py for tasks to queue
[2025-07-06T13:29:30.259+0000] {logging_mixin.py:188} INFO - [2025-07-06T13:29:30.259+0000] {dagbag.py:545} INFO - Filling up the DagBag from /opt/airflow/dags/trustpilot_dag.py
[2025-07-06T13:29:31.974+0000] {logging_mixin.py:188} INFO - 📁 Fichier .env chargé
[2025-07-06T13:29:31.974+0000] {logging_mixin.py:188} INFO - 👉 Mode scraping : prod
[2025-07-06T13:29:31.975+0000] {logging_mixin.py:188} INFO - 👉 Fichier d’entrée : data/verbatims_test.csv
[2025-07-06T13:29:31.983+0000] {processor.py:840} INFO - DAG(s) 'trustpilot_pipeline' retrieved from /opt/airflow/dags/trustpilot_dag.py
[2025-07-06T13:29:32.016+0000] {logging_mixin.py:188} INFO - [2025-07-06T13:29:32.015+0000] {dag.py:3096} INFO - Sync 1 DAGs
[2025-07-06T13:29:32.032+0000] {logging_mixin.py:188} INFO - [2025-07-06T13:29:32.032+0000] {dag.py:3954} INFO - Setting next_dagrun for trustpilot_pipeline to None, run_after=None
[2025-07-06T13:29:32.052+0000] {processor.py:183} INFO - Processing /opt/airflow/dags/trustpilot_dag.py took 1.808 seconds
[2025-07-06T13:30:02.188+0000] {processor.py:161} INFO - Started process (PID=11355) to work on /opt/airflow/dags/trustpilot_dag.py
[2025-07-06T13:30:02.189+0000] {processor.py:830} INFO - Processing file /opt/airflow/dags/trustpilot_dag.py for tasks to queue
[2025-07-06T13:30:02.192+0000] {logging_mixin.py:188} INFO - [2025-07-06T13:30:02.191+0000] {dagbag.py:545} INFO - Filling up the DagBag from /opt/airflow/dags/trustpilot_dag.py
[2025-07-06T13:30:03.908+0000] {logging_mixin.py:188} INFO - 📁 Fichier .env chargé
[2025-07-06T13:30:03.908+0000] {logging_mixin.py:188} INFO - 👉 Mode scraping : prod
[2025-07-06T13:30:03.909+0000] {logging_mixin.py:188} INFO - 👉 Fichier d’entrée : data/verbatims_test.csv
[2025-07-06T13:30:03.916+0000] {processor.py:840} INFO - DAG(s) 'trustpilot_pipeline' retrieved from /opt/airflow/dags/trustpilot_dag.py
[2025-07-06T13:30:03.949+0000] {logging_mixin.py:188} INFO - [2025-07-06T13:30:03.948+0000] {dag.py:3096} INFO - Sync 1 DAGs
[2025-07-06T13:30:03.965+0000] {logging_mixin.py:188} INFO - [2025-07-06T13:30:03.965+0000] {dag.py:3954} INFO - Setting next_dagrun for trustpilot_pipeline to None, run_after=None
[2025-07-06T13:30:03.987+0000] {processor.py:183} INFO - Processing /opt/airflow/dags/trustpilot_dag.py took 1.808 seconds
[2025-07-06T13:30:34.117+0000] {processor.py:161} INFO - Started process (PID=11361) to work on /opt/airflow/dags/trustpilot_dag.py
[2025-07-06T13:30:34.119+0000] {processor.py:830} INFO - Processing file /opt/airflow/dags/trustpilot_dag.py for tasks to queue
[2025-07-06T13:30:34.121+0000] {logging_mixin.py:188} INFO - [2025-07-06T13:30:34.120+0000] {dagbag.py:545} INFO - Filling up the DagBag from /opt/airflow/dags/trustpilot_dag.py
[2025-07-06T13:30:35.840+0000] {logging_mixin.py:188} INFO - 📁 Fichier .env chargé
[2025-07-06T13:30:35.841+0000] {logging_mixin.py:188} INFO - 👉 Mode scraping : prod
[2025-07-06T13:30:35.841+0000] {logging_mixin.py:188} INFO - 👉 Fichier d’entrée : data/verbatims_test.csv
[2025-07-06T13:30:35.849+0000] {processor.py:840} INFO - DAG(s) 'trustpilot_pipeline' retrieved from /opt/airflow/dags/trustpilot_dag.py
[2025-07-06T13:30:35.879+0000] {logging_mixin.py:188} INFO - [2025-07-06T13:30:35.879+0000] {dag.py:3096} INFO - Sync 1 DAGs
[2025-07-06T13:30:35.896+0000] {logging_mixin.py:188} INFO - [2025-07-06T13:30:35.896+0000] {dag.py:3954} INFO - Setting next_dagrun for trustpilot_pipeline to None, run_after=None
[2025-07-06T13:30:35.916+0000] {processor.py:183} INFO - Processing /opt/airflow/dags/trustpilot_dag.py took 1.808 seconds
[2025-07-06T13:31:06.047+0000] {processor.py:161} INFO - Started process (PID=11367) to work on /opt/airflow/dags/trustpilot_dag.py
[2025-07-06T13:31:06.048+0000] {processor.py:830} INFO - Processing file /opt/airflow/dags/trustpilot_dag.py for tasks to queue
[2025-07-06T13:31:06.051+0000] {logging_mixin.py:188} INFO - [2025-07-06T13:31:06.050+0000] {dagbag.py:545} INFO - Filling up the DagBag from /opt/airflow/dags/trustpilot_dag.py
[2025-07-06T13:31:07.738+0000] {logging_mixin.py:188} INFO - 📁 Fichier .env chargé
[2025-07-06T13:31:07.738+0000] {logging_mixin.py:188} INFO - 👉 Mode scraping : prod
[2025-07-06T13:31:07.738+0000] {logging_mixin.py:188} INFO - 👉 Fichier d’entrée : data/verbatims_test.csv
[2025-07-06T13:31:07.746+0000] {processor.py:840} INFO - DAG(s) 'trustpilot_pipeline' retrieved from /opt/airflow/dags/trustpilot_dag.py
[2025-07-06T13:31:07.776+0000] {logging_mixin.py:188} INFO - [2025-07-06T13:31:07.776+0000] {dag.py:3096} INFO - Sync 1 DAGs
[2025-07-06T13:31:07.792+0000] {logging_mixin.py:188} INFO - [2025-07-06T13:31:07.792+0000] {dag.py:3954} INFO - Setting next_dagrun for trustpilot_pipeline to None, run_after=None
[2025-07-06T13:31:07.812+0000] {processor.py:183} INFO - Processing /opt/airflow/dags/trustpilot_dag.py took 1.774 seconds
[2025-07-06T13:31:37.884+0000] {processor.py:161} INFO - Started process (PID=11373) to work on /opt/airflow/dags/trustpilot_dag.py
[2025-07-06T13:31:37.885+0000] {processor.py:830} INFO - Processing file /opt/airflow/dags/trustpilot_dag.py for tasks to queue
[2025-07-06T13:31:37.888+0000] {logging_mixin.py:188} INFO - [2025-07-06T13:31:37.887+0000] {dagbag.py:545} INFO - Filling up the DagBag from /opt/airflow/dags/trustpilot_dag.py
[2025-07-06T13:31:39.607+0000] {logging_mixin.py:188} INFO - 📁 Fichier .env chargé
[2025-07-06T13:31:39.607+0000] {logging_mixin.py:188} INFO - 👉 Mode scraping : prod
[2025-07-06T13:31:39.607+0000] {logging_mixin.py:188} INFO - 👉 Fichier d’entrée : data/verbatims_test.csv
[2025-07-06T13:31:39.615+0000] {processor.py:840} INFO - DAG(s) 'trustpilot_pipeline' retrieved from /opt/airflow/dags/trustpilot_dag.py
[2025-07-06T13:31:39.646+0000] {logging_mixin.py:188} INFO - [2025-07-06T13:31:39.645+0000] {dag.py:3096} INFO - Sync 1 DAGs
[2025-07-06T13:31:39.665+0000] {logging_mixin.py:188} INFO - [2025-07-06T13:31:39.664+0000] {dag.py:3954} INFO - Setting next_dagrun for trustpilot_pipeline to None, run_after=None
[2025-07-06T13:31:39.685+0000] {processor.py:183} INFO - Processing /opt/airflow/dags/trustpilot_dag.py took 1.810 seconds
[2025-07-06T13:32:09.831+0000] {processor.py:161} INFO - Started process (PID=11379) to work on /opt/airflow/dags/trustpilot_dag.py
[2025-07-06T13:32:09.832+0000] {processor.py:830} INFO - Processing file /opt/airflow/dags/trustpilot_dag.py for tasks to queue
[2025-07-06T13:32:09.835+0000] {logging_mixin.py:188} INFO - [2025-07-06T13:32:09.834+0000] {dagbag.py:545} INFO - Filling up the DagBag from /opt/airflow/dags/trustpilot_dag.py
[2025-07-06T13:32:10.800+0000] {logging_mixin.py:188} INFO - 📁 Fichier .env chargé
[2025-07-06T13:32:10.801+0000] {logging_mixin.py:188} INFO - 👉 Mode scraping : prod
[2025-07-06T13:32:10.801+0000] {logging_mixin.py:188} INFO - 👉 Fichier d’entrée : data/verbatims_test.csv
[2025-07-06T13:32:10.805+0000] {processor.py:840} INFO - DAG(s) 'trustpilot_pipeline' retrieved from /opt/airflow/dags/trustpilot_dag.py
[2025-07-06T13:32:10.833+0000] {logging_mixin.py:188} INFO - [2025-07-06T13:32:10.833+0000] {dag.py:3096} INFO - Sync 1 DAGs
[2025-07-06T13:32:10.849+0000] {logging_mixin.py:188} INFO - [2025-07-06T13:32:10.849+0000] {dag.py:3954} INFO - Setting next_dagrun for trustpilot_pipeline to None, run_after=None
[2025-07-06T13:32:10.864+0000] {processor.py:183} INFO - Processing /opt/airflow/dags/trustpilot_dag.py took 1.045 seconds
[2025-07-06T13:32:40.938+0000] {processor.py:161} INFO - Started process (PID=11385) to work on /opt/airflow/dags/trustpilot_dag.py
[2025-07-06T13:32:40.939+0000] {processor.py:830} INFO - Processing file /opt/airflow/dags/trustpilot_dag.py for tasks to queue
[2025-07-06T13:32:40.941+0000] {logging_mixin.py:188} INFO - [2025-07-06T13:32:40.940+0000] {dagbag.py:545} INFO - Filling up the DagBag from /opt/airflow/dags/trustpilot_dag.py
[2025-07-06T13:32:42.624+0000] {logging_mixin.py:188} INFO - 📁 Fichier .env chargé
[2025-07-06T13:32:42.625+0000] {logging_mixin.py:188} INFO - 👉 Mode scraping : prod
[2025-07-06T13:32:42.625+0000] {logging_mixin.py:188} INFO - 👉 Fichier d’entrée : data/verbatims_test.csv
[2025-07-06T13:32:42.633+0000] {processor.py:840} INFO - DAG(s) 'trustpilot_pipeline' retrieved from /opt/airflow/dags/trustpilot_dag.py
[2025-07-06T13:32:42.665+0000] {logging_mixin.py:188} INFO - [2025-07-06T13:32:42.664+0000] {dag.py:3096} INFO - Sync 1 DAGs
[2025-07-06T13:32:42.681+0000] {logging_mixin.py:188} INFO - [2025-07-06T13:32:42.681+0000] {dag.py:3954} INFO - Setting next_dagrun for trustpilot_pipeline to None, run_after=None
[2025-07-06T13:32:42.701+0000] {processor.py:183} INFO - Processing /opt/airflow/dags/trustpilot_dag.py took 1.773 seconds
[2025-07-06T13:33:12.852+0000] {processor.py:161} INFO - Started process (PID=11391) to work on /opt/airflow/dags/trustpilot_dag.py
[2025-07-06T13:33:12.853+0000] {processor.py:830} INFO - Processing file /opt/airflow/dags/trustpilot_dag.py for tasks to queue
[2025-07-06T13:33:12.856+0000] {logging_mixin.py:188} INFO - [2025-07-06T13:33:12.855+0000] {dagbag.py:545} INFO - Filling up the DagBag from /opt/airflow/dags/trustpilot_dag.py
[2025-07-06T13:33:14.552+0000] {logging_mixin.py:188} INFO - 📁 Fichier .env chargé
[2025-07-06T13:33:14.552+0000] {logging_mixin.py:188} INFO - 👉 Mode scraping : prod
[2025-07-06T13:33:14.553+0000] {logging_mixin.py:188} INFO - 👉 Fichier d’entrée : data/verbatims_test.csv
[2025-07-06T13:33:14.560+0000] {processor.py:840} INFO - DAG(s) 'trustpilot_pipeline' retrieved from /opt/airflow/dags/trustpilot_dag.py
[2025-07-06T13:33:14.591+0000] {logging_mixin.py:188} INFO - [2025-07-06T13:33:14.590+0000] {dag.py:3096} INFO - Sync 1 DAGs
[2025-07-06T13:33:14.608+0000] {logging_mixin.py:188} INFO - [2025-07-06T13:33:14.608+0000] {dag.py:3954} INFO - Setting next_dagrun for trustpilot_pipeline to None, run_after=None
[2025-07-06T13:33:14.628+0000] {processor.py:183} INFO - Processing /opt/airflow/dags/trustpilot_dag.py took 1.788 seconds
[2025-07-06T13:33:44.765+0000] {processor.py:161} INFO - Started process (PID=11397) to work on /opt/airflow/dags/trustpilot_dag.py
[2025-07-06T13:33:44.766+0000] {processor.py:830} INFO - Processing file /opt/airflow/dags/trustpilot_dag.py for tasks to queue
[2025-07-06T13:33:44.768+0000] {logging_mixin.py:188} INFO - [2025-07-06T13:33:44.768+0000] {dagbag.py:545} INFO - Filling up the DagBag from /opt/airflow/dags/trustpilot_dag.py
[2025-07-06T13:33:46.458+0000] {logging_mixin.py:188} INFO - 📁 Fichier .env chargé
[2025-07-06T13:33:46.458+0000] {logging_mixin.py:188} INFO - 👉 Mode scraping : prod
[2025-07-06T13:33:46.458+0000] {logging_mixin.py:188} INFO - 👉 Fichier d’entrée : data/verbatims_test.csv
[2025-07-06T13:33:46.466+0000] {processor.py:840} INFO - DAG(s) 'trustpilot_pipeline' retrieved from /opt/airflow/dags/trustpilot_dag.py
[2025-07-06T13:33:46.496+0000] {logging_mixin.py:188} INFO - [2025-07-06T13:33:46.496+0000] {dag.py:3096} INFO - Sync 1 DAGs
[2025-07-06T13:33:46.513+0000] {logging_mixin.py:188} INFO - [2025-07-06T13:33:46.512+0000] {dag.py:3954} INFO - Setting next_dagrun for trustpilot_pipeline to None, run_after=None
[2025-07-06T13:33:46.533+0000] {processor.py:183} INFO - Processing /opt/airflow/dags/trustpilot_dag.py took 1.777 seconds
[2025-07-06T13:34:16.658+0000] {processor.py:161} INFO - Started process (PID=11403) to work on /opt/airflow/dags/trustpilot_dag.py
[2025-07-06T13:34:16.659+0000] {processor.py:830} INFO - Processing file /opt/airflow/dags/trustpilot_dag.py for tasks to queue
[2025-07-06T13:34:16.661+0000] {logging_mixin.py:188} INFO - [2025-07-06T13:34:16.661+0000] {dagbag.py:545} INFO - Filling up the DagBag from /opt/airflow/dags/trustpilot_dag.py
[2025-07-06T13:34:17.735+0000] {logging_mixin.py:188} INFO - 📁 Fichier .env chargé
[2025-07-06T13:34:17.735+0000] {logging_mixin.py:188} INFO - 👉 Mode scraping : prod
[2025-07-06T13:34:17.735+0000] {logging_mixin.py:188} INFO - 👉 Fichier d’entrée : data/verbatims_test.csv
[2025-07-06T13:34:17.740+0000] {processor.py:840} INFO - DAG(s) 'trustpilot_pipeline' retrieved from /opt/airflow/dags/trustpilot_dag.py
[2025-07-06T13:34:17.768+0000] {logging_mixin.py:188} INFO - [2025-07-06T13:34:17.767+0000] {dag.py:3096} INFO - Sync 1 DAGs
[2025-07-06T13:34:17.785+0000] {logging_mixin.py:188} INFO - [2025-07-06T13:34:17.784+0000] {dag.py:3954} INFO - Setting next_dagrun for trustpilot_pipeline to None, run_after=None
[2025-07-06T13:34:17.808+0000] {processor.py:183} INFO - Processing /opt/airflow/dags/trustpilot_dag.py took 1.160 seconds
[2025-07-06T13:34:47.928+0000] {processor.py:161} INFO - Started process (PID=11409) to work on /opt/airflow/dags/trustpilot_dag.py
[2025-07-06T13:34:47.929+0000] {processor.py:830} INFO - Processing file /opt/airflow/dags/trustpilot_dag.py for tasks to queue
[2025-07-06T13:34:47.931+0000] {logging_mixin.py:188} INFO - [2025-07-06T13:34:47.931+0000] {dagbag.py:545} INFO - Filling up the DagBag from /opt/airflow/dags/trustpilot_dag.py
[2025-07-06T13:34:49.627+0000] {logging_mixin.py:188} INFO - 📁 Fichier .env chargé
[2025-07-06T13:34:49.628+0000] {logging_mixin.py:188} INFO - 👉 Mode scraping : prod
[2025-07-06T13:34:49.628+0000] {logging_mixin.py:188} INFO - 👉 Fichier d’entrée : data/verbatims_test.csv
[2025-07-06T13:34:49.636+0000] {processor.py:840} INFO - DAG(s) 'trustpilot_pipeline' retrieved from /opt/airflow/dags/trustpilot_dag.py
[2025-07-06T13:34:49.666+0000] {logging_mixin.py:188} INFO - [2025-07-06T13:34:49.665+0000] {dag.py:3096} INFO - Sync 1 DAGs
[2025-07-06T13:34:49.684+0000] {logging_mixin.py:188} INFO - [2025-07-06T13:34:49.684+0000] {dag.py:3954} INFO - Setting next_dagrun for trustpilot_pipeline to None, run_after=None
[2025-07-06T13:34:49.704+0000] {processor.py:183} INFO - Processing /opt/airflow/dags/trustpilot_dag.py took 1.786 seconds
[2025-07-06T13:35:19.844+0000] {processor.py:161} INFO - Started process (PID=11415) to work on /opt/airflow/dags/trustpilot_dag.py
[2025-07-06T13:35:19.846+0000] {processor.py:830} INFO - Processing file /opt/airflow/dags/trustpilot_dag.py for tasks to queue
[2025-07-06T13:35:19.848+0000] {logging_mixin.py:188} INFO - [2025-07-06T13:35:19.848+0000] {dagbag.py:545} INFO - Filling up the DagBag from /opt/airflow/dags/trustpilot_dag.py
[2025-07-06T13:35:21.540+0000] {logging_mixin.py:188} INFO - 📁 Fichier .env chargé
[2025-07-06T13:35:21.541+0000] {logging_mixin.py:188} INFO - 👉 Mode scraping : prod
[2025-07-06T13:35:21.541+0000] {logging_mixin.py:188} INFO - 👉 Fichier d’entrée : data/verbatims_test.csv
[2025-07-06T13:35:21.549+0000] {processor.py:840} INFO - DAG(s) 'trustpilot_pipeline' retrieved from /opt/airflow/dags/trustpilot_dag.py
[2025-07-06T13:35:21.582+0000] {logging_mixin.py:188} INFO - [2025-07-06T13:35:21.581+0000] {dag.py:3096} INFO - Sync 1 DAGs
[2025-07-06T13:35:21.599+0000] {logging_mixin.py:188} INFO - [2025-07-06T13:35:21.599+0000] {dag.py:3954} INFO - Setting next_dagrun for trustpilot_pipeline to None, run_after=None
[2025-07-06T13:35:21.622+0000] {processor.py:183} INFO - Processing /opt/airflow/dags/trustpilot_dag.py took 1.789 seconds
[2025-07-06T13:35:51.757+0000] {processor.py:161} INFO - Started process (PID=11421) to work on /opt/airflow/dags/trustpilot_dag.py
[2025-07-06T13:35:51.758+0000] {processor.py:830} INFO - Processing file /opt/airflow/dags/trustpilot_dag.py for tasks to queue
[2025-07-06T13:35:51.761+0000] {logging_mixin.py:188} INFO - [2025-07-06T13:35:51.760+0000] {dagbag.py:545} INFO - Filling up the DagBag from /opt/airflow/dags/trustpilot_dag.py
[2025-07-06T13:35:53.463+0000] {logging_mixin.py:188} INFO - 📁 Fichier .env chargé
[2025-07-06T13:35:53.464+0000] {logging_mixin.py:188} INFO - 👉 Mode scraping : prod
[2025-07-06T13:35:53.464+0000] {logging_mixin.py:188} INFO - 👉 Fichier d’entrée : data/verbatims_test.csv
[2025-07-06T13:35:53.473+0000] {processor.py:840} INFO - DAG(s) 'trustpilot_pipeline' retrieved from /opt/airflow/dags/trustpilot_dag.py
[2025-07-06T13:35:53.503+0000] {logging_mixin.py:188} INFO - [2025-07-06T13:35:53.503+0000] {dag.py:3096} INFO - Sync 1 DAGs
[2025-07-06T13:35:53.520+0000] {logging_mixin.py:188} INFO - [2025-07-06T13:35:53.520+0000] {dag.py:3954} INFO - Setting next_dagrun for trustpilot_pipeline to None, run_after=None
[2025-07-06T13:35:53.540+0000] {processor.py:183} INFO - Processing /opt/airflow/dags/trustpilot_dag.py took 1.792 seconds
[2025-07-06T13:36:23.669+0000] {processor.py:161} INFO - Started process (PID=11427) to work on /opt/airflow/dags/trustpilot_dag.py
[2025-07-06T13:36:23.670+0000] {processor.py:830} INFO - Processing file /opt/airflow/dags/trustpilot_dag.py for tasks to queue
[2025-07-06T13:36:23.672+0000] {logging_mixin.py:188} INFO - [2025-07-06T13:36:23.671+0000] {dagbag.py:545} INFO - Filling up the DagBag from /opt/airflow/dags/trustpilot_dag.py
[2025-07-06T13:36:25.379+0000] {logging_mixin.py:188} INFO - 📁 Fichier .env chargé
[2025-07-06T13:36:25.379+0000] {logging_mixin.py:188} INFO - 👉 Mode scraping : prod
[2025-07-06T13:36:25.380+0000] {logging_mixin.py:188} INFO - 👉 Fichier d’entrée : data/verbatims_test.csv
[2025-07-06T13:36:25.387+0000] {processor.py:840} INFO - DAG(s) 'trustpilot_pipeline' retrieved from /opt/airflow/dags/trustpilot_dag.py
[2025-07-06T13:36:25.418+0000] {logging_mixin.py:188} INFO - [2025-07-06T13:36:25.417+0000] {dag.py:3096} INFO - Sync 1 DAGs
[2025-07-06T13:36:25.434+0000] {logging_mixin.py:188} INFO - [2025-07-06T13:36:25.434+0000] {dag.py:3954} INFO - Setting next_dagrun for trustpilot_pipeline to None, run_after=None
[2025-07-06T13:36:25.454+0000] {processor.py:183} INFO - Processing /opt/airflow/dags/trustpilot_dag.py took 1.795 seconds
[2025-07-06T13:36:55.585+0000] {processor.py:161} INFO - Started process (PID=11433) to work on /opt/airflow/dags/trustpilot_dag.py
[2025-07-06T13:36:55.586+0000] {processor.py:830} INFO - Processing file /opt/airflow/dags/trustpilot_dag.py for tasks to queue
[2025-07-06T13:36:55.589+0000] {logging_mixin.py:188} INFO - [2025-07-06T13:36:55.588+0000] {dagbag.py:545} INFO - Filling up the DagBag from /opt/airflow/dags/trustpilot_dag.py
[2025-07-06T13:36:57.308+0000] {logging_mixin.py:188} INFO - 📁 Fichier .env chargé
[2025-07-06T13:36:57.308+0000] {logging_mixin.py:188} INFO - 👉 Mode scraping : prod
[2025-07-06T13:36:57.308+0000] {logging_mixin.py:188} INFO - 👉 Fichier d’entrée : data/verbatims_test.csv
[2025-07-06T13:36:57.316+0000] {processor.py:840} INFO - DAG(s) 'trustpilot_pipeline' retrieved from /opt/airflow/dags/trustpilot_dag.py
[2025-07-06T13:36:57.347+0000] {logging_mixin.py:188} INFO - [2025-07-06T13:36:57.347+0000] {dag.py:3096} INFO - Sync 1 DAGs
[2025-07-06T13:36:57.364+0000] {logging_mixin.py:188} INFO - [2025-07-06T13:36:57.363+0000] {dag.py:3954} INFO - Setting next_dagrun for trustpilot_pipeline to None, run_after=None
[2025-07-06T13:36:57.384+0000] {processor.py:183} INFO - Processing /opt/airflow/dags/trustpilot_dag.py took 1.808 seconds
[2025-07-06T13:37:27.510+0000] {processor.py:161} INFO - Started process (PID=11439) to work on /opt/airflow/dags/trustpilot_dag.py
[2025-07-06T13:37:27.511+0000] {processor.py:830} INFO - Processing file /opt/airflow/dags/trustpilot_dag.py for tasks to queue
[2025-07-06T13:37:27.513+0000] {logging_mixin.py:188} INFO - [2025-07-06T13:37:27.513+0000] {dagbag.py:545} INFO - Filling up the DagBag from /opt/airflow/dags/trustpilot_dag.py
[2025-07-06T13:37:29.229+0000] {logging_mixin.py:188} INFO - 📁 Fichier .env chargé
[2025-07-06T13:37:29.230+0000] {logging_mixin.py:188} INFO - 👉 Mode scraping : prod
[2025-07-06T13:37:29.230+0000] {logging_mixin.py:188} INFO - 👉 Fichier d’entrée : data/verbatims_test.csv
[2025-07-06T13:37:29.238+0000] {processor.py:840} INFO - DAG(s) 'trustpilot_pipeline' retrieved from /opt/airflow/dags/trustpilot_dag.py
[2025-07-06T13:37:29.268+0000] {logging_mixin.py:188} INFO - [2025-07-06T13:37:29.267+0000] {dag.py:3096} INFO - Sync 1 DAGs
[2025-07-06T13:37:29.286+0000] {logging_mixin.py:188} INFO - [2025-07-06T13:37:29.286+0000] {dag.py:3954} INFO - Setting next_dagrun for trustpilot_pipeline to None, run_after=None
[2025-07-06T13:37:29.306+0000] {processor.py:183} INFO - Processing /opt/airflow/dags/trustpilot_dag.py took 1.806 seconds
[2025-07-06T13:37:59.451+0000] {processor.py:161} INFO - Started process (PID=11445) to work on /opt/airflow/dags/trustpilot_dag.py
[2025-07-06T13:37:59.452+0000] {processor.py:830} INFO - Processing file /opt/airflow/dags/trustpilot_dag.py for tasks to queue
[2025-07-06T13:37:59.454+0000] {logging_mixin.py:188} INFO - [2025-07-06T13:37:59.454+0000] {dagbag.py:545} INFO - Filling up the DagBag from /opt/airflow/dags/trustpilot_dag.py
[2025-07-06T13:38:01.171+0000] {logging_mixin.py:188} INFO - 📁 Fichier .env chargé
[2025-07-06T13:38:01.172+0000] {logging_mixin.py:188} INFO - 👉 Mode scraping : prod
[2025-07-06T13:38:01.172+0000] {logging_mixin.py:188} INFO - 👉 Fichier d’entrée : data/verbatims_test.csv
[2025-07-06T13:38:01.180+0000] {processor.py:840} INFO - DAG(s) 'trustpilot_pipeline' retrieved from /opt/airflow/dags/trustpilot_dag.py
[2025-07-06T13:38:01.210+0000] {logging_mixin.py:188} INFO - [2025-07-06T13:38:01.209+0000] {dag.py:3096} INFO - Sync 1 DAGs
[2025-07-06T13:38:01.229+0000] {logging_mixin.py:188} INFO - [2025-07-06T13:38:01.229+0000] {dag.py:3954} INFO - Setting next_dagrun for trustpilot_pipeline to None, run_after=None
[2025-07-06T13:38:01.250+0000] {processor.py:183} INFO - Processing /opt/airflow/dags/trustpilot_dag.py took 1.808 seconds
[2025-07-06T13:38:31.393+0000] {processor.py:161} INFO - Started process (PID=11451) to work on /opt/airflow/dags/trustpilot_dag.py
[2025-07-06T13:38:31.394+0000] {processor.py:830} INFO - Processing file /opt/airflow/dags/trustpilot_dag.py for tasks to queue
[2025-07-06T13:38:31.397+0000] {logging_mixin.py:188} INFO - [2025-07-06T13:38:31.396+0000] {dagbag.py:545} INFO - Filling up the DagBag from /opt/airflow/dags/trustpilot_dag.py
[2025-07-06T13:38:33.107+0000] {logging_mixin.py:188} INFO - 📁 Fichier .env chargé
[2025-07-06T13:38:33.108+0000] {logging_mixin.py:188} INFO - 👉 Mode scraping : prod
[2025-07-06T13:38:33.108+0000] {logging_mixin.py:188} INFO - 👉 Fichier d’entrée : data/verbatims_test.csv
[2025-07-06T13:38:33.116+0000] {processor.py:840} INFO - DAG(s) 'trustpilot_pipeline' retrieved from /opt/airflow/dags/trustpilot_dag.py
[2025-07-06T13:38:33.148+0000] {logging_mixin.py:188} INFO - [2025-07-06T13:38:33.148+0000] {dag.py:3096} INFO - Sync 1 DAGs
[2025-07-06T13:38:33.165+0000] {logging_mixin.py:188} INFO - [2025-07-06T13:38:33.165+0000] {dag.py:3954} INFO - Setting next_dagrun for trustpilot_pipeline to None, run_after=None
[2025-07-06T13:38:33.185+0000] {processor.py:183} INFO - Processing /opt/airflow/dags/trustpilot_dag.py took 1.801 seconds
[2025-07-06T13:39:03.322+0000] {processor.py:161} INFO - Started process (PID=11457) to work on /opt/airflow/dags/trustpilot_dag.py
[2025-07-06T13:39:03.323+0000] {processor.py:830} INFO - Processing file /opt/airflow/dags/trustpilot_dag.py for tasks to queue
[2025-07-06T13:39:03.325+0000] {logging_mixin.py:188} INFO - [2025-07-06T13:39:03.325+0000] {dagbag.py:545} INFO - Filling up the DagBag from /opt/airflow/dags/trustpilot_dag.py
[2025-07-06T13:39:05.019+0000] {logging_mixin.py:188} INFO - 📁 Fichier .env chargé
[2025-07-06T13:39:05.020+0000] {logging_mixin.py:188} INFO - 👉 Mode scraping : prod
[2025-07-06T13:39:05.020+0000] {logging_mixin.py:188} INFO - 👉 Fichier d’entrée : data/verbatims_test.csv
[2025-07-06T13:39:05.028+0000] {processor.py:840} INFO - DAG(s) 'trustpilot_pipeline' retrieved from /opt/airflow/dags/trustpilot_dag.py
[2025-07-06T13:39:05.058+0000] {logging_mixin.py:188} INFO - [2025-07-06T13:39:05.058+0000] {dag.py:3096} INFO - Sync 1 DAGs
[2025-07-06T13:39:05.075+0000] {logging_mixin.py:188} INFO - [2025-07-06T13:39:05.075+0000] {dag.py:3954} INFO - Setting next_dagrun for trustpilot_pipeline to None, run_after=None
[2025-07-06T13:39:05.095+0000] {processor.py:183} INFO - Processing /opt/airflow/dags/trustpilot_dag.py took 1.785 seconds
[2025-07-06T13:39:35.231+0000] {processor.py:161} INFO - Started process (PID=11463) to work on /opt/airflow/dags/trustpilot_dag.py
[2025-07-06T13:39:35.232+0000] {processor.py:830} INFO - Processing file /opt/airflow/dags/trustpilot_dag.py for tasks to queue
[2025-07-06T13:39:35.234+0000] {logging_mixin.py:188} INFO - [2025-07-06T13:39:35.234+0000] {dagbag.py:545} INFO - Filling up the DagBag from /opt/airflow/dags/trustpilot_dag.py
[2025-07-06T13:39:36.927+0000] {logging_mixin.py:188} INFO - 📁 Fichier .env chargé
[2025-07-06T13:39:36.927+0000] {logging_mixin.py:188} INFO - 👉 Mode scraping : prod
[2025-07-06T13:39:36.927+0000] {logging_mixin.py:188} INFO - 👉 Fichier d’entrée : data/verbatims_test.csv
[2025-07-06T13:39:36.935+0000] {processor.py:840} INFO - DAG(s) 'trustpilot_pipeline' retrieved from /opt/airflow/dags/trustpilot_dag.py
[2025-07-06T13:39:36.966+0000] {logging_mixin.py:188} INFO - [2025-07-06T13:39:36.965+0000] {dag.py:3096} INFO - Sync 1 DAGs
[2025-07-06T13:39:36.983+0000] {logging_mixin.py:188} INFO - [2025-07-06T13:39:36.983+0000] {dag.py:3954} INFO - Setting next_dagrun for trustpilot_pipeline to None, run_after=None
[2025-07-06T13:39:37.004+0000] {processor.py:183} INFO - Processing /opt/airflow/dags/trustpilot_dag.py took 1.784 seconds
[2025-07-06T13:40:07.124+0000] {processor.py:161} INFO - Started process (PID=11469) to work on /opt/airflow/dags/trustpilot_dag.py
[2025-07-06T13:40:07.125+0000] {processor.py:830} INFO - Processing file /opt/airflow/dags/trustpilot_dag.py for tasks to queue
[2025-07-06T13:40:07.127+0000] {logging_mixin.py:188} INFO - [2025-07-06T13:40:07.127+0000] {dagbag.py:545} INFO - Filling up the DagBag from /opt/airflow/dags/trustpilot_dag.py
[2025-07-06T13:40:08.849+0000] {logging_mixin.py:188} INFO - 📁 Fichier .env chargé
[2025-07-06T13:40:08.850+0000] {logging_mixin.py:188} INFO - 👉 Mode scraping : prod
[2025-07-06T13:40:08.850+0000] {logging_mixin.py:188} INFO - 👉 Fichier d’entrée : data/verbatims_test.csv
[2025-07-06T13:40:08.858+0000] {processor.py:840} INFO - DAG(s) 'trustpilot_pipeline' retrieved from /opt/airflow/dags/trustpilot_dag.py
[2025-07-06T13:40:08.888+0000] {logging_mixin.py:188} INFO - [2025-07-06T13:40:08.888+0000] {dag.py:3096} INFO - Sync 1 DAGs
[2025-07-06T13:40:08.905+0000] {logging_mixin.py:188} INFO - [2025-07-06T13:40:08.905+0000] {dag.py:3954} INFO - Setting next_dagrun for trustpilot_pipeline to None, run_after=None
[2025-07-06T13:40:08.927+0000] {processor.py:183} INFO - Processing /opt/airflow/dags/trustpilot_dag.py took 1.813 seconds
[2025-07-06T13:40:39.070+0000] {processor.py:161} INFO - Started process (PID=11475) to work on /opt/airflow/dags/trustpilot_dag.py
[2025-07-06T13:40:39.071+0000] {processor.py:830} INFO - Processing file /opt/airflow/dags/trustpilot_dag.py for tasks to queue
[2025-07-06T13:40:39.074+0000] {logging_mixin.py:188} INFO - [2025-07-06T13:40:39.073+0000] {dagbag.py:545} INFO - Filling up the DagBag from /opt/airflow/dags/trustpilot_dag.py
[2025-07-06T13:40:40.777+0000] {logging_mixin.py:188} INFO - 📁 Fichier .env chargé
[2025-07-06T13:40:40.778+0000] {logging_mixin.py:188} INFO - 👉 Mode scraping : prod
[2025-07-06T13:40:40.778+0000] {logging_mixin.py:188} INFO - 👉 Fichier d’entrée : data/verbatims_test.csv
[2025-07-06T13:40:40.786+0000] {processor.py:840} INFO - DAG(s) 'trustpilot_pipeline' retrieved from /opt/airflow/dags/trustpilot_dag.py
[2025-07-06T13:40:40.816+0000] {logging_mixin.py:188} INFO - [2025-07-06T13:40:40.816+0000] {dag.py:3096} INFO - Sync 1 DAGs
[2025-07-06T13:40:40.835+0000] {logging_mixin.py:188} INFO - [2025-07-06T13:40:40.834+0000] {dag.py:3954} INFO - Setting next_dagrun for trustpilot_pipeline to None, run_after=None
[2025-07-06T13:40:40.855+0000] {processor.py:183} INFO - Processing /opt/airflow/dags/trustpilot_dag.py took 1.794 seconds
[2025-07-06T13:41:10.993+0000] {processor.py:161} INFO - Started process (PID=11481) to work on /opt/airflow/dags/trustpilot_dag.py
[2025-07-06T13:41:10.995+0000] {processor.py:830} INFO - Processing file /opt/airflow/dags/trustpilot_dag.py for tasks to queue
[2025-07-06T13:41:10.997+0000] {logging_mixin.py:188} INFO - [2025-07-06T13:41:10.996+0000] {dagbag.py:545} INFO - Filling up the DagBag from /opt/airflow/dags/trustpilot_dag.py
[2025-07-06T13:41:12.714+0000] {logging_mixin.py:188} INFO - 📁 Fichier .env chargé
[2025-07-06T13:41:12.714+0000] {logging_mixin.py:188} INFO - 👉 Mode scraping : prod
[2025-07-06T13:41:12.714+0000] {logging_mixin.py:188} INFO - 👉 Fichier d’entrée : data/verbatims_test.csv
[2025-07-06T13:41:12.722+0000] {processor.py:840} INFO - DAG(s) 'trustpilot_pipeline' retrieved from /opt/airflow/dags/trustpilot_dag.py
[2025-07-06T13:41:12.754+0000] {logging_mixin.py:188} INFO - [2025-07-06T13:41:12.754+0000] {dag.py:3096} INFO - Sync 1 DAGs
[2025-07-06T13:41:12.771+0000] {logging_mixin.py:188} INFO - [2025-07-06T13:41:12.771+0000] {dag.py:3954} INFO - Setting next_dagrun for trustpilot_pipeline to None, run_after=None
[2025-07-06T13:41:12.791+0000] {processor.py:183} INFO - Processing /opt/airflow/dags/trustpilot_dag.py took 1.807 seconds
[2025-07-06T13:41:42.927+0000] {processor.py:161} INFO - Started process (PID=11487) to work on /opt/airflow/dags/trustpilot_dag.py
[2025-07-06T13:41:42.928+0000] {processor.py:830} INFO - Processing file /opt/airflow/dags/trustpilot_dag.py for tasks to queue
[2025-07-06T13:41:42.931+0000] {logging_mixin.py:188} INFO - [2025-07-06T13:41:42.931+0000] {dagbag.py:545} INFO - Filling up the DagBag from /opt/airflow/dags/trustpilot_dag.py
[2025-07-06T13:41:44.624+0000] {logging_mixin.py:188} INFO - 📁 Fichier .env chargé
[2025-07-06T13:41:44.624+0000] {logging_mixin.py:188} INFO - 👉 Mode scraping : prod
[2025-07-06T13:41:44.624+0000] {logging_mixin.py:188} INFO - 👉 Fichier d’entrée : data/verbatims_test.csv
[2025-07-06T13:41:44.633+0000] {processor.py:840} INFO - DAG(s) 'trustpilot_pipeline' retrieved from /opt/airflow/dags/trustpilot_dag.py
[2025-07-06T13:41:44.664+0000] {logging_mixin.py:188} INFO - [2025-07-06T13:41:44.663+0000] {dag.py:3096} INFO - Sync 1 DAGs
[2025-07-06T13:41:44.680+0000] {logging_mixin.py:188} INFO - [2025-07-06T13:41:44.680+0000] {dag.py:3954} INFO - Setting next_dagrun for trustpilot_pipeline to None, run_after=None
[2025-07-06T13:41:44.700+0000] {processor.py:183} INFO - Processing /opt/airflow/dags/trustpilot_dag.py took 1.785 seconds
[2025-07-06T13:42:14.831+0000] {processor.py:161} INFO - Started process (PID=11493) to work on /opt/airflow/dags/trustpilot_dag.py
[2025-07-06T13:42:14.832+0000] {processor.py:830} INFO - Processing file /opt/airflow/dags/trustpilot_dag.py for tasks to queue
[2025-07-06T13:42:14.835+0000] {logging_mixin.py:188} INFO - [2025-07-06T13:42:14.834+0000] {dagbag.py:545} INFO - Filling up the DagBag from /opt/airflow/dags/trustpilot_dag.py
[2025-07-06T13:42:15.869+0000] {logging_mixin.py:188} INFO - 📁 Fichier .env chargé
[2025-07-06T13:42:15.869+0000] {logging_mixin.py:188} INFO - 👉 Mode scraping : prod
[2025-07-06T13:42:15.870+0000] {logging_mixin.py:188} INFO - 👉 Fichier d’entrée : data/verbatims_test.csv
[2025-07-06T13:42:15.874+0000] {processor.py:840} INFO - DAG(s) 'trustpilot_pipeline' retrieved from /opt/airflow/dags/trustpilot_dag.py
[2025-07-06T13:42:15.904+0000] {logging_mixin.py:188} INFO - [2025-07-06T13:42:15.903+0000] {dag.py:3096} INFO - Sync 1 DAGs
[2025-07-06T13:42:15.918+0000] {logging_mixin.py:188} INFO - [2025-07-06T13:42:15.918+0000] {dag.py:3954} INFO - Setting next_dagrun for trustpilot_pipeline to None, run_after=None
[2025-07-06T13:42:15.933+0000] {processor.py:183} INFO - Processing /opt/airflow/dags/trustpilot_dag.py took 1.114 seconds
[2025-07-06T13:42:46.053+0000] {processor.py:161} INFO - Started process (PID=11499) to work on /opt/airflow/dags/trustpilot_dag.py
[2025-07-06T13:42:46.055+0000] {processor.py:830} INFO - Processing file /opt/airflow/dags/trustpilot_dag.py for tasks to queue
[2025-07-06T13:42:46.057+0000] {logging_mixin.py:188} INFO - [2025-07-06T13:42:46.057+0000] {dagbag.py:545} INFO - Filling up the DagBag from /opt/airflow/dags/trustpilot_dag.py
[2025-07-06T13:42:47.767+0000] {logging_mixin.py:188} INFO - 📁 Fichier .env chargé
[2025-07-06T13:42:47.768+0000] {logging_mixin.py:188} INFO - 👉 Mode scraping : prod
[2025-07-06T13:42:47.768+0000] {logging_mixin.py:188} INFO - 👉 Fichier d’entrée : data/verbatims_test.csv
[2025-07-06T13:42:47.776+0000] {processor.py:840} INFO - DAG(s) 'trustpilot_pipeline' retrieved from /opt/airflow/dags/trustpilot_dag.py
[2025-07-06T13:42:47.806+0000] {logging_mixin.py:188} INFO - [2025-07-06T13:42:47.806+0000] {dag.py:3096} INFO - Sync 1 DAGs
[2025-07-06T13:42:47.823+0000] {logging_mixin.py:188} INFO - [2025-07-06T13:42:47.823+0000] {dag.py:3954} INFO - Setting next_dagrun for trustpilot_pipeline to None, run_after=None
[2025-07-06T13:42:47.843+0000] {processor.py:183} INFO - Processing /opt/airflow/dags/trustpilot_dag.py took 1.801 seconds
[2025-07-06T13:43:17.998+0000] {processor.py:161} INFO - Started process (PID=11505) to work on /opt/airflow/dags/trustpilot_dag.py
[2025-07-06T13:43:17.999+0000] {processor.py:830} INFO - Processing file /opt/airflow/dags/trustpilot_dag.py for tasks to queue
[2025-07-06T13:43:18.002+0000] {logging_mixin.py:188} INFO - [2025-07-06T13:43:18.001+0000] {dagbag.py:545} INFO - Filling up the DagBag from /opt/airflow/dags/trustpilot_dag.py
[2025-07-06T13:43:19.700+0000] {logging_mixin.py:188} INFO - 📁 Fichier .env chargé
[2025-07-06T13:43:19.700+0000] {logging_mixin.py:188} INFO - 👉 Mode scraping : prod
[2025-07-06T13:43:19.700+0000] {logging_mixin.py:188} INFO - 👉 Fichier d’entrée : data/verbatims_test.csv
[2025-07-06T13:43:19.708+0000] {processor.py:840} INFO - DAG(s) 'trustpilot_pipeline' retrieved from /opt/airflow/dags/trustpilot_dag.py
[2025-07-06T13:43:19.739+0000] {logging_mixin.py:188} INFO - [2025-07-06T13:43:19.738+0000] {dag.py:3096} INFO - Sync 1 DAGs
[2025-07-06T13:43:19.757+0000] {logging_mixin.py:188} INFO - [2025-07-06T13:43:19.757+0000] {dag.py:3954} INFO - Setting next_dagrun for trustpilot_pipeline to None, run_after=None
[2025-07-06T13:43:19.777+0000] {processor.py:183} INFO - Processing /opt/airflow/dags/trustpilot_dag.py took 1.788 seconds
[2025-07-06T13:43:49.907+0000] {processor.py:161} INFO - Started process (PID=11511) to work on /opt/airflow/dags/trustpilot_dag.py
[2025-07-06T13:43:49.908+0000] {processor.py:830} INFO - Processing file /opt/airflow/dags/trustpilot_dag.py for tasks to queue
[2025-07-06T13:43:49.911+0000] {logging_mixin.py:188} INFO - [2025-07-06T13:43:49.910+0000] {dagbag.py:545} INFO - Filling up the DagBag from /opt/airflow/dags/trustpilot_dag.py
[2025-07-06T13:43:51.583+0000] {logging_mixin.py:188} INFO - 📁 Fichier .env chargé
[2025-07-06T13:43:51.584+0000] {logging_mixin.py:188} INFO - 👉 Mode scraping : prod
[2025-07-06T13:43:51.584+0000] {logging_mixin.py:188} INFO - 👉 Fichier d’entrée : data/verbatims_test.csv
[2025-07-06T13:43:51.591+0000] {processor.py:840} INFO - DAG(s) 'trustpilot_pipeline' retrieved from /opt/airflow/dags/trustpilot_dag.py
[2025-07-06T13:43:51.623+0000] {logging_mixin.py:188} INFO - [2025-07-06T13:43:51.623+0000] {dag.py:3096} INFO - Sync 1 DAGs
[2025-07-06T13:43:51.641+0000] {logging_mixin.py:188} INFO - [2025-07-06T13:43:51.641+0000] {dag.py:3954} INFO - Setting next_dagrun for trustpilot_pipeline to None, run_after=None
[2025-07-06T13:43:51.661+0000] {processor.py:183} INFO - Processing /opt/airflow/dags/trustpilot_dag.py took 1.763 seconds
[2025-07-06T13:44:21.793+0000] {processor.py:161} INFO - Started process (PID=11517) to work on /opt/airflow/dags/trustpilot_dag.py
[2025-07-06T13:44:21.794+0000] {processor.py:830} INFO - Processing file /opt/airflow/dags/trustpilot_dag.py for tasks to queue
[2025-07-06T13:44:21.796+0000] {logging_mixin.py:188} INFO - [2025-07-06T13:44:21.796+0000] {dagbag.py:545} INFO - Filling up the DagBag from /opt/airflow/dags/trustpilot_dag.py
[2025-07-06T13:44:23.478+0000] {logging_mixin.py:188} INFO - 📁 Fichier .env chargé
[2025-07-06T13:44:23.478+0000] {logging_mixin.py:188} INFO - 👉 Mode scraping : prod
[2025-07-06T13:44:23.479+0000] {logging_mixin.py:188} INFO - 👉 Fichier d’entrée : data/verbatims_test.csv
[2025-07-06T13:44:23.486+0000] {processor.py:840} INFO - DAG(s) 'trustpilot_pipeline' retrieved from /opt/airflow/dags/trustpilot_dag.py
[2025-07-06T13:44:23.518+0000] {logging_mixin.py:188} INFO - [2025-07-06T13:44:23.518+0000] {dag.py:3096} INFO - Sync 1 DAGs
[2025-07-06T13:44:23.534+0000] {logging_mixin.py:188} INFO - [2025-07-06T13:44:23.534+0000] {dag.py:3954} INFO - Setting next_dagrun for trustpilot_pipeline to None, run_after=None
[2025-07-06T13:44:23.554+0000] {processor.py:183} INFO - Processing /opt/airflow/dags/trustpilot_dag.py took 1.771 seconds
[2025-07-06T13:44:53.684+0000] {processor.py:161} INFO - Started process (PID=11523) to work on /opt/airflow/dags/trustpilot_dag.py
[2025-07-06T13:44:53.685+0000] {processor.py:830} INFO - Processing file /opt/airflow/dags/trustpilot_dag.py for tasks to queue
[2025-07-06T13:44:53.687+0000] {logging_mixin.py:188} INFO - [2025-07-06T13:44:53.687+0000] {dagbag.py:545} INFO - Filling up the DagBag from /opt/airflow/dags/trustpilot_dag.py
[2025-07-06T13:44:55.372+0000] {logging_mixin.py:188} INFO - 📁 Fichier .env chargé
[2025-07-06T13:44:55.372+0000] {logging_mixin.py:188} INFO - 👉 Mode scraping : prod
[2025-07-06T13:44:55.372+0000] {logging_mixin.py:188} INFO - 👉 Fichier d’entrée : data/verbatims_test.csv
[2025-07-06T13:44:55.380+0000] {processor.py:840} INFO - DAG(s) 'trustpilot_pipeline' retrieved from /opt/airflow/dags/trustpilot_dag.py
[2025-07-06T13:44:55.410+0000] {logging_mixin.py:188} INFO - [2025-07-06T13:44:55.409+0000] {dag.py:3096} INFO - Sync 1 DAGs
[2025-07-06T13:44:55.426+0000] {logging_mixin.py:188} INFO - [2025-07-06T13:44:55.426+0000] {dag.py:3954} INFO - Setting next_dagrun for trustpilot_pipeline to None, run_after=None
[2025-07-06T13:44:55.447+0000] {processor.py:183} INFO - Processing /opt/airflow/dags/trustpilot_dag.py took 1.772 seconds
[2025-07-06T13:45:25.547+0000] {processor.py:161} INFO - Started process (PID=11529) to work on /opt/airflow/dags/trustpilot_dag.py
[2025-07-06T13:45:25.548+0000] {processor.py:830} INFO - Processing file /opt/airflow/dags/trustpilot_dag.py for tasks to queue
[2025-07-06T13:45:25.551+0000] {logging_mixin.py:188} INFO - [2025-07-06T13:45:25.550+0000] {dagbag.py:545} INFO - Filling up the DagBag from /opt/airflow/dags/trustpilot_dag.py
[2025-07-06T13:45:27.264+0000] {logging_mixin.py:188} INFO - 📁 Fichier .env chargé
[2025-07-06T13:45:27.264+0000] {logging_mixin.py:188} INFO - 👉 Mode scraping : prod
[2025-07-06T13:45:27.264+0000] {logging_mixin.py:188} INFO - 👉 Fichier d’entrée : data/verbatims_test.csv
[2025-07-06T13:45:27.272+0000] {processor.py:840} INFO - DAG(s) 'trustpilot_pipeline' retrieved from /opt/airflow/dags/trustpilot_dag.py
[2025-07-06T13:45:27.303+0000] {logging_mixin.py:188} INFO - [2025-07-06T13:45:27.302+0000] {dag.py:3096} INFO - Sync 1 DAGs
[2025-07-06T13:45:27.320+0000] {logging_mixin.py:188} INFO - [2025-07-06T13:45:27.319+0000] {dag.py:3954} INFO - Setting next_dagrun for trustpilot_pipeline to None, run_after=None
[2025-07-06T13:45:27.340+0000] {processor.py:183} INFO - Processing /opt/airflow/dags/trustpilot_dag.py took 1.805 seconds
[2025-07-06T13:45:57.475+0000] {processor.py:161} INFO - Started process (PID=11535) to work on /opt/airflow/dags/trustpilot_dag.py
[2025-07-06T13:45:57.477+0000] {processor.py:830} INFO - Processing file /opt/airflow/dags/trustpilot_dag.py for tasks to queue
[2025-07-06T13:45:57.479+0000] {logging_mixin.py:188} INFO - [2025-07-06T13:45:57.478+0000] {dagbag.py:545} INFO - Filling up the DagBag from /opt/airflow/dags/trustpilot_dag.py
[2025-07-06T13:45:59.159+0000] {logging_mixin.py:188} INFO - 📁 Fichier .env chargé
[2025-07-06T13:45:59.159+0000] {logging_mixin.py:188} INFO - 👉 Mode scraping : prod
[2025-07-06T13:45:59.159+0000] {logging_mixin.py:188} INFO - 👉 Fichier d’entrée : data/verbatims_test.csv
[2025-07-06T13:45:59.167+0000] {processor.py:840} INFO - DAG(s) 'trustpilot_pipeline' retrieved from /opt/airflow/dags/trustpilot_dag.py
[2025-07-06T13:45:59.196+0000] {logging_mixin.py:188} INFO - [2025-07-06T13:45:59.196+0000] {dag.py:3096} INFO - Sync 1 DAGs
[2025-07-06T13:45:59.214+0000] {logging_mixin.py:188} INFO - [2025-07-06T13:45:59.214+0000] {dag.py:3954} INFO - Setting next_dagrun for trustpilot_pipeline to None, run_after=None
[2025-07-06T13:45:59.235+0000] {processor.py:183} INFO - Processing /opt/airflow/dags/trustpilot_dag.py took 1.769 seconds
[2025-07-06T13:46:29.370+0000] {processor.py:161} INFO - Started process (PID=11541) to work on /opt/airflow/dags/trustpilot_dag.py
[2025-07-06T13:46:29.371+0000] {processor.py:830} INFO - Processing file /opt/airflow/dags/trustpilot_dag.py for tasks to queue
[2025-07-06T13:46:29.374+0000] {logging_mixin.py:188} INFO - [2025-07-06T13:46:29.373+0000] {dagbag.py:545} INFO - Filling up the DagBag from /opt/airflow/dags/trustpilot_dag.py
[2025-07-06T13:46:31.086+0000] {logging_mixin.py:188} INFO - 📁 Fichier .env chargé
[2025-07-06T13:46:31.086+0000] {logging_mixin.py:188} INFO - 👉 Mode scraping : prod
[2025-07-06T13:46:31.086+0000] {logging_mixin.py:188} INFO - 👉 Fichier d’entrée : data/verbatims_test.csv
[2025-07-06T13:46:31.094+0000] {processor.py:840} INFO - DAG(s) 'trustpilot_pipeline' retrieved from /opt/airflow/dags/trustpilot_dag.py
[2025-07-06T13:46:31.124+0000] {logging_mixin.py:188} INFO - [2025-07-06T13:46:31.124+0000] {dag.py:3096} INFO - Sync 1 DAGs
[2025-07-06T13:46:31.143+0000] {logging_mixin.py:188} INFO - [2025-07-06T13:46:31.142+0000] {dag.py:3954} INFO - Setting next_dagrun for trustpilot_pipeline to None, run_after=None
[2025-07-06T13:46:31.163+0000] {processor.py:183} INFO - Processing /opt/airflow/dags/trustpilot_dag.py took 1.805 seconds
[2025-07-06T13:47:01.291+0000] {processor.py:161} INFO - Started process (PID=11547) to work on /opt/airflow/dags/trustpilot_dag.py
[2025-07-06T13:47:01.292+0000] {processor.py:830} INFO - Processing file /opt/airflow/dags/trustpilot_dag.py for tasks to queue
[2025-07-06T13:47:01.295+0000] {logging_mixin.py:188} INFO - [2025-07-06T13:47:01.294+0000] {dagbag.py:545} INFO - Filling up the DagBag from /opt/airflow/dags/trustpilot_dag.py
[2025-07-06T13:47:02.970+0000] {logging_mixin.py:188} INFO - 📁 Fichier .env chargé
[2025-07-06T13:47:02.970+0000] {logging_mixin.py:188} INFO - 👉 Mode scraping : prod
[2025-07-06T13:47:02.970+0000] {logging_mixin.py:188} INFO - 👉 Fichier d’entrée : data/verbatims_test.csv
[2025-07-06T13:47:02.978+0000] {processor.py:840} INFO - DAG(s) 'trustpilot_pipeline' retrieved from /opt/airflow/dags/trustpilot_dag.py
[2025-07-06T13:47:03.009+0000] {logging_mixin.py:188} INFO - [2025-07-06T13:47:03.009+0000] {dag.py:3096} INFO - Sync 1 DAGs
[2025-07-06T13:47:03.026+0000] {logging_mixin.py:188} INFO - [2025-07-06T13:47:03.026+0000] {dag.py:3954} INFO - Setting next_dagrun for trustpilot_pipeline to None, run_after=None
[2025-07-06T13:47:03.046+0000] {processor.py:183} INFO - Processing /opt/airflow/dags/trustpilot_dag.py took 1.764 seconds
[2025-07-06T13:47:33.179+0000] {processor.py:161} INFO - Started process (PID=11553) to work on /opt/airflow/dags/trustpilot_dag.py
[2025-07-06T13:47:33.180+0000] {processor.py:830} INFO - Processing file /opt/airflow/dags/trustpilot_dag.py for tasks to queue
[2025-07-06T13:47:33.182+0000] {logging_mixin.py:188} INFO - [2025-07-06T13:47:33.182+0000] {dagbag.py:545} INFO - Filling up the DagBag from /opt/airflow/dags/trustpilot_dag.py
[2025-07-06T13:47:34.860+0000] {logging_mixin.py:188} INFO - 📁 Fichier .env chargé
[2025-07-06T13:47:34.860+0000] {logging_mixin.py:188} INFO - 👉 Mode scraping : prod
[2025-07-06T13:47:34.860+0000] {logging_mixin.py:188} INFO - 👉 Fichier d’entrée : data/verbatims_test.csv
[2025-07-06T13:47:34.869+0000] {processor.py:840} INFO - DAG(s) 'trustpilot_pipeline' retrieved from /opt/airflow/dags/trustpilot_dag.py
[2025-07-06T13:47:34.899+0000] {logging_mixin.py:188} INFO - [2025-07-06T13:47:34.899+0000] {dag.py:3096} INFO - Sync 1 DAGs
[2025-07-06T13:47:34.916+0000] {logging_mixin.py:188} INFO - [2025-07-06T13:47:34.916+0000] {dag.py:3954} INFO - Setting next_dagrun for trustpilot_pipeline to None, run_after=None
[2025-07-06T13:47:34.936+0000] {processor.py:183} INFO - Processing /opt/airflow/dags/trustpilot_dag.py took 1.767 seconds
[2025-07-06T13:48:05.055+0000] {processor.py:161} INFO - Started process (PID=11559) to work on /opt/airflow/dags/trustpilot_dag.py
[2025-07-06T13:48:05.056+0000] {processor.py:830} INFO - Processing file /opt/airflow/dags/trustpilot_dag.py for tasks to queue
[2025-07-06T13:48:05.058+0000] {logging_mixin.py:188} INFO - [2025-07-06T13:48:05.058+0000] {dagbag.py:545} INFO - Filling up the DagBag from /opt/airflow/dags/trustpilot_dag.py
[2025-07-06T13:48:06.748+0000] {logging_mixin.py:188} INFO - 📁 Fichier .env chargé
[2025-07-06T13:48:06.748+0000] {logging_mixin.py:188} INFO - 👉 Mode scraping : prod
[2025-07-06T13:48:06.749+0000] {logging_mixin.py:188} INFO - 👉 Fichier d’entrée : data/verbatims_test.csv
[2025-07-06T13:48:06.756+0000] {processor.py:840} INFO - DAG(s) 'trustpilot_pipeline' retrieved from /opt/airflow/dags/trustpilot_dag.py
[2025-07-06T13:48:06.787+0000] {logging_mixin.py:188} INFO - [2025-07-06T13:48:06.786+0000] {dag.py:3096} INFO - Sync 1 DAGs
[2025-07-06T13:48:06.803+0000] {logging_mixin.py:188} INFO - [2025-07-06T13:48:06.803+0000] {dag.py:3954} INFO - Setting next_dagrun for trustpilot_pipeline to None, run_after=None
[2025-07-06T13:48:06.824+0000] {processor.py:183} INFO - Processing /opt/airflow/dags/trustpilot_dag.py took 1.778 seconds
[2025-07-06T13:48:36.959+0000] {processor.py:161} INFO - Started process (PID=11565) to work on /opt/airflow/dags/trustpilot_dag.py
[2025-07-06T13:48:36.960+0000] {processor.py:830} INFO - Processing file /opt/airflow/dags/trustpilot_dag.py for tasks to queue
[2025-07-06T13:48:36.963+0000] {logging_mixin.py:188} INFO - [2025-07-06T13:48:36.962+0000] {dagbag.py:545} INFO - Filling up the DagBag from /opt/airflow/dags/trustpilot_dag.py
[2025-07-06T13:48:38.644+0000] {logging_mixin.py:188} INFO - 📁 Fichier .env chargé
[2025-07-06T13:48:38.644+0000] {logging_mixin.py:188} INFO - 👉 Mode scraping : prod
[2025-07-06T13:48:38.645+0000] {logging_mixin.py:188} INFO - 👉 Fichier d’entrée : data/verbatims_test.csv
[2025-07-06T13:48:38.652+0000] {processor.py:840} INFO - DAG(s) 'trustpilot_pipeline' retrieved from /opt/airflow/dags/trustpilot_dag.py
[2025-07-06T13:48:38.682+0000] {logging_mixin.py:188} INFO - [2025-07-06T13:48:38.681+0000] {dag.py:3096} INFO - Sync 1 DAGs
[2025-07-06T13:48:38.698+0000] {logging_mixin.py:188} INFO - [2025-07-06T13:48:38.698+0000] {dag.py:3954} INFO - Setting next_dagrun for trustpilot_pipeline to None, run_after=None
[2025-07-06T13:48:38.721+0000] {processor.py:183} INFO - Processing /opt/airflow/dags/trustpilot_dag.py took 1.771 seconds
[2025-07-06T13:49:08.855+0000] {processor.py:161} INFO - Started process (PID=11571) to work on /opt/airflow/dags/trustpilot_dag.py
[2025-07-06T13:49:08.856+0000] {processor.py:830} INFO - Processing file /opt/airflow/dags/trustpilot_dag.py for tasks to queue
[2025-07-06T13:49:08.858+0000] {logging_mixin.py:188} INFO - [2025-07-06T13:49:08.857+0000] {dagbag.py:545} INFO - Filling up the DagBag from /opt/airflow/dags/trustpilot_dag.py
[2025-07-06T13:49:10.564+0000] {logging_mixin.py:188} INFO - 📁 Fichier .env chargé
[2025-07-06T13:49:10.564+0000] {logging_mixin.py:188} INFO - 👉 Mode scraping : prod
[2025-07-06T13:49:10.564+0000] {logging_mixin.py:188} INFO - 👉 Fichier d’entrée : data/verbatims_test.csv
[2025-07-06T13:49:10.572+0000] {processor.py:840} INFO - DAG(s) 'trustpilot_pipeline' retrieved from /opt/airflow/dags/trustpilot_dag.py
[2025-07-06T13:49:10.603+0000] {logging_mixin.py:188} INFO - [2025-07-06T13:49:10.602+0000] {dag.py:3096} INFO - Sync 1 DAGs
[2025-07-06T13:49:10.621+0000] {logging_mixin.py:188} INFO - [2025-07-06T13:49:10.621+0000] {dag.py:3954} INFO - Setting next_dagrun for trustpilot_pipeline to None, run_after=None
[2025-07-06T13:49:10.644+0000] {processor.py:183} INFO - Processing /opt/airflow/dags/trustpilot_dag.py took 1.799 seconds
[2025-07-06T13:49:40.776+0000] {processor.py:161} INFO - Started process (PID=11577) to work on /opt/airflow/dags/trustpilot_dag.py
[2025-07-06T13:49:40.777+0000] {processor.py:830} INFO - Processing file /opt/airflow/dags/trustpilot_dag.py for tasks to queue
[2025-07-06T13:49:40.780+0000] {logging_mixin.py:188} INFO - [2025-07-06T13:49:40.779+0000] {dagbag.py:545} INFO - Filling up the DagBag from /opt/airflow/dags/trustpilot_dag.py
[2025-07-06T13:49:42.489+0000] {logging_mixin.py:188} INFO - 📁 Fichier .env chargé
[2025-07-06T13:49:42.490+0000] {logging_mixin.py:188} INFO - 👉 Mode scraping : prod
[2025-07-06T13:49:42.490+0000] {logging_mixin.py:188} INFO - 👉 Fichier d’entrée : data/verbatims_test.csv
[2025-07-06T13:49:42.498+0000] {processor.py:840} INFO - DAG(s) 'trustpilot_pipeline' retrieved from /opt/airflow/dags/trustpilot_dag.py
[2025-07-06T13:49:42.530+0000] {logging_mixin.py:188} INFO - [2025-07-06T13:49:42.529+0000] {dag.py:3096} INFO - Sync 1 DAGs
[2025-07-06T13:49:42.547+0000] {logging_mixin.py:188} INFO - [2025-07-06T13:49:42.546+0000] {dag.py:3954} INFO - Setting next_dagrun for trustpilot_pipeline to None, run_after=None
[2025-07-06T13:49:42.567+0000] {processor.py:183} INFO - Processing /opt/airflow/dags/trustpilot_dag.py took 1.802 seconds
[2025-07-06T13:50:12.694+0000] {processor.py:161} INFO - Started process (PID=11583) to work on /opt/airflow/dags/trustpilot_dag.py
[2025-07-06T13:50:12.695+0000] {processor.py:830} INFO - Processing file /opt/airflow/dags/trustpilot_dag.py for tasks to queue
[2025-07-06T13:50:12.697+0000] {logging_mixin.py:188} INFO - [2025-07-06T13:50:12.696+0000] {dagbag.py:545} INFO - Filling up the DagBag from /opt/airflow/dags/trustpilot_dag.py
[2025-07-06T13:50:14.404+0000] {logging_mixin.py:188} INFO - 📁 Fichier .env chargé
[2025-07-06T13:50:14.404+0000] {logging_mixin.py:188} INFO - 👉 Mode scraping : prod
[2025-07-06T13:50:14.404+0000] {logging_mixin.py:188} INFO - 👉 Fichier d’entrée : data/verbatims_test.csv
[2025-07-06T13:50:14.413+0000] {processor.py:840} INFO - DAG(s) 'trustpilot_pipeline' retrieved from /opt/airflow/dags/trustpilot_dag.py
[2025-07-06T13:50:14.445+0000] {logging_mixin.py:188} INFO - [2025-07-06T13:50:14.444+0000] {dag.py:3096} INFO - Sync 1 DAGs
[2025-07-06T13:50:14.461+0000] {logging_mixin.py:188} INFO - [2025-07-06T13:50:14.461+0000] {dag.py:3954} INFO - Setting next_dagrun for trustpilot_pipeline to None, run_after=None
[2025-07-06T13:50:14.482+0000] {processor.py:183} INFO - Processing /opt/airflow/dags/trustpilot_dag.py took 1.797 seconds
[2025-07-06T13:50:44.569+0000] {processor.py:161} INFO - Started process (PID=11589) to work on /opt/airflow/dags/trustpilot_dag.py
[2025-07-06T13:50:44.570+0000] {processor.py:830} INFO - Processing file /opt/airflow/dags/trustpilot_dag.py for tasks to queue
[2025-07-06T13:50:44.573+0000] {logging_mixin.py:188} INFO - [2025-07-06T13:50:44.572+0000] {dagbag.py:545} INFO - Filling up the DagBag from /opt/airflow/dags/trustpilot_dag.py
[2025-07-06T13:50:46.270+0000] {logging_mixin.py:188} INFO - 📁 Fichier .env chargé
[2025-07-06T13:50:46.270+0000] {logging_mixin.py:188} INFO - 👉 Mode scraping : prod
[2025-07-06T13:50:46.270+0000] {logging_mixin.py:188} INFO - 👉 Fichier d’entrée : data/verbatims_test.csv
[2025-07-06T13:50:46.278+0000] {processor.py:840} INFO - DAG(s) 'trustpilot_pipeline' retrieved from /opt/airflow/dags/trustpilot_dag.py
[2025-07-06T13:50:46.309+0000] {logging_mixin.py:188} INFO - [2025-07-06T13:50:46.308+0000] {dag.py:3096} INFO - Sync 1 DAGs
[2025-07-06T13:50:46.325+0000] {logging_mixin.py:188} INFO - [2025-07-06T13:50:46.325+0000] {dag.py:3954} INFO - Setting next_dagrun for trustpilot_pipeline to None, run_after=None
[2025-07-06T13:50:46.346+0000] {processor.py:183} INFO - Processing /opt/airflow/dags/trustpilot_dag.py took 1.789 seconds
[2025-07-06T13:51:16.485+0000] {processor.py:161} INFO - Started process (PID=11595) to work on /opt/airflow/dags/trustpilot_dag.py
[2025-07-06T13:51:16.486+0000] {processor.py:830} INFO - Processing file /opt/airflow/dags/trustpilot_dag.py for tasks to queue
[2025-07-06T13:51:16.488+0000] {logging_mixin.py:188} INFO - [2025-07-06T13:51:16.488+0000] {dagbag.py:545} INFO - Filling up the DagBag from /opt/airflow/dags/trustpilot_dag.py
[2025-07-06T13:51:18.186+0000] {logging_mixin.py:188} INFO - 📁 Fichier .env chargé
[2025-07-06T13:51:18.186+0000] {logging_mixin.py:188} INFO - 👉 Mode scraping : prod
[2025-07-06T13:51:18.187+0000] {logging_mixin.py:188} INFO - 👉 Fichier d’entrée : data/verbatims_test.csv
[2025-07-06T13:51:18.195+0000] {processor.py:840} INFO - DAG(s) 'trustpilot_pipeline' retrieved from /opt/airflow/dags/trustpilot_dag.py
[2025-07-06T13:51:18.225+0000] {logging_mixin.py:188} INFO - [2025-07-06T13:51:18.225+0000] {dag.py:3096} INFO - Sync 1 DAGs
[2025-07-06T13:51:18.242+0000] {logging_mixin.py:188} INFO - [2025-07-06T13:51:18.241+0000] {dag.py:3954} INFO - Setting next_dagrun for trustpilot_pipeline to None, run_after=None
[2025-07-06T13:51:18.262+0000] {processor.py:183} INFO - Processing /opt/airflow/dags/trustpilot_dag.py took 1.786 seconds
[2025-07-06T13:51:48.396+0000] {processor.py:161} INFO - Started process (PID=11601) to work on /opt/airflow/dags/trustpilot_dag.py
[2025-07-06T13:51:48.397+0000] {processor.py:830} INFO - Processing file /opt/airflow/dags/trustpilot_dag.py for tasks to queue
[2025-07-06T13:51:48.399+0000] {logging_mixin.py:188} INFO - [2025-07-06T13:51:48.399+0000] {dagbag.py:545} INFO - Filling up the DagBag from /opt/airflow/dags/trustpilot_dag.py
[2025-07-06T13:51:50.127+0000] {logging_mixin.py:188} INFO - 📁 Fichier .env chargé
[2025-07-06T13:51:50.128+0000] {logging_mixin.py:188} INFO - 👉 Mode scraping : prod
[2025-07-06T13:51:50.128+0000] {logging_mixin.py:188} INFO - 👉 Fichier d’entrée : data/verbatims_test.csv
[2025-07-06T13:51:50.135+0000] {processor.py:840} INFO - DAG(s) 'trustpilot_pipeline' retrieved from /opt/airflow/dags/trustpilot_dag.py
[2025-07-06T13:51:50.165+0000] {logging_mixin.py:188} INFO - [2025-07-06T13:51:50.165+0000] {dag.py:3096} INFO - Sync 1 DAGs
[2025-07-06T13:51:50.184+0000] {logging_mixin.py:188} INFO - [2025-07-06T13:51:50.183+0000] {dag.py:3954} INFO - Setting next_dagrun for trustpilot_pipeline to None, run_after=None
[2025-07-06T13:51:50.204+0000] {processor.py:183} INFO - Processing /opt/airflow/dags/trustpilot_dag.py took 1.817 seconds
[2025-07-06T13:52:20.333+0000] {processor.py:161} INFO - Started process (PID=11607) to work on /opt/airflow/dags/trustpilot_dag.py
[2025-07-06T13:52:20.334+0000] {processor.py:830} INFO - Processing file /opt/airflow/dags/trustpilot_dag.py for tasks to queue
[2025-07-06T13:52:20.337+0000] {logging_mixin.py:188} INFO - [2025-07-06T13:52:20.336+0000] {dagbag.py:545} INFO - Filling up the DagBag from /opt/airflow/dags/trustpilot_dag.py
[2025-07-06T13:52:22.018+0000] {logging_mixin.py:188} INFO - 📁 Fichier .env chargé
[2025-07-06T13:52:22.018+0000] {logging_mixin.py:188} INFO - 👉 Mode scraping : prod
[2025-07-06T13:52:22.019+0000] {logging_mixin.py:188} INFO - 👉 Fichier d’entrée : data/verbatims_test.csv
[2025-07-06T13:52:22.027+0000] {processor.py:840} INFO - DAG(s) 'trustpilot_pipeline' retrieved from /opt/airflow/dags/trustpilot_dag.py
[2025-07-06T13:52:22.058+0000] {logging_mixin.py:188} INFO - [2025-07-06T13:52:22.057+0000] {dag.py:3096} INFO - Sync 1 DAGs
[2025-07-06T13:52:22.076+0000] {logging_mixin.py:188} INFO - [2025-07-06T13:52:22.076+0000] {dag.py:3954} INFO - Setting next_dagrun for trustpilot_pipeline to None, run_after=None
[2025-07-06T13:52:22.097+0000] {processor.py:183} INFO - Processing /opt/airflow/dags/trustpilot_dag.py took 1.773 seconds
[2025-07-06T13:52:52.223+0000] {processor.py:161} INFO - Started process (PID=11613) to work on /opt/airflow/dags/trustpilot_dag.py
[2025-07-06T13:52:52.225+0000] {processor.py:830} INFO - Processing file /opt/airflow/dags/trustpilot_dag.py for tasks to queue
[2025-07-06T13:52:52.227+0000] {logging_mixin.py:188} INFO - [2025-07-06T13:52:52.226+0000] {dagbag.py:545} INFO - Filling up the DagBag from /opt/airflow/dags/trustpilot_dag.py
[2025-07-06T13:52:53.949+0000] {logging_mixin.py:188} INFO - 📁 Fichier .env chargé
[2025-07-06T13:52:53.950+0000] {logging_mixin.py:188} INFO - 👉 Mode scraping : prod
[2025-07-06T13:52:53.950+0000] {logging_mixin.py:188} INFO - 👉 Fichier d’entrée : data/verbatims_test.csv
[2025-07-06T13:52:53.958+0000] {processor.py:840} INFO - DAG(s) 'trustpilot_pipeline' retrieved from /opt/airflow/dags/trustpilot_dag.py
[2025-07-06T13:52:53.990+0000] {logging_mixin.py:188} INFO - [2025-07-06T13:52:53.989+0000] {dag.py:3096} INFO - Sync 1 DAGs
[2025-07-06T13:52:54.007+0000] {logging_mixin.py:188} INFO - [2025-07-06T13:52:54.007+0000] {dag.py:3954} INFO - Setting next_dagrun for trustpilot_pipeline to None, run_after=None
[2025-07-06T13:52:54.027+0000] {processor.py:183} INFO - Processing /opt/airflow/dags/trustpilot_dag.py took 1.813 seconds
[2025-07-06T13:53:24.099+0000] {processor.py:161} INFO - Started process (PID=11619) to work on /opt/airflow/dags/trustpilot_dag.py
[2025-07-06T13:53:24.100+0000] {processor.py:830} INFO - Processing file /opt/airflow/dags/trustpilot_dag.py for tasks to queue
[2025-07-06T13:53:24.102+0000] {logging_mixin.py:188} INFO - [2025-07-06T13:53:24.102+0000] {dagbag.py:545} INFO - Filling up the DagBag from /opt/airflow/dags/trustpilot_dag.py
[2025-07-06T13:53:25.814+0000] {logging_mixin.py:188} INFO - 📁 Fichier .env chargé
[2025-07-06T13:53:25.815+0000] {logging_mixin.py:188} INFO - 👉 Mode scraping : prod
[2025-07-06T13:53:25.815+0000] {logging_mixin.py:188} INFO - 👉 Fichier d’entrée : data/verbatims_test.csv
[2025-07-06T13:53:25.823+0000] {processor.py:840} INFO - DAG(s) 'trustpilot_pipeline' retrieved from /opt/airflow/dags/trustpilot_dag.py
[2025-07-06T13:53:25.853+0000] {logging_mixin.py:188} INFO - [2025-07-06T13:53:25.852+0000] {dag.py:3096} INFO - Sync 1 DAGs
[2025-07-06T13:53:25.869+0000] {logging_mixin.py:188} INFO - [2025-07-06T13:53:25.869+0000] {dag.py:3954} INFO - Setting next_dagrun for trustpilot_pipeline to None, run_after=None
[2025-07-06T13:53:25.890+0000] {processor.py:183} INFO - Processing /opt/airflow/dags/trustpilot_dag.py took 1.801 seconds
[2025-07-06T13:53:56.027+0000] {processor.py:161} INFO - Started process (PID=11625) to work on /opt/airflow/dags/trustpilot_dag.py
[2025-07-06T13:53:56.028+0000] {processor.py:830} INFO - Processing file /opt/airflow/dags/trustpilot_dag.py for tasks to queue
[2025-07-06T13:53:56.031+0000] {logging_mixin.py:188} INFO - [2025-07-06T13:53:56.030+0000] {dagbag.py:545} INFO - Filling up the DagBag from /opt/airflow/dags/trustpilot_dag.py
[2025-07-06T13:53:57.746+0000] {logging_mixin.py:188} INFO - 📁 Fichier .env chargé
[2025-07-06T13:53:57.746+0000] {logging_mixin.py:188} INFO - 👉 Mode scraping : prod
[2025-07-06T13:53:57.747+0000] {logging_mixin.py:188} INFO - 👉 Fichier d’entrée : data/verbatims_test.csv
[2025-07-06T13:53:57.755+0000] {processor.py:840} INFO - DAG(s) 'trustpilot_pipeline' retrieved from /opt/airflow/dags/trustpilot_dag.py
[2025-07-06T13:53:57.787+0000] {logging_mixin.py:188} INFO - [2025-07-06T13:53:57.786+0000] {dag.py:3096} INFO - Sync 1 DAGs
[2025-07-06T13:53:57.804+0000] {logging_mixin.py:188} INFO - [2025-07-06T13:53:57.804+0000] {dag.py:3954} INFO - Setting next_dagrun for trustpilot_pipeline to None, run_after=None
[2025-07-06T13:53:57.826+0000] {processor.py:183} INFO - Processing /opt/airflow/dags/trustpilot_dag.py took 1.809 seconds
[2025-07-06T13:54:27.960+0000] {processor.py:161} INFO - Started process (PID=11631) to work on /opt/airflow/dags/trustpilot_dag.py
[2025-07-06T13:54:27.961+0000] {processor.py:830} INFO - Processing file /opt/airflow/dags/trustpilot_dag.py for tasks to queue
[2025-07-06T13:54:27.964+0000] {logging_mixin.py:188} INFO - [2025-07-06T13:54:27.963+0000] {dagbag.py:545} INFO - Filling up the DagBag from /opt/airflow/dags/trustpilot_dag.py
[2025-07-06T13:54:29.676+0000] {logging_mixin.py:188} INFO - 📁 Fichier .env chargé
[2025-07-06T13:54:29.676+0000] {logging_mixin.py:188} INFO - 👉 Mode scraping : prod
[2025-07-06T13:54:29.676+0000] {logging_mixin.py:188} INFO - 👉 Fichier d’entrée : data/verbatims_test.csv
[2025-07-06T13:54:29.684+0000] {processor.py:840} INFO - DAG(s) 'trustpilot_pipeline' retrieved from /opt/airflow/dags/trustpilot_dag.py
[2025-07-06T13:54:29.714+0000] {logging_mixin.py:188} INFO - [2025-07-06T13:54:29.713+0000] {dag.py:3096} INFO - Sync 1 DAGs
[2025-07-06T13:54:29.730+0000] {logging_mixin.py:188} INFO - [2025-07-06T13:54:29.730+0000] {dag.py:3954} INFO - Setting next_dagrun for trustpilot_pipeline to None, run_after=None
[2025-07-06T13:54:29.754+0000] {processor.py:183} INFO - Processing /opt/airflow/dags/trustpilot_dag.py took 1.803 seconds
[2025-07-06T13:54:59.889+0000] {processor.py:161} INFO - Started process (PID=11637) to work on /opt/airflow/dags/trustpilot_dag.py
[2025-07-06T13:54:59.890+0000] {processor.py:830} INFO - Processing file /opt/airflow/dags/trustpilot_dag.py for tasks to queue
[2025-07-06T13:54:59.893+0000] {logging_mixin.py:188} INFO - [2025-07-06T13:54:59.892+0000] {dagbag.py:545} INFO - Filling up the DagBag from /opt/airflow/dags/trustpilot_dag.py
[2025-07-06T13:55:01.599+0000] {logging_mixin.py:188} INFO - 📁 Fichier .env chargé
[2025-07-06T13:55:01.599+0000] {logging_mixin.py:188} INFO - 👉 Mode scraping : prod
[2025-07-06T13:55:01.600+0000] {logging_mixin.py:188} INFO - 👉 Fichier d’entrée : data/verbatims_test.csv
[2025-07-06T13:55:01.608+0000] {processor.py:840} INFO - DAG(s) 'trustpilot_pipeline' retrieved from /opt/airflow/dags/trustpilot_dag.py
[2025-07-06T13:55:01.639+0000] {logging_mixin.py:188} INFO - [2025-07-06T13:55:01.638+0000] {dag.py:3096} INFO - Sync 1 DAGs
[2025-07-06T13:55:01.657+0000] {logging_mixin.py:188} INFO - [2025-07-06T13:55:01.657+0000] {dag.py:3954} INFO - Setting next_dagrun for trustpilot_pipeline to None, run_after=None
[2025-07-06T13:55:01.677+0000] {processor.py:183} INFO - Processing /opt/airflow/dags/trustpilot_dag.py took 1.800 seconds
[2025-07-06T13:55:31.805+0000] {processor.py:161} INFO - Started process (PID=11643) to work on /opt/airflow/dags/trustpilot_dag.py
[2025-07-06T13:55:31.806+0000] {processor.py:830} INFO - Processing file /opt/airflow/dags/trustpilot_dag.py for tasks to queue
[2025-07-06T13:55:31.808+0000] {logging_mixin.py:188} INFO - [2025-07-06T13:55:31.808+0000] {dagbag.py:545} INFO - Filling up the DagBag from /opt/airflow/dags/trustpilot_dag.py
[2025-07-06T13:55:33.503+0000] {logging_mixin.py:188} INFO - 📁 Fichier .env chargé
[2025-07-06T13:55:33.503+0000] {logging_mixin.py:188} INFO - 👉 Mode scraping : prod
[2025-07-06T13:55:33.503+0000] {logging_mixin.py:188} INFO - 👉 Fichier d’entrée : data/verbatims_test.csv
[2025-07-06T13:55:33.511+0000] {processor.py:840} INFO - DAG(s) 'trustpilot_pipeline' retrieved from /opt/airflow/dags/trustpilot_dag.py
[2025-07-06T13:55:33.544+0000] {logging_mixin.py:188} INFO - [2025-07-06T13:55:33.543+0000] {dag.py:3096} INFO - Sync 1 DAGs
[2025-07-06T13:55:33.560+0000] {logging_mixin.py:188} INFO - [2025-07-06T13:55:33.560+0000] {dag.py:3954} INFO - Setting next_dagrun for trustpilot_pipeline to None, run_after=None
[2025-07-06T13:55:33.580+0000] {processor.py:183} INFO - Processing /opt/airflow/dags/trustpilot_dag.py took 1.785 seconds
[2025-07-06T13:56:03.656+0000] {processor.py:161} INFO - Started process (PID=11649) to work on /opt/airflow/dags/trustpilot_dag.py
[2025-07-06T13:56:03.657+0000] {processor.py:830} INFO - Processing file /opt/airflow/dags/trustpilot_dag.py for tasks to queue
[2025-07-06T13:56:03.659+0000] {logging_mixin.py:188} INFO - [2025-07-06T13:56:03.659+0000] {dagbag.py:545} INFO - Filling up the DagBag from /opt/airflow/dags/trustpilot_dag.py
[2025-07-06T13:56:05.343+0000] {logging_mixin.py:188} INFO - 📁 Fichier .env chargé
[2025-07-06T13:56:05.343+0000] {logging_mixin.py:188} INFO - 👉 Mode scraping : prod
[2025-07-06T13:56:05.343+0000] {logging_mixin.py:188} INFO - 👉 Fichier d’entrée : data/verbatims_test.csv
[2025-07-06T13:56:05.353+0000] {processor.py:840} INFO - DAG(s) 'trustpilot_pipeline' retrieved from /opt/airflow/dags/trustpilot_dag.py
[2025-07-06T13:56:05.383+0000] {logging_mixin.py:188} INFO - [2025-07-06T13:56:05.382+0000] {dag.py:3096} INFO - Sync 1 DAGs
[2025-07-06T13:56:05.400+0000] {logging_mixin.py:188} INFO - [2025-07-06T13:56:05.399+0000] {dag.py:3954} INFO - Setting next_dagrun for trustpilot_pipeline to None, run_after=None
[2025-07-06T13:56:05.420+0000] {processor.py:183} INFO - Processing /opt/airflow/dags/trustpilot_dag.py took 1.774 seconds
[2025-07-06T13:56:35.558+0000] {processor.py:161} INFO - Started process (PID=11655) to work on /opt/airflow/dags/trustpilot_dag.py
[2025-07-06T13:56:35.559+0000] {processor.py:830} INFO - Processing file /opt/airflow/dags/trustpilot_dag.py for tasks to queue
[2025-07-06T13:56:35.561+0000] {logging_mixin.py:188} INFO - [2025-07-06T13:56:35.561+0000] {dagbag.py:545} INFO - Filling up the DagBag from /opt/airflow/dags/trustpilot_dag.py
[2025-07-06T13:56:37.247+0000] {logging_mixin.py:188} INFO - 📁 Fichier .env chargé
[2025-07-06T13:56:37.247+0000] {logging_mixin.py:188} INFO - 👉 Mode scraping : prod
[2025-07-06T13:56:37.248+0000] {logging_mixin.py:188} INFO - 👉 Fichier d’entrée : data/verbatims_test.csv
[2025-07-06T13:56:37.255+0000] {processor.py:840} INFO - DAG(s) 'trustpilot_pipeline' retrieved from /opt/airflow/dags/trustpilot_dag.py
[2025-07-06T13:56:37.285+0000] {logging_mixin.py:188} INFO - [2025-07-06T13:56:37.285+0000] {dag.py:3096} INFO - Sync 1 DAGs
[2025-07-06T13:56:37.302+0000] {logging_mixin.py:188} INFO - [2025-07-06T13:56:37.302+0000] {dag.py:3954} INFO - Setting next_dagrun for trustpilot_pipeline to None, run_after=None
[2025-07-06T13:56:37.322+0000] {processor.py:183} INFO - Processing /opt/airflow/dags/trustpilot_dag.py took 1.774 seconds
[2025-07-06T13:57:07.459+0000] {processor.py:161} INFO - Started process (PID=11661) to work on /opt/airflow/dags/trustpilot_dag.py
[2025-07-06T13:57:07.461+0000] {processor.py:830} INFO - Processing file /opt/airflow/dags/trustpilot_dag.py for tasks to queue
[2025-07-06T13:57:07.464+0000] {logging_mixin.py:188} INFO - [2025-07-06T13:57:07.463+0000] {dagbag.py:545} INFO - Filling up the DagBag from /opt/airflow/dags/trustpilot_dag.py
[2025-07-06T13:57:09.148+0000] {logging_mixin.py:188} INFO - 📁 Fichier .env chargé
[2025-07-06T13:57:09.148+0000] {logging_mixin.py:188} INFO - 👉 Mode scraping : prod
[2025-07-06T13:57:09.149+0000] {logging_mixin.py:188} INFO - 👉 Fichier d’entrée : data/verbatims_test.csv
[2025-07-06T13:57:09.156+0000] {processor.py:840} INFO - DAG(s) 'trustpilot_pipeline' retrieved from /opt/airflow/dags/trustpilot_dag.py
[2025-07-06T13:57:09.186+0000] {logging_mixin.py:188} INFO - [2025-07-06T13:57:09.186+0000] {dag.py:3096} INFO - Sync 1 DAGs
[2025-07-06T13:57:09.203+0000] {logging_mixin.py:188} INFO - [2025-07-06T13:57:09.203+0000] {dag.py:3954} INFO - Setting next_dagrun for trustpilot_pipeline to None, run_after=None
[2025-07-06T13:57:09.224+0000] {processor.py:183} INFO - Processing /opt/airflow/dags/trustpilot_dag.py took 1.774 seconds
[2025-07-06T13:57:39.351+0000] {processor.py:161} INFO - Started process (PID=11667) to work on /opt/airflow/dags/trustpilot_dag.py
[2025-07-06T13:57:39.352+0000] {processor.py:830} INFO - Processing file /opt/airflow/dags/trustpilot_dag.py for tasks to queue
[2025-07-06T13:57:39.355+0000] {logging_mixin.py:188} INFO - [2025-07-06T13:57:39.354+0000] {dagbag.py:545} INFO - Filling up the DagBag from /opt/airflow/dags/trustpilot_dag.py
[2025-07-06T13:57:41.061+0000] {logging_mixin.py:188} INFO - 📁 Fichier .env chargé
[2025-07-06T13:57:41.061+0000] {logging_mixin.py:188} INFO - 👉 Mode scraping : prod
[2025-07-06T13:57:41.062+0000] {logging_mixin.py:188} INFO - 👉 Fichier d’entrée : data/verbatims_test.csv
[2025-07-06T13:57:41.069+0000] {processor.py:840} INFO - DAG(s) 'trustpilot_pipeline' retrieved from /opt/airflow/dags/trustpilot_dag.py
[2025-07-06T13:57:41.100+0000] {logging_mixin.py:188} INFO - [2025-07-06T13:57:41.099+0000] {dag.py:3096} INFO - Sync 1 DAGs
[2025-07-06T13:57:41.118+0000] {logging_mixin.py:188} INFO - [2025-07-06T13:57:41.117+0000] {dag.py:3954} INFO - Setting next_dagrun for trustpilot_pipeline to None, run_after=None
[2025-07-06T13:57:41.138+0000] {processor.py:183} INFO - Processing /opt/airflow/dags/trustpilot_dag.py took 1.796 seconds
[2025-07-06T13:58:11.275+0000] {processor.py:161} INFO - Started process (PID=11673) to work on /opt/airflow/dags/trustpilot_dag.py
[2025-07-06T13:58:11.276+0000] {processor.py:830} INFO - Processing file /opt/airflow/dags/trustpilot_dag.py for tasks to queue
[2025-07-06T13:58:11.278+0000] {logging_mixin.py:188} INFO - [2025-07-06T13:58:11.278+0000] {dagbag.py:545} INFO - Filling up the DagBag from /opt/airflow/dags/trustpilot_dag.py
[2025-07-06T13:58:12.988+0000] {logging_mixin.py:188} INFO - 📁 Fichier .env chargé
[2025-07-06T13:58:12.988+0000] {logging_mixin.py:188} INFO - 👉 Mode scraping : prod
[2025-07-06T13:58:12.988+0000] {logging_mixin.py:188} INFO - 👉 Fichier d’entrée : data/verbatims_test.csv
[2025-07-06T13:58:12.996+0000] {processor.py:840} INFO - DAG(s) 'trustpilot_pipeline' retrieved from /opt/airflow/dags/trustpilot_dag.py
[2025-07-06T13:58:13.028+0000] {logging_mixin.py:188} INFO - [2025-07-06T13:58:13.028+0000] {dag.py:3096} INFO - Sync 1 DAGs
[2025-07-06T13:58:13.045+0000] {logging_mixin.py:188} INFO - [2025-07-06T13:58:13.045+0000] {dag.py:3954} INFO - Setting next_dagrun for trustpilot_pipeline to None, run_after=None
[2025-07-06T13:58:13.065+0000] {processor.py:183} INFO - Processing /opt/airflow/dags/trustpilot_dag.py took 1.800 seconds
[2025-07-06T13:58:43.188+0000] {processor.py:161} INFO - Started process (PID=11679) to work on /opt/airflow/dags/trustpilot_dag.py
[2025-07-06T13:58:43.189+0000] {processor.py:830} INFO - Processing file /opt/airflow/dags/trustpilot_dag.py for tasks to queue
[2025-07-06T13:58:43.191+0000] {logging_mixin.py:188} INFO - [2025-07-06T13:58:43.191+0000] {dagbag.py:545} INFO - Filling up the DagBag from /opt/airflow/dags/trustpilot_dag.py
[2025-07-06T13:58:44.902+0000] {logging_mixin.py:188} INFO - 📁 Fichier .env chargé
[2025-07-06T13:58:44.902+0000] {logging_mixin.py:188} INFO - 👉 Mode scraping : prod
[2025-07-06T13:58:44.902+0000] {logging_mixin.py:188} INFO - 👉 Fichier d’entrée : data/verbatims_test.csv
[2025-07-06T13:58:44.910+0000] {processor.py:840} INFO - DAG(s) 'trustpilot_pipeline' retrieved from /opt/airflow/dags/trustpilot_dag.py
[2025-07-06T13:58:44.942+0000] {logging_mixin.py:188} INFO - [2025-07-06T13:58:44.941+0000] {dag.py:3096} INFO - Sync 1 DAGs
[2025-07-06T13:58:44.959+0000] {logging_mixin.py:188} INFO - [2025-07-06T13:58:44.958+0000] {dag.py:3954} INFO - Setting next_dagrun for trustpilot_pipeline to None, run_after=None
[2025-07-06T13:58:44.979+0000] {processor.py:183} INFO - Processing /opt/airflow/dags/trustpilot_dag.py took 1.800 seconds
[2025-07-06T13:59:15.123+0000] {processor.py:161} INFO - Started process (PID=11685) to work on /opt/airflow/dags/trustpilot_dag.py
[2025-07-06T13:59:15.124+0000] {processor.py:830} INFO - Processing file /opt/airflow/dags/trustpilot_dag.py for tasks to queue
[2025-07-06T13:59:15.126+0000] {logging_mixin.py:188} INFO - [2025-07-06T13:59:15.126+0000] {dagbag.py:545} INFO - Filling up the DagBag from /opt/airflow/dags/trustpilot_dag.py
[2025-07-06T13:59:16.836+0000] {logging_mixin.py:188} INFO - 📁 Fichier .env chargé
[2025-07-06T13:59:16.836+0000] {logging_mixin.py:188} INFO - 👉 Mode scraping : prod
[2025-07-06T13:59:16.836+0000] {logging_mixin.py:188} INFO - 👉 Fichier d’entrée : data/verbatims_test.csv
[2025-07-06T13:59:16.845+0000] {processor.py:840} INFO - DAG(s) 'trustpilot_pipeline' retrieved from /opt/airflow/dags/trustpilot_dag.py
[2025-07-06T13:59:16.876+0000] {logging_mixin.py:188} INFO - [2025-07-06T13:59:16.876+0000] {dag.py:3096} INFO - Sync 1 DAGs
[2025-07-06T13:59:16.894+0000] {logging_mixin.py:188} INFO - [2025-07-06T13:59:16.894+0000] {dag.py:3954} INFO - Setting next_dagrun for trustpilot_pipeline to None, run_after=None
[2025-07-06T13:59:16.917+0000] {processor.py:183} INFO - Processing /opt/airflow/dags/trustpilot_dag.py took 1.803 seconds
[2025-07-06T13:59:47.052+0000] {processor.py:161} INFO - Started process (PID=11691) to work on /opt/airflow/dags/trustpilot_dag.py
[2025-07-06T13:59:47.053+0000] {processor.py:830} INFO - Processing file /opt/airflow/dags/trustpilot_dag.py for tasks to queue
[2025-07-06T13:59:47.055+0000] {logging_mixin.py:188} INFO - [2025-07-06T13:59:47.055+0000] {dagbag.py:545} INFO - Filling up the DagBag from /opt/airflow/dags/trustpilot_dag.py
[2025-07-06T13:59:48.736+0000] {logging_mixin.py:188} INFO - 📁 Fichier .env chargé
[2025-07-06T13:59:48.737+0000] {logging_mixin.py:188} INFO - 👉 Mode scraping : prod
[2025-07-06T13:59:48.737+0000] {logging_mixin.py:188} INFO - 👉 Fichier d’entrée : data/verbatims_test.csv
[2025-07-06T13:59:48.744+0000] {processor.py:840} INFO - DAG(s) 'trustpilot_pipeline' retrieved from /opt/airflow/dags/trustpilot_dag.py
[2025-07-06T13:59:48.774+0000] {logging_mixin.py:188} INFO - [2025-07-06T13:59:48.774+0000] {dag.py:3096} INFO - Sync 1 DAGs
[2025-07-06T13:59:48.791+0000] {logging_mixin.py:188} INFO - [2025-07-06T13:59:48.790+0000] {dag.py:3954} INFO - Setting next_dagrun for trustpilot_pipeline to None, run_after=None
[2025-07-06T13:59:48.811+0000] {processor.py:183} INFO - Processing /opt/airflow/dags/trustpilot_dag.py took 1.768 seconds
[2025-07-06T14:00:18.941+0000] {processor.py:161} INFO - Started process (PID=11697) to work on /opt/airflow/dags/trustpilot_dag.py
[2025-07-06T14:00:18.942+0000] {processor.py:830} INFO - Processing file /opt/airflow/dags/trustpilot_dag.py for tasks to queue
[2025-07-06T14:00:18.945+0000] {logging_mixin.py:188} INFO - [2025-07-06T14:00:18.944+0000] {dagbag.py:545} INFO - Filling up the DagBag from /opt/airflow/dags/trustpilot_dag.py
[2025-07-06T14:00:20.653+0000] {logging_mixin.py:188} INFO - 📁 Fichier .env chargé
[2025-07-06T14:00:20.653+0000] {logging_mixin.py:188} INFO - 👉 Mode scraping : prod
[2025-07-06T14:00:20.654+0000] {logging_mixin.py:188} INFO - 👉 Fichier d’entrée : data/verbatims_test.csv
[2025-07-06T14:00:20.661+0000] {processor.py:840} INFO - DAG(s) 'trustpilot_pipeline' retrieved from /opt/airflow/dags/trustpilot_dag.py
[2025-07-06T14:00:20.691+0000] {logging_mixin.py:188} INFO - [2025-07-06T14:00:20.690+0000] {dag.py:3096} INFO - Sync 1 DAGs
[2025-07-06T14:00:20.707+0000] {logging_mixin.py:188} INFO - [2025-07-06T14:00:20.707+0000] {dag.py:3954} INFO - Setting next_dagrun for trustpilot_pipeline to None, run_after=None
[2025-07-06T14:00:20.730+0000] {processor.py:183} INFO - Processing /opt/airflow/dags/trustpilot_dag.py took 1.798 seconds
[2025-07-06T14:00:50.861+0000] {processor.py:161} INFO - Started process (PID=11703) to work on /opt/airflow/dags/trustpilot_dag.py
[2025-07-06T14:00:50.862+0000] {processor.py:830} INFO - Processing file /opt/airflow/dags/trustpilot_dag.py for tasks to queue
[2025-07-06T14:00:50.864+0000] {logging_mixin.py:188} INFO - [2025-07-06T14:00:50.864+0000] {dagbag.py:545} INFO - Filling up the DagBag from /opt/airflow/dags/trustpilot_dag.py
[2025-07-06T14:00:52.571+0000] {logging_mixin.py:188} INFO - 📁 Fichier .env chargé
[2025-07-06T14:00:52.571+0000] {logging_mixin.py:188} INFO - 👉 Mode scraping : prod
[2025-07-06T14:00:52.571+0000] {logging_mixin.py:188} INFO - 👉 Fichier d’entrée : data/verbatims_test.csv
[2025-07-06T14:00:52.579+0000] {processor.py:840} INFO - DAG(s) 'trustpilot_pipeline' retrieved from /opt/airflow/dags/trustpilot_dag.py
[2025-07-06T14:00:52.610+0000] {logging_mixin.py:188} INFO - [2025-07-06T14:00:52.609+0000] {dag.py:3096} INFO - Sync 1 DAGs
[2025-07-06T14:00:52.628+0000] {logging_mixin.py:188} INFO - [2025-07-06T14:00:52.628+0000] {dag.py:3954} INFO - Setting next_dagrun for trustpilot_pipeline to None, run_after=None
[2025-07-06T14:00:52.648+0000] {processor.py:183} INFO - Processing /opt/airflow/dags/trustpilot_dag.py took 1.797 seconds
[2025-07-06T14:01:22.768+0000] {processor.py:161} INFO - Started process (PID=11709) to work on /opt/airflow/dags/trustpilot_dag.py
[2025-07-06T14:01:22.769+0000] {processor.py:830} INFO - Processing file /opt/airflow/dags/trustpilot_dag.py for tasks to queue
[2025-07-06T14:01:22.771+0000] {logging_mixin.py:188} INFO - [2025-07-06T14:01:22.771+0000] {dagbag.py:545} INFO - Filling up the DagBag from /opt/airflow/dags/trustpilot_dag.py
[2025-07-06T14:01:24.471+0000] {logging_mixin.py:188} INFO - 📁 Fichier .env chargé
[2025-07-06T14:01:24.471+0000] {logging_mixin.py:188} INFO - 👉 Mode scraping : prod
[2025-07-06T14:01:24.471+0000] {logging_mixin.py:188} INFO - 👉 Fichier d’entrée : data/verbatims_test.csv
[2025-07-06T14:01:24.479+0000] {processor.py:840} INFO - DAG(s) 'trustpilot_pipeline' retrieved from /opt/airflow/dags/trustpilot_dag.py
[2025-07-06T14:01:24.511+0000] {logging_mixin.py:188} INFO - [2025-07-06T14:01:24.510+0000] {dag.py:3096} INFO - Sync 1 DAGs
[2025-07-06T14:01:24.528+0000] {logging_mixin.py:188} INFO - [2025-07-06T14:01:24.527+0000] {dag.py:3954} INFO - Setting next_dagrun for trustpilot_pipeline to None, run_after=None
[2025-07-06T14:01:24.549+0000] {processor.py:183} INFO - Processing /opt/airflow/dags/trustpilot_dag.py took 1.791 seconds
[2025-07-06T14:01:54.687+0000] {processor.py:161} INFO - Started process (PID=11715) to work on /opt/airflow/dags/trustpilot_dag.py
[2025-07-06T14:01:54.690+0000] {processor.py:830} INFO - Processing file /opt/airflow/dags/trustpilot_dag.py for tasks to queue
[2025-07-06T14:01:54.692+0000] {logging_mixin.py:188} INFO - [2025-07-06T14:01:54.692+0000] {dagbag.py:545} INFO - Filling up the DagBag from /opt/airflow/dags/trustpilot_dag.py
[2025-07-06T14:01:55.719+0000] {logging_mixin.py:188} INFO - 📁 Fichier .env chargé
[2025-07-06T14:01:55.719+0000] {logging_mixin.py:188} INFO - 👉 Mode scraping : prod
[2025-07-06T14:01:55.719+0000] {logging_mixin.py:188} INFO - 👉 Fichier d’entrée : data/verbatims_test.csv
[2025-07-06T14:01:55.725+0000] {processor.py:840} INFO - DAG(s) 'trustpilot_pipeline' retrieved from /opt/airflow/dags/trustpilot_dag.py
[2025-07-06T14:01:55.753+0000] {logging_mixin.py:188} INFO - [2025-07-06T14:01:55.753+0000] {dag.py:3096} INFO - Sync 1 DAGs
[2025-07-06T14:01:55.769+0000] {logging_mixin.py:188} INFO - [2025-07-06T14:01:55.769+0000] {dag.py:3954} INFO - Setting next_dagrun for trustpilot_pipeline to None, run_after=None
[2025-07-06T14:01:55.792+0000] {processor.py:183} INFO - Processing /opt/airflow/dags/trustpilot_dag.py took 1.114 seconds
[2025-07-06T14:02:25.918+0000] {processor.py:161} INFO - Started process (PID=11721) to work on /opt/airflow/dags/trustpilot_dag.py
[2025-07-06T14:02:25.919+0000] {processor.py:830} INFO - Processing file /opt/airflow/dags/trustpilot_dag.py for tasks to queue
[2025-07-06T14:02:25.921+0000] {logging_mixin.py:188} INFO - [2025-07-06T14:02:25.921+0000] {dagbag.py:545} INFO - Filling up the DagBag from /opt/airflow/dags/trustpilot_dag.py
[2025-07-06T14:02:27.626+0000] {logging_mixin.py:188} INFO - 📁 Fichier .env chargé
[2025-07-06T14:02:27.626+0000] {logging_mixin.py:188} INFO - 👉 Mode scraping : prod
[2025-07-06T14:02:27.626+0000] {logging_mixin.py:188} INFO - 👉 Fichier d’entrée : data/verbatims_test.csv
[2025-07-06T14:02:27.634+0000] {processor.py:840} INFO - DAG(s) 'trustpilot_pipeline' retrieved from /opt/airflow/dags/trustpilot_dag.py
[2025-07-06T14:02:27.664+0000] {logging_mixin.py:188} INFO - [2025-07-06T14:02:27.664+0000] {dag.py:3096} INFO - Sync 1 DAGs
[2025-07-06T14:02:27.681+0000] {logging_mixin.py:188} INFO - [2025-07-06T14:02:27.681+0000] {dag.py:3954} INFO - Setting next_dagrun for trustpilot_pipeline to None, run_after=None
[2025-07-06T14:02:27.703+0000] {processor.py:183} INFO - Processing /opt/airflow/dags/trustpilot_dag.py took 1.794 seconds
[2025-07-06T14:02:57.849+0000] {processor.py:161} INFO - Started process (PID=11727) to work on /opt/airflow/dags/trustpilot_dag.py
[2025-07-06T14:02:57.850+0000] {processor.py:830} INFO - Processing file /opt/airflow/dags/trustpilot_dag.py for tasks to queue
[2025-07-06T14:02:57.853+0000] {logging_mixin.py:188} INFO - [2025-07-06T14:02:57.852+0000] {dagbag.py:545} INFO - Filling up the DagBag from /opt/airflow/dags/trustpilot_dag.py
[2025-07-06T14:02:59.544+0000] {logging_mixin.py:188} INFO - 📁 Fichier .env chargé
[2025-07-06T14:02:59.545+0000] {logging_mixin.py:188} INFO - 👉 Mode scraping : prod
[2025-07-06T14:02:59.545+0000] {logging_mixin.py:188} INFO - 👉 Fichier d’entrée : data/verbatims_test.csv
[2025-07-06T14:02:59.553+0000] {processor.py:840} INFO - DAG(s) 'trustpilot_pipeline' retrieved from /opt/airflow/dags/trustpilot_dag.py
[2025-07-06T14:02:59.583+0000] {logging_mixin.py:188} INFO - [2025-07-06T14:02:59.582+0000] {dag.py:3096} INFO - Sync 1 DAGs
[2025-07-06T14:02:59.599+0000] {logging_mixin.py:188} INFO - [2025-07-06T14:02:59.599+0000] {dag.py:3954} INFO - Setting next_dagrun for trustpilot_pipeline to None, run_after=None
[2025-07-06T14:02:59.621+0000] {processor.py:183} INFO - Processing /opt/airflow/dags/trustpilot_dag.py took 1.781 seconds
[2025-07-06T14:03:29.772+0000] {processor.py:161} INFO - Started process (PID=11733) to work on /opt/airflow/dags/trustpilot_dag.py
[2025-07-06T14:03:29.775+0000] {processor.py:830} INFO - Processing file /opt/airflow/dags/trustpilot_dag.py for tasks to queue
[2025-07-06T14:03:29.778+0000] {logging_mixin.py:188} INFO - [2025-07-06T14:03:29.777+0000] {dagbag.py:545} INFO - Filling up the DagBag from /opt/airflow/dags/trustpilot_dag.py
[2025-07-06T14:03:31.483+0000] {logging_mixin.py:188} INFO - 📁 Fichier .env chargé
[2025-07-06T14:03:31.483+0000] {logging_mixin.py:188} INFO - 👉 Mode scraping : prod
[2025-07-06T14:03:31.483+0000] {logging_mixin.py:188} INFO - 👉 Fichier d’entrée : data/verbatims_test.csv
[2025-07-06T14:03:31.491+0000] {processor.py:840} INFO - DAG(s) 'trustpilot_pipeline' retrieved from /opt/airflow/dags/trustpilot_dag.py
[2025-07-06T14:03:31.521+0000] {logging_mixin.py:188} INFO - [2025-07-06T14:03:31.521+0000] {dag.py:3096} INFO - Sync 1 DAGs
[2025-07-06T14:03:31.540+0000] {logging_mixin.py:188} INFO - [2025-07-06T14:03:31.539+0000] {dag.py:3954} INFO - Setting next_dagrun for trustpilot_pipeline to None, run_after=None
[2025-07-06T14:03:31.561+0000] {processor.py:183} INFO - Processing /opt/airflow/dags/trustpilot_dag.py took 1.800 seconds
[2025-07-06T14:04:01.691+0000] {processor.py:161} INFO - Started process (PID=11739) to work on /opt/airflow/dags/trustpilot_dag.py
[2025-07-06T14:04:01.692+0000] {processor.py:830} INFO - Processing file /opt/airflow/dags/trustpilot_dag.py for tasks to queue
[2025-07-06T14:04:01.695+0000] {logging_mixin.py:188} INFO - [2025-07-06T14:04:01.694+0000] {dagbag.py:545} INFO - Filling up the DagBag from /opt/airflow/dags/trustpilot_dag.py
[2025-07-06T14:04:03.397+0000] {logging_mixin.py:188} INFO - 📁 Fichier .env chargé
[2025-07-06T14:04:03.397+0000] {logging_mixin.py:188} INFO - 👉 Mode scraping : prod
[2025-07-06T14:04:03.397+0000] {logging_mixin.py:188} INFO - 👉 Fichier d’entrée : data/verbatims_test.csv
[2025-07-06T14:04:03.405+0000] {processor.py:840} INFO - DAG(s) 'trustpilot_pipeline' retrieved from /opt/airflow/dags/trustpilot_dag.py
[2025-07-06T14:04:03.437+0000] {logging_mixin.py:188} INFO - [2025-07-06T14:04:03.436+0000] {dag.py:3096} INFO - Sync 1 DAGs
[2025-07-06T14:04:03.453+0000] {logging_mixin.py:188} INFO - [2025-07-06T14:04:03.453+0000] {dag.py:3954} INFO - Setting next_dagrun for trustpilot_pipeline to None, run_after=None
[2025-07-06T14:04:03.474+0000] {processor.py:183} INFO - Processing /opt/airflow/dags/trustpilot_dag.py took 1.793 seconds
[2025-07-06T14:04:33.606+0000] {processor.py:161} INFO - Started process (PID=11745) to work on /opt/airflow/dags/trustpilot_dag.py
[2025-07-06T14:04:33.608+0000] {processor.py:830} INFO - Processing file /opt/airflow/dags/trustpilot_dag.py for tasks to queue
[2025-07-06T14:04:33.610+0000] {logging_mixin.py:188} INFO - [2025-07-06T14:04:33.609+0000] {dagbag.py:545} INFO - Filling up the DagBag from /opt/airflow/dags/trustpilot_dag.py
[2025-07-06T14:04:35.330+0000] {logging_mixin.py:188} INFO - 📁 Fichier .env chargé
[2025-07-06T14:04:35.330+0000] {logging_mixin.py:188} INFO - 👉 Mode scraping : prod
[2025-07-06T14:04:35.330+0000] {logging_mixin.py:188} INFO - 👉 Fichier d’entrée : data/verbatims_test.csv
[2025-07-06T14:04:35.338+0000] {processor.py:840} INFO - DAG(s) 'trustpilot_pipeline' retrieved from /opt/airflow/dags/trustpilot_dag.py
[2025-07-06T14:04:35.370+0000] {logging_mixin.py:188} INFO - [2025-07-06T14:04:35.369+0000] {dag.py:3096} INFO - Sync 1 DAGs
[2025-07-06T14:04:35.387+0000] {logging_mixin.py:188} INFO - [2025-07-06T14:04:35.386+0000] {dag.py:3954} INFO - Setting next_dagrun for trustpilot_pipeline to None, run_after=None
[2025-07-06T14:04:35.407+0000] {processor.py:183} INFO - Processing /opt/airflow/dags/trustpilot_dag.py took 1.810 seconds
[2025-07-06T14:05:05.524+0000] {processor.py:161} INFO - Started process (PID=11751) to work on /opt/airflow/dags/trustpilot_dag.py
[2025-07-06T14:05:05.525+0000] {processor.py:830} INFO - Processing file /opt/airflow/dags/trustpilot_dag.py for tasks to queue
[2025-07-06T14:05:05.528+0000] {logging_mixin.py:188} INFO - [2025-07-06T14:05:05.527+0000] {dagbag.py:545} INFO - Filling up the DagBag from /opt/airflow/dags/trustpilot_dag.py
[2025-07-06T14:05:07.239+0000] {logging_mixin.py:188} INFO - 📁 Fichier .env chargé
[2025-07-06T14:05:07.239+0000] {logging_mixin.py:188} INFO - 👉 Mode scraping : prod
[2025-07-06T14:05:07.239+0000] {logging_mixin.py:188} INFO - 👉 Fichier d’entrée : data/verbatims_test.csv
[2025-07-06T14:05:07.247+0000] {processor.py:840} INFO - DAG(s) 'trustpilot_pipeline' retrieved from /opt/airflow/dags/trustpilot_dag.py
[2025-07-06T14:05:07.277+0000] {logging_mixin.py:188} INFO - [2025-07-06T14:05:07.277+0000] {dag.py:3096} INFO - Sync 1 DAGs
[2025-07-06T14:05:07.294+0000] {logging_mixin.py:188} INFO - [2025-07-06T14:05:07.293+0000] {dag.py:3954} INFO - Setting next_dagrun for trustpilot_pipeline to None, run_after=None
[2025-07-06T14:05:07.315+0000] {processor.py:183} INFO - Processing /opt/airflow/dags/trustpilot_dag.py took 1.801 seconds
[2025-07-06T14:05:37.456+0000] {processor.py:161} INFO - Started process (PID=11757) to work on /opt/airflow/dags/trustpilot_dag.py
[2025-07-06T14:05:37.457+0000] {processor.py:830} INFO - Processing file /opt/airflow/dags/trustpilot_dag.py for tasks to queue
[2025-07-06T14:05:37.459+0000] {logging_mixin.py:188} INFO - [2025-07-06T14:05:37.459+0000] {dagbag.py:545} INFO - Filling up the DagBag from /opt/airflow/dags/trustpilot_dag.py
[2025-07-06T14:05:39.152+0000] {logging_mixin.py:188} INFO - 📁 Fichier .env chargé
[2025-07-06T14:05:39.153+0000] {logging_mixin.py:188} INFO - 👉 Mode scraping : prod
[2025-07-06T14:05:39.153+0000] {logging_mixin.py:188} INFO - 👉 Fichier d’entrée : data/verbatims_test.csv
[2025-07-06T14:05:39.160+0000] {processor.py:840} INFO - DAG(s) 'trustpilot_pipeline' retrieved from /opt/airflow/dags/trustpilot_dag.py
[2025-07-06T14:05:39.191+0000] {logging_mixin.py:188} INFO - [2025-07-06T14:05:39.190+0000] {dag.py:3096} INFO - Sync 1 DAGs
[2025-07-06T14:05:39.208+0000] {logging_mixin.py:188} INFO - [2025-07-06T14:05:39.207+0000] {dag.py:3954} INFO - Setting next_dagrun for trustpilot_pipeline to None, run_after=None
[2025-07-06T14:05:39.231+0000] {processor.py:183} INFO - Processing /opt/airflow/dags/trustpilot_dag.py took 1.787 seconds
[2025-07-06T14:06:09.364+0000] {processor.py:161} INFO - Started process (PID=11763) to work on /opt/airflow/dags/trustpilot_dag.py
[2025-07-06T14:06:09.365+0000] {processor.py:830} INFO - Processing file /opt/airflow/dags/trustpilot_dag.py for tasks to queue
[2025-07-06T14:06:09.367+0000] {logging_mixin.py:188} INFO - [2025-07-06T14:06:09.366+0000] {dagbag.py:545} INFO - Filling up the DagBag from /opt/airflow/dags/trustpilot_dag.py
[2025-07-06T14:06:11.086+0000] {logging_mixin.py:188} INFO - 📁 Fichier .env chargé
[2025-07-06T14:06:11.087+0000] {logging_mixin.py:188} INFO - 👉 Mode scraping : prod
[2025-07-06T14:06:11.087+0000] {logging_mixin.py:188} INFO - 👉 Fichier d’entrée : data/verbatims_test.csv
[2025-07-06T14:06:11.095+0000] {processor.py:840} INFO - DAG(s) 'trustpilot_pipeline' retrieved from /opt/airflow/dags/trustpilot_dag.py
[2025-07-06T14:06:11.125+0000] {logging_mixin.py:188} INFO - [2025-07-06T14:06:11.125+0000] {dag.py:3096} INFO - Sync 1 DAGs
[2025-07-06T14:06:11.143+0000] {logging_mixin.py:188} INFO - [2025-07-06T14:06:11.143+0000] {dag.py:3954} INFO - Setting next_dagrun for trustpilot_pipeline to None, run_after=None
[2025-07-06T14:06:11.164+0000] {processor.py:183} INFO - Processing /opt/airflow/dags/trustpilot_dag.py took 1.810 seconds
[2025-07-06T14:06:41.298+0000] {processor.py:161} INFO - Started process (PID=11769) to work on /opt/airflow/dags/trustpilot_dag.py
[2025-07-06T14:06:41.301+0000] {processor.py:830} INFO - Processing file /opt/airflow/dags/trustpilot_dag.py for tasks to queue
[2025-07-06T14:06:41.303+0000] {logging_mixin.py:188} INFO - [2025-07-06T14:06:41.303+0000] {dagbag.py:545} INFO - Filling up the DagBag from /opt/airflow/dags/trustpilot_dag.py
[2025-07-06T14:06:43.026+0000] {logging_mixin.py:188} INFO - 📁 Fichier .env chargé
[2025-07-06T14:06:43.026+0000] {logging_mixin.py:188} INFO - 👉 Mode scraping : prod
[2025-07-06T14:06:43.026+0000] {logging_mixin.py:188} INFO - 👉 Fichier d’entrée : data/verbatims_test.csv
[2025-07-06T14:06:43.034+0000] {processor.py:840} INFO - DAG(s) 'trustpilot_pipeline' retrieved from /opt/airflow/dags/trustpilot_dag.py
[2025-07-06T14:06:43.064+0000] {logging_mixin.py:188} INFO - [2025-07-06T14:06:43.063+0000] {dag.py:3096} INFO - Sync 1 DAGs
[2025-07-06T14:06:43.082+0000] {logging_mixin.py:188} INFO - [2025-07-06T14:06:43.082+0000] {dag.py:3954} INFO - Setting next_dagrun for trustpilot_pipeline to None, run_after=None
[2025-07-06T14:06:43.105+0000] {processor.py:183} INFO - Processing /opt/airflow/dags/trustpilot_dag.py took 1.816 seconds
[2025-07-06T14:07:13.241+0000] {processor.py:161} INFO - Started process (PID=11775) to work on /opt/airflow/dags/trustpilot_dag.py
[2025-07-06T14:07:13.242+0000] {processor.py:830} INFO - Processing file /opt/airflow/dags/trustpilot_dag.py for tasks to queue
[2025-07-06T14:07:13.244+0000] {logging_mixin.py:188} INFO - [2025-07-06T14:07:13.244+0000] {dagbag.py:545} INFO - Filling up the DagBag from /opt/airflow/dags/trustpilot_dag.py
[2025-07-06T14:07:14.964+0000] {logging_mixin.py:188} INFO - 📁 Fichier .env chargé
[2025-07-06T14:07:14.965+0000] {logging_mixin.py:188} INFO - 👉 Mode scraping : prod
[2025-07-06T14:07:14.965+0000] {logging_mixin.py:188} INFO - 👉 Fichier d’entrée : data/verbatims_test.csv
[2025-07-06T14:07:14.973+0000] {processor.py:840} INFO - DAG(s) 'trustpilot_pipeline' retrieved from /opt/airflow/dags/trustpilot_dag.py
[2025-07-06T14:07:15.005+0000] {logging_mixin.py:188} INFO - [2025-07-06T14:07:15.004+0000] {dag.py:3096} INFO - Sync 1 DAGs
[2025-07-06T14:07:15.022+0000] {logging_mixin.py:188} INFO - [2025-07-06T14:07:15.021+0000] {dag.py:3954} INFO - Setting next_dagrun for trustpilot_pipeline to None, run_after=None
[2025-07-06T14:07:15.044+0000] {processor.py:183} INFO - Processing /opt/airflow/dags/trustpilot_dag.py took 1.812 seconds
[2025-07-06T14:07:45.167+0000] {processor.py:161} INFO - Started process (PID=11781) to work on /opt/airflow/dags/trustpilot_dag.py
[2025-07-06T14:07:45.168+0000] {processor.py:830} INFO - Processing file /opt/airflow/dags/trustpilot_dag.py for tasks to queue
[2025-07-06T14:07:45.170+0000] {logging_mixin.py:188} INFO - [2025-07-06T14:07:45.170+0000] {dagbag.py:545} INFO - Filling up the DagBag from /opt/airflow/dags/trustpilot_dag.py
[2025-07-06T14:07:46.856+0000] {logging_mixin.py:188} INFO - 📁 Fichier .env chargé
[2025-07-06T14:07:46.856+0000] {logging_mixin.py:188} INFO - 👉 Mode scraping : prod
[2025-07-06T14:07:46.856+0000] {logging_mixin.py:188} INFO - 👉 Fichier d’entrée : data/verbatims_test.csv
[2025-07-06T14:07:46.865+0000] {processor.py:840} INFO - DAG(s) 'trustpilot_pipeline' retrieved from /opt/airflow/dags/trustpilot_dag.py
[2025-07-06T14:07:46.895+0000] {logging_mixin.py:188} INFO - [2025-07-06T14:07:46.895+0000] {dag.py:3096} INFO - Sync 1 DAGs
[2025-07-06T14:07:46.912+0000] {logging_mixin.py:188} INFO - [2025-07-06T14:07:46.911+0000] {dag.py:3954} INFO - Setting next_dagrun for trustpilot_pipeline to None, run_after=None
[2025-07-06T14:07:46.934+0000] {processor.py:183} INFO - Processing /opt/airflow/dags/trustpilot_dag.py took 1.776 seconds
[2025-07-06T14:08:17.085+0000] {processor.py:161} INFO - Started process (PID=11787) to work on /opt/airflow/dags/trustpilot_dag.py
[2025-07-06T14:08:17.088+0000] {processor.py:830} INFO - Processing file /opt/airflow/dags/trustpilot_dag.py for tasks to queue
[2025-07-06T14:08:17.090+0000] {logging_mixin.py:188} INFO - [2025-07-06T14:08:17.090+0000] {dagbag.py:545} INFO - Filling up the DagBag from /opt/airflow/dags/trustpilot_dag.py
[2025-07-06T14:08:18.771+0000] {logging_mixin.py:188} INFO - 📁 Fichier .env chargé
[2025-07-06T14:08:18.771+0000] {logging_mixin.py:188} INFO - 👉 Mode scraping : prod
[2025-07-06T14:08:18.771+0000] {logging_mixin.py:188} INFO - 👉 Fichier d’entrée : data/verbatims_test.csv
[2025-07-06T14:08:18.779+0000] {processor.py:840} INFO - DAG(s) 'trustpilot_pipeline' retrieved from /opt/airflow/dags/trustpilot_dag.py
[2025-07-06T14:08:18.810+0000] {logging_mixin.py:188} INFO - [2025-07-06T14:08:18.809+0000] {dag.py:3096} INFO - Sync 1 DAGs
[2025-07-06T14:08:18.826+0000] {logging_mixin.py:188} INFO - [2025-07-06T14:08:18.826+0000] {dag.py:3954} INFO - Setting next_dagrun for trustpilot_pipeline to None, run_after=None
[2025-07-06T14:08:18.847+0000] {processor.py:183} INFO - Processing /opt/airflow/dags/trustpilot_dag.py took 1.771 seconds
[2025-07-06T14:08:49.036+0000] {processor.py:161} INFO - Started process (PID=11793) to work on /opt/airflow/dags/trustpilot_dag.py
[2025-07-06T14:08:49.037+0000] {processor.py:830} INFO - Processing file /opt/airflow/dags/trustpilot_dag.py for tasks to queue
[2025-07-06T14:08:49.039+0000] {logging_mixin.py:188} INFO - [2025-07-06T14:08:49.039+0000] {dagbag.py:545} INFO - Filling up the DagBag from /opt/airflow/dags/trustpilot_dag.py
[2025-07-06T14:08:50.727+0000] {logging_mixin.py:188} INFO - 📁 Fichier .env chargé
[2025-07-06T14:08:50.727+0000] {logging_mixin.py:188} INFO - 👉 Mode scraping : prod
[2025-07-06T14:08:50.727+0000] {logging_mixin.py:188} INFO - 👉 Fichier d’entrée : data/verbatims_test.csv
[2025-07-06T14:08:50.735+0000] {processor.py:840} INFO - DAG(s) 'trustpilot_pipeline' retrieved from /opt/airflow/dags/trustpilot_dag.py
[2025-07-06T14:08:50.765+0000] {logging_mixin.py:188} INFO - [2025-07-06T14:08:50.765+0000] {dag.py:3096} INFO - Sync 1 DAGs
[2025-07-06T14:08:50.782+0000] {logging_mixin.py:188} INFO - [2025-07-06T14:08:50.782+0000] {dag.py:3954} INFO - Setting next_dagrun for trustpilot_pipeline to None, run_after=None
[2025-07-06T14:08:50.805+0000] {processor.py:183} INFO - Processing /opt/airflow/dags/trustpilot_dag.py took 1.779 seconds
[2025-07-06T14:09:20.939+0000] {processor.py:161} INFO - Started process (PID=11799) to work on /opt/airflow/dags/trustpilot_dag.py
[2025-07-06T14:09:20.940+0000] {processor.py:830} INFO - Processing file /opt/airflow/dags/trustpilot_dag.py for tasks to queue
[2025-07-06T14:09:20.943+0000] {logging_mixin.py:188} INFO - [2025-07-06T14:09:20.942+0000] {dagbag.py:545} INFO - Filling up the DagBag from /opt/airflow/dags/trustpilot_dag.py
[2025-07-06T14:09:22.665+0000] {logging_mixin.py:188} INFO - 📁 Fichier .env chargé
[2025-07-06T14:09:22.666+0000] {logging_mixin.py:188} INFO - 👉 Mode scraping : prod
[2025-07-06T14:09:22.666+0000] {logging_mixin.py:188} INFO - 👉 Fichier d’entrée : data/verbatims_test.csv
[2025-07-06T14:09:22.674+0000] {processor.py:840} INFO - DAG(s) 'trustpilot_pipeline' retrieved from /opt/airflow/dags/trustpilot_dag.py
[2025-07-06T14:09:22.705+0000] {logging_mixin.py:188} INFO - [2025-07-06T14:09:22.704+0000] {dag.py:3096} INFO - Sync 1 DAGs
[2025-07-06T14:09:22.723+0000] {logging_mixin.py:188} INFO - [2025-07-06T14:09:22.723+0000] {dag.py:3954} INFO - Setting next_dagrun for trustpilot_pipeline to None, run_after=None
[2025-07-06T14:09:22.746+0000] {processor.py:183} INFO - Processing /opt/airflow/dags/trustpilot_dag.py took 1.817 seconds
[2025-07-06T14:09:52.878+0000] {processor.py:161} INFO - Started process (PID=11805) to work on /opt/airflow/dags/trustpilot_dag.py
[2025-07-06T14:09:52.879+0000] {processor.py:830} INFO - Processing file /opt/airflow/dags/trustpilot_dag.py for tasks to queue
[2025-07-06T14:09:52.882+0000] {logging_mixin.py:188} INFO - [2025-07-06T14:09:52.881+0000] {dagbag.py:545} INFO - Filling up the DagBag from /opt/airflow/dags/trustpilot_dag.py
[2025-07-06T14:09:54.619+0000] {logging_mixin.py:188} INFO - 📁 Fichier .env chargé
[2025-07-06T14:09:54.620+0000] {logging_mixin.py:188} INFO - 👉 Mode scraping : prod
[2025-07-06T14:09:54.620+0000] {logging_mixin.py:188} INFO - 👉 Fichier d’entrée : data/verbatims_test.csv
[2025-07-06T14:09:54.628+0000] {processor.py:840} INFO - DAG(s) 'trustpilot_pipeline' retrieved from /opt/airflow/dags/trustpilot_dag.py
[2025-07-06T14:09:54.660+0000] {logging_mixin.py:188} INFO - [2025-07-06T14:09:54.659+0000] {dag.py:3096} INFO - Sync 1 DAGs
[2025-07-06T14:09:54.677+0000] {logging_mixin.py:188} INFO - [2025-07-06T14:09:54.676+0000] {dag.py:3954} INFO - Setting next_dagrun for trustpilot_pipeline to None, run_after=None
[2025-07-06T14:09:54.698+0000] {processor.py:183} INFO - Processing /opt/airflow/dags/trustpilot_dag.py took 1.829 seconds
[2025-07-06T14:10:24.828+0000] {processor.py:161} INFO - Started process (PID=11811) to work on /opt/airflow/dags/trustpilot_dag.py
[2025-07-06T14:10:24.831+0000] {processor.py:830} INFO - Processing file /opt/airflow/dags/trustpilot_dag.py for tasks to queue
[2025-07-06T14:10:24.833+0000] {logging_mixin.py:188} INFO - [2025-07-06T14:10:24.832+0000] {dagbag.py:545} INFO - Filling up the DagBag from /opt/airflow/dags/trustpilot_dag.py
[2025-07-06T14:10:26.548+0000] {logging_mixin.py:188} INFO - 📁 Fichier .env chargé
[2025-07-06T14:10:26.548+0000] {logging_mixin.py:188} INFO - 👉 Mode scraping : prod
[2025-07-06T14:10:26.548+0000] {logging_mixin.py:188} INFO - 👉 Fichier d’entrée : data/verbatims_test.csv
[2025-07-06T14:10:26.558+0000] {processor.py:840} INFO - DAG(s) 'trustpilot_pipeline' retrieved from /opt/airflow/dags/trustpilot_dag.py
[2025-07-06T14:10:26.590+0000] {logging_mixin.py:188} INFO - [2025-07-06T14:10:26.589+0000] {dag.py:3096} INFO - Sync 1 DAGs
[2025-07-06T14:10:26.606+0000] {logging_mixin.py:188} INFO - [2025-07-06T14:10:26.606+0000] {dag.py:3954} INFO - Setting next_dagrun for trustpilot_pipeline to None, run_after=None
[2025-07-06T14:10:26.628+0000] {processor.py:183} INFO - Processing /opt/airflow/dags/trustpilot_dag.py took 1.810 seconds
[2025-07-06T14:10:56.775+0000] {processor.py:161} INFO - Started process (PID=11817) to work on /opt/airflow/dags/trustpilot_dag.py
[2025-07-06T14:10:56.776+0000] {processor.py:830} INFO - Processing file /opt/airflow/dags/trustpilot_dag.py for tasks to queue
[2025-07-06T14:10:56.778+0000] {logging_mixin.py:188} INFO - [2025-07-06T14:10:56.778+0000] {dagbag.py:545} INFO - Filling up the DagBag from /opt/airflow/dags/trustpilot_dag.py
[2025-07-06T14:10:57.809+0000] {logging_mixin.py:188} INFO - 📁 Fichier .env chargé
[2025-07-06T14:10:57.810+0000] {logging_mixin.py:188} INFO - 👉 Mode scraping : prod
[2025-07-06T14:10:57.810+0000] {logging_mixin.py:188} INFO - 👉 Fichier d’entrée : data/verbatims_test.csv
[2025-07-06T14:10:57.814+0000] {processor.py:840} INFO - DAG(s) 'trustpilot_pipeline' retrieved from /opt/airflow/dags/trustpilot_dag.py
[2025-07-06T14:10:57.834+0000] {logging_mixin.py:188} INFO - [2025-07-06T14:10:57.834+0000] {dag.py:3096} INFO - Sync 1 DAGs
[2025-07-06T14:10:57.843+0000] {logging_mixin.py:188} INFO - [2025-07-06T14:10:57.843+0000] {dag.py:3954} INFO - Setting next_dagrun for trustpilot_pipeline to None, run_after=None
[2025-07-06T14:10:57.859+0000] {processor.py:183} INFO - Processing /opt/airflow/dags/trustpilot_dag.py took 1.093 seconds
[2025-07-06T14:11:27.973+0000] {processor.py:161} INFO - Started process (PID=11823) to work on /opt/airflow/dags/trustpilot_dag.py
[2025-07-06T14:11:27.976+0000] {processor.py:830} INFO - Processing file /opt/airflow/dags/trustpilot_dag.py for tasks to queue
[2025-07-06T14:11:27.978+0000] {logging_mixin.py:188} INFO - [2025-07-06T14:11:27.977+0000] {dagbag.py:545} INFO - Filling up the DagBag from /opt/airflow/dags/trustpilot_dag.py
[2025-07-06T14:11:29.664+0000] {logging_mixin.py:188} INFO - 📁 Fichier .env chargé
[2025-07-06T14:11:29.664+0000] {logging_mixin.py:188} INFO - 👉 Mode scraping : prod
[2025-07-06T14:11:29.664+0000] {logging_mixin.py:188} INFO - 👉 Fichier d’entrée : data/verbatims_test.csv
[2025-07-06T14:11:29.672+0000] {processor.py:840} INFO - DAG(s) 'trustpilot_pipeline' retrieved from /opt/airflow/dags/trustpilot_dag.py
[2025-07-06T14:11:29.703+0000] {logging_mixin.py:188} INFO - [2025-07-06T14:11:29.702+0000] {dag.py:3096} INFO - Sync 1 DAGs
[2025-07-06T14:11:29.719+0000] {logging_mixin.py:188} INFO - [2025-07-06T14:11:29.719+0000] {dag.py:3954} INFO - Setting next_dagrun for trustpilot_pipeline to None, run_after=None
[2025-07-06T14:11:29.741+0000] {processor.py:183} INFO - Processing /opt/airflow/dags/trustpilot_dag.py took 1.777 seconds
[2025-07-06T14:11:59.873+0000] {processor.py:161} INFO - Started process (PID=11829) to work on /opt/airflow/dags/trustpilot_dag.py
[2025-07-06T14:11:59.874+0000] {processor.py:830} INFO - Processing file /opt/airflow/dags/trustpilot_dag.py for tasks to queue
[2025-07-06T14:11:59.876+0000] {logging_mixin.py:188} INFO - [2025-07-06T14:11:59.876+0000] {dagbag.py:545} INFO - Filling up the DagBag from /opt/airflow/dags/trustpilot_dag.py
[2025-07-06T14:12:01.563+0000] {logging_mixin.py:188} INFO - 📁 Fichier .env chargé
[2025-07-06T14:12:01.563+0000] {logging_mixin.py:188} INFO - 👉 Mode scraping : prod
[2025-07-06T14:12:01.563+0000] {logging_mixin.py:188} INFO - 👉 Fichier d’entrée : data/verbatims_test.csv
[2025-07-06T14:12:01.571+0000] {processor.py:840} INFO - DAG(s) 'trustpilot_pipeline' retrieved from /opt/airflow/dags/trustpilot_dag.py
[2025-07-06T14:12:01.601+0000] {logging_mixin.py:188} INFO - [2025-07-06T14:12:01.600+0000] {dag.py:3096} INFO - Sync 1 DAGs
[2025-07-06T14:12:01.619+0000] {logging_mixin.py:188} INFO - [2025-07-06T14:12:01.618+0000] {dag.py:3954} INFO - Setting next_dagrun for trustpilot_pipeline to None, run_after=None
[2025-07-06T14:12:01.639+0000] {processor.py:183} INFO - Processing /opt/airflow/dags/trustpilot_dag.py took 1.775 seconds
[2025-07-06T14:12:31.778+0000] {processor.py:161} INFO - Started process (PID=11835) to work on /opt/airflow/dags/trustpilot_dag.py
[2025-07-06T14:12:31.780+0000] {processor.py:830} INFO - Processing file /opt/airflow/dags/trustpilot_dag.py for tasks to queue
[2025-07-06T14:12:31.782+0000] {logging_mixin.py:188} INFO - [2025-07-06T14:12:31.782+0000] {dagbag.py:545} INFO - Filling up the DagBag from /opt/airflow/dags/trustpilot_dag.py
[2025-07-06T14:12:32.872+0000] {logging_mixin.py:188} INFO - 📁 Fichier .env chargé
[2025-07-06T14:12:32.873+0000] {logging_mixin.py:188} INFO - 👉 Mode scraping : prod
[2025-07-06T14:12:32.873+0000] {logging_mixin.py:188} INFO - 👉 Fichier d’entrée : data/verbatims_test.csv
[2025-07-06T14:12:32.879+0000] {processor.py:840} INFO - DAG(s) 'trustpilot_pipeline' retrieved from /opt/airflow/dags/trustpilot_dag.py
[2025-07-06T14:12:32.907+0000] {logging_mixin.py:188} INFO - [2025-07-06T14:12:32.907+0000] {dag.py:3096} INFO - Sync 1 DAGs
[2025-07-06T14:12:32.925+0000] {logging_mixin.py:188} INFO - [2025-07-06T14:12:32.925+0000] {dag.py:3954} INFO - Setting next_dagrun for trustpilot_pipeline to None, run_after=None
[2025-07-06T14:12:32.946+0000] {processor.py:183} INFO - Processing /opt/airflow/dags/trustpilot_dag.py took 1.179 seconds
[2025-07-06T14:13:03.082+0000] {processor.py:161} INFO - Started process (PID=11841) to work on /opt/airflow/dags/trustpilot_dag.py
[2025-07-06T14:13:03.084+0000] {processor.py:830} INFO - Processing file /opt/airflow/dags/trustpilot_dag.py for tasks to queue
[2025-07-06T14:13:03.086+0000] {logging_mixin.py:188} INFO - [2025-07-06T14:13:03.086+0000] {dagbag.py:545} INFO - Filling up the DagBag from /opt/airflow/dags/trustpilot_dag.py
[2025-07-06T14:13:04.800+0000] {logging_mixin.py:188} INFO - 📁 Fichier .env chargé
[2025-07-06T14:13:04.800+0000] {logging_mixin.py:188} INFO - 👉 Mode scraping : prod
[2025-07-06T14:13:04.800+0000] {logging_mixin.py:188} INFO - 👉 Fichier d’entrée : data/verbatims_test.csv
[2025-07-06T14:13:04.808+0000] {processor.py:840} INFO - DAG(s) 'trustpilot_pipeline' retrieved from /opt/airflow/dags/trustpilot_dag.py
[2025-07-06T14:13:04.841+0000] {logging_mixin.py:188} INFO - [2025-07-06T14:13:04.840+0000] {dag.py:3096} INFO - Sync 1 DAGs
[2025-07-06T14:13:04.857+0000] {logging_mixin.py:188} INFO - [2025-07-06T14:13:04.857+0000] {dag.py:3954} INFO - Setting next_dagrun for trustpilot_pipeline to None, run_after=None
[2025-07-06T14:13:04.878+0000] {processor.py:183} INFO - Processing /opt/airflow/dags/trustpilot_dag.py took 1.807 seconds
[2025-07-06T14:13:35.001+0000] {processor.py:161} INFO - Started process (PID=11847) to work on /opt/airflow/dags/trustpilot_dag.py
[2025-07-06T14:13:35.001+0000] {processor.py:830} INFO - Processing file /opt/airflow/dags/trustpilot_dag.py for tasks to queue
[2025-07-06T14:13:35.004+0000] {logging_mixin.py:188} INFO - [2025-07-06T14:13:35.003+0000] {dagbag.py:545} INFO - Filling up the DagBag from /opt/airflow/dags/trustpilot_dag.py
[2025-07-06T14:13:36.703+0000] {logging_mixin.py:188} INFO - 📁 Fichier .env chargé
[2025-07-06T14:13:36.704+0000] {logging_mixin.py:188} INFO - 👉 Mode scraping : prod
[2025-07-06T14:13:36.704+0000] {logging_mixin.py:188} INFO - 👉 Fichier d’entrée : data/verbatims_test.csv
[2025-07-06T14:13:36.712+0000] {processor.py:840} INFO - DAG(s) 'trustpilot_pipeline' retrieved from /opt/airflow/dags/trustpilot_dag.py
[2025-07-06T14:13:36.743+0000] {logging_mixin.py:188} INFO - [2025-07-06T14:13:36.742+0000] {dag.py:3096} INFO - Sync 1 DAGs
[2025-07-06T14:13:36.759+0000] {logging_mixin.py:188} INFO - [2025-07-06T14:13:36.759+0000] {dag.py:3954} INFO - Setting next_dagrun for trustpilot_pipeline to None, run_after=None
[2025-07-06T14:13:36.780+0000] {processor.py:183} INFO - Processing /opt/airflow/dags/trustpilot_dag.py took 1.788 seconds
[2025-07-06T14:14:06.914+0000] {processor.py:161} INFO - Started process (PID=11853) to work on /opt/airflow/dags/trustpilot_dag.py
[2025-07-06T14:14:06.917+0000] {processor.py:830} INFO - Processing file /opt/airflow/dags/trustpilot_dag.py for tasks to queue
[2025-07-06T14:14:06.919+0000] {logging_mixin.py:188} INFO - [2025-07-06T14:14:06.918+0000] {dagbag.py:545} INFO - Filling up the DagBag from /opt/airflow/dags/trustpilot_dag.py
[2025-07-06T14:14:08.598+0000] {logging_mixin.py:188} INFO - 📁 Fichier .env chargé
[2025-07-06T14:14:08.599+0000] {logging_mixin.py:188} INFO - 👉 Mode scraping : prod
[2025-07-06T14:14:08.600+0000] {logging_mixin.py:188} INFO - 👉 Fichier d’entrée : data/verbatims_test.csv
[2025-07-06T14:14:08.608+0000] {processor.py:840} INFO - DAG(s) 'trustpilot_pipeline' retrieved from /opt/airflow/dags/trustpilot_dag.py
[2025-07-06T14:14:08.640+0000] {logging_mixin.py:188} INFO - [2025-07-06T14:14:08.639+0000] {dag.py:3096} INFO - Sync 1 DAGs
[2025-07-06T14:14:08.656+0000] {logging_mixin.py:188} INFO - [2025-07-06T14:14:08.656+0000] {dag.py:3954} INFO - Setting next_dagrun for trustpilot_pipeline to None, run_after=None
[2025-07-06T14:14:08.676+0000] {processor.py:183} INFO - Processing /opt/airflow/dags/trustpilot_dag.py took 1.772 seconds
[2025-07-06T14:14:38.814+0000] {processor.py:161} INFO - Started process (PID=11859) to work on /opt/airflow/dags/trustpilot_dag.py
[2025-07-06T14:14:38.815+0000] {processor.py:830} INFO - Processing file /opt/airflow/dags/trustpilot_dag.py for tasks to queue
[2025-07-06T14:14:38.817+0000] {logging_mixin.py:188} INFO - [2025-07-06T14:14:38.817+0000] {dagbag.py:545} INFO - Filling up the DagBag from /opt/airflow/dags/trustpilot_dag.py
[2025-07-06T14:14:40.536+0000] {logging_mixin.py:188} INFO - 📁 Fichier .env chargé
[2025-07-06T14:14:40.536+0000] {logging_mixin.py:188} INFO - 👉 Mode scraping : prod
[2025-07-06T14:14:40.536+0000] {logging_mixin.py:188} INFO - 👉 Fichier d’entrée : data/verbatims_test.csv
[2025-07-06T14:14:40.544+0000] {processor.py:840} INFO - DAG(s) 'trustpilot_pipeline' retrieved from /opt/airflow/dags/trustpilot_dag.py
[2025-07-06T14:14:40.574+0000] {logging_mixin.py:188} INFO - [2025-07-06T14:14:40.573+0000] {dag.py:3096} INFO - Sync 1 DAGs
[2025-07-06T14:14:40.590+0000] {logging_mixin.py:188} INFO - [2025-07-06T14:14:40.590+0000] {dag.py:3954} INFO - Setting next_dagrun for trustpilot_pipeline to None, run_after=None
[2025-07-06T14:14:40.614+0000] {processor.py:183} INFO - Processing /opt/airflow/dags/trustpilot_dag.py took 1.811 seconds
[2025-07-06T14:15:10.741+0000] {processor.py:161} INFO - Started process (PID=11865) to work on /opt/airflow/dags/trustpilot_dag.py
[2025-07-06T14:15:10.744+0000] {processor.py:830} INFO - Processing file /opt/airflow/dags/trustpilot_dag.py for tasks to queue
[2025-07-06T14:15:10.746+0000] {logging_mixin.py:188} INFO - [2025-07-06T14:15:10.746+0000] {dagbag.py:545} INFO - Filling up the DagBag from /opt/airflow/dags/trustpilot_dag.py
[2025-07-06T14:15:12.444+0000] {logging_mixin.py:188} INFO - 📁 Fichier .env chargé
[2025-07-06T14:15:12.444+0000] {logging_mixin.py:188} INFO - 👉 Mode scraping : prod
[2025-07-06T14:15:12.444+0000] {logging_mixin.py:188} INFO - 👉 Fichier d’entrée : data/verbatims_test.csv
[2025-07-06T14:15:12.452+0000] {processor.py:840} INFO - DAG(s) 'trustpilot_pipeline' retrieved from /opt/airflow/dags/trustpilot_dag.py
[2025-07-06T14:15:12.483+0000] {logging_mixin.py:188} INFO - [2025-07-06T14:15:12.482+0000] {dag.py:3096} INFO - Sync 1 DAGs
[2025-07-06T14:15:12.501+0000] {logging_mixin.py:188} INFO - [2025-07-06T14:15:12.501+0000] {dag.py:3954} INFO - Setting next_dagrun for trustpilot_pipeline to None, run_after=None
[2025-07-06T14:15:12.523+0000] {processor.py:183} INFO - Processing /opt/airflow/dags/trustpilot_dag.py took 1.791 seconds
[2025-07-06T14:15:42.650+0000] {processor.py:161} INFO - Started process (PID=11871) to work on /opt/airflow/dags/trustpilot_dag.py
[2025-07-06T14:15:42.651+0000] {processor.py:830} INFO - Processing file /opt/airflow/dags/trustpilot_dag.py for tasks to queue
[2025-07-06T14:15:42.653+0000] {logging_mixin.py:188} INFO - [2025-07-06T14:15:42.653+0000] {dagbag.py:545} INFO - Filling up the DagBag from /opt/airflow/dags/trustpilot_dag.py
[2025-07-06T14:15:44.365+0000] {logging_mixin.py:188} INFO - 📁 Fichier .env chargé
[2025-07-06T14:15:44.365+0000] {logging_mixin.py:188} INFO - 👉 Mode scraping : prod
[2025-07-06T14:15:44.366+0000] {logging_mixin.py:188} INFO - 👉 Fichier d’entrée : data/verbatims_test.csv
[2025-07-06T14:15:44.374+0000] {processor.py:840} INFO - DAG(s) 'trustpilot_pipeline' retrieved from /opt/airflow/dags/trustpilot_dag.py
[2025-07-06T14:15:44.407+0000] {logging_mixin.py:188} INFO - [2025-07-06T14:15:44.407+0000] {dag.py:3096} INFO - Sync 1 DAGs
[2025-07-06T14:15:44.424+0000] {logging_mixin.py:188} INFO - [2025-07-06T14:15:44.424+0000] {dag.py:3954} INFO - Setting next_dagrun for trustpilot_pipeline to None, run_after=None
[2025-07-06T14:15:44.444+0000] {processor.py:183} INFO - Processing /opt/airflow/dags/trustpilot_dag.py took 1.806 seconds
[2025-07-06T14:16:14.518+0000] {processor.py:161} INFO - Started process (PID=11877) to work on /opt/airflow/dags/trustpilot_dag.py
[2025-07-06T14:16:14.521+0000] {processor.py:830} INFO - Processing file /opt/airflow/dags/trustpilot_dag.py for tasks to queue
[2025-07-06T14:16:14.523+0000] {logging_mixin.py:188} INFO - [2025-07-06T14:16:14.523+0000] {dagbag.py:545} INFO - Filling up the DagBag from /opt/airflow/dags/trustpilot_dag.py
[2025-07-06T14:16:16.236+0000] {logging_mixin.py:188} INFO - 📁 Fichier .env chargé
[2025-07-06T14:16:16.236+0000] {logging_mixin.py:188} INFO - 👉 Mode scraping : prod
[2025-07-06T14:16:16.237+0000] {logging_mixin.py:188} INFO - 👉 Fichier d’entrée : data/verbatims_test.csv
[2025-07-06T14:16:16.246+0000] {processor.py:840} INFO - DAG(s) 'trustpilot_pipeline' retrieved from /opt/airflow/dags/trustpilot_dag.py
[2025-07-06T14:16:16.277+0000] {logging_mixin.py:188} INFO - [2025-07-06T14:16:16.276+0000] {dag.py:3096} INFO - Sync 1 DAGs
[2025-07-06T14:16:16.294+0000] {logging_mixin.py:188} INFO - [2025-07-06T14:16:16.293+0000] {dag.py:3954} INFO - Setting next_dagrun for trustpilot_pipeline to None, run_after=None
[2025-07-06T14:16:16.316+0000] {processor.py:183} INFO - Processing /opt/airflow/dags/trustpilot_dag.py took 1.809 seconds
[2025-07-06T14:16:46.459+0000] {processor.py:161} INFO - Started process (PID=11883) to work on /opt/airflow/dags/trustpilot_dag.py
[2025-07-06T14:16:46.460+0000] {processor.py:830} INFO - Processing file /opt/airflow/dags/trustpilot_dag.py for tasks to queue
[2025-07-06T14:16:46.463+0000] {logging_mixin.py:188} INFO - [2025-07-06T14:16:46.462+0000] {dagbag.py:545} INFO - Filling up the DagBag from /opt/airflow/dags/trustpilot_dag.py
[2025-07-06T14:16:48.143+0000] {logging_mixin.py:188} INFO - 📁 Fichier .env chargé
[2025-07-06T14:16:48.143+0000] {logging_mixin.py:188} INFO - 👉 Mode scraping : prod
[2025-07-06T14:16:48.144+0000] {logging_mixin.py:188} INFO - 👉 Fichier d’entrée : data/verbatims_test.csv
[2025-07-06T14:16:48.151+0000] {processor.py:840} INFO - DAG(s) 'trustpilot_pipeline' retrieved from /opt/airflow/dags/trustpilot_dag.py
[2025-07-06T14:16:48.181+0000] {logging_mixin.py:188} INFO - [2025-07-06T14:16:48.181+0000] {dag.py:3096} INFO - Sync 1 DAGs
[2025-07-06T14:16:48.198+0000] {logging_mixin.py:188} INFO - [2025-07-06T14:16:48.197+0000] {dag.py:3954} INFO - Setting next_dagrun for trustpilot_pipeline to None, run_after=None
[2025-07-06T14:16:48.219+0000] {processor.py:183} INFO - Processing /opt/airflow/dags/trustpilot_dag.py took 1.769 seconds
[2025-07-06T14:17:18.352+0000] {processor.py:161} INFO - Started process (PID=11889) to work on /opt/airflow/dags/trustpilot_dag.py
[2025-07-06T14:17:18.353+0000] {processor.py:830} INFO - Processing file /opt/airflow/dags/trustpilot_dag.py for tasks to queue
[2025-07-06T14:17:18.355+0000] {logging_mixin.py:188} INFO - [2025-07-06T14:17:18.355+0000] {dagbag.py:545} INFO - Filling up the DagBag from /opt/airflow/dags/trustpilot_dag.py
[2025-07-06T14:17:20.052+0000] {logging_mixin.py:188} INFO - 📁 Fichier .env chargé
[2025-07-06T14:17:20.052+0000] {logging_mixin.py:188} INFO - 👉 Mode scraping : prod
[2025-07-06T14:17:20.052+0000] {logging_mixin.py:188} INFO - 👉 Fichier d’entrée : data/verbatims_test.csv
[2025-07-06T14:17:20.060+0000] {processor.py:840} INFO - DAG(s) 'trustpilot_pipeline' retrieved from /opt/airflow/dags/trustpilot_dag.py
[2025-07-06T14:17:20.090+0000] {logging_mixin.py:188} INFO - [2025-07-06T14:17:20.090+0000] {dag.py:3096} INFO - Sync 1 DAGs
[2025-07-06T14:17:20.107+0000] {logging_mixin.py:188} INFO - [2025-07-06T14:17:20.107+0000] {dag.py:3954} INFO - Setting next_dagrun for trustpilot_pipeline to None, run_after=None
[2025-07-06T14:17:20.129+0000] {processor.py:183} INFO - Processing /opt/airflow/dags/trustpilot_dag.py took 1.787 seconds
[2025-07-06T14:17:50.267+0000] {processor.py:161} INFO - Started process (PID=11895) to work on /opt/airflow/dags/trustpilot_dag.py
[2025-07-06T14:17:50.268+0000] {processor.py:830} INFO - Processing file /opt/airflow/dags/trustpilot_dag.py for tasks to queue
[2025-07-06T14:17:50.271+0000] {logging_mixin.py:188} INFO - [2025-07-06T14:17:50.270+0000] {dagbag.py:545} INFO - Filling up the DagBag from /opt/airflow/dags/trustpilot_dag.py
[2025-07-06T14:17:51.983+0000] {logging_mixin.py:188} INFO - 📁 Fichier .env chargé
[2025-07-06T14:17:51.983+0000] {logging_mixin.py:188} INFO - 👉 Mode scraping : prod
[2025-07-06T14:17:51.983+0000] {logging_mixin.py:188} INFO - 👉 Fichier d’entrée : data/verbatims_test.csv
[2025-07-06T14:17:51.991+0000] {processor.py:840} INFO - DAG(s) 'trustpilot_pipeline' retrieved from /opt/airflow/dags/trustpilot_dag.py
[2025-07-06T14:17:52.021+0000] {logging_mixin.py:188} INFO - [2025-07-06T14:17:52.021+0000] {dag.py:3096} INFO - Sync 1 DAGs
[2025-07-06T14:17:52.040+0000] {logging_mixin.py:188} INFO - [2025-07-06T14:17:52.040+0000] {dag.py:3954} INFO - Setting next_dagrun for trustpilot_pipeline to None, run_after=None
[2025-07-06T14:17:52.062+0000] {processor.py:183} INFO - Processing /opt/airflow/dags/trustpilot_dag.py took 1.805 seconds
[2025-07-06T14:18:22.186+0000] {processor.py:161} INFO - Started process (PID=11901) to work on /opt/airflow/dags/trustpilot_dag.py
[2025-07-06T14:18:22.187+0000] {processor.py:830} INFO - Processing file /opt/airflow/dags/trustpilot_dag.py for tasks to queue
[2025-07-06T14:18:22.189+0000] {logging_mixin.py:188} INFO - [2025-07-06T14:18:22.188+0000] {dagbag.py:545} INFO - Filling up the DagBag from /opt/airflow/dags/trustpilot_dag.py
[2025-07-06T14:18:23.895+0000] {logging_mixin.py:188} INFO - 📁 Fichier .env chargé
[2025-07-06T14:18:23.895+0000] {logging_mixin.py:188} INFO - 👉 Mode scraping : prod
[2025-07-06T14:18:23.896+0000] {logging_mixin.py:188} INFO - 👉 Fichier d’entrée : data/verbatims_test.csv
[2025-07-06T14:18:23.903+0000] {processor.py:840} INFO - DAG(s) 'trustpilot_pipeline' retrieved from /opt/airflow/dags/trustpilot_dag.py
[2025-07-06T14:18:23.935+0000] {logging_mixin.py:188} INFO - [2025-07-06T14:18:23.935+0000] {dag.py:3096} INFO - Sync 1 DAGs
[2025-07-06T14:18:23.952+0000] {logging_mixin.py:188} INFO - [2025-07-06T14:18:23.952+0000] {dag.py:3954} INFO - Setting next_dagrun for trustpilot_pipeline to None, run_after=None
[2025-07-06T14:18:23.974+0000] {processor.py:183} INFO - Processing /opt/airflow/dags/trustpilot_dag.py took 1.798 seconds
[2025-07-06T14:18:54.080+0000] {processor.py:161} INFO - Started process (PID=11907) to work on /opt/airflow/dags/trustpilot_dag.py
[2025-07-06T14:18:54.083+0000] {processor.py:830} INFO - Processing file /opt/airflow/dags/trustpilot_dag.py for tasks to queue
[2025-07-06T14:18:54.086+0000] {logging_mixin.py:188} INFO - [2025-07-06T14:18:54.085+0000] {dagbag.py:545} INFO - Filling up the DagBag from /opt/airflow/dags/trustpilot_dag.py
[2025-07-06T14:18:55.797+0000] {logging_mixin.py:188} INFO - 📁 Fichier .env chargé
[2025-07-06T14:18:55.797+0000] {logging_mixin.py:188} INFO - 👉 Mode scraping : prod
[2025-07-06T14:18:55.797+0000] {logging_mixin.py:188} INFO - 👉 Fichier d’entrée : data/verbatims_test.csv
[2025-07-06T14:18:55.805+0000] {processor.py:840} INFO - DAG(s) 'trustpilot_pipeline' retrieved from /opt/airflow/dags/trustpilot_dag.py
[2025-07-06T14:18:55.838+0000] {logging_mixin.py:188} INFO - [2025-07-06T14:18:55.837+0000] {dag.py:3096} INFO - Sync 1 DAGs
[2025-07-06T14:18:55.855+0000] {logging_mixin.py:188} INFO - [2025-07-06T14:18:55.854+0000] {dag.py:3954} INFO - Setting next_dagrun for trustpilot_pipeline to None, run_after=None
[2025-07-06T14:18:55.876+0000] {processor.py:183} INFO - Processing /opt/airflow/dags/trustpilot_dag.py took 1.807 seconds
[2025-07-06T14:19:26.015+0000] {processor.py:161} INFO - Started process (PID=11913) to work on /opt/airflow/dags/trustpilot_dag.py
[2025-07-06T14:19:26.016+0000] {processor.py:830} INFO - Processing file /opt/airflow/dags/trustpilot_dag.py for tasks to queue
[2025-07-06T14:19:26.019+0000] {logging_mixin.py:188} INFO - [2025-07-06T14:19:26.018+0000] {dagbag.py:545} INFO - Filling up the DagBag from /opt/airflow/dags/trustpilot_dag.py
[2025-07-06T14:19:27.698+0000] {logging_mixin.py:188} INFO - 📁 Fichier .env chargé
[2025-07-06T14:19:27.698+0000] {logging_mixin.py:188} INFO - 👉 Mode scraping : prod
[2025-07-06T14:19:27.698+0000] {logging_mixin.py:188} INFO - 👉 Fichier d’entrée : data/verbatims_test.csv
[2025-07-06T14:19:27.706+0000] {processor.py:840} INFO - DAG(s) 'trustpilot_pipeline' retrieved from /opt/airflow/dags/trustpilot_dag.py
[2025-07-06T14:19:27.736+0000] {logging_mixin.py:188} INFO - [2025-07-06T14:19:27.736+0000] {dag.py:3096} INFO - Sync 1 DAGs
[2025-07-06T14:19:27.753+0000] {logging_mixin.py:188} INFO - [2025-07-06T14:19:27.753+0000] {dag.py:3954} INFO - Setting next_dagrun for trustpilot_pipeline to None, run_after=None
[2025-07-06T14:19:27.773+0000] {processor.py:183} INFO - Processing /opt/airflow/dags/trustpilot_dag.py took 1.767 seconds
[2025-07-06T14:19:57.906+0000] {processor.py:161} INFO - Started process (PID=11919) to work on /opt/airflow/dags/trustpilot_dag.py
[2025-07-06T14:19:57.908+0000] {processor.py:830} INFO - Processing file /opt/airflow/dags/trustpilot_dag.py for tasks to queue
[2025-07-06T14:19:57.911+0000] {logging_mixin.py:188} INFO - [2025-07-06T14:19:57.910+0000] {dagbag.py:545} INFO - Filling up the DagBag from /opt/airflow/dags/trustpilot_dag.py
[2025-07-06T14:19:59.625+0000] {logging_mixin.py:188} INFO - 📁 Fichier .env chargé
[2025-07-06T14:19:59.625+0000] {logging_mixin.py:188} INFO - 👉 Mode scraping : prod
[2025-07-06T14:19:59.626+0000] {logging_mixin.py:188} INFO - 👉 Fichier d’entrée : data/verbatims_test.csv
[2025-07-06T14:19:59.633+0000] {processor.py:840} INFO - DAG(s) 'trustpilot_pipeline' retrieved from /opt/airflow/dags/trustpilot_dag.py
[2025-07-06T14:19:59.663+0000] {logging_mixin.py:188} INFO - [2025-07-06T14:19:59.663+0000] {dag.py:3096} INFO - Sync 1 DAGs
[2025-07-06T14:19:59.680+0000] {logging_mixin.py:188} INFO - [2025-07-06T14:19:59.680+0000] {dag.py:3954} INFO - Setting next_dagrun for trustpilot_pipeline to None, run_after=None
[2025-07-06T14:19:59.700+0000] {processor.py:183} INFO - Processing /opt/airflow/dags/trustpilot_dag.py took 1.803 seconds
[2025-07-06T14:20:29.835+0000] {processor.py:161} INFO - Started process (PID=11925) to work on /opt/airflow/dags/trustpilot_dag.py
[2025-07-06T14:20:29.836+0000] {processor.py:830} INFO - Processing file /opt/airflow/dags/trustpilot_dag.py for tasks to queue
[2025-07-06T14:20:29.838+0000] {logging_mixin.py:188} INFO - [2025-07-06T14:20:29.838+0000] {dagbag.py:545} INFO - Filling up the DagBag from /opt/airflow/dags/trustpilot_dag.py
[2025-07-06T14:20:31.533+0000] {logging_mixin.py:188} INFO - 📁 Fichier .env chargé
[2025-07-06T14:20:31.533+0000] {logging_mixin.py:188} INFO - 👉 Mode scraping : prod
[2025-07-06T14:20:31.533+0000] {logging_mixin.py:188} INFO - 👉 Fichier d’entrée : data/verbatims_test.csv
[2025-07-06T14:20:31.541+0000] {processor.py:840} INFO - DAG(s) 'trustpilot_pipeline' retrieved from /opt/airflow/dags/trustpilot_dag.py
[2025-07-06T14:20:31.572+0000] {logging_mixin.py:188} INFO - [2025-07-06T14:20:31.572+0000] {dag.py:3096} INFO - Sync 1 DAGs
[2025-07-06T14:20:31.589+0000] {logging_mixin.py:188} INFO - [2025-07-06T14:20:31.589+0000] {dag.py:3954} INFO - Setting next_dagrun for trustpilot_pipeline to None, run_after=None
[2025-07-06T14:20:31.612+0000] {processor.py:183} INFO - Processing /opt/airflow/dags/trustpilot_dag.py took 1.786 seconds
[2025-07-06T14:21:01.747+0000] {processor.py:161} INFO - Started process (PID=11931) to work on /opt/airflow/dags/trustpilot_dag.py
[2025-07-06T14:21:01.749+0000] {processor.py:830} INFO - Processing file /opt/airflow/dags/trustpilot_dag.py for tasks to queue
[2025-07-06T14:21:01.752+0000] {logging_mixin.py:188} INFO - [2025-07-06T14:21:01.752+0000] {dagbag.py:545} INFO - Filling up the DagBag from /opt/airflow/dags/trustpilot_dag.py
[2025-07-06T14:21:03.450+0000] {logging_mixin.py:188} INFO - 📁 Fichier .env chargé
[2025-07-06T14:21:03.451+0000] {logging_mixin.py:188} INFO - 👉 Mode scraping : prod
[2025-07-06T14:21:03.451+0000] {logging_mixin.py:188} INFO - 👉 Fichier d’entrée : data/verbatims_test.csv
[2025-07-06T14:21:03.459+0000] {processor.py:840} INFO - DAG(s) 'trustpilot_pipeline' retrieved from /opt/airflow/dags/trustpilot_dag.py
[2025-07-06T14:21:03.489+0000] {logging_mixin.py:188} INFO - [2025-07-06T14:21:03.488+0000] {dag.py:3096} INFO - Sync 1 DAGs
[2025-07-06T14:21:03.507+0000] {logging_mixin.py:188} INFO - [2025-07-06T14:21:03.507+0000] {dag.py:3954} INFO - Setting next_dagrun for trustpilot_pipeline to None, run_after=None
[2025-07-06T14:21:03.529+0000] {processor.py:183} INFO - Processing /opt/airflow/dags/trustpilot_dag.py took 1.794 seconds
[2025-07-06T14:21:33.583+0000] {processor.py:161} INFO - Started process (PID=11937) to work on /opt/airflow/dags/trustpilot_dag.py
[2025-07-06T14:21:33.586+0000] {processor.py:830} INFO - Processing file /opt/airflow/dags/trustpilot_dag.py for tasks to queue
[2025-07-06T14:21:33.588+0000] {logging_mixin.py:188} INFO - [2025-07-06T14:21:33.588+0000] {dagbag.py:545} INFO - Filling up the DagBag from /opt/airflow/dags/trustpilot_dag.py
[2025-07-06T14:21:35.283+0000] {logging_mixin.py:188} INFO - 📁 Fichier .env chargé
[2025-07-06T14:21:35.284+0000] {logging_mixin.py:188} INFO - 👉 Mode scraping : prod
[2025-07-06T14:21:35.284+0000] {logging_mixin.py:188} INFO - 👉 Fichier d’entrée : data/verbatims_test.csv
[2025-07-06T14:21:35.292+0000] {processor.py:840} INFO - DAG(s) 'trustpilot_pipeline' retrieved from /opt/airflow/dags/trustpilot_dag.py
[2025-07-06T14:21:35.323+0000] {logging_mixin.py:188} INFO - [2025-07-06T14:21:35.323+0000] {dag.py:3096} INFO - Sync 1 DAGs
[2025-07-06T14:21:35.340+0000] {logging_mixin.py:188} INFO - [2025-07-06T14:21:35.340+0000] {dag.py:3954} INFO - Setting next_dagrun for trustpilot_pipeline to None, run_after=None
[2025-07-06T14:21:35.362+0000] {processor.py:183} INFO - Processing /opt/airflow/dags/trustpilot_dag.py took 1.788 seconds
[2025-07-06T14:22:05.493+0000] {processor.py:161} INFO - Started process (PID=11943) to work on /opt/airflow/dags/trustpilot_dag.py
[2025-07-06T14:22:05.496+0000] {processor.py:830} INFO - Processing file /opt/airflow/dags/trustpilot_dag.py for tasks to queue
[2025-07-06T14:22:05.498+0000] {logging_mixin.py:188} INFO - [2025-07-06T14:22:05.497+0000] {dagbag.py:545} INFO - Filling up the DagBag from /opt/airflow/dags/trustpilot_dag.py
[2025-07-06T14:22:07.206+0000] {logging_mixin.py:188} INFO - 📁 Fichier .env chargé
[2025-07-06T14:22:07.206+0000] {logging_mixin.py:188} INFO - 👉 Mode scraping : prod
[2025-07-06T14:22:07.207+0000] {logging_mixin.py:188} INFO - 👉 Fichier d’entrée : data/verbatims_test.csv
[2025-07-06T14:22:07.216+0000] {processor.py:840} INFO - DAG(s) 'trustpilot_pipeline' retrieved from /opt/airflow/dags/trustpilot_dag.py
[2025-07-06T14:22:07.246+0000] {logging_mixin.py:188} INFO - [2025-07-06T14:22:07.246+0000] {dag.py:3096} INFO - Sync 1 DAGs
[2025-07-06T14:22:07.263+0000] {logging_mixin.py:188} INFO - [2025-07-06T14:22:07.262+0000] {dag.py:3954} INFO - Setting next_dagrun for trustpilot_pipeline to None, run_after=None
[2025-07-06T14:22:07.285+0000] {processor.py:183} INFO - Processing /opt/airflow/dags/trustpilot_dag.py took 1.802 seconds
[2025-07-06T14:22:37.424+0000] {processor.py:161} INFO - Started process (PID=11949) to work on /opt/airflow/dags/trustpilot_dag.py
[2025-07-06T14:22:37.426+0000] {processor.py:830} INFO - Processing file /opt/airflow/dags/trustpilot_dag.py for tasks to queue
[2025-07-06T14:22:37.428+0000] {logging_mixin.py:188} INFO - [2025-07-06T14:22:37.428+0000] {dagbag.py:545} INFO - Filling up the DagBag from /opt/airflow/dags/trustpilot_dag.py
[2025-07-06T14:22:39.142+0000] {logging_mixin.py:188} INFO - 📁 Fichier .env chargé
[2025-07-06T14:22:39.143+0000] {logging_mixin.py:188} INFO - 👉 Mode scraping : prod
[2025-07-06T14:22:39.143+0000] {logging_mixin.py:188} INFO - 👉 Fichier d’entrée : data/verbatims_test.csv
[2025-07-06T14:22:39.151+0000] {processor.py:840} INFO - DAG(s) 'trustpilot_pipeline' retrieved from /opt/airflow/dags/trustpilot_dag.py
[2025-07-06T14:22:39.182+0000] {logging_mixin.py:188} INFO - [2025-07-06T14:22:39.181+0000] {dag.py:3096} INFO - Sync 1 DAGs
[2025-07-06T14:22:39.199+0000] {logging_mixin.py:188} INFO - [2025-07-06T14:22:39.199+0000] {dag.py:3954} INFO - Setting next_dagrun for trustpilot_pipeline to None, run_after=None
[2025-07-06T14:22:39.220+0000] {processor.py:183} INFO - Processing /opt/airflow/dags/trustpilot_dag.py took 1.807 seconds
[2025-07-06T14:23:09.350+0000] {processor.py:161} INFO - Started process (PID=11955) to work on /opt/airflow/dags/trustpilot_dag.py
[2025-07-06T14:23:09.352+0000] {processor.py:830} INFO - Processing file /opt/airflow/dags/trustpilot_dag.py for tasks to queue
[2025-07-06T14:23:09.354+0000] {logging_mixin.py:188} INFO - [2025-07-06T14:23:09.354+0000] {dagbag.py:545} INFO - Filling up the DagBag from /opt/airflow/dags/trustpilot_dag.py
[2025-07-06T14:23:11.052+0000] {logging_mixin.py:188} INFO - 📁 Fichier .env chargé
[2025-07-06T14:23:11.052+0000] {logging_mixin.py:188} INFO - 👉 Mode scraping : prod
[2025-07-06T14:23:11.053+0000] {logging_mixin.py:188} INFO - 👉 Fichier d’entrée : data/verbatims_test.csv
[2025-07-06T14:23:11.060+0000] {processor.py:840} INFO - DAG(s) 'trustpilot_pipeline' retrieved from /opt/airflow/dags/trustpilot_dag.py
[2025-07-06T14:23:11.090+0000] {logging_mixin.py:188} INFO - [2025-07-06T14:23:11.090+0000] {dag.py:3096} INFO - Sync 1 DAGs
[2025-07-06T14:23:11.107+0000] {logging_mixin.py:188} INFO - [2025-07-06T14:23:11.106+0000] {dag.py:3954} INFO - Setting next_dagrun for trustpilot_pipeline to None, run_after=None
[2025-07-06T14:23:11.128+0000] {processor.py:183} INFO - Processing /opt/airflow/dags/trustpilot_dag.py took 1.788 seconds
[2025-07-06T14:23:41.258+0000] {processor.py:161} INFO - Started process (PID=11961) to work on /opt/airflow/dags/trustpilot_dag.py
[2025-07-06T14:23:41.259+0000] {processor.py:830} INFO - Processing file /opt/airflow/dags/trustpilot_dag.py for tasks to queue
[2025-07-06T14:23:41.261+0000] {logging_mixin.py:188} INFO - [2025-07-06T14:23:41.261+0000] {dagbag.py:545} INFO - Filling up the DagBag from /opt/airflow/dags/trustpilot_dag.py
[2025-07-06T14:23:42.942+0000] {logging_mixin.py:188} INFO - 📁 Fichier .env chargé
[2025-07-06T14:23:42.943+0000] {logging_mixin.py:188} INFO - 👉 Mode scraping : prod
[2025-07-06T14:23:42.943+0000] {logging_mixin.py:188} INFO - 👉 Fichier d’entrée : data/verbatims_test.csv
[2025-07-06T14:23:42.951+0000] {processor.py:840} INFO - DAG(s) 'trustpilot_pipeline' retrieved from /opt/airflow/dags/trustpilot_dag.py
[2025-07-06T14:23:42.981+0000] {logging_mixin.py:188} INFO - [2025-07-06T14:23:42.980+0000] {dag.py:3096} INFO - Sync 1 DAGs
[2025-07-06T14:23:42.999+0000] {logging_mixin.py:188} INFO - [2025-07-06T14:23:42.999+0000] {dag.py:3954} INFO - Setting next_dagrun for trustpilot_pipeline to None, run_after=None
[2025-07-06T14:23:43.021+0000] {processor.py:183} INFO - Processing /opt/airflow/dags/trustpilot_dag.py took 1.773 seconds
[2025-07-06T14:24:13.150+0000] {processor.py:161} INFO - Started process (PID=11967) to work on /opt/airflow/dags/trustpilot_dag.py
[2025-07-06T14:24:13.151+0000] {processor.py:830} INFO - Processing file /opt/airflow/dags/trustpilot_dag.py for tasks to queue
[2025-07-06T14:24:13.153+0000] {logging_mixin.py:188} INFO - [2025-07-06T14:24:13.152+0000] {dagbag.py:545} INFO - Filling up the DagBag from /opt/airflow/dags/trustpilot_dag.py
[2025-07-06T14:24:14.833+0000] {logging_mixin.py:188} INFO - 📁 Fichier .env chargé
[2025-07-06T14:24:14.834+0000] {logging_mixin.py:188} INFO - 👉 Mode scraping : prod
[2025-07-06T14:24:14.834+0000] {logging_mixin.py:188} INFO - 👉 Fichier d’entrée : data/verbatims_test.csv
[2025-07-06T14:24:14.842+0000] {processor.py:840} INFO - DAG(s) 'trustpilot_pipeline' retrieved from /opt/airflow/dags/trustpilot_dag.py
[2025-07-06T14:24:14.873+0000] {logging_mixin.py:188} INFO - [2025-07-06T14:24:14.873+0000] {dag.py:3096} INFO - Sync 1 DAGs
[2025-07-06T14:24:14.890+0000] {logging_mixin.py:188} INFO - [2025-07-06T14:24:14.890+0000] {dag.py:3954} INFO - Setting next_dagrun for trustpilot_pipeline to None, run_after=None
[2025-07-06T14:24:14.912+0000] {processor.py:183} INFO - Processing /opt/airflow/dags/trustpilot_dag.py took 1.771 seconds
[2025-07-06T14:24:45.048+0000] {processor.py:161} INFO - Started process (PID=11973) to work on /opt/airflow/dags/trustpilot_dag.py
[2025-07-06T14:24:45.051+0000] {processor.py:830} INFO - Processing file /opt/airflow/dags/trustpilot_dag.py for tasks to queue
[2025-07-06T14:24:45.053+0000] {logging_mixin.py:188} INFO - [2025-07-06T14:24:45.053+0000] {dagbag.py:545} INFO - Filling up the DagBag from /opt/airflow/dags/trustpilot_dag.py
[2025-07-06T14:24:46.748+0000] {logging_mixin.py:188} INFO - 📁 Fichier .env chargé
[2025-07-06T14:24:46.748+0000] {logging_mixin.py:188} INFO - 👉 Mode scraping : prod
[2025-07-06T14:24:46.748+0000] {logging_mixin.py:188} INFO - 👉 Fichier d’entrée : data/verbatims_test.csv
[2025-07-06T14:24:46.756+0000] {processor.py:840} INFO - DAG(s) 'trustpilot_pipeline' retrieved from /opt/airflow/dags/trustpilot_dag.py
[2025-07-06T14:24:46.787+0000] {logging_mixin.py:188} INFO - [2025-07-06T14:24:46.787+0000] {dag.py:3096} INFO - Sync 1 DAGs
[2025-07-06T14:24:46.804+0000] {logging_mixin.py:188} INFO - [2025-07-06T14:24:46.803+0000] {dag.py:3954} INFO - Setting next_dagrun for trustpilot_pipeline to None, run_after=None
[2025-07-06T14:24:46.826+0000] {processor.py:183} INFO - Processing /opt/airflow/dags/trustpilot_dag.py took 1.787 seconds
[2025-07-06T14:25:16.958+0000] {processor.py:161} INFO - Started process (PID=11979) to work on /opt/airflow/dags/trustpilot_dag.py
[2025-07-06T14:25:16.959+0000] {processor.py:830} INFO - Processing file /opt/airflow/dags/trustpilot_dag.py for tasks to queue
[2025-07-06T14:25:16.961+0000] {logging_mixin.py:188} INFO - [2025-07-06T14:25:16.961+0000] {dagbag.py:545} INFO - Filling up the DagBag from /opt/airflow/dags/trustpilot_dag.py
[2025-07-06T14:25:18.675+0000] {logging_mixin.py:188} INFO - 📁 Fichier .env chargé
[2025-07-06T14:25:18.676+0000] {logging_mixin.py:188} INFO - 👉 Mode scraping : prod
[2025-07-06T14:25:18.676+0000] {logging_mixin.py:188} INFO - 👉 Fichier d’entrée : data/verbatims_test.csv
[2025-07-06T14:25:18.684+0000] {processor.py:840} INFO - DAG(s) 'trustpilot_pipeline' retrieved from /opt/airflow/dags/trustpilot_dag.py
[2025-07-06T14:25:18.715+0000] {logging_mixin.py:188} INFO - [2025-07-06T14:25:18.714+0000] {dag.py:3096} INFO - Sync 1 DAGs
[2025-07-06T14:25:18.731+0000] {logging_mixin.py:188} INFO - [2025-07-06T14:25:18.731+0000] {dag.py:3954} INFO - Setting next_dagrun for trustpilot_pipeline to None, run_after=None
[2025-07-06T14:25:18.752+0000] {processor.py:183} INFO - Processing /opt/airflow/dags/trustpilot_dag.py took 1.806 seconds
[2025-07-06T14:25:48.887+0000] {processor.py:161} INFO - Started process (PID=11985) to work on /opt/airflow/dags/trustpilot_dag.py
[2025-07-06T14:25:48.889+0000] {processor.py:830} INFO - Processing file /opt/airflow/dags/trustpilot_dag.py for tasks to queue
[2025-07-06T14:25:48.892+0000] {logging_mixin.py:188} INFO - [2025-07-06T14:25:48.891+0000] {dagbag.py:545} INFO - Filling up the DagBag from /opt/airflow/dags/trustpilot_dag.py
[2025-07-06T14:25:50.577+0000] {logging_mixin.py:188} INFO - 📁 Fichier .env chargé
[2025-07-06T14:25:50.577+0000] {logging_mixin.py:188} INFO - 👉 Mode scraping : prod
[2025-07-06T14:25:50.579+0000] {logging_mixin.py:188} INFO - 👉 Fichier d’entrée : data/verbatims_test.csv
[2025-07-06T14:25:50.586+0000] {processor.py:840} INFO - DAG(s) 'trustpilot_pipeline' retrieved from /opt/airflow/dags/trustpilot_dag.py
[2025-07-06T14:25:50.617+0000] {logging_mixin.py:188} INFO - [2025-07-06T14:25:50.616+0000] {dag.py:3096} INFO - Sync 1 DAGs
[2025-07-06T14:25:50.633+0000] {logging_mixin.py:188} INFO - [2025-07-06T14:25:50.633+0000] {dag.py:3954} INFO - Setting next_dagrun for trustpilot_pipeline to None, run_after=None
[2025-07-06T14:25:50.655+0000] {processor.py:183} INFO - Processing /opt/airflow/dags/trustpilot_dag.py took 1.778 seconds
[2025-07-06T14:26:20.786+0000] {processor.py:161} INFO - Started process (PID=11991) to work on /opt/airflow/dags/trustpilot_dag.py
[2025-07-06T14:26:20.788+0000] {processor.py:830} INFO - Processing file /opt/airflow/dags/trustpilot_dag.py for tasks to queue
[2025-07-06T14:26:20.790+0000] {logging_mixin.py:188} INFO - [2025-07-06T14:26:20.790+0000] {dagbag.py:545} INFO - Filling up the DagBag from /opt/airflow/dags/trustpilot_dag.py
[2025-07-06T14:26:22.505+0000] {logging_mixin.py:188} INFO - 📁 Fichier .env chargé
[2025-07-06T14:26:22.505+0000] {logging_mixin.py:188} INFO - 👉 Mode scraping : prod
[2025-07-06T14:26:22.505+0000] {logging_mixin.py:188} INFO - 👉 Fichier d’entrée : data/verbatims_test.csv
[2025-07-06T14:26:22.513+0000] {processor.py:840} INFO - DAG(s) 'trustpilot_pipeline' retrieved from /opt/airflow/dags/trustpilot_dag.py
[2025-07-06T14:26:22.544+0000] {logging_mixin.py:188} INFO - [2025-07-06T14:26:22.544+0000] {dag.py:3096} INFO - Sync 1 DAGs
[2025-07-06T14:26:22.563+0000] {logging_mixin.py:188} INFO - [2025-07-06T14:26:22.562+0000] {dag.py:3954} INFO - Setting next_dagrun for trustpilot_pipeline to None, run_after=None
[2025-07-06T14:26:22.585+0000] {processor.py:183} INFO - Processing /opt/airflow/dags/trustpilot_dag.py took 1.808 seconds
[2025-07-06T14:26:52.654+0000] {processor.py:161} INFO - Started process (PID=11997) to work on /opt/airflow/dags/trustpilot_dag.py
[2025-07-06T14:26:52.657+0000] {processor.py:830} INFO - Processing file /opt/airflow/dags/trustpilot_dag.py for tasks to queue
[2025-07-06T14:26:52.659+0000] {logging_mixin.py:188} INFO - [2025-07-06T14:26:52.658+0000] {dagbag.py:545} INFO - Filling up the DagBag from /opt/airflow/dags/trustpilot_dag.py
[2025-07-06T14:26:54.348+0000] {logging_mixin.py:188} INFO - 📁 Fichier .env chargé
[2025-07-06T14:26:54.349+0000] {logging_mixin.py:188} INFO - 👉 Mode scraping : prod
[2025-07-06T14:26:54.349+0000] {logging_mixin.py:188} INFO - 👉 Fichier d’entrée : data/verbatims_test.csv
[2025-07-06T14:26:54.358+0000] {processor.py:840} INFO - DAG(s) 'trustpilot_pipeline' retrieved from /opt/airflow/dags/trustpilot_dag.py
[2025-07-06T14:26:54.388+0000] {logging_mixin.py:188} INFO - [2025-07-06T14:26:54.388+0000] {dag.py:3096} INFO - Sync 1 DAGs
[2025-07-06T14:26:54.406+0000] {logging_mixin.py:188} INFO - [2025-07-06T14:26:54.406+0000] {dag.py:3954} INFO - Setting next_dagrun for trustpilot_pipeline to None, run_after=None
[2025-07-06T14:26:54.430+0000] {processor.py:183} INFO - Processing /opt/airflow/dags/trustpilot_dag.py took 1.785 seconds
[2025-07-06T14:27:24.566+0000] {processor.py:161} INFO - Started process (PID=12003) to work on /opt/airflow/dags/trustpilot_dag.py
[2025-07-06T14:27:24.567+0000] {processor.py:830} INFO - Processing file /opt/airflow/dags/trustpilot_dag.py for tasks to queue
[2025-07-06T14:27:24.570+0000] {logging_mixin.py:188} INFO - [2025-07-06T14:27:24.569+0000] {dagbag.py:545} INFO - Filling up the DagBag from /opt/airflow/dags/trustpilot_dag.py
[2025-07-06T14:27:26.266+0000] {logging_mixin.py:188} INFO - 📁 Fichier .env chargé
[2025-07-06T14:27:26.266+0000] {logging_mixin.py:188} INFO - 👉 Mode scraping : prod
[2025-07-06T14:27:26.266+0000] {logging_mixin.py:188} INFO - 👉 Fichier d’entrée : data/verbatims_test.csv
[2025-07-06T14:27:26.274+0000] {processor.py:840} INFO - DAG(s) 'trustpilot_pipeline' retrieved from /opt/airflow/dags/trustpilot_dag.py
[2025-07-06T14:27:26.306+0000] {logging_mixin.py:188} INFO - [2025-07-06T14:27:26.305+0000] {dag.py:3096} INFO - Sync 1 DAGs
[2025-07-06T14:27:26.323+0000] {logging_mixin.py:188} INFO - [2025-07-06T14:27:26.322+0000] {dag.py:3954} INFO - Setting next_dagrun for trustpilot_pipeline to None, run_after=None
[2025-07-06T14:27:26.344+0000] {processor.py:183} INFO - Processing /opt/airflow/dags/trustpilot_dag.py took 1.787 seconds
[2025-07-06T14:27:56.478+0000] {processor.py:161} INFO - Started process (PID=12009) to work on /opt/airflow/dags/trustpilot_dag.py
[2025-07-06T14:27:56.481+0000] {processor.py:830} INFO - Processing file /opt/airflow/dags/trustpilot_dag.py for tasks to queue
[2025-07-06T14:27:56.483+0000] {logging_mixin.py:188} INFO - [2025-07-06T14:27:56.482+0000] {dagbag.py:545} INFO - Filling up the DagBag from /opt/airflow/dags/trustpilot_dag.py
[2025-07-06T14:27:58.159+0000] {logging_mixin.py:188} INFO - 📁 Fichier .env chargé
[2025-07-06T14:27:58.159+0000] {logging_mixin.py:188} INFO - 👉 Mode scraping : prod
[2025-07-06T14:27:58.160+0000] {logging_mixin.py:188} INFO - 👉 Fichier d’entrée : data/verbatims_test.csv
[2025-07-06T14:27:58.169+0000] {processor.py:840} INFO - DAG(s) 'trustpilot_pipeline' retrieved from /opt/airflow/dags/trustpilot_dag.py
[2025-07-06T14:27:58.199+0000] {logging_mixin.py:188} INFO - [2025-07-06T14:27:58.199+0000] {dag.py:3096} INFO - Sync 1 DAGs
[2025-07-06T14:27:58.217+0000] {logging_mixin.py:188} INFO - [2025-07-06T14:27:58.217+0000] {dag.py:3954} INFO - Setting next_dagrun for trustpilot_pipeline to None, run_after=None
[2025-07-06T14:27:58.239+0000] {processor.py:183} INFO - Processing /opt/airflow/dags/trustpilot_dag.py took 1.770 seconds
[2025-07-06T14:28:28.382+0000] {processor.py:161} INFO - Started process (PID=12015) to work on /opt/airflow/dags/trustpilot_dag.py
[2025-07-06T14:28:28.383+0000] {processor.py:830} INFO - Processing file /opt/airflow/dags/trustpilot_dag.py for tasks to queue
[2025-07-06T14:28:28.385+0000] {logging_mixin.py:188} INFO - [2025-07-06T14:28:28.385+0000] {dagbag.py:545} INFO - Filling up the DagBag from /opt/airflow/dags/trustpilot_dag.py
[2025-07-06T14:28:30.098+0000] {logging_mixin.py:188} INFO - 📁 Fichier .env chargé
[2025-07-06T14:28:30.098+0000] {logging_mixin.py:188} INFO - 👉 Mode scraping : prod
[2025-07-06T14:28:30.098+0000] {logging_mixin.py:188} INFO - 👉 Fichier d’entrée : data/verbatims_test.csv
[2025-07-06T14:28:30.106+0000] {processor.py:840} INFO - DAG(s) 'trustpilot_pipeline' retrieved from /opt/airflow/dags/trustpilot_dag.py
[2025-07-06T14:28:30.136+0000] {logging_mixin.py:188} INFO - [2025-07-06T14:28:30.135+0000] {dag.py:3096} INFO - Sync 1 DAGs
[2025-07-06T14:28:30.153+0000] {logging_mixin.py:188} INFO - [2025-07-06T14:28:30.152+0000] {dag.py:3954} INFO - Setting next_dagrun for trustpilot_pipeline to None, run_after=None
[2025-07-06T14:28:30.176+0000] {processor.py:183} INFO - Processing /opt/airflow/dags/trustpilot_dag.py took 1.803 seconds
[2025-07-06T14:29:00.309+0000] {processor.py:161} INFO - Started process (PID=12021) to work on /opt/airflow/dags/trustpilot_dag.py
[2025-07-06T14:29:00.310+0000] {processor.py:830} INFO - Processing file /opt/airflow/dags/trustpilot_dag.py for tasks to queue
[2025-07-06T14:29:00.312+0000] {logging_mixin.py:188} INFO - [2025-07-06T14:29:00.312+0000] {dagbag.py:545} INFO - Filling up the DagBag from /opt/airflow/dags/trustpilot_dag.py
[2025-07-06T14:29:01.997+0000] {logging_mixin.py:188} INFO - 📁 Fichier .env chargé
[2025-07-06T14:29:01.997+0000] {logging_mixin.py:188} INFO - 👉 Mode scraping : prod
[2025-07-06T14:29:01.997+0000] {logging_mixin.py:188} INFO - 👉 Fichier d’entrée : data/verbatims_test.csv
[2025-07-06T14:29:02.005+0000] {processor.py:840} INFO - DAG(s) 'trustpilot_pipeline' retrieved from /opt/airflow/dags/trustpilot_dag.py
[2025-07-06T14:29:02.035+0000] {logging_mixin.py:188} INFO - [2025-07-06T14:29:02.034+0000] {dag.py:3096} INFO - Sync 1 DAGs
[2025-07-06T14:29:02.051+0000] {logging_mixin.py:188} INFO - [2025-07-06T14:29:02.051+0000] {dag.py:3954} INFO - Setting next_dagrun for trustpilot_pipeline to None, run_after=None
[2025-07-06T14:29:02.074+0000] {processor.py:183} INFO - Processing /opt/airflow/dags/trustpilot_dag.py took 1.775 seconds
[2025-07-06T14:29:32.191+0000] {processor.py:161} INFO - Started process (PID=12027) to work on /opt/airflow/dags/trustpilot_dag.py
[2025-07-06T14:29:32.192+0000] {processor.py:830} INFO - Processing file /opt/airflow/dags/trustpilot_dag.py for tasks to queue
[2025-07-06T14:29:32.194+0000] {logging_mixin.py:188} INFO - [2025-07-06T14:29:32.194+0000] {dagbag.py:545} INFO - Filling up the DagBag from /opt/airflow/dags/trustpilot_dag.py
[2025-07-06T14:29:33.882+0000] {logging_mixin.py:188} INFO - 📁 Fichier .env chargé
[2025-07-06T14:29:33.883+0000] {logging_mixin.py:188} INFO - 👉 Mode scraping : prod
[2025-07-06T14:29:33.883+0000] {logging_mixin.py:188} INFO - 👉 Fichier d’entrée : data/verbatims_test.csv
[2025-07-06T14:29:33.890+0000] {processor.py:840} INFO - DAG(s) 'trustpilot_pipeline' retrieved from /opt/airflow/dags/trustpilot_dag.py
[2025-07-06T14:29:33.921+0000] {logging_mixin.py:188} INFO - [2025-07-06T14:29:33.920+0000] {dag.py:3096} INFO - Sync 1 DAGs
[2025-07-06T14:29:33.939+0000] {logging_mixin.py:188} INFO - [2025-07-06T14:29:33.938+0000] {dag.py:3954} INFO - Setting next_dagrun for trustpilot_pipeline to None, run_after=None
[2025-07-06T14:29:33.962+0000] {processor.py:183} INFO - Processing /opt/airflow/dags/trustpilot_dag.py took 1.780 seconds
[2025-07-06T14:30:04.098+0000] {processor.py:161} INFO - Started process (PID=12033) to work on /opt/airflow/dags/trustpilot_dag.py
[2025-07-06T14:30:04.101+0000] {processor.py:830} INFO - Processing file /opt/airflow/dags/trustpilot_dag.py for tasks to queue
[2025-07-06T14:30:04.103+0000] {logging_mixin.py:188} INFO - [2025-07-06T14:30:04.103+0000] {dagbag.py:545} INFO - Filling up the DagBag from /opt/airflow/dags/trustpilot_dag.py
[2025-07-06T14:30:05.807+0000] {logging_mixin.py:188} INFO - 📁 Fichier .env chargé
[2025-07-06T14:30:05.807+0000] {logging_mixin.py:188} INFO - 👉 Mode scraping : prod
[2025-07-06T14:30:05.808+0000] {logging_mixin.py:188} INFO - 👉 Fichier d’entrée : data/verbatims_test.csv
[2025-07-06T14:30:05.815+0000] {processor.py:840} INFO - DAG(s) 'trustpilot_pipeline' retrieved from /opt/airflow/dags/trustpilot_dag.py
[2025-07-06T14:30:05.847+0000] {logging_mixin.py:188} INFO - [2025-07-06T14:30:05.847+0000] {dag.py:3096} INFO - Sync 1 DAGs
[2025-07-06T14:30:05.864+0000] {logging_mixin.py:188} INFO - [2025-07-06T14:30:05.864+0000] {dag.py:3954} INFO - Setting next_dagrun for trustpilot_pipeline to None, run_after=None
[2025-07-06T14:30:05.886+0000] {processor.py:183} INFO - Processing /opt/airflow/dags/trustpilot_dag.py took 1.797 seconds
[2025-07-06T14:30:36.021+0000] {processor.py:161} INFO - Started process (PID=12039) to work on /opt/airflow/dags/trustpilot_dag.py
[2025-07-06T14:30:36.022+0000] {processor.py:830} INFO - Processing file /opt/airflow/dags/trustpilot_dag.py for tasks to queue
[2025-07-06T14:30:36.025+0000] {logging_mixin.py:188} INFO - [2025-07-06T14:30:36.024+0000] {dagbag.py:545} INFO - Filling up the DagBag from /opt/airflow/dags/trustpilot_dag.py
[2025-07-06T14:30:37.710+0000] {logging_mixin.py:188} INFO - 📁 Fichier .env chargé
[2025-07-06T14:30:37.710+0000] {logging_mixin.py:188} INFO - 👉 Mode scraping : prod
[2025-07-06T14:30:37.710+0000] {logging_mixin.py:188} INFO - 👉 Fichier d’entrée : data/verbatims_test.csv
[2025-07-06T14:30:37.719+0000] {processor.py:840} INFO - DAG(s) 'trustpilot_pipeline' retrieved from /opt/airflow/dags/trustpilot_dag.py
[2025-07-06T14:30:37.750+0000] {logging_mixin.py:188} INFO - [2025-07-06T14:30:37.750+0000] {dag.py:3096} INFO - Sync 1 DAGs
[2025-07-06T14:30:37.767+0000] {logging_mixin.py:188} INFO - [2025-07-06T14:30:37.767+0000] {dag.py:3954} INFO - Setting next_dagrun for trustpilot_pipeline to None, run_after=None
[2025-07-06T14:30:37.789+0000] {processor.py:183} INFO - Processing /opt/airflow/dags/trustpilot_dag.py took 1.776 seconds
[2025-07-06T14:31:07.920+0000] {processor.py:161} INFO - Started process (PID=12045) to work on /opt/airflow/dags/trustpilot_dag.py
[2025-07-06T14:31:07.921+0000] {processor.py:830} INFO - Processing file /opt/airflow/dags/trustpilot_dag.py for tasks to queue
[2025-07-06T14:31:07.924+0000] {logging_mixin.py:188} INFO - [2025-07-06T14:31:07.923+0000] {dagbag.py:545} INFO - Filling up the DagBag from /opt/airflow/dags/trustpilot_dag.py
[2025-07-06T14:31:09.608+0000] {logging_mixin.py:188} INFO - 📁 Fichier .env chargé
[2025-07-06T14:31:09.608+0000] {logging_mixin.py:188} INFO - 👉 Mode scraping : prod
[2025-07-06T14:31:09.608+0000] {logging_mixin.py:188} INFO - 👉 Fichier d’entrée : data/verbatims_test.csv
[2025-07-06T14:31:09.616+0000] {processor.py:840} INFO - DAG(s) 'trustpilot_pipeline' retrieved from /opt/airflow/dags/trustpilot_dag.py
[2025-07-06T14:31:09.646+0000] {logging_mixin.py:188} INFO - [2025-07-06T14:31:09.645+0000] {dag.py:3096} INFO - Sync 1 DAGs
[2025-07-06T14:31:09.663+0000] {logging_mixin.py:188} INFO - [2025-07-06T14:31:09.662+0000] {dag.py:3954} INFO - Setting next_dagrun for trustpilot_pipeline to None, run_after=None
[2025-07-06T14:31:09.685+0000] {processor.py:183} INFO - Processing /opt/airflow/dags/trustpilot_dag.py took 1.773 seconds
[2025-07-06T14:31:39.812+0000] {processor.py:161} INFO - Started process (PID=12051) to work on /opt/airflow/dags/trustpilot_dag.py
[2025-07-06T14:31:39.814+0000] {processor.py:830} INFO - Processing file /opt/airflow/dags/trustpilot_dag.py for tasks to queue
[2025-07-06T14:31:39.817+0000] {logging_mixin.py:188} INFO - [2025-07-06T14:31:39.816+0000] {dagbag.py:545} INFO - Filling up the DagBag from /opt/airflow/dags/trustpilot_dag.py
[2025-07-06T14:31:41.522+0000] {logging_mixin.py:188} INFO - 📁 Fichier .env chargé
[2025-07-06T14:31:41.522+0000] {logging_mixin.py:188} INFO - 👉 Mode scraping : prod
[2025-07-06T14:31:41.523+0000] {logging_mixin.py:188} INFO - 👉 Fichier d’entrée : data/verbatims_test.csv
[2025-07-06T14:31:41.530+0000] {processor.py:840} INFO - DAG(s) 'trustpilot_pipeline' retrieved from /opt/airflow/dags/trustpilot_dag.py
[2025-07-06T14:31:41.561+0000] {logging_mixin.py:188} INFO - [2025-07-06T14:31:41.560+0000] {dag.py:3096} INFO - Sync 1 DAGs
[2025-07-06T14:31:41.577+0000] {logging_mixin.py:188} INFO - [2025-07-06T14:31:41.577+0000] {dag.py:3954} INFO - Setting next_dagrun for trustpilot_pipeline to None, run_after=None
[2025-07-06T14:31:41.599+0000] {processor.py:183} INFO - Processing /opt/airflow/dags/trustpilot_dag.py took 1.796 seconds
[2025-07-06T14:32:11.698+0000] {processor.py:161} INFO - Started process (PID=12057) to work on /opt/airflow/dags/trustpilot_dag.py
[2025-07-06T14:32:11.698+0000] {processor.py:830} INFO - Processing file /opt/airflow/dags/trustpilot_dag.py for tasks to queue
[2025-07-06T14:32:11.701+0000] {logging_mixin.py:188} INFO - [2025-07-06T14:32:11.700+0000] {dagbag.py:545} INFO - Filling up the DagBag from /opt/airflow/dags/trustpilot_dag.py
[2025-07-06T14:32:13.392+0000] {logging_mixin.py:188} INFO - 📁 Fichier .env chargé
[2025-07-06T14:32:13.392+0000] {logging_mixin.py:188} INFO - 👉 Mode scraping : prod
[2025-07-06T14:32:13.393+0000] {logging_mixin.py:188} INFO - 👉 Fichier d’entrée : data/verbatims_test.csv
[2025-07-06T14:32:13.400+0000] {processor.py:840} INFO - DAG(s) 'trustpilot_pipeline' retrieved from /opt/airflow/dags/trustpilot_dag.py
[2025-07-06T14:32:13.430+0000] {logging_mixin.py:188} INFO - [2025-07-06T14:32:13.430+0000] {dag.py:3096} INFO - Sync 1 DAGs
[2025-07-06T14:32:13.449+0000] {logging_mixin.py:188} INFO - [2025-07-06T14:32:13.448+0000] {dag.py:3954} INFO - Setting next_dagrun for trustpilot_pipeline to None, run_after=None
[2025-07-06T14:32:13.473+0000] {processor.py:183} INFO - Processing /opt/airflow/dags/trustpilot_dag.py took 1.784 seconds
[2025-07-06T14:32:43.614+0000] {processor.py:161} INFO - Started process (PID=12063) to work on /opt/airflow/dags/trustpilot_dag.py
[2025-07-06T14:32:43.616+0000] {processor.py:830} INFO - Processing file /opt/airflow/dags/trustpilot_dag.py for tasks to queue
[2025-07-06T14:32:43.619+0000] {logging_mixin.py:188} INFO - [2025-07-06T14:32:43.619+0000] {dagbag.py:545} INFO - Filling up the DagBag from /opt/airflow/dags/trustpilot_dag.py
[2025-07-06T14:32:45.332+0000] {logging_mixin.py:188} INFO - 📁 Fichier .env chargé
[2025-07-06T14:32:45.332+0000] {logging_mixin.py:188} INFO - 👉 Mode scraping : prod
[2025-07-06T14:32:45.333+0000] {logging_mixin.py:188} INFO - 👉 Fichier d’entrée : data/verbatims_test.csv
[2025-07-06T14:32:45.341+0000] {processor.py:840} INFO - DAG(s) 'trustpilot_pipeline' retrieved from /opt/airflow/dags/trustpilot_dag.py
[2025-07-06T14:32:45.371+0000] {logging_mixin.py:188} INFO - [2025-07-06T14:32:45.371+0000] {dag.py:3096} INFO - Sync 1 DAGs
[2025-07-06T14:32:45.390+0000] {logging_mixin.py:188} INFO - [2025-07-06T14:32:45.389+0000] {dag.py:3954} INFO - Setting next_dagrun for trustpilot_pipeline to None, run_after=None
[2025-07-06T14:32:45.412+0000] {processor.py:183} INFO - Processing /opt/airflow/dags/trustpilot_dag.py took 1.809 seconds
[2025-07-06T14:33:15.556+0000] {processor.py:161} INFO - Started process (PID=12069) to work on /opt/airflow/dags/trustpilot_dag.py
[2025-07-06T14:33:15.559+0000] {processor.py:830} INFO - Processing file /opt/airflow/dags/trustpilot_dag.py for tasks to queue
[2025-07-06T14:33:15.561+0000] {logging_mixin.py:188} INFO - [2025-07-06T14:33:15.561+0000] {dagbag.py:545} INFO - Filling up the DagBag from /opt/airflow/dags/trustpilot_dag.py
[2025-07-06T14:33:17.256+0000] {logging_mixin.py:188} INFO - 📁 Fichier .env chargé
[2025-07-06T14:33:17.256+0000] {logging_mixin.py:188} INFO - 👉 Mode scraping : prod
[2025-07-06T14:33:17.256+0000] {logging_mixin.py:188} INFO - 👉 Fichier d’entrée : data/verbatims_test.csv
[2025-07-06T14:33:17.264+0000] {processor.py:840} INFO - DAG(s) 'trustpilot_pipeline' retrieved from /opt/airflow/dags/trustpilot_dag.py
[2025-07-06T14:33:17.297+0000] {logging_mixin.py:188} INFO - [2025-07-06T14:33:17.296+0000] {dag.py:3096} INFO - Sync 1 DAGs
[2025-07-06T14:33:17.313+0000] {logging_mixin.py:188} INFO - [2025-07-06T14:33:17.313+0000] {dag.py:3954} INFO - Setting next_dagrun for trustpilot_pipeline to None, run_after=None
[2025-07-06T14:33:17.335+0000] {processor.py:183} INFO - Processing /opt/airflow/dags/trustpilot_dag.py took 1.788 seconds
[2025-07-06T14:33:47.470+0000] {processor.py:161} INFO - Started process (PID=12075) to work on /opt/airflow/dags/trustpilot_dag.py
[2025-07-06T14:33:47.472+0000] {processor.py:830} INFO - Processing file /opt/airflow/dags/trustpilot_dag.py for tasks to queue
[2025-07-06T14:33:47.474+0000] {logging_mixin.py:188} INFO - [2025-07-06T14:33:47.474+0000] {dagbag.py:545} INFO - Filling up the DagBag from /opt/airflow/dags/trustpilot_dag.py
[2025-07-06T14:33:49.190+0000] {logging_mixin.py:188} INFO - 📁 Fichier .env chargé
[2025-07-06T14:33:49.190+0000] {logging_mixin.py:188} INFO - 👉 Mode scraping : prod
[2025-07-06T14:33:49.190+0000] {logging_mixin.py:188} INFO - 👉 Fichier d’entrée : data/verbatims_test.csv
[2025-07-06T14:33:49.198+0000] {processor.py:840} INFO - DAG(s) 'trustpilot_pipeline' retrieved from /opt/airflow/dags/trustpilot_dag.py
[2025-07-06T14:33:49.229+0000] {logging_mixin.py:188} INFO - [2025-07-06T14:33:49.228+0000] {dag.py:3096} INFO - Sync 1 DAGs
[2025-07-06T14:33:49.246+0000] {logging_mixin.py:188} INFO - [2025-07-06T14:33:49.245+0000] {dag.py:3954} INFO - Setting next_dagrun for trustpilot_pipeline to None, run_after=None
[2025-07-06T14:33:49.268+0000] {processor.py:183} INFO - Processing /opt/airflow/dags/trustpilot_dag.py took 1.810 seconds
[2025-07-06T14:34:19.402+0000] {processor.py:161} INFO - Started process (PID=12081) to work on /opt/airflow/dags/trustpilot_dag.py
[2025-07-06T14:34:19.403+0000] {processor.py:830} INFO - Processing file /opt/airflow/dags/trustpilot_dag.py for tasks to queue
[2025-07-06T14:34:19.406+0000] {logging_mixin.py:188} INFO - [2025-07-06T14:34:19.405+0000] {dagbag.py:545} INFO - Filling up the DagBag from /opt/airflow/dags/trustpilot_dag.py
[2025-07-06T14:34:21.120+0000] {logging_mixin.py:188} INFO - 📁 Fichier .env chargé
[2025-07-06T14:34:21.120+0000] {logging_mixin.py:188} INFO - 👉 Mode scraping : prod
[2025-07-06T14:34:21.120+0000] {logging_mixin.py:188} INFO - 👉 Fichier d’entrée : data/verbatims_test.csv
[2025-07-06T14:34:21.128+0000] {processor.py:840} INFO - DAG(s) 'trustpilot_pipeline' retrieved from /opt/airflow/dags/trustpilot_dag.py
[2025-07-06T14:34:21.158+0000] {logging_mixin.py:188} INFO - [2025-07-06T14:34:21.157+0000] {dag.py:3096} INFO - Sync 1 DAGs
[2025-07-06T14:34:21.175+0000] {logging_mixin.py:188} INFO - [2025-07-06T14:34:21.175+0000] {dag.py:3954} INFO - Setting next_dagrun for trustpilot_pipeline to None, run_after=None
[2025-07-06T14:34:21.199+0000] {processor.py:183} INFO - Processing /opt/airflow/dags/trustpilot_dag.py took 1.806 seconds
[2025-07-06T14:34:51.322+0000] {processor.py:161} INFO - Started process (PID=12087) to work on /opt/airflow/dags/trustpilot_dag.py
[2025-07-06T14:34:51.323+0000] {processor.py:830} INFO - Processing file /opt/airflow/dags/trustpilot_dag.py for tasks to queue
[2025-07-06T14:34:51.325+0000] {logging_mixin.py:188} INFO - [2025-07-06T14:34:51.325+0000] {dagbag.py:545} INFO - Filling up the DagBag from /opt/airflow/dags/trustpilot_dag.py
[2025-07-06T14:34:53.032+0000] {logging_mixin.py:188} INFO - 📁 Fichier .env chargé
[2025-07-06T14:34:53.032+0000] {logging_mixin.py:188} INFO - 👉 Mode scraping : prod
[2025-07-06T14:34:53.033+0000] {logging_mixin.py:188} INFO - 👉 Fichier d’entrée : data/verbatims_test.csv
[2025-07-06T14:34:53.040+0000] {processor.py:840} INFO - DAG(s) 'trustpilot_pipeline' retrieved from /opt/airflow/dags/trustpilot_dag.py
[2025-07-06T14:34:53.070+0000] {logging_mixin.py:188} INFO - [2025-07-06T14:34:53.069+0000] {dag.py:3096} INFO - Sync 1 DAGs
[2025-07-06T14:34:53.086+0000] {logging_mixin.py:188} INFO - [2025-07-06T14:34:53.086+0000] {dag.py:3954} INFO - Setting next_dagrun for trustpilot_pipeline to None, run_after=None
[2025-07-06T14:34:53.108+0000] {processor.py:183} INFO - Processing /opt/airflow/dags/trustpilot_dag.py took 1.796 seconds
[2025-07-06T14:35:23.257+0000] {processor.py:161} INFO - Started process (PID=12093) to work on /opt/airflow/dags/trustpilot_dag.py
[2025-07-06T14:35:23.258+0000] {processor.py:830} INFO - Processing file /opt/airflow/dags/trustpilot_dag.py for tasks to queue
[2025-07-06T14:35:23.260+0000] {logging_mixin.py:188} INFO - [2025-07-06T14:35:23.259+0000] {dagbag.py:545} INFO - Filling up the DagBag from /opt/airflow/dags/trustpilot_dag.py
[2025-07-06T14:35:24.951+0000] {logging_mixin.py:188} INFO - 📁 Fichier .env chargé
[2025-07-06T14:35:24.951+0000] {logging_mixin.py:188} INFO - 👉 Mode scraping : prod
[2025-07-06T14:35:24.951+0000] {logging_mixin.py:188} INFO - 👉 Fichier d’entrée : data/verbatims_test.csv
[2025-07-06T14:35:24.959+0000] {processor.py:840} INFO - DAG(s) 'trustpilot_pipeline' retrieved from /opt/airflow/dags/trustpilot_dag.py
[2025-07-06T14:35:24.991+0000] {logging_mixin.py:188} INFO - [2025-07-06T14:35:24.990+0000] {dag.py:3096} INFO - Sync 1 DAGs
[2025-07-06T14:35:25.010+0000] {logging_mixin.py:188} INFO - [2025-07-06T14:35:25.010+0000] {dag.py:3954} INFO - Setting next_dagrun for trustpilot_pipeline to None, run_after=None
[2025-07-06T14:35:25.032+0000] {processor.py:183} INFO - Processing /opt/airflow/dags/trustpilot_dag.py took 1.785 seconds
[2025-07-06T14:35:55.168+0000] {processor.py:161} INFO - Started process (PID=12099) to work on /opt/airflow/dags/trustpilot_dag.py
[2025-07-06T14:35:55.170+0000] {processor.py:830} INFO - Processing file /opt/airflow/dags/trustpilot_dag.py for tasks to queue
[2025-07-06T14:35:55.172+0000] {logging_mixin.py:188} INFO - [2025-07-06T14:35:55.172+0000] {dagbag.py:545} INFO - Filling up the DagBag from /opt/airflow/dags/trustpilot_dag.py
[2025-07-06T14:35:56.879+0000] {logging_mixin.py:188} INFO - 📁 Fichier .env chargé
[2025-07-06T14:35:56.879+0000] {logging_mixin.py:188} INFO - 👉 Mode scraping : prod
[2025-07-06T14:35:56.879+0000] {logging_mixin.py:188} INFO - 👉 Fichier d’entrée : data/verbatims_test.csv
[2025-07-06T14:35:56.887+0000] {processor.py:840} INFO - DAG(s) 'trustpilot_pipeline' retrieved from /opt/airflow/dags/trustpilot_dag.py
[2025-07-06T14:35:56.919+0000] {logging_mixin.py:188} INFO - [2025-07-06T14:35:56.918+0000] {dag.py:3096} INFO - Sync 1 DAGs
[2025-07-06T14:35:56.936+0000] {logging_mixin.py:188} INFO - [2025-07-06T14:35:56.935+0000] {dag.py:3954} INFO - Setting next_dagrun for trustpilot_pipeline to None, run_after=None
[2025-07-06T14:35:56.956+0000] {processor.py:183} INFO - Processing /opt/airflow/dags/trustpilot_dag.py took 1.797 seconds
[2025-07-06T14:36:27.090+0000] {processor.py:161} INFO - Started process (PID=12105) to work on /opt/airflow/dags/trustpilot_dag.py
[2025-07-06T14:36:27.091+0000] {processor.py:830} INFO - Processing file /opt/airflow/dags/trustpilot_dag.py for tasks to queue
[2025-07-06T14:36:27.093+0000] {logging_mixin.py:188} INFO - [2025-07-06T14:36:27.092+0000] {dagbag.py:545} INFO - Filling up the DagBag from /opt/airflow/dags/trustpilot_dag.py
[2025-07-06T14:36:28.797+0000] {logging_mixin.py:188} INFO - 📁 Fichier .env chargé
[2025-07-06T14:36:28.797+0000] {logging_mixin.py:188} INFO - 👉 Mode scraping : prod
[2025-07-06T14:36:28.797+0000] {logging_mixin.py:188} INFO - 👉 Fichier d’entrée : data/verbatims_test.csv
[2025-07-06T14:36:28.807+0000] {processor.py:840} INFO - DAG(s) 'trustpilot_pipeline' retrieved from /opt/airflow/dags/trustpilot_dag.py
[2025-07-06T14:36:28.838+0000] {logging_mixin.py:188} INFO - [2025-07-06T14:36:28.838+0000] {dag.py:3096} INFO - Sync 1 DAGs
[2025-07-06T14:36:28.855+0000] {logging_mixin.py:188} INFO - [2025-07-06T14:36:28.854+0000] {dag.py:3954} INFO - Setting next_dagrun for trustpilot_pipeline to None, run_after=None
[2025-07-06T14:36:28.875+0000] {processor.py:183} INFO - Processing /opt/airflow/dags/trustpilot_dag.py took 1.795 seconds
[2025-07-06T14:36:59.006+0000] {processor.py:161} INFO - Started process (PID=12111) to work on /opt/airflow/dags/trustpilot_dag.py
[2025-07-06T14:36:59.007+0000] {processor.py:830} INFO - Processing file /opt/airflow/dags/trustpilot_dag.py for tasks to queue
[2025-07-06T14:36:59.010+0000] {logging_mixin.py:188} INFO - [2025-07-06T14:36:59.009+0000] {dagbag.py:545} INFO - Filling up the DagBag from /opt/airflow/dags/trustpilot_dag.py
[2025-07-06T14:37:00.691+0000] {logging_mixin.py:188} INFO - 📁 Fichier .env chargé
[2025-07-06T14:37:00.691+0000] {logging_mixin.py:188} INFO - 👉 Mode scraping : prod
[2025-07-06T14:37:00.691+0000] {logging_mixin.py:188} INFO - 👉 Fichier d’entrée : data/verbatims_test.csv
[2025-07-06T14:37:00.699+0000] {processor.py:840} INFO - DAG(s) 'trustpilot_pipeline' retrieved from /opt/airflow/dags/trustpilot_dag.py
[2025-07-06T14:37:00.730+0000] {logging_mixin.py:188} INFO - [2025-07-06T14:37:00.729+0000] {dag.py:3096} INFO - Sync 1 DAGs
[2025-07-06T14:37:00.746+0000] {logging_mixin.py:188} INFO - [2025-07-06T14:37:00.746+0000] {dag.py:3954} INFO - Setting next_dagrun for trustpilot_pipeline to None, run_after=None
[2025-07-06T14:37:00.767+0000] {processor.py:183} INFO - Processing /opt/airflow/dags/trustpilot_dag.py took 1.770 seconds
[2025-07-06T14:37:30.823+0000] {processor.py:161} INFO - Started process (PID=12117) to work on /opt/airflow/dags/trustpilot_dag.py
[2025-07-06T14:37:30.824+0000] {processor.py:830} INFO - Processing file /opt/airflow/dags/trustpilot_dag.py for tasks to queue
[2025-07-06T14:37:30.827+0000] {logging_mixin.py:188} INFO - [2025-07-06T14:37:30.826+0000] {dagbag.py:545} INFO - Filling up the DagBag from /opt/airflow/dags/trustpilot_dag.py
[2025-07-06T14:37:32.538+0000] {logging_mixin.py:188} INFO - 📁 Fichier .env chargé
[2025-07-06T14:37:32.538+0000] {logging_mixin.py:188} INFO - 👉 Mode scraping : prod
[2025-07-06T14:37:32.538+0000] {logging_mixin.py:188} INFO - 👉 Fichier d’entrée : data/verbatims_test.csv
[2025-07-06T14:37:32.546+0000] {processor.py:840} INFO - DAG(s) 'trustpilot_pipeline' retrieved from /opt/airflow/dags/trustpilot_dag.py
[2025-07-06T14:37:32.577+0000] {logging_mixin.py:188} INFO - [2025-07-06T14:37:32.576+0000] {dag.py:3096} INFO - Sync 1 DAGs
[2025-07-06T14:37:32.594+0000] {logging_mixin.py:188} INFO - [2025-07-06T14:37:32.594+0000] {dag.py:3954} INFO - Setting next_dagrun for trustpilot_pipeline to None, run_after=None
[2025-07-06T14:37:32.616+0000] {processor.py:183} INFO - Processing /opt/airflow/dags/trustpilot_dag.py took 1.804 seconds
[2025-07-06T14:38:02.757+0000] {processor.py:161} INFO - Started process (PID=12123) to work on /opt/airflow/dags/trustpilot_dag.py
[2025-07-06T14:38:02.758+0000] {processor.py:830} INFO - Processing file /opt/airflow/dags/trustpilot_dag.py for tasks to queue
[2025-07-06T14:38:02.760+0000] {logging_mixin.py:188} INFO - [2025-07-06T14:38:02.760+0000] {dagbag.py:545} INFO - Filling up the DagBag from /opt/airflow/dags/trustpilot_dag.py
[2025-07-06T14:38:04.438+0000] {logging_mixin.py:188} INFO - 📁 Fichier .env chargé
[2025-07-06T14:38:04.438+0000] {logging_mixin.py:188} INFO - 👉 Mode scraping : prod
[2025-07-06T14:38:04.439+0000] {logging_mixin.py:188} INFO - 👉 Fichier d’entrée : data/verbatims_test.csv
[2025-07-06T14:38:04.446+0000] {processor.py:840} INFO - DAG(s) 'trustpilot_pipeline' retrieved from /opt/airflow/dags/trustpilot_dag.py
[2025-07-06T14:38:04.476+0000] {logging_mixin.py:188} INFO - [2025-07-06T14:38:04.476+0000] {dag.py:3096} INFO - Sync 1 DAGs
[2025-07-06T14:38:04.494+0000] {logging_mixin.py:188} INFO - [2025-07-06T14:38:04.494+0000] {dag.py:3954} INFO - Setting next_dagrun for trustpilot_pipeline to None, run_after=None
[2025-07-06T14:38:04.516+0000] {processor.py:183} INFO - Processing /opt/airflow/dags/trustpilot_dag.py took 1.769 seconds
[2025-07-06T14:38:34.659+0000] {processor.py:161} INFO - Started process (PID=12129) to work on /opt/airflow/dags/trustpilot_dag.py
[2025-07-06T14:38:34.661+0000] {processor.py:830} INFO - Processing file /opt/airflow/dags/trustpilot_dag.py for tasks to queue
[2025-07-06T14:38:34.664+0000] {logging_mixin.py:188} INFO - [2025-07-06T14:38:34.663+0000] {dagbag.py:545} INFO - Filling up the DagBag from /opt/airflow/dags/trustpilot_dag.py
[2025-07-06T14:38:36.370+0000] {logging_mixin.py:188} INFO - 📁 Fichier .env chargé
[2025-07-06T14:38:36.371+0000] {logging_mixin.py:188} INFO - 👉 Mode scraping : prod
[2025-07-06T14:38:36.371+0000] {logging_mixin.py:188} INFO - 👉 Fichier d’entrée : data/verbatims_test.csv
[2025-07-06T14:38:36.379+0000] {processor.py:840} INFO - DAG(s) 'trustpilot_pipeline' retrieved from /opt/airflow/dags/trustpilot_dag.py
[2025-07-06T14:38:36.410+0000] {logging_mixin.py:188} INFO - [2025-07-06T14:38:36.410+0000] {dag.py:3096} INFO - Sync 1 DAGs
[2025-07-06T14:38:36.427+0000] {logging_mixin.py:188} INFO - [2025-07-06T14:38:36.427+0000] {dag.py:3954} INFO - Setting next_dagrun for trustpilot_pipeline to None, run_after=None
[2025-07-06T14:38:36.450+0000] {processor.py:183} INFO - Processing /opt/airflow/dags/trustpilot_dag.py took 1.801 seconds
[2025-07-06T14:39:06.580+0000] {processor.py:161} INFO - Started process (PID=12135) to work on /opt/airflow/dags/trustpilot_dag.py
[2025-07-06T14:39:06.581+0000] {processor.py:830} INFO - Processing file /opt/airflow/dags/trustpilot_dag.py for tasks to queue
[2025-07-06T14:39:06.584+0000] {logging_mixin.py:188} INFO - [2025-07-06T14:39:06.583+0000] {dagbag.py:545} INFO - Filling up the DagBag from /opt/airflow/dags/trustpilot_dag.py
[2025-07-06T14:39:08.257+0000] {logging_mixin.py:188} INFO - 📁 Fichier .env chargé
[2025-07-06T14:39:08.257+0000] {logging_mixin.py:188} INFO - 👉 Mode scraping : prod
[2025-07-06T14:39:08.258+0000] {logging_mixin.py:188} INFO - 👉 Fichier d’entrée : data/verbatims_test.csv
[2025-07-06T14:39:08.265+0000] {processor.py:840} INFO - DAG(s) 'trustpilot_pipeline' retrieved from /opt/airflow/dags/trustpilot_dag.py
[2025-07-06T14:39:08.297+0000] {logging_mixin.py:188} INFO - [2025-07-06T14:39:08.296+0000] {dag.py:3096} INFO - Sync 1 DAGs
[2025-07-06T14:39:08.314+0000] {logging_mixin.py:188} INFO - [2025-07-06T14:39:08.313+0000] {dag.py:3954} INFO - Setting next_dagrun for trustpilot_pipeline to None, run_after=None
[2025-07-06T14:39:08.335+0000] {processor.py:183} INFO - Processing /opt/airflow/dags/trustpilot_dag.py took 1.764 seconds
[2025-07-06T14:39:38.465+0000] {processor.py:161} INFO - Started process (PID=12141) to work on /opt/airflow/dags/trustpilot_dag.py
[2025-07-06T14:39:38.466+0000] {processor.py:830} INFO - Processing file /opt/airflow/dags/trustpilot_dag.py for tasks to queue
[2025-07-06T14:39:38.468+0000] {logging_mixin.py:188} INFO - [2025-07-06T14:39:38.468+0000] {dagbag.py:545} INFO - Filling up the DagBag from /opt/airflow/dags/trustpilot_dag.py
[2025-07-06T14:39:40.142+0000] {logging_mixin.py:188} INFO - 📁 Fichier .env chargé
[2025-07-06T14:39:40.142+0000] {logging_mixin.py:188} INFO - 👉 Mode scraping : prod
[2025-07-06T14:39:40.142+0000] {logging_mixin.py:188} INFO - 👉 Fichier d’entrée : data/verbatims_test.csv
[2025-07-06T14:39:40.150+0000] {processor.py:840} INFO - DAG(s) 'trustpilot_pipeline' retrieved from /opt/airflow/dags/trustpilot_dag.py
[2025-07-06T14:39:40.180+0000] {logging_mixin.py:188} INFO - [2025-07-06T14:39:40.179+0000] {dag.py:3096} INFO - Sync 1 DAGs
[2025-07-06T14:39:40.196+0000] {logging_mixin.py:188} INFO - [2025-07-06T14:39:40.196+0000] {dag.py:3954} INFO - Setting next_dagrun for trustpilot_pipeline to None, run_after=None
[2025-07-06T14:39:40.218+0000] {processor.py:183} INFO - Processing /opt/airflow/dags/trustpilot_dag.py took 1.762 seconds
[2025-07-06T14:40:10.354+0000] {processor.py:161} INFO - Started process (PID=12147) to work on /opt/airflow/dags/trustpilot_dag.py
[2025-07-06T14:40:10.355+0000] {processor.py:830} INFO - Processing file /opt/airflow/dags/trustpilot_dag.py for tasks to queue
[2025-07-06T14:40:10.357+0000] {logging_mixin.py:188} INFO - [2025-07-06T14:40:10.357+0000] {dagbag.py:545} INFO - Filling up the DagBag from /opt/airflow/dags/trustpilot_dag.py
[2025-07-06T14:40:12.044+0000] {logging_mixin.py:188} INFO - 📁 Fichier .env chargé
[2025-07-06T14:40:12.045+0000] {logging_mixin.py:188} INFO - 👉 Mode scraping : prod
[2025-07-06T14:40:12.045+0000] {logging_mixin.py:188} INFO - 👉 Fichier d’entrée : data/verbatims_test.csv
[2025-07-06T14:40:12.053+0000] {processor.py:840} INFO - DAG(s) 'trustpilot_pipeline' retrieved from /opt/airflow/dags/trustpilot_dag.py
[2025-07-06T14:40:12.084+0000] {logging_mixin.py:188} INFO - [2025-07-06T14:40:12.083+0000] {dag.py:3096} INFO - Sync 1 DAGs
[2025-07-06T14:40:12.100+0000] {logging_mixin.py:188} INFO - [2025-07-06T14:40:12.100+0000] {dag.py:3954} INFO - Setting next_dagrun for trustpilot_pipeline to None, run_after=None
[2025-07-06T14:40:12.122+0000] {processor.py:183} INFO - Processing /opt/airflow/dags/trustpilot_dag.py took 1.777 seconds
[2025-07-06T14:40:42.252+0000] {processor.py:161} INFO - Started process (PID=12153) to work on /opt/airflow/dags/trustpilot_dag.py
[2025-07-06T14:40:42.255+0000] {processor.py:830} INFO - Processing file /opt/airflow/dags/trustpilot_dag.py for tasks to queue
[2025-07-06T14:40:42.257+0000] {logging_mixin.py:188} INFO - [2025-07-06T14:40:42.257+0000] {dagbag.py:545} INFO - Filling up the DagBag from /opt/airflow/dags/trustpilot_dag.py
[2025-07-06T14:40:43.935+0000] {logging_mixin.py:188} INFO - 📁 Fichier .env chargé
[2025-07-06T14:40:43.935+0000] {logging_mixin.py:188} INFO - 👉 Mode scraping : prod
[2025-07-06T14:40:43.935+0000] {logging_mixin.py:188} INFO - 👉 Fichier d’entrée : data/verbatims_test.csv
[2025-07-06T14:40:43.943+0000] {processor.py:840} INFO - DAG(s) 'trustpilot_pipeline' retrieved from /opt/airflow/dags/trustpilot_dag.py
[2025-07-06T14:40:43.974+0000] {logging_mixin.py:188} INFO - [2025-07-06T14:40:43.973+0000] {dag.py:3096} INFO - Sync 1 DAGs
[2025-07-06T14:40:43.991+0000] {logging_mixin.py:188} INFO - [2025-07-06T14:40:43.991+0000] {dag.py:3954} INFO - Setting next_dagrun for trustpilot_pipeline to None, run_after=None
[2025-07-06T14:40:44.015+0000] {processor.py:183} INFO - Processing /opt/airflow/dags/trustpilot_dag.py took 1.772 seconds
[2025-07-06T14:41:14.151+0000] {processor.py:161} INFO - Started process (PID=12159) to work on /opt/airflow/dags/trustpilot_dag.py
[2025-07-06T14:41:14.152+0000] {processor.py:830} INFO - Processing file /opt/airflow/dags/trustpilot_dag.py for tasks to queue
[2025-07-06T14:41:14.155+0000] {logging_mixin.py:188} INFO - [2025-07-06T14:41:14.154+0000] {dagbag.py:545} INFO - Filling up the DagBag from /opt/airflow/dags/trustpilot_dag.py
[2025-07-06T14:41:15.865+0000] {logging_mixin.py:188} INFO - 📁 Fichier .env chargé
[2025-07-06T14:41:15.866+0000] {logging_mixin.py:188} INFO - 👉 Mode scraping : prod
[2025-07-06T14:41:15.866+0000] {logging_mixin.py:188} INFO - 👉 Fichier d’entrée : data/verbatims_test.csv
[2025-07-06T14:41:15.874+0000] {processor.py:840} INFO - DAG(s) 'trustpilot_pipeline' retrieved from /opt/airflow/dags/trustpilot_dag.py
[2025-07-06T14:41:15.905+0000] {logging_mixin.py:188} INFO - [2025-07-06T14:41:15.904+0000] {dag.py:3096} INFO - Sync 1 DAGs
[2025-07-06T14:41:15.924+0000] {logging_mixin.py:188} INFO - [2025-07-06T14:41:15.924+0000] {dag.py:3954} INFO - Setting next_dagrun for trustpilot_pipeline to None, run_after=None
[2025-07-06T14:41:15.944+0000] {processor.py:183} INFO - Processing /opt/airflow/dags/trustpilot_dag.py took 1.805 seconds
[2025-07-06T14:41:46.077+0000] {processor.py:161} INFO - Started process (PID=12165) to work on /opt/airflow/dags/trustpilot_dag.py
[2025-07-06T14:41:46.080+0000] {processor.py:830} INFO - Processing file /opt/airflow/dags/trustpilot_dag.py for tasks to queue
[2025-07-06T14:41:46.082+0000] {logging_mixin.py:188} INFO - [2025-07-06T14:41:46.082+0000] {dagbag.py:545} INFO - Filling up the DagBag from /opt/airflow/dags/trustpilot_dag.py
[2025-07-06T14:41:47.764+0000] {logging_mixin.py:188} INFO - 📁 Fichier .env chargé
[2025-07-06T14:41:47.764+0000] {logging_mixin.py:188} INFO - 👉 Mode scraping : prod
[2025-07-06T14:41:47.765+0000] {logging_mixin.py:188} INFO - 👉 Fichier d’entrée : data/verbatims_test.csv
[2025-07-06T14:41:47.772+0000] {processor.py:840} INFO - DAG(s) 'trustpilot_pipeline' retrieved from /opt/airflow/dags/trustpilot_dag.py
[2025-07-06T14:41:47.805+0000] {logging_mixin.py:188} INFO - [2025-07-06T14:41:47.804+0000] {dag.py:3096} INFO - Sync 1 DAGs
[2025-07-06T14:41:47.822+0000] {logging_mixin.py:188} INFO - [2025-07-06T14:41:47.821+0000] {dag.py:3954} INFO - Setting next_dagrun for trustpilot_pipeline to None, run_after=None
[2025-07-06T14:41:47.844+0000] {processor.py:183} INFO - Processing /opt/airflow/dags/trustpilot_dag.py took 1.776 seconds
[2025-07-06T14:42:17.958+0000] {processor.py:161} INFO - Started process (PID=12171) to work on /opt/airflow/dags/trustpilot_dag.py
[2025-07-06T14:42:17.959+0000] {processor.py:830} INFO - Processing file /opt/airflow/dags/trustpilot_dag.py for tasks to queue
[2025-07-06T14:42:17.961+0000] {logging_mixin.py:188} INFO - [2025-07-06T14:42:17.961+0000] {dagbag.py:545} INFO - Filling up the DagBag from /opt/airflow/dags/trustpilot_dag.py
[2025-07-06T14:42:19.658+0000] {logging_mixin.py:188} INFO - 📁 Fichier .env chargé
[2025-07-06T14:42:19.658+0000] {logging_mixin.py:188} INFO - 👉 Mode scraping : prod
[2025-07-06T14:42:19.658+0000] {logging_mixin.py:188} INFO - 👉 Fichier d’entrée : data/verbatims_test.csv
[2025-07-06T14:42:19.667+0000] {processor.py:840} INFO - DAG(s) 'trustpilot_pipeline' retrieved from /opt/airflow/dags/trustpilot_dag.py
[2025-07-06T14:42:19.697+0000] {logging_mixin.py:188} INFO - [2025-07-06T14:42:19.697+0000] {dag.py:3096} INFO - Sync 1 DAGs
[2025-07-06T14:42:19.714+0000] {logging_mixin.py:188} INFO - [2025-07-06T14:42:19.714+0000] {dag.py:3954} INFO - Setting next_dagrun for trustpilot_pipeline to None, run_after=None
[2025-07-06T14:42:19.736+0000] {processor.py:183} INFO - Processing /opt/airflow/dags/trustpilot_dag.py took 1.787 seconds
[2025-07-06T14:42:49.877+0000] {processor.py:161} INFO - Started process (PID=12177) to work on /opt/airflow/dags/trustpilot_dag.py
[2025-07-06T14:42:49.880+0000] {processor.py:830} INFO - Processing file /opt/airflow/dags/trustpilot_dag.py for tasks to queue
[2025-07-06T14:42:49.882+0000] {logging_mixin.py:188} INFO - [2025-07-06T14:42:49.882+0000] {dagbag.py:545} INFO - Filling up the DagBag from /opt/airflow/dags/trustpilot_dag.py
[2025-07-06T14:42:51.573+0000] {logging_mixin.py:188} INFO - 📁 Fichier .env chargé
[2025-07-06T14:42:51.574+0000] {logging_mixin.py:188} INFO - 👉 Mode scraping : prod
[2025-07-06T14:42:51.574+0000] {logging_mixin.py:188} INFO - 👉 Fichier d’entrée : data/verbatims_test.csv
[2025-07-06T14:42:51.582+0000] {processor.py:840} INFO - DAG(s) 'trustpilot_pipeline' retrieved from /opt/airflow/dags/trustpilot_dag.py
[2025-07-06T14:42:51.612+0000] {logging_mixin.py:188} INFO - [2025-07-06T14:42:51.611+0000] {dag.py:3096} INFO - Sync 1 DAGs
[2025-07-06T14:42:51.629+0000] {logging_mixin.py:188} INFO - [2025-07-06T14:42:51.629+0000] {dag.py:3954} INFO - Setting next_dagrun for trustpilot_pipeline to None, run_after=None
[2025-07-06T14:42:51.650+0000] {processor.py:183} INFO - Processing /opt/airflow/dags/trustpilot_dag.py took 1.783 seconds
[2025-07-06T14:43:21.798+0000] {processor.py:161} INFO - Started process (PID=12183) to work on /opt/airflow/dags/trustpilot_dag.py
[2025-07-06T14:43:21.799+0000] {processor.py:830} INFO - Processing file /opt/airflow/dags/trustpilot_dag.py for tasks to queue
[2025-07-06T14:43:21.802+0000] {logging_mixin.py:188} INFO - [2025-07-06T14:43:21.801+0000] {dagbag.py:545} INFO - Filling up the DagBag from /opt/airflow/dags/trustpilot_dag.py
[2025-07-06T14:43:23.521+0000] {logging_mixin.py:188} INFO - 📁 Fichier .env chargé
[2025-07-06T14:43:23.522+0000] {logging_mixin.py:188} INFO - 👉 Mode scraping : prod
[2025-07-06T14:43:23.522+0000] {logging_mixin.py:188} INFO - 👉 Fichier d’entrée : data/verbatims_test.csv
[2025-07-06T14:43:23.530+0000] {processor.py:840} INFO - DAG(s) 'trustpilot_pipeline' retrieved from /opt/airflow/dags/trustpilot_dag.py
[2025-07-06T14:43:23.561+0000] {logging_mixin.py:188} INFO - [2025-07-06T14:43:23.560+0000] {dag.py:3096} INFO - Sync 1 DAGs
[2025-07-06T14:43:23.579+0000] {logging_mixin.py:188} INFO - [2025-07-06T14:43:23.578+0000] {dag.py:3954} INFO - Setting next_dagrun for trustpilot_pipeline to None, run_after=None
[2025-07-06T14:43:23.601+0000] {processor.py:183} INFO - Processing /opt/airflow/dags/trustpilot_dag.py took 1.813 seconds
[2025-07-06T14:43:53.731+0000] {processor.py:161} INFO - Started process (PID=12189) to work on /opt/airflow/dags/trustpilot_dag.py
[2025-07-06T14:43:53.732+0000] {processor.py:830} INFO - Processing file /opt/airflow/dags/trustpilot_dag.py for tasks to queue
[2025-07-06T14:43:53.734+0000] {logging_mixin.py:188} INFO - [2025-07-06T14:43:53.734+0000] {dagbag.py:545} INFO - Filling up the DagBag from /opt/airflow/dags/trustpilot_dag.py
[2025-07-06T14:43:55.448+0000] {logging_mixin.py:188} INFO - 📁 Fichier .env chargé
[2025-07-06T14:43:55.449+0000] {logging_mixin.py:188} INFO - 👉 Mode scraping : prod
[2025-07-06T14:43:55.449+0000] {logging_mixin.py:188} INFO - 👉 Fichier d’entrée : data/verbatims_test.csv
[2025-07-06T14:43:55.456+0000] {processor.py:840} INFO - DAG(s) 'trustpilot_pipeline' retrieved from /opt/airflow/dags/trustpilot_dag.py
[2025-07-06T14:43:55.487+0000] {logging_mixin.py:188} INFO - [2025-07-06T14:43:55.486+0000] {dag.py:3096} INFO - Sync 1 DAGs
[2025-07-06T14:43:55.505+0000] {logging_mixin.py:188} INFO - [2025-07-06T14:43:55.505+0000] {dag.py:3954} INFO - Setting next_dagrun for trustpilot_pipeline to None, run_after=None
[2025-07-06T14:43:55.526+0000] {processor.py:183} INFO - Processing /opt/airflow/dags/trustpilot_dag.py took 1.805 seconds
[2025-07-06T14:44:25.657+0000] {processor.py:161} INFO - Started process (PID=12195) to work on /opt/airflow/dags/trustpilot_dag.py
[2025-07-06T14:44:25.658+0000] {processor.py:830} INFO - Processing file /opt/airflow/dags/trustpilot_dag.py for tasks to queue
[2025-07-06T14:44:25.661+0000] {logging_mixin.py:188} INFO - [2025-07-06T14:44:25.660+0000] {dagbag.py:545} INFO - Filling up the DagBag from /opt/airflow/dags/trustpilot_dag.py
[2025-07-06T14:44:27.357+0000] {logging_mixin.py:188} INFO - 📁 Fichier .env chargé
[2025-07-06T14:44:27.357+0000] {logging_mixin.py:188} INFO - 👉 Mode scraping : prod
[2025-07-06T14:44:27.357+0000] {logging_mixin.py:188} INFO - 👉 Fichier d’entrée : data/verbatims_test.csv
[2025-07-06T14:44:27.365+0000] {processor.py:840} INFO - DAG(s) 'trustpilot_pipeline' retrieved from /opt/airflow/dags/trustpilot_dag.py
[2025-07-06T14:44:27.396+0000] {logging_mixin.py:188} INFO - [2025-07-06T14:44:27.396+0000] {dag.py:3096} INFO - Sync 1 DAGs
[2025-07-06T14:44:27.413+0000] {logging_mixin.py:188} INFO - [2025-07-06T14:44:27.413+0000] {dag.py:3954} INFO - Setting next_dagrun for trustpilot_pipeline to None, run_after=None
[2025-07-06T14:44:27.433+0000] {processor.py:183} INFO - Processing /opt/airflow/dags/trustpilot_dag.py took 1.786 seconds
[2025-07-06T14:44:57.549+0000] {processor.py:161} INFO - Started process (PID=12201) to work on /opt/airflow/dags/trustpilot_dag.py
[2025-07-06T14:44:57.550+0000] {processor.py:830} INFO - Processing file /opt/airflow/dags/trustpilot_dag.py for tasks to queue
[2025-07-06T14:44:57.553+0000] {logging_mixin.py:188} INFO - [2025-07-06T14:44:57.552+0000] {dagbag.py:545} INFO - Filling up the DagBag from /opt/airflow/dags/trustpilot_dag.py
[2025-07-06T14:44:59.267+0000] {logging_mixin.py:188} INFO - 📁 Fichier .env chargé
[2025-07-06T14:44:59.267+0000] {logging_mixin.py:188} INFO - 👉 Mode scraping : prod
[2025-07-06T14:44:59.268+0000] {logging_mixin.py:188} INFO - 👉 Fichier d’entrée : data/verbatims_test.csv
[2025-07-06T14:44:59.276+0000] {processor.py:840} INFO - DAG(s) 'trustpilot_pipeline' retrieved from /opt/airflow/dags/trustpilot_dag.py
[2025-07-06T14:44:59.308+0000] {logging_mixin.py:188} INFO - [2025-07-06T14:44:59.308+0000] {dag.py:3096} INFO - Sync 1 DAGs
[2025-07-06T14:44:59.325+0000] {logging_mixin.py:188} INFO - [2025-07-06T14:44:59.325+0000] {dag.py:3954} INFO - Setting next_dagrun for trustpilot_pipeline to None, run_after=None
[2025-07-06T14:44:59.345+0000] {processor.py:183} INFO - Processing /opt/airflow/dags/trustpilot_dag.py took 1.808 seconds
[2025-07-06T14:45:29.496+0000] {processor.py:161} INFO - Started process (PID=12207) to work on /opt/airflow/dags/trustpilot_dag.py
[2025-07-06T14:45:29.500+0000] {processor.py:830} INFO - Processing file /opt/airflow/dags/trustpilot_dag.py for tasks to queue
[2025-07-06T14:45:29.502+0000] {logging_mixin.py:188} INFO - [2025-07-06T14:45:29.502+0000] {dagbag.py:545} INFO - Filling up the DagBag from /opt/airflow/dags/trustpilot_dag.py
[2025-07-06T14:45:31.203+0000] {logging_mixin.py:188} INFO - 📁 Fichier .env chargé
[2025-07-06T14:45:31.203+0000] {logging_mixin.py:188} INFO - 👉 Mode scraping : prod
[2025-07-06T14:45:31.203+0000] {logging_mixin.py:188} INFO - 👉 Fichier d’entrée : data/verbatims_test.csv
[2025-07-06T14:45:31.211+0000] {processor.py:840} INFO - DAG(s) 'trustpilot_pipeline' retrieved from /opt/airflow/dags/trustpilot_dag.py
[2025-07-06T14:45:31.241+0000] {logging_mixin.py:188} INFO - [2025-07-06T14:45:31.241+0000] {dag.py:3096} INFO - Sync 1 DAGs
[2025-07-06T14:45:31.258+0000] {logging_mixin.py:188} INFO - [2025-07-06T14:45:31.257+0000] {dag.py:3954} INFO - Setting next_dagrun for trustpilot_pipeline to None, run_after=None
[2025-07-06T14:45:31.279+0000] {processor.py:183} INFO - Processing /opt/airflow/dags/trustpilot_dag.py took 1.793 seconds
[2025-07-06T14:46:01.413+0000] {processor.py:161} INFO - Started process (PID=12213) to work on /opt/airflow/dags/trustpilot_dag.py
[2025-07-06T14:46:01.414+0000] {processor.py:830} INFO - Processing file /opt/airflow/dags/trustpilot_dag.py for tasks to queue
[2025-07-06T14:46:01.416+0000] {logging_mixin.py:188} INFO - [2025-07-06T14:46:01.416+0000] {dagbag.py:545} INFO - Filling up the DagBag from /opt/airflow/dags/trustpilot_dag.py
[2025-07-06T14:46:03.107+0000] {logging_mixin.py:188} INFO - 📁 Fichier .env chargé
[2025-07-06T14:46:03.108+0000] {logging_mixin.py:188} INFO - 👉 Mode scraping : prod
[2025-07-06T14:46:03.108+0000] {logging_mixin.py:188} INFO - 👉 Fichier d’entrée : data/verbatims_test.csv
[2025-07-06T14:46:03.115+0000] {processor.py:840} INFO - DAG(s) 'trustpilot_pipeline' retrieved from /opt/airflow/dags/trustpilot_dag.py
[2025-07-06T14:46:03.145+0000] {logging_mixin.py:188} INFO - [2025-07-06T14:46:03.145+0000] {dag.py:3096} INFO - Sync 1 DAGs
[2025-07-06T14:46:03.162+0000] {logging_mixin.py:188} INFO - [2025-07-06T14:46:03.161+0000] {dag.py:3954} INFO - Setting next_dagrun for trustpilot_pipeline to None, run_after=None
[2025-07-06T14:46:03.183+0000] {processor.py:183} INFO - Processing /opt/airflow/dags/trustpilot_dag.py took 1.780 seconds
[2025-07-06T14:46:33.315+0000] {processor.py:161} INFO - Started process (PID=12219) to work on /opt/airflow/dags/trustpilot_dag.py
[2025-07-06T14:46:33.316+0000] {processor.py:830} INFO - Processing file /opt/airflow/dags/trustpilot_dag.py for tasks to queue
[2025-07-06T14:46:33.319+0000] {logging_mixin.py:188} INFO - [2025-07-06T14:46:33.318+0000] {dagbag.py:545} INFO - Filling up the DagBag from /opt/airflow/dags/trustpilot_dag.py
[2025-07-06T14:46:35.004+0000] {logging_mixin.py:188} INFO - 📁 Fichier .env chargé
[2025-07-06T14:46:35.004+0000] {logging_mixin.py:188} INFO - 👉 Mode scraping : prod
[2025-07-06T14:46:35.004+0000] {logging_mixin.py:188} INFO - 👉 Fichier d’entrée : data/verbatims_test.csv
[2025-07-06T14:46:35.012+0000] {processor.py:840} INFO - DAG(s) 'trustpilot_pipeline' retrieved from /opt/airflow/dags/trustpilot_dag.py
[2025-07-06T14:46:35.042+0000] {logging_mixin.py:188} INFO - [2025-07-06T14:46:35.041+0000] {dag.py:3096} INFO - Sync 1 DAGs
[2025-07-06T14:46:35.060+0000] {logging_mixin.py:188} INFO - [2025-07-06T14:46:35.060+0000] {dag.py:3954} INFO - Setting next_dagrun for trustpilot_pipeline to None, run_after=None
[2025-07-06T14:46:35.082+0000] {processor.py:183} INFO - Processing /opt/airflow/dags/trustpilot_dag.py took 1.776 seconds
[2025-07-06T14:47:05.211+0000] {processor.py:161} INFO - Started process (PID=12225) to work on /opt/airflow/dags/trustpilot_dag.py
[2025-07-06T14:47:05.212+0000] {processor.py:830} INFO - Processing file /opt/airflow/dags/trustpilot_dag.py for tasks to queue
[2025-07-06T14:47:05.215+0000] {logging_mixin.py:188} INFO - [2025-07-06T14:47:05.214+0000] {dagbag.py:545} INFO - Filling up the DagBag from /opt/airflow/dags/trustpilot_dag.py
[2025-07-06T14:47:06.899+0000] {logging_mixin.py:188} INFO - 📁 Fichier .env chargé
[2025-07-06T14:47:06.900+0000] {logging_mixin.py:188} INFO - 👉 Mode scraping : prod
[2025-07-06T14:47:06.900+0000] {logging_mixin.py:188} INFO - 👉 Fichier d’entrée : data/verbatims_test.csv
[2025-07-06T14:47:06.908+0000] {processor.py:840} INFO - DAG(s) 'trustpilot_pipeline' retrieved from /opt/airflow/dags/trustpilot_dag.py
[2025-07-06T14:47:06.939+0000] {logging_mixin.py:188} INFO - [2025-07-06T14:47:06.938+0000] {dag.py:3096} INFO - Sync 1 DAGs
[2025-07-06T14:47:06.957+0000] {logging_mixin.py:188} INFO - [2025-07-06T14:47:06.957+0000] {dag.py:3954} INFO - Setting next_dagrun for trustpilot_pipeline to None, run_after=None
[2025-07-06T14:47:06.980+0000] {processor.py:183} INFO - Processing /opt/airflow/dags/trustpilot_dag.py took 1.778 seconds
[2025-07-06T14:47:37.039+0000] {processor.py:161} INFO - Started process (PID=12231) to work on /opt/airflow/dags/trustpilot_dag.py
[2025-07-06T14:47:37.042+0000] {processor.py:830} INFO - Processing file /opt/airflow/dags/trustpilot_dag.py for tasks to queue
[2025-07-06T14:47:37.044+0000] {logging_mixin.py:188} INFO - [2025-07-06T14:47:37.043+0000] {dagbag.py:545} INFO - Filling up the DagBag from /opt/airflow/dags/trustpilot_dag.py
[2025-07-06T14:47:38.746+0000] {logging_mixin.py:188} INFO - 📁 Fichier .env chargé
[2025-07-06T14:47:38.747+0000] {logging_mixin.py:188} INFO - 👉 Mode scraping : prod
[2025-07-06T14:47:38.747+0000] {logging_mixin.py:188} INFO - 👉 Fichier d’entrée : data/verbatims_test.csv
[2025-07-06T14:47:38.755+0000] {processor.py:840} INFO - DAG(s) 'trustpilot_pipeline' retrieved from /opt/airflow/dags/trustpilot_dag.py
[2025-07-06T14:47:38.787+0000] {logging_mixin.py:188} INFO - [2025-07-06T14:47:38.787+0000] {dag.py:3096} INFO - Sync 1 DAGs
[2025-07-06T14:47:38.804+0000] {logging_mixin.py:188} INFO - [2025-07-06T14:47:38.804+0000] {dag.py:3954} INFO - Setting next_dagrun for trustpilot_pipeline to None, run_after=None
[2025-07-06T14:47:38.826+0000] {processor.py:183} INFO - Processing /opt/airflow/dags/trustpilot_dag.py took 1.797 seconds
[2025-07-06T14:48:08.967+0000] {processor.py:161} INFO - Started process (PID=12237) to work on /opt/airflow/dags/trustpilot_dag.py
[2025-07-06T14:48:08.968+0000] {processor.py:830} INFO - Processing file /opt/airflow/dags/trustpilot_dag.py for tasks to queue
[2025-07-06T14:48:08.971+0000] {logging_mixin.py:188} INFO - [2025-07-06T14:48:08.971+0000] {dagbag.py:545} INFO - Filling up the DagBag from /opt/airflow/dags/trustpilot_dag.py
[2025-07-06T14:48:10.683+0000] {logging_mixin.py:188} INFO - 📁 Fichier .env chargé
[2025-07-06T14:48:10.683+0000] {logging_mixin.py:188} INFO - 👉 Mode scraping : prod
[2025-07-06T14:48:10.683+0000] {logging_mixin.py:188} INFO - 👉 Fichier d’entrée : data/verbatims_test.csv
[2025-07-06T14:48:10.691+0000] {processor.py:840} INFO - DAG(s) 'trustpilot_pipeline' retrieved from /opt/airflow/dags/trustpilot_dag.py
[2025-07-06T14:48:10.722+0000] {logging_mixin.py:188} INFO - [2025-07-06T14:48:10.722+0000] {dag.py:3096} INFO - Sync 1 DAGs
[2025-07-06T14:48:10.739+0000] {logging_mixin.py:188} INFO - [2025-07-06T14:48:10.739+0000] {dag.py:3954} INFO - Setting next_dagrun for trustpilot_pipeline to None, run_after=None
[2025-07-06T14:48:10.761+0000] {processor.py:183} INFO - Processing /opt/airflow/dags/trustpilot_dag.py took 1.805 seconds
[2025-07-06T14:48:40.903+0000] {processor.py:161} INFO - Started process (PID=12243) to work on /opt/airflow/dags/trustpilot_dag.py
[2025-07-06T14:48:40.906+0000] {processor.py:830} INFO - Processing file /opt/airflow/dags/trustpilot_dag.py for tasks to queue
[2025-07-06T14:48:40.908+0000] {logging_mixin.py:188} INFO - [2025-07-06T14:48:40.907+0000] {dagbag.py:545} INFO - Filling up the DagBag from /opt/airflow/dags/trustpilot_dag.py
[2025-07-06T14:48:42.585+0000] {logging_mixin.py:188} INFO - 📁 Fichier .env chargé
[2025-07-06T14:48:42.586+0000] {logging_mixin.py:188} INFO - 👉 Mode scraping : prod
[2025-07-06T14:48:42.586+0000] {logging_mixin.py:188} INFO - 👉 Fichier d’entrée : data/verbatims_test.csv
[2025-07-06T14:48:42.594+0000] {processor.py:840} INFO - DAG(s) 'trustpilot_pipeline' retrieved from /opt/airflow/dags/trustpilot_dag.py
[2025-07-06T14:48:42.624+0000] {logging_mixin.py:188} INFO - [2025-07-06T14:48:42.623+0000] {dag.py:3096} INFO - Sync 1 DAGs
[2025-07-06T14:48:42.640+0000] {logging_mixin.py:188} INFO - [2025-07-06T14:48:42.640+0000] {dag.py:3954} INFO - Setting next_dagrun for trustpilot_pipeline to None, run_after=None
[2025-07-06T14:48:42.662+0000] {processor.py:183} INFO - Processing /opt/airflow/dags/trustpilot_dag.py took 1.768 seconds
[2025-07-06T14:49:12.798+0000] {processor.py:161} INFO - Started process (PID=12249) to work on /opt/airflow/dags/trustpilot_dag.py
[2025-07-06T14:49:12.800+0000] {processor.py:830} INFO - Processing file /opt/airflow/dags/trustpilot_dag.py for tasks to queue
[2025-07-06T14:49:12.802+0000] {logging_mixin.py:188} INFO - [2025-07-06T14:49:12.802+0000] {dagbag.py:545} INFO - Filling up the DagBag from /opt/airflow/dags/trustpilot_dag.py
[2025-07-06T14:49:14.530+0000] {logging_mixin.py:188} INFO - 📁 Fichier .env chargé
[2025-07-06T14:49:14.530+0000] {logging_mixin.py:188} INFO - 👉 Mode scraping : prod
[2025-07-06T14:49:14.530+0000] {logging_mixin.py:188} INFO - 👉 Fichier d’entrée : data/verbatims_test.csv
[2025-07-06T14:49:14.538+0000] {processor.py:840} INFO - DAG(s) 'trustpilot_pipeline' retrieved from /opt/airflow/dags/trustpilot_dag.py
[2025-07-06T14:49:14.569+0000] {logging_mixin.py:188} INFO - [2025-07-06T14:49:14.569+0000] {dag.py:3096} INFO - Sync 1 DAGs
[2025-07-06T14:49:14.586+0000] {logging_mixin.py:188} INFO - [2025-07-06T14:49:14.586+0000] {dag.py:3954} INFO - Setting next_dagrun for trustpilot_pipeline to None, run_after=None
[2025-07-06T14:49:14.609+0000] {processor.py:183} INFO - Processing /opt/airflow/dags/trustpilot_dag.py took 1.820 seconds
[2025-07-06T14:49:44.743+0000] {processor.py:161} INFO - Started process (PID=12255) to work on /opt/airflow/dags/trustpilot_dag.py
[2025-07-06T14:49:44.744+0000] {processor.py:830} INFO - Processing file /opt/airflow/dags/trustpilot_dag.py for tasks to queue
[2025-07-06T14:49:44.747+0000] {logging_mixin.py:188} INFO - [2025-07-06T14:49:44.746+0000] {dagbag.py:545} INFO - Filling up the DagBag from /opt/airflow/dags/trustpilot_dag.py
[2025-07-06T14:49:46.464+0000] {logging_mixin.py:188} INFO - 📁 Fichier .env chargé
[2025-07-06T14:49:46.464+0000] {logging_mixin.py:188} INFO - 👉 Mode scraping : prod
[2025-07-06T14:49:46.464+0000] {logging_mixin.py:188} INFO - 👉 Fichier d’entrée : data/verbatims_test.csv
[2025-07-06T14:49:46.472+0000] {processor.py:840} INFO - DAG(s) 'trustpilot_pipeline' retrieved from /opt/airflow/dags/trustpilot_dag.py
[2025-07-06T14:49:46.503+0000] {logging_mixin.py:188} INFO - [2025-07-06T14:49:46.502+0000] {dag.py:3096} INFO - Sync 1 DAGs
[2025-07-06T14:49:46.521+0000] {logging_mixin.py:188} INFO - [2025-07-06T14:49:46.521+0000] {dag.py:3954} INFO - Setting next_dagrun for trustpilot_pipeline to None, run_after=None
[2025-07-06T14:49:46.546+0000] {processor.py:183} INFO - Processing /opt/airflow/dags/trustpilot_dag.py took 1.814 seconds
[2025-07-06T14:50:16.661+0000] {processor.py:161} INFO - Started process (PID=12261) to work on /opt/airflow/dags/trustpilot_dag.py
[2025-07-06T14:50:16.662+0000] {processor.py:830} INFO - Processing file /opt/airflow/dags/trustpilot_dag.py for tasks to queue
[2025-07-06T14:50:16.665+0000] {logging_mixin.py:188} INFO - [2025-07-06T14:50:16.664+0000] {dagbag.py:545} INFO - Filling up the DagBag from /opt/airflow/dags/trustpilot_dag.py
[2025-07-06T14:50:18.371+0000] {logging_mixin.py:188} INFO - 📁 Fichier .env chargé
[2025-07-06T14:50:18.372+0000] {logging_mixin.py:188} INFO - 👉 Mode scraping : prod
[2025-07-06T14:50:18.372+0000] {logging_mixin.py:188} INFO - 👉 Fichier d’entrée : data/verbatims_test.csv
[2025-07-06T14:50:18.380+0000] {processor.py:840} INFO - DAG(s) 'trustpilot_pipeline' retrieved from /opt/airflow/dags/trustpilot_dag.py
[2025-07-06T14:50:18.412+0000] {logging_mixin.py:188} INFO - [2025-07-06T14:50:18.411+0000] {dag.py:3096} INFO - Sync 1 DAGs
[2025-07-06T14:50:18.428+0000] {logging_mixin.py:188} INFO - [2025-07-06T14:50:18.428+0000] {dag.py:3954} INFO - Setting next_dagrun for trustpilot_pipeline to None, run_after=None
[2025-07-06T14:50:18.449+0000] {processor.py:183} INFO - Processing /opt/airflow/dags/trustpilot_dag.py took 1.797 seconds
[2025-07-06T14:50:48.592+0000] {processor.py:161} INFO - Started process (PID=12267) to work on /opt/airflow/dags/trustpilot_dag.py
[2025-07-06T14:50:48.595+0000] {processor.py:830} INFO - Processing file /opt/airflow/dags/trustpilot_dag.py for tasks to queue
[2025-07-06T14:50:48.597+0000] {logging_mixin.py:188} INFO - [2025-07-06T14:50:48.596+0000] {dagbag.py:545} INFO - Filling up the DagBag from /opt/airflow/dags/trustpilot_dag.py
[2025-07-06T14:50:50.272+0000] {logging_mixin.py:188} INFO - 📁 Fichier .env chargé
[2025-07-06T14:50:50.272+0000] {logging_mixin.py:188} INFO - 👉 Mode scraping : prod
[2025-07-06T14:50:50.272+0000] {logging_mixin.py:188} INFO - 👉 Fichier d’entrée : data/verbatims_test.csv
[2025-07-06T14:50:50.282+0000] {processor.py:840} INFO - DAG(s) 'trustpilot_pipeline' retrieved from /opt/airflow/dags/trustpilot_dag.py
[2025-07-06T14:50:50.311+0000] {logging_mixin.py:188} INFO - [2025-07-06T14:50:50.311+0000] {dag.py:3096} INFO - Sync 1 DAGs
[2025-07-06T14:50:50.328+0000] {logging_mixin.py:188} INFO - [2025-07-06T14:50:50.328+0000] {dag.py:3954} INFO - Setting next_dagrun for trustpilot_pipeline to None, run_after=None
[2025-07-06T14:50:50.350+0000] {processor.py:183} INFO - Processing /opt/airflow/dags/trustpilot_dag.py took 1.767 seconds
[2025-07-06T14:51:20.486+0000] {processor.py:161} INFO - Started process (PID=12273) to work on /opt/airflow/dags/trustpilot_dag.py
[2025-07-06T14:51:20.489+0000] {processor.py:830} INFO - Processing file /opt/airflow/dags/trustpilot_dag.py for tasks to queue
[2025-07-06T14:51:20.491+0000] {logging_mixin.py:188} INFO - [2025-07-06T14:51:20.491+0000] {dagbag.py:545} INFO - Filling up the DagBag from /opt/airflow/dags/trustpilot_dag.py
[2025-07-06T14:51:22.187+0000] {logging_mixin.py:188} INFO - 📁 Fichier .env chargé
[2025-07-06T14:51:22.188+0000] {logging_mixin.py:188} INFO - 👉 Mode scraping : prod
[2025-07-06T14:51:22.188+0000] {logging_mixin.py:188} INFO - 👉 Fichier d’entrée : data/verbatims_test.csv
[2025-07-06T14:51:22.196+0000] {processor.py:840} INFO - DAG(s) 'trustpilot_pipeline' retrieved from /opt/airflow/dags/trustpilot_dag.py
[2025-07-06T14:51:22.226+0000] {logging_mixin.py:188} INFO - [2025-07-06T14:51:22.226+0000] {dag.py:3096} INFO - Sync 1 DAGs
[2025-07-06T14:51:22.244+0000] {logging_mixin.py:188} INFO - [2025-07-06T14:51:22.243+0000] {dag.py:3954} INFO - Setting next_dagrun for trustpilot_pipeline to None, run_after=None
[2025-07-06T14:51:22.268+0000] {processor.py:183} INFO - Processing /opt/airflow/dags/trustpilot_dag.py took 1.791 seconds
[2025-07-06T14:51:52.409+0000] {processor.py:161} INFO - Started process (PID=12279) to work on /opt/airflow/dags/trustpilot_dag.py
[2025-07-06T14:51:52.412+0000] {processor.py:830} INFO - Processing file /opt/airflow/dags/trustpilot_dag.py for tasks to queue
[2025-07-06T14:51:52.414+0000] {logging_mixin.py:188} INFO - [2025-07-06T14:51:52.414+0000] {dagbag.py:545} INFO - Filling up the DagBag from /opt/airflow/dags/trustpilot_dag.py
[2025-07-06T14:51:54.120+0000] {logging_mixin.py:188} INFO - 📁 Fichier .env chargé
[2025-07-06T14:51:54.120+0000] {logging_mixin.py:188} INFO - 👉 Mode scraping : prod
[2025-07-06T14:51:54.120+0000] {logging_mixin.py:188} INFO - 👉 Fichier d’entrée : data/verbatims_test.csv
[2025-07-06T14:51:54.128+0000] {processor.py:840} INFO - DAG(s) 'trustpilot_pipeline' retrieved from /opt/airflow/dags/trustpilot_dag.py
[2025-07-06T14:51:54.158+0000] {logging_mixin.py:188} INFO - [2025-07-06T14:51:54.157+0000] {dag.py:3096} INFO - Sync 1 DAGs
[2025-07-06T14:51:54.174+0000] {logging_mixin.py:188} INFO - [2025-07-06T14:51:54.174+0000] {dag.py:3954} INFO - Setting next_dagrun for trustpilot_pipeline to None, run_after=None
[2025-07-06T14:51:54.196+0000] {processor.py:183} INFO - Processing /opt/airflow/dags/trustpilot_dag.py took 1.797 seconds
[2025-07-06T14:52:24.329+0000] {processor.py:161} INFO - Started process (PID=12285) to work on /opt/airflow/dags/trustpilot_dag.py
[2025-07-06T14:52:24.330+0000] {processor.py:830} INFO - Processing file /opt/airflow/dags/trustpilot_dag.py for tasks to queue
[2025-07-06T14:52:24.332+0000] {logging_mixin.py:188} INFO - [2025-07-06T14:52:24.331+0000] {dagbag.py:545} INFO - Filling up the DagBag from /opt/airflow/dags/trustpilot_dag.py
[2025-07-06T14:52:26.031+0000] {logging_mixin.py:188} INFO - 📁 Fichier .env chargé
[2025-07-06T14:52:26.031+0000] {logging_mixin.py:188} INFO - 👉 Mode scraping : prod
[2025-07-06T14:52:26.031+0000] {logging_mixin.py:188} INFO - 👉 Fichier d’entrée : data/verbatims_test.csv
[2025-07-06T14:52:26.040+0000] {processor.py:840} INFO - DAG(s) 'trustpilot_pipeline' retrieved from /opt/airflow/dags/trustpilot_dag.py
[2025-07-06T14:52:26.070+0000] {logging_mixin.py:188} INFO - [2025-07-06T14:52:26.069+0000] {dag.py:3096} INFO - Sync 1 DAGs
[2025-07-06T14:52:26.088+0000] {logging_mixin.py:188} INFO - [2025-07-06T14:52:26.088+0000] {dag.py:3954} INFO - Setting next_dagrun for trustpilot_pipeline to None, run_after=None
[2025-07-06T14:52:26.110+0000] {processor.py:183} INFO - Processing /opt/airflow/dags/trustpilot_dag.py took 1.791 seconds
[2025-07-06T14:52:56.167+0000] {processor.py:161} INFO - Started process (PID=12291) to work on /opt/airflow/dags/trustpilot_dag.py
[2025-07-06T14:52:56.168+0000] {processor.py:830} INFO - Processing file /opt/airflow/dags/trustpilot_dag.py for tasks to queue
[2025-07-06T14:52:56.171+0000] {logging_mixin.py:188} INFO - [2025-07-06T14:52:56.170+0000] {dagbag.py:545} INFO - Filling up the DagBag from /opt/airflow/dags/trustpilot_dag.py
[2025-07-06T14:52:57.887+0000] {logging_mixin.py:188} INFO - 📁 Fichier .env chargé
[2025-07-06T14:52:57.888+0000] {logging_mixin.py:188} INFO - 👉 Mode scraping : prod
[2025-07-06T14:52:57.888+0000] {logging_mixin.py:188} INFO - 👉 Fichier d’entrée : data/verbatims_test.csv
[2025-07-06T14:52:57.896+0000] {processor.py:840} INFO - DAG(s) 'trustpilot_pipeline' retrieved from /opt/airflow/dags/trustpilot_dag.py
[2025-07-06T14:52:57.928+0000] {logging_mixin.py:188} INFO - [2025-07-06T14:52:57.927+0000] {dag.py:3096} INFO - Sync 1 DAGs
[2025-07-06T14:52:57.944+0000] {logging_mixin.py:188} INFO - [2025-07-06T14:52:57.944+0000] {dag.py:3954} INFO - Setting next_dagrun for trustpilot_pipeline to None, run_after=None
[2025-07-06T14:52:57.966+0000] {processor.py:183} INFO - Processing /opt/airflow/dags/trustpilot_dag.py took 1.808 seconds
[2025-07-06T14:53:28.112+0000] {processor.py:161} INFO - Started process (PID=12297) to work on /opt/airflow/dags/trustpilot_dag.py
[2025-07-06T14:53:28.113+0000] {processor.py:830} INFO - Processing file /opt/airflow/dags/trustpilot_dag.py for tasks to queue
[2025-07-06T14:53:28.116+0000] {logging_mixin.py:188} INFO - [2025-07-06T14:53:28.115+0000] {dagbag.py:545} INFO - Filling up the DagBag from /opt/airflow/dags/trustpilot_dag.py
[2025-07-06T14:53:29.841+0000] {logging_mixin.py:188} INFO - 📁 Fichier .env chargé
[2025-07-06T14:53:29.841+0000] {logging_mixin.py:188} INFO - 👉 Mode scraping : prod
[2025-07-06T14:53:29.841+0000] {logging_mixin.py:188} INFO - 👉 Fichier d’entrée : data/verbatims_test.csv
[2025-07-06T14:53:29.849+0000] {processor.py:840} INFO - DAG(s) 'trustpilot_pipeline' retrieved from /opt/airflow/dags/trustpilot_dag.py
[2025-07-06T14:53:29.881+0000] {logging_mixin.py:188} INFO - [2025-07-06T14:53:29.880+0000] {dag.py:3096} INFO - Sync 1 DAGs
[2025-07-06T14:53:29.898+0000] {logging_mixin.py:188} INFO - [2025-07-06T14:53:29.898+0000] {dag.py:3954} INFO - Setting next_dagrun for trustpilot_pipeline to None, run_after=None
[2025-07-06T14:53:29.920+0000] {processor.py:183} INFO - Processing /opt/airflow/dags/trustpilot_dag.py took 1.817 seconds
[2025-07-06T14:54:00.055+0000] {processor.py:161} INFO - Started process (PID=12303) to work on /opt/airflow/dags/trustpilot_dag.py
[2025-07-06T14:54:00.056+0000] {processor.py:830} INFO - Processing file /opt/airflow/dags/trustpilot_dag.py for tasks to queue
[2025-07-06T14:54:00.058+0000] {logging_mixin.py:188} INFO - [2025-07-06T14:54:00.058+0000] {dagbag.py:545} INFO - Filling up the DagBag from /opt/airflow/dags/trustpilot_dag.py
[2025-07-06T14:54:01.785+0000] {logging_mixin.py:188} INFO - 📁 Fichier .env chargé
[2025-07-06T14:54:01.785+0000] {logging_mixin.py:188} INFO - 👉 Mode scraping : prod
[2025-07-06T14:54:01.785+0000] {logging_mixin.py:188} INFO - 👉 Fichier d’entrée : data/verbatims_test.csv
[2025-07-06T14:54:01.793+0000] {processor.py:840} INFO - DAG(s) 'trustpilot_pipeline' retrieved from /opt/airflow/dags/trustpilot_dag.py
[2025-07-06T14:54:01.824+0000] {logging_mixin.py:188} INFO - [2025-07-06T14:54:01.824+0000] {dag.py:3096} INFO - Sync 1 DAGs
[2025-07-06T14:54:01.841+0000] {logging_mixin.py:188} INFO - [2025-07-06T14:54:01.841+0000] {dag.py:3954} INFO - Setting next_dagrun for trustpilot_pipeline to None, run_after=None
[2025-07-06T14:54:01.862+0000] {processor.py:183} INFO - Processing /opt/airflow/dags/trustpilot_dag.py took 1.816 seconds
[2025-07-06T14:54:31.994+0000] {processor.py:161} INFO - Started process (PID=12309) to work on /opt/airflow/dags/trustpilot_dag.py
[2025-07-06T14:54:31.995+0000] {processor.py:830} INFO - Processing file /opt/airflow/dags/trustpilot_dag.py for tasks to queue
[2025-07-06T14:54:31.998+0000] {logging_mixin.py:188} INFO - [2025-07-06T14:54:31.997+0000] {dagbag.py:545} INFO - Filling up the DagBag from /opt/airflow/dags/trustpilot_dag.py
[2025-07-06T14:54:33.715+0000] {logging_mixin.py:188} INFO - 📁 Fichier .env chargé
[2025-07-06T14:54:33.715+0000] {logging_mixin.py:188} INFO - 👉 Mode scraping : prod
[2025-07-06T14:54:33.716+0000] {logging_mixin.py:188} INFO - 👉 Fichier d’entrée : data/verbatims_test.csv
[2025-07-06T14:54:33.724+0000] {processor.py:840} INFO - DAG(s) 'trustpilot_pipeline' retrieved from /opt/airflow/dags/trustpilot_dag.py
[2025-07-06T14:54:33.754+0000] {logging_mixin.py:188} INFO - [2025-07-06T14:54:33.753+0000] {dag.py:3096} INFO - Sync 1 DAGs
[2025-07-06T14:54:33.770+0000] {logging_mixin.py:188} INFO - [2025-07-06T14:54:33.770+0000] {dag.py:3954} INFO - Setting next_dagrun for trustpilot_pipeline to None, run_after=None
[2025-07-06T14:54:33.791+0000] {processor.py:183} INFO - Processing /opt/airflow/dags/trustpilot_dag.py took 1.806 seconds
[2025-07-06T14:55:03.919+0000] {processor.py:161} INFO - Started process (PID=12315) to work on /opt/airflow/dags/trustpilot_dag.py
[2025-07-06T14:55:03.920+0000] {processor.py:830} INFO - Processing file /opt/airflow/dags/trustpilot_dag.py for tasks to queue
[2025-07-06T14:55:03.922+0000] {logging_mixin.py:188} INFO - [2025-07-06T14:55:03.922+0000] {dagbag.py:545} INFO - Filling up the DagBag from /opt/airflow/dags/trustpilot_dag.py
[2025-07-06T14:55:05.643+0000] {logging_mixin.py:188} INFO - 📁 Fichier .env chargé
[2025-07-06T14:55:05.644+0000] {logging_mixin.py:188} INFO - 👉 Mode scraping : prod
[2025-07-06T14:55:05.644+0000] {logging_mixin.py:188} INFO - 👉 Fichier d’entrée : data/verbatims_test.csv
[2025-07-06T14:55:05.652+0000] {processor.py:840} INFO - DAG(s) 'trustpilot_pipeline' retrieved from /opt/airflow/dags/trustpilot_dag.py
                                                                                                                                                                                                                   