[2025-08-26T10:27:41.664+0000] {processor.py:161} INFO - Started process (PID=180) to work on /opt/airflow/dags/trustpilot_dag.py
[2025-08-26T10:27:41.665+0000] {processor.py:830} INFO - Processing file /opt/airflow/dags/trustpilot_dag.py for tasks to queue
[2025-08-26T10:27:41.667+0000] {logging_mixin.py:188} INFO - [2025-08-26T10:27:41.667+0000] {dagbag.py:545} INFO - Filling up the DagBag from /opt/airflow/dags/trustpilot_dag.py
[2025-08-26T10:27:45.598+0000] {logging_mixin.py:188} INFO - ***Fichier .env chargé
[2025-08-26T10:27:45.599+0000] {logging_mixin.py:188} INFO - ***Mode scraping : csv
[2025-08-26T10:27:45.599+0000] {logging_mixin.py:188} INFO - ***Fichier d’entrée : data/verbatims_test.csv
[2025-08-26T10:27:45.663+0000] {processor.py:840} INFO - DAG(s) 'trustpilot_pipeline' retrieved from /opt/airflow/dags/trustpilot_dag.py
[2025-08-26T10:27:46.486+0000] {logging_mixin.py:188} INFO - [2025-08-26T10:27:46.485+0000] {override.py:1829} INFO - Created Permission View: can read on DAG:trustpilot_pipeline
[2025-08-26T10:27:46.501+0000] {logging_mixin.py:188} INFO - [2025-08-26T10:27:46.500+0000] {override.py:1829} INFO - Created Permission View: can delete on DAG:trustpilot_pipeline
[2025-08-26T10:27:46.510+0000] {logging_mixin.py:188} INFO - [2025-08-26T10:27:46.510+0000] {override.py:1829} INFO - Created Permission View: can edit on DAG:trustpilot_pipeline
[2025-08-26T10:27:46.510+0000] {logging_mixin.py:188} INFO - [2025-08-26T10:27:46.510+0000] {dag.py:3096} INFO - Sync 1 DAGs
[2025-08-26T10:27:46.520+0000] {logging_mixin.py:188} INFO - [2025-08-26T10:27:46.520+0000] {dag.py:3118} INFO - Creating ORM DAG for trustpilot_pipeline
[2025-08-26T10:27:46.521+0000] {logging_mixin.py:188} INFO - [2025-08-26T10:27:46.521+0000] {dag.py:3954} INFO - Setting next_dagrun for trustpilot_pipeline to None, run_after=None
[2025-08-26T10:27:46.543+0000] {processor.py:183} INFO - Processing /opt/airflow/dags/trustpilot_dag.py took 4.887 seconds
[2025-08-26T10:28:16.728+0000] {processor.py:161} INFO - Started process (PID=186) to work on /opt/airflow/dags/trustpilot_dag.py
[2025-08-26T10:28:16.730+0000] {processor.py:830} INFO - Processing file /opt/airflow/dags/trustpilot_dag.py for tasks to queue
[2025-08-26T10:28:16.732+0000] {logging_mixin.py:188} INFO - [2025-08-26T10:28:16.732+0000] {dagbag.py:545} INFO - Filling up the DagBag from /opt/airflow/dags/trustpilot_dag.py
[2025-08-26T10:28:17.720+0000] {logging_mixin.py:188} INFO - ***Fichier .env chargé
[2025-08-26T10:28:17.720+0000] {logging_mixin.py:188} INFO - ***Mode scraping : csv
[2025-08-26T10:28:17.720+0000] {logging_mixin.py:188} INFO - ***Fichier d’entrée : data/verbatims_test.csv
[2025-08-26T10:28:17.727+0000] {processor.py:840} INFO - DAG(s) 'trustpilot_pipeline' retrieved from /opt/airflow/dags/trustpilot_dag.py
[2025-08-26T10:28:17.749+0000] {logging_mixin.py:188} INFO - [2025-08-26T10:28:17.749+0000] {dag.py:3096} INFO - Sync 1 DAGs
[2025-08-26T10:28:17.758+0000] {logging_mixin.py:188} INFO - [2025-08-26T10:28:17.758+0000] {dag.py:3954} INFO - Setting next_dagrun for trustpilot_pipeline to None, run_after=None
[2025-08-26T10:28:17.779+0000] {processor.py:183} INFO - Processing /opt/airflow/dags/trustpilot_dag.py took 1.065 seconds
[2025-08-26T10:28:48.036+0000] {processor.py:161} INFO - Started process (PID=192) to work on /opt/airflow/dags/trustpilot_dag.py
[2025-08-26T10:28:48.038+0000] {processor.py:830} INFO - Processing file /opt/airflow/dags/trustpilot_dag.py for tasks to queue
[2025-08-26T10:28:48.040+0000] {logging_mixin.py:188} INFO - [2025-08-26T10:28:48.040+0000] {dagbag.py:545} INFO - Filling up the DagBag from /opt/airflow/dags/trustpilot_dag.py
[2025-08-26T10:28:49.028+0000] {logging_mixin.py:188} INFO - ***Fichier .env chargé
[2025-08-26T10:28:49.028+0000] {logging_mixin.py:188} INFO - ***Mode scraping : csv
[2025-08-26T10:28:49.028+0000] {logging_mixin.py:188} INFO - ***Fichier d’entrée : data/verbatims_test.csv
[2025-08-26T10:28:49.036+0000] {processor.py:840} INFO - DAG(s) 'trustpilot_pipeline' retrieved from /opt/airflow/dags/trustpilot_dag.py
[2025-08-26T10:28:49.056+0000] {logging_mixin.py:188} INFO - [2025-08-26T10:28:49.055+0000] {dag.py:3096} INFO - Sync 1 DAGs
[2025-08-26T10:28:49.067+0000] {logging_mixin.py:188} INFO - [2025-08-26T10:28:49.066+0000] {dag.py:3954} INFO - Setting next_dagrun for trustpilot_pipeline to None, run_after=None
[2025-08-26T10:28:49.086+0000] {processor.py:183} INFO - Processing /opt/airflow/dags/trustpilot_dag.py took 1.061 seconds
[2025-08-26T10:30:17.018+0000] {processor.py:161} INFO - Started process (PID=208) to work on /opt/airflow/dags/trustpilot_dag.py
[2025-08-26T10:30:17.020+0000] {processor.py:830} INFO - Processing file /opt/airflow/dags/trustpilot_dag.py for tasks to queue
[2025-08-26T10:30:17.023+0000] {logging_mixin.py:188} INFO - [2025-08-26T10:30:17.022+0000] {dagbag.py:545} INFO - Filling up the DagBag from /opt/airflow/dags/trustpilot_dag.py
[2025-08-26T10:30:20.348+0000] {logging_mixin.py:188} INFO - ***Fichier .env chargé
[2025-08-26T10:30:20.348+0000] {logging_mixin.py:188} INFO - ***Mode scraping : None
[2025-08-26T10:30:20.348+0000] {logging_mixin.py:188} INFO - ***Fichier d’entrée : None
[2025-08-26T10:30:20.409+0000] {processor.py:840} INFO - DAG(s) 'trustpilot_pipeline' retrieved from /opt/airflow/dags/trustpilot_dag.py
[2025-08-26T10:30:20.430+0000] {logging_mixin.py:188} INFO - [2025-08-26T10:30:20.429+0000] {dag.py:3096} INFO - Sync 1 DAGs
[2025-08-26T10:30:20.439+0000] {logging_mixin.py:188} INFO - [2025-08-26T10:30:20.439+0000] {dag.py:3954} INFO - Setting next_dagrun for trustpilot_pipeline to None, run_after=None
[2025-08-26T10:30:20.457+0000] {processor.py:183} INFO - Processing /opt/airflow/dags/trustpilot_dag.py took 3.451 seconds
[2025-08-26T10:30:50.760+0000] {processor.py:161} INFO - Started process (PID=222) to work on /opt/airflow/dags/trustpilot_dag.py
[2025-08-26T10:30:50.761+0000] {processor.py:830} INFO - Processing file /opt/airflow/dags/trustpilot_dag.py for tasks to queue
[2025-08-26T10:30:50.764+0000] {logging_mixin.py:188} INFO - [2025-08-26T10:30:50.764+0000] {dagbag.py:545} INFO - Filling up the DagBag from /opt/airflow/dags/trustpilot_dag.py
[2025-08-26T10:30:51.678+0000] {logging_mixin.py:188} INFO - ***Fichier .env chargé
[2025-08-26T10:30:51.678+0000] {logging_mixin.py:188} INFO - ***Mode scraping : None
[2025-08-26T10:30:51.678+0000] {logging_mixin.py:188} INFO - ***Fichier d’entrée : None
[2025-08-26T10:30:51.685+0000] {processor.py:840} INFO - DAG(s) 'trustpilot_pipeline' retrieved from /opt/airflow/dags/trustpilot_dag.py
[2025-08-26T10:30:52.026+0000] {logging_mixin.py:188} INFO - [2025-08-26T10:30:52.026+0000] {dag.py:3096} INFO - Sync 1 DAGs
[2025-08-26T10:30:52.035+0000] {logging_mixin.py:188} INFO - [2025-08-26T10:30:52.035+0000] {dag.py:3954} INFO - Setting next_dagrun for trustpilot_pipeline to None, run_after=None
[2025-08-26T10:30:52.055+0000] {processor.py:183} INFO - Processing /opt/airflow/dags/trustpilot_dag.py took 1.312 seconds
[2025-08-26T10:31:22.242+0000] {processor.py:161} INFO - Started process (PID=240) to work on /opt/airflow/dags/trustpilot_dag.py
[2025-08-26T10:31:22.244+0000] {processor.py:830} INFO - Processing file /opt/airflow/dags/trustpilot_dag.py for tasks to queue
[2025-08-26T10:31:22.247+0000] {logging_mixin.py:188} INFO - [2025-08-26T10:31:22.247+0000] {dagbag.py:545} INFO - Filling up the DagBag from /opt/airflow/dags/trustpilot_dag.py
[2025-08-26T10:31:23.208+0000] {logging_mixin.py:188} INFO - ***Fichier .env chargé
[2025-08-26T10:31:23.208+0000] {logging_mixin.py:188} INFO - ***Mode scraping : None
[2025-08-26T10:31:23.209+0000] {logging_mixin.py:188} INFO - ***Fichier d’entrée : None
[2025-08-26T10:31:23.216+0000] {processor.py:840} INFO - DAG(s) 'trustpilot_pipeline' retrieved from /opt/airflow/dags/trustpilot_dag.py
[2025-08-26T10:31:23.240+0000] {logging_mixin.py:188} INFO - [2025-08-26T10:31:23.240+0000] {dag.py:3096} INFO - Sync 1 DAGs
[2025-08-26T10:31:23.250+0000] {logging_mixin.py:188} INFO - [2025-08-26T10:31:23.250+0000] {dag.py:3954} INFO - Setting next_dagrun for trustpilot_pipeline to None, run_after=None
[2025-08-26T10:31:23.269+0000] {processor.py:183} INFO - Processing /opt/airflow/dags/trustpilot_dag.py took 1.042 seconds
[2025-08-26T10:31:53.381+0000] {processor.py:161} INFO - Started process (PID=246) to work on /opt/airflow/dags/trustpilot_dag.py
[2025-08-26T10:31:53.383+0000] {processor.py:830} INFO - Processing file /opt/airflow/dags/trustpilot_dag.py for tasks to queue
[2025-08-26T10:31:53.385+0000] {logging_mixin.py:188} INFO - [2025-08-26T10:31:53.385+0000] {dagbag.py:545} INFO - Filling up the DagBag from /opt/airflow/dags/trustpilot_dag.py
[2025-08-26T10:31:54.386+0000] {logging_mixin.py:188} INFO - ***Fichier .env chargé
[2025-08-26T10:31:54.386+0000] {logging_mixin.py:188} INFO - ***Mode scraping : None
[2025-08-26T10:31:54.386+0000] {logging_mixin.py:188} INFO - ***Fichier d’entrée : None
[2025-08-26T10:31:54.393+0000] {processor.py:840} INFO - DAG(s) 'trustpilot_pipeline' retrieved from /opt/airflow/dags/trustpilot_dag.py
[2025-08-26T10:31:54.417+0000] {logging_mixin.py:188} INFO - [2025-08-26T10:31:54.417+0000] {dag.py:3096} INFO - Sync 1 DAGs
[2025-08-26T10:31:54.426+0000] {logging_mixin.py:188} INFO - [2025-08-26T10:31:54.426+0000] {dag.py:3954} INFO - Setting next_dagrun for trustpilot_pipeline to None, run_after=None
[2025-08-26T10:31:54.444+0000] {processor.py:183} INFO - Processing /opt/airflow/dags/trustpilot_dag.py took 1.073 seconds
[2025-08-26T10:32:24.583+0000] {processor.py:161} INFO - Started process (PID=252) to work on /opt/airflow/dags/trustpilot_dag.py
[2025-08-26T10:32:24.584+0000] {processor.py:830} INFO - Processing file /opt/airflow/dags/trustpilot_dag.py for tasks to queue
[2025-08-26T10:32:24.585+0000] {logging_mixin.py:188} INFO - [2025-08-26T10:32:24.585+0000] {dagbag.py:545} INFO - Filling up the DagBag from /opt/airflow/dags/trustpilot_dag.py
[2025-08-26T10:32:25.469+0000] {logging_mixin.py:188} INFO - ***Fichier .env chargé
[2025-08-26T10:32:25.470+0000] {logging_mixin.py:188} INFO - ***Mode scraping : None
[2025-08-26T10:32:25.470+0000] {logging_mixin.py:188} INFO - ***Fichier d’entrée : None
[2025-08-26T10:32:25.477+0000] {processor.py:840} INFO - DAG(s) 'trustpilot_pipeline' retrieved from /opt/airflow/dags/trustpilot_dag.py
[2025-08-26T10:32:25.497+0000] {logging_mixin.py:188} INFO - [2025-08-26T10:32:25.497+0000] {dag.py:3096} INFO - Sync 1 DAGs
[2025-08-26T10:32:25.506+0000] {logging_mixin.py:188} INFO - [2025-08-26T10:32:25.506+0000] {dag.py:3954} INFO - Setting next_dagrun for trustpilot_pipeline to None, run_after=None
[2025-08-26T10:32:25.527+0000] {processor.py:183} INFO - Processing /opt/airflow/dags/trustpilot_dag.py took 0.951 seconds
[2025-08-26T10:32:55.711+0000] {processor.py:161} INFO - Started process (PID=258) to work on /opt/airflow/dags/trustpilot_dag.py
[2025-08-26T10:32:55.712+0000] {processor.py:830} INFO - Processing file /opt/airflow/dags/trustpilot_dag.py for tasks to queue
[2025-08-26T10:32:55.714+0000] {logging_mixin.py:188} INFO - [2025-08-26T10:32:55.713+0000] {dagbag.py:545} INFO - Filling up the DagBag from /opt/airflow/dags/trustpilot_dag.py
[2025-08-26T10:32:56.632+0000] {logging_mixin.py:188} INFO - ***Fichier .env chargé
[2025-08-26T10:32:56.633+0000] {logging_mixin.py:188} INFO - ***Mode scraping : None
[2025-08-26T10:32:56.633+0000] {logging_mixin.py:188} INFO - ***Fichier d’entrée : None
[2025-08-26T10:32:56.641+0000] {processor.py:840} INFO - DAG(s) 'trustpilot_pipeline' retrieved from /opt/airflow/dags/trustpilot_dag.py
[2025-08-26T10:32:56.662+0000] {logging_mixin.py:188} INFO - [2025-08-26T10:32:56.661+0000] {dag.py:3096} INFO - Sync 1 DAGs
[2025-08-26T10:32:56.671+0000] {logging_mixin.py:188} INFO - [2025-08-26T10:32:56.671+0000] {dag.py:3954} INFO - Setting next_dagrun for trustpilot_pipeline to None, run_after=None
[2025-08-26T10:32:56.689+0000] {processor.py:183} INFO - Processing /opt/airflow/dags/trustpilot_dag.py took 0.984 seconds
[2025-08-26T10:33:26.897+0000] {processor.py:161} INFO - Started process (PID=295) to work on /opt/airflow/dags/trustpilot_dag.py
[2025-08-26T10:33:26.899+0000] {processor.py:830} INFO - Processing file /opt/airflow/dags/trustpilot_dag.py for tasks to queue
[2025-08-26T10:33:26.902+0000] {logging_mixin.py:188} INFO - [2025-08-26T10:33:26.901+0000] {dagbag.py:545} INFO - Filling up the DagBag from /opt/airflow/dags/trustpilot_dag.py
[2025-08-26T10:33:27.794+0000] {logging_mixin.py:188} INFO - ***Fichier .env chargé
[2025-08-26T10:33:27.794+0000] {logging_mixin.py:188} INFO - ***Mode scraping : None
[2025-08-26T10:33:27.794+0000] {logging_mixin.py:188} INFO - ***Fichier d’entrée : None
[2025-08-26T10:33:27.800+0000] {processor.py:840} INFO - DAG(s) 'trustpilot_pipeline' retrieved from /opt/airflow/dags/trustpilot_dag.py
[2025-08-26T10:33:27.820+0000] {logging_mixin.py:188} INFO - [2025-08-26T10:33:27.820+0000] {dag.py:3096} INFO - Sync 1 DAGs
[2025-08-26T10:33:27.828+0000] {logging_mixin.py:188} INFO - [2025-08-26T10:33:27.828+0000] {dag.py:3954} INFO - Setting next_dagrun for trustpilot_pipeline to None, run_after=None
[2025-08-26T10:33:27.847+0000] {processor.py:183} INFO - Processing /opt/airflow/dags/trustpilot_dag.py took 0.962 seconds
[2025-08-26T10:33:58.044+0000] {processor.py:161} INFO - Started process (PID=313) to work on /opt/airflow/dags/trustpilot_dag.py
[2025-08-26T10:33:58.046+0000] {processor.py:830} INFO - Processing file /opt/airflow/dags/trustpilot_dag.py for tasks to queue
[2025-08-26T10:33:58.048+0000] {logging_mixin.py:188} INFO - [2025-08-26T10:33:58.047+0000] {dagbag.py:545} INFO - Filling up the DagBag from /opt/airflow/dags/trustpilot_dag.py
[2025-08-26T10:33:58.916+0000] {logging_mixin.py:188} INFO - ***Fichier .env chargé
[2025-08-26T10:33:58.916+0000] {logging_mixin.py:188} INFO - ***Mode scraping : None
[2025-08-26T10:33:58.916+0000] {logging_mixin.py:188} INFO - ***Fichier d’entrée : None
[2025-08-26T10:33:58.923+0000] {processor.py:840} INFO - DAG(s) 'trustpilot_pipeline' retrieved from /opt/airflow/dags/trustpilot_dag.py
[2025-08-26T10:33:58.943+0000] {logging_mixin.py:188} INFO - [2025-08-26T10:33:58.942+0000] {dag.py:3096} INFO - Sync 1 DAGs
[2025-08-26T10:33:58.952+0000] {logging_mixin.py:188} INFO - [2025-08-26T10:33:58.952+0000] {dag.py:3954} INFO - Setting next_dagrun for trustpilot_pipeline to None, run_after=None
[2025-08-26T10:33:58.970+0000] {processor.py:183} INFO - Processing /opt/airflow/dags/trustpilot_dag.py took 0.933 seconds
[2025-08-26T10:34:29.186+0000] {processor.py:161} INFO - Started process (PID=319) to work on /opt/airflow/dags/trustpilot_dag.py
[2025-08-26T10:34:29.187+0000] {processor.py:830} INFO - Processing file /opt/airflow/dags/trustpilot_dag.py for tasks to queue
[2025-08-26T10:34:29.188+0000] {logging_mixin.py:188} INFO - [2025-08-26T10:34:29.188+0000] {dagbag.py:545} INFO - Filling up the DagBag from /opt/airflow/dags/trustpilot_dag.py
[2025-08-26T10:34:30.079+0000] {logging_mixin.py:188} INFO - ***Fichier .env chargé
[2025-08-26T10:34:30.079+0000] {logging_mixin.py:188} INFO - ***Mode scraping : None
[2025-08-26T10:34:30.079+0000] {logging_mixin.py:188} INFO - ***Fichier d’entrée : None
[2025-08-26T10:34:30.085+0000] {processor.py:840} INFO - DAG(s) 'trustpilot_pipeline' retrieved from /opt/airflow/dags/trustpilot_dag.py
[2025-08-26T10:34:30.106+0000] {logging_mixin.py:188} INFO - [2025-08-26T10:34:30.104+0000] {dag.py:3096} INFO - Sync 1 DAGs
[2025-08-26T10:34:30.115+0000] {logging_mixin.py:188} INFO - [2025-08-26T10:34:30.115+0000] {dag.py:3954} INFO - Setting next_dagrun for trustpilot_pipeline to None, run_after=None
[2025-08-26T10:34:30.133+0000] {processor.py:183} INFO - Processing /opt/airflow/dags/trustpilot_dag.py took 0.953 seconds
[2025-08-26T10:35:00.341+0000] {processor.py:161} INFO - Started process (PID=325) to work on /opt/airflow/dags/trustpilot_dag.py
[2025-08-26T10:35:00.343+0000] {processor.py:830} INFO - Processing file /opt/airflow/dags/trustpilot_dag.py for tasks to queue
[2025-08-26T10:35:00.345+0000] {logging_mixin.py:188} INFO - [2025-08-26T10:35:00.344+0000] {dagbag.py:545} INFO - Filling up the DagBag from /opt/airflow/dags/trustpilot_dag.py
[2025-08-26T10:35:01.337+0000] {logging_mixin.py:188} INFO - ***Fichier .env chargé
[2025-08-26T10:35:01.338+0000] {logging_mixin.py:188} INFO - ***Mode scraping : None
[2025-08-26T10:35:01.338+0000] {logging_mixin.py:188} INFO - ***Fichier d’entrée : None
[2025-08-26T10:35:01.345+0000] {processor.py:840} INFO - DAG(s) 'trustpilot_pipeline' retrieved from /opt/airflow/dags/trustpilot_dag.py
[2025-08-26T10:35:01.369+0000] {logging_mixin.py:188} INFO - [2025-08-26T10:35:01.369+0000] {dag.py:3096} INFO - Sync 1 DAGs
[2025-08-26T10:35:01.379+0000] {logging_mixin.py:188} INFO - [2025-08-26T10:35:01.379+0000] {dag.py:3954} INFO - Setting next_dagrun for trustpilot_pipeline to None, run_after=None
[2025-08-26T10:35:01.398+0000] {processor.py:183} INFO - Processing /opt/airflow/dags/trustpilot_dag.py took 1.067 seconds
[2025-08-26T10:35:31.519+0000] {processor.py:161} INFO - Started process (PID=331) to work on /opt/airflow/dags/trustpilot_dag.py
[2025-08-26T10:35:31.521+0000] {processor.py:830} INFO - Processing file /opt/airflow/dags/trustpilot_dag.py for tasks to queue
[2025-08-26T10:35:31.523+0000] {logging_mixin.py:188} INFO - [2025-08-26T10:35:31.522+0000] {dagbag.py:545} INFO - Filling up the DagBag from /opt/airflow/dags/trustpilot_dag.py
[2025-08-26T10:35:32.441+0000] {logging_mixin.py:188} INFO - ***Fichier .env chargé
[2025-08-26T10:35:32.441+0000] {logging_mixin.py:188} INFO - ***Mode scraping : None
[2025-08-26T10:35:32.441+0000] {logging_mixin.py:188} INFO - ***Fichier d’entrée : None
[2025-08-26T10:35:32.448+0000] {processor.py:840} INFO - DAG(s) 'trustpilot_pipeline' retrieved from /opt/airflow/dags/trustpilot_dag.py
[2025-08-26T10:35:32.467+0000] {logging_mixin.py:188} INFO - [2025-08-26T10:35:32.467+0000] {dag.py:3096} INFO - Sync 1 DAGs
[2025-08-26T10:35:32.476+0000] {logging_mixin.py:188} INFO - [2025-08-26T10:35:32.476+0000] {dag.py:3954} INFO - Setting next_dagrun for trustpilot_pipeline to None, run_after=None
[2025-08-26T10:35:32.495+0000] {processor.py:183} INFO - Processing /opt/airflow/dags/trustpilot_dag.py took 0.987 seconds
[2025-08-26T10:36:02.669+0000] {processor.py:161} INFO - Started process (PID=337) to work on /opt/airflow/dags/trustpilot_dag.py
[2025-08-26T10:36:02.670+0000] {processor.py:830} INFO - Processing file /opt/airflow/dags/trustpilot_dag.py for tasks to queue
[2025-08-26T10:36:02.672+0000] {logging_mixin.py:188} INFO - [2025-08-26T10:36:02.671+0000] {dagbag.py:545} INFO - Filling up the DagBag from /opt/airflow/dags/trustpilot_dag.py
[2025-08-26T10:36:03.628+0000] {logging_mixin.py:188} INFO - ***Fichier .env chargé
[2025-08-26T10:36:03.628+0000] {logging_mixin.py:188} INFO - ***Mode scraping : None
[2025-08-26T10:36:03.629+0000] {logging_mixin.py:188} INFO - ***Fichier d’entrée : None
[2025-08-26T10:36:03.635+0000] {processor.py:840} INFO - DAG(s) 'trustpilot_pipeline' retrieved from /opt/airflow/dags/trustpilot_dag.py
[2025-08-26T10:36:03.656+0000] {logging_mixin.py:188} INFO - [2025-08-26T10:36:03.655+0000] {dag.py:3096} INFO - Sync 1 DAGs
[2025-08-26T10:36:03.665+0000] {logging_mixin.py:188} INFO - [2025-08-26T10:36:03.665+0000] {dag.py:3954} INFO - Setting next_dagrun for trustpilot_pipeline to None, run_after=None
[2025-08-26T10:36:03.683+0000] {processor.py:183} INFO - Processing /opt/airflow/dags/trustpilot_dag.py took 1.020 seconds
[2025-08-26T10:36:33.838+0000] {processor.py:161} INFO - Started process (PID=343) to work on /opt/airflow/dags/trustpilot_dag.py
[2025-08-26T10:36:33.838+0000] {processor.py:830} INFO - Processing file /opt/airflow/dags/trustpilot_dag.py for tasks to queue
[2025-08-26T10:36:33.840+0000] {logging_mixin.py:188} INFO - [2025-08-26T10:36:33.840+0000] {dagbag.py:545} INFO - Filling up the DagBag from /opt/airflow/dags/trustpilot_dag.py
[2025-08-26T10:36:34.757+0000] {logging_mixin.py:188} INFO - ***Fichier .env chargé
[2025-08-26T10:36:34.758+0000] {logging_mixin.py:188} INFO - ***Mode scraping : None
[2025-08-26T10:36:34.758+0000] {logging_mixin.py:188} INFO - ***Fichier d’entrée : None
[2025-08-26T10:36:34.764+0000] {processor.py:840} INFO - DAG(s) 'trustpilot_pipeline' retrieved from /opt/airflow/dags/trustpilot_dag.py
[2025-08-26T10:36:34.784+0000] {logging_mixin.py:188} INFO - [2025-08-26T10:36:34.784+0000] {dag.py:3096} INFO - Sync 1 DAGs
[2025-08-26T10:36:34.795+0000] {logging_mixin.py:188} INFO - [2025-08-26T10:36:34.795+0000] {dag.py:3954} INFO - Setting next_dagrun for trustpilot_pipeline to None, run_after=None
[2025-08-26T10:36:34.814+0000] {processor.py:183} INFO - Processing /opt/airflow/dags/trustpilot_dag.py took 0.983 seconds
[2025-08-26T10:37:04.947+0000] {processor.py:161} INFO - Started process (PID=349) to work on /opt/airflow/dags/trustpilot_dag.py
[2025-08-26T10:37:04.948+0000] {processor.py:830} INFO - Processing file /opt/airflow/dags/trustpilot_dag.py for tasks to queue
[2025-08-26T10:37:04.950+0000] {logging_mixin.py:188} INFO - [2025-08-26T10:37:04.949+0000] {dagbag.py:545} INFO - Filling up the DagBag from /opt/airflow/dags/trustpilot_dag.py
[2025-08-26T10:37:06.699+0000] {logging_mixin.py:188} INFO - ***Fichier .env chargé
[2025-08-26T10:37:06.699+0000] {logging_mixin.py:188} INFO - ***Mode scraping : None
[2025-08-26T10:37:06.700+0000] {logging_mixin.py:188} INFO - ***Fichier d’entrée : None
[2025-08-26T10:37:06.707+0000] {processor.py:840} INFO - DAG(s) 'trustpilot_pipeline' retrieved from /opt/airflow/dags/trustpilot_dag.py
[2025-08-26T10:37:06.735+0000] {logging_mixin.py:188} INFO - [2025-08-26T10:37:06.733+0000] {dag.py:3096} INFO - Sync 1 DAGs
[2025-08-26T10:37:06.748+0000] {logging_mixin.py:188} INFO - [2025-08-26T10:37:06.748+0000] {dag.py:3954} INFO - Setting next_dagrun for trustpilot_pipeline to None, run_after=None
[2025-08-26T10:37:06.781+0000] {processor.py:183} INFO - Processing /opt/airflow/dags/trustpilot_dag.py took 1.841 seconds
[2025-08-26T10:37:36.933+0000] {processor.py:161} INFO - Started process (PID=355) to work on /opt/airflow/dags/trustpilot_dag.py
[2025-08-26T10:37:36.934+0000] {processor.py:830} INFO - Processing file /opt/airflow/dags/trustpilot_dag.py for tasks to queue
[2025-08-26T10:37:36.936+0000] {logging_mixin.py:188} INFO - [2025-08-26T10:37:36.935+0000] {dagbag.py:545} INFO - Filling up the DagBag from /opt/airflow/dags/trustpilot_dag.py
[2025-08-26T10:37:37.983+0000] {logging_mixin.py:188} INFO - ***Fichier .env chargé
[2025-08-26T10:37:37.984+0000] {logging_mixin.py:188} INFO - ***Mode scraping : None
[2025-08-26T10:37:37.984+0000] {logging_mixin.py:188} INFO - ***Fichier d’entrée : None
[2025-08-26T10:37:37.995+0000] {processor.py:840} INFO - DAG(s) 'trustpilot_pipeline' retrieved from /opt/airflow/dags/trustpilot_dag.py
[2025-08-26T10:37:38.020+0000] {logging_mixin.py:188} INFO - [2025-08-26T10:37:38.019+0000] {dag.py:3096} INFO - Sync 1 DAGs
[2025-08-26T10:37:38.032+0000] {logging_mixin.py:188} INFO - [2025-08-26T10:37:38.032+0000] {dag.py:3954} INFO - Setting next_dagrun for trustpilot_pipeline to None, run_after=None
[2025-08-26T10:37:38.050+0000] {processor.py:183} INFO - Processing /opt/airflow/dags/trustpilot_dag.py took 1.125 seconds
[2025-08-26T10:38:08.188+0000] {processor.py:161} INFO - Started process (PID=373) to work on /opt/airflow/dags/trustpilot_dag.py
[2025-08-26T10:38:08.189+0000] {processor.py:830} INFO - Processing file /opt/airflow/dags/trustpilot_dag.py for tasks to queue
[2025-08-26T10:38:08.191+0000] {logging_mixin.py:188} INFO - [2025-08-26T10:38:08.191+0000] {dagbag.py:545} INFO - Filling up the DagBag from /opt/airflow/dags/trustpilot_dag.py
[2025-08-26T10:38:09.340+0000] {logging_mixin.py:188} INFO - ***Fichier .env chargé
[2025-08-26T10:38:09.340+0000] {logging_mixin.py:188} INFO - ***Mode scraping : None
[2025-08-26T10:38:09.341+0000] {logging_mixin.py:188} INFO - ***Fichier d’entrée : None
[2025-08-26T10:38:09.350+0000] {processor.py:840} INFO - DAG(s) 'trustpilot_pipeline' retrieved from /opt/airflow/dags/trustpilot_dag.py
[2025-08-26T10:38:09.373+0000] {logging_mixin.py:188} INFO - [2025-08-26T10:38:09.373+0000] {dag.py:3096} INFO - Sync 1 DAGs
[2025-08-26T10:38:09.385+0000] {logging_mixin.py:188} INFO - [2025-08-26T10:38:09.384+0000] {dag.py:3954} INFO - Setting next_dagrun for trustpilot_pipeline to None, run_after=None
[2025-08-26T10:38:09.406+0000] {processor.py:183} INFO - Processing /opt/airflow/dags/trustpilot_dag.py took 1.224 seconds
[2025-08-26T10:38:39.588+0000] {processor.py:161} INFO - Started process (PID=379) to work on /opt/airflow/dags/trustpilot_dag.py
[2025-08-26T10:38:39.590+0000] {processor.py:830} INFO - Processing file /opt/airflow/dags/trustpilot_dag.py for tasks to queue
[2025-08-26T10:38:39.593+0000] {logging_mixin.py:188} INFO - [2025-08-26T10:38:39.592+0000] {dagbag.py:545} INFO - Filling up the DagBag from /opt/airflow/dags/trustpilot_dag.py
[2025-08-26T10:38:40.581+0000] {logging_mixin.py:188} INFO - ***Fichier .env chargé
[2025-08-26T10:38:40.581+0000] {logging_mixin.py:188} INFO - ***Mode scraping : None
[2025-08-26T10:38:40.582+0000] {logging_mixin.py:188} INFO - ***Fichier d’entrée : None
[2025-08-26T10:38:40.588+0000] {processor.py:840} INFO - DAG(s) 'trustpilot_pipeline' retrieved from /opt/airflow/dags/trustpilot_dag.py
[2025-08-26T10:38:40.613+0000] {logging_mixin.py:188} INFO - [2025-08-26T10:38:40.612+0000] {dag.py:3096} INFO - Sync 1 DAGs
[2025-08-26T10:38:40.626+0000] {logging_mixin.py:188} INFO - [2025-08-26T10:38:40.626+0000] {dag.py:3954} INFO - Setting next_dagrun for trustpilot_pipeline to None, run_after=None
[2025-08-26T10:38:40.647+0000] {processor.py:183} INFO - Processing /opt/airflow/dags/trustpilot_dag.py took 1.074 seconds
[2025-08-26T10:39:10.724+0000] {processor.py:161} INFO - Started process (PID=385) to work on /opt/airflow/dags/trustpilot_dag.py
[2025-08-26T10:39:10.725+0000] {processor.py:830} INFO - Processing file /opt/airflow/dags/trustpilot_dag.py for tasks to queue
[2025-08-26T10:39:10.727+0000] {logging_mixin.py:188} INFO - [2025-08-26T10:39:10.726+0000] {dagbag.py:545} INFO - Filling up the DagBag from /opt/airflow/dags/trustpilot_dag.py
[2025-08-26T10:39:11.680+0000] {logging_mixin.py:188} INFO - ***Fichier .env chargé
[2025-08-26T10:39:11.680+0000] {logging_mixin.py:188} INFO - ***Mode scraping : None
[2025-08-26T10:39:11.680+0000] {logging_mixin.py:188} INFO - ***Fichier d’entrée : None
[2025-08-26T10:39:11.687+0000] {processor.py:840} INFO - DAG(s) 'trustpilot_pipeline' retrieved from /opt/airflow/dags/trustpilot_dag.py
[2025-08-26T10:39:11.707+0000] {logging_mixin.py:188} INFO - [2025-08-26T10:39:11.707+0000] {dag.py:3096} INFO - Sync 1 DAGs
[2025-08-26T10:39:11.717+0000] {logging_mixin.py:188} INFO - [2025-08-26T10:39:11.717+0000] {dag.py:3954} INFO - Setting next_dagrun for trustpilot_pipeline to None, run_after=None
[2025-08-26T10:39:11.736+0000] {processor.py:183} INFO - Processing /opt/airflow/dags/trustpilot_dag.py took 1.020 seconds
[2025-08-26T10:39:41.870+0000] {processor.py:161} INFO - Started process (PID=391) to work on /opt/airflow/dags/trustpilot_dag.py
[2025-08-26T10:39:41.870+0000] {processor.py:830} INFO - Processing file /opt/airflow/dags/trustpilot_dag.py for tasks to queue
[2025-08-26T10:39:41.872+0000] {logging_mixin.py:188} INFO - [2025-08-26T10:39:41.872+0000] {dagbag.py:545} INFO - Filling up the DagBag from /opt/airflow/dags/trustpilot_dag.py
[2025-08-26T10:39:42.990+0000] {logging_mixin.py:188} INFO - ***Fichier .env chargé
[2025-08-26T10:39:42.990+0000] {logging_mixin.py:188} INFO - ***Mode scraping : None
[2025-08-26T10:39:42.991+0000] {logging_mixin.py:188} INFO - ***Fichier d’entrée : None
[2025-08-26T10:39:42.997+0000] {processor.py:840} INFO - DAG(s) 'trustpilot_pipeline' retrieved from /opt/airflow/dags/trustpilot_dag.py
[2025-08-26T10:39:43.016+0000] {logging_mixin.py:188} INFO - [2025-08-26T10:39:43.016+0000] {dag.py:3096} INFO - Sync 1 DAGs
[2025-08-26T10:39:43.027+0000] {logging_mixin.py:188} INFO - [2025-08-26T10:39:43.027+0000] {dag.py:3954} INFO - Setting next_dagrun for trustpilot_pipeline to None, run_after=None
[2025-08-26T10:39:43.044+0000] {processor.py:183} INFO - Processing /opt/airflow/dags/trustpilot_dag.py took 1.182 seconds
[2025-08-26T10:40:13.195+0000] {processor.py:161} INFO - Started process (PID=397) to work on /opt/airflow/dags/trustpilot_dag.py
[2025-08-26T10:40:13.196+0000] {processor.py:830} INFO - Processing file /opt/airflow/dags/trustpilot_dag.py for tasks to queue
[2025-08-26T10:40:13.198+0000] {logging_mixin.py:188} INFO - [2025-08-26T10:40:13.198+0000] {dagbag.py:545} INFO - Filling up the DagBag from /opt/airflow/dags/trustpilot_dag.py
[2025-08-26T10:40:14.064+0000] {logging_mixin.py:188} INFO - ***Fichier .env chargé
[2025-08-26T10:40:14.064+0000] {logging_mixin.py:188} INFO - ***Mode scraping : None
[2025-08-26T10:40:14.065+0000] {logging_mixin.py:188} INFO - ***Fichier d’entrée : None
[2025-08-26T10:40:14.071+0000] {processor.py:840} INFO - DAG(s) 'trustpilot_pipeline' retrieved from /opt/airflow/dags/trustpilot_dag.py
[2025-08-26T10:40:14.092+0000] {logging_mixin.py:188} INFO - [2025-08-26T10:40:14.091+0000] {dag.py:3096} INFO - Sync 1 DAGs
[2025-08-26T10:40:14.101+0000] {logging_mixin.py:188} INFO - [2025-08-26T10:40:14.101+0000] {dag.py:3954} INFO - Setting next_dagrun for trustpilot_pipeline to None, run_after=None
[2025-08-26T10:40:14.119+0000] {processor.py:183} INFO - Processing /opt/airflow/dags/trustpilot_dag.py took 0.930 seconds
[2025-08-26T10:40:44.218+0000] {processor.py:161} INFO - Started process (PID=403) to work on /opt/airflow/dags/trustpilot_dag.py
[2025-08-26T10:40:44.220+0000] {processor.py:830} INFO - Processing file /opt/airflow/dags/trustpilot_dag.py for tasks to queue
[2025-08-26T10:40:44.223+0000] {logging_mixin.py:188} INFO - [2025-08-26T10:40:44.222+0000] {dagbag.py:545} INFO - Filling up the DagBag from /opt/airflow/dags/trustpilot_dag.py
[2025-08-26T10:40:45.184+0000] {logging_mixin.py:188} INFO - ***Fichier .env chargé
[2025-08-26T10:40:45.185+0000] {logging_mixin.py:188} INFO - ***Mode scraping : None
[2025-08-26T10:40:45.185+0000] {logging_mixin.py:188} INFO - ***Fichier d’entrée : None
[2025-08-26T10:40:45.191+0000] {processor.py:840} INFO - DAG(s) 'trustpilot_pipeline' retrieved from /opt/airflow/dags/trustpilot_dag.py
[2025-08-26T10:40:45.212+0000] {logging_mixin.py:188} INFO - [2025-08-26T10:40:45.212+0000] {dag.py:3096} INFO - Sync 1 DAGs
[2025-08-26T10:40:45.222+0000] {logging_mixin.py:188} INFO - [2025-08-26T10:40:45.222+0000] {dag.py:3954} INFO - Setting next_dagrun for trustpilot_pipeline to None, run_after=None
[2025-08-26T10:40:45.242+0000] {processor.py:183} INFO - Processing /opt/airflow/dags/trustpilot_dag.py took 1.039 seconds
[2025-08-26T10:41:15.383+0000] {processor.py:161} INFO - Started process (PID=409) to work on /opt/airflow/dags/trustpilot_dag.py
[2025-08-26T10:41:15.384+0000] {processor.py:830} INFO - Processing file /opt/airflow/dags/trustpilot_dag.py for tasks to queue
[2025-08-26T10:41:15.386+0000] {logging_mixin.py:188} INFO - [2025-08-26T10:41:15.385+0000] {dagbag.py:545} INFO - Filling up the DagBag from /opt/airflow/dags/trustpilot_dag.py
[2025-08-26T10:41:16.256+0000] {logging_mixin.py:188} INFO - ***Fichier .env chargé
[2025-08-26T10:41:16.256+0000] {logging_mixin.py:188} INFO - ***Mode scraping : None
[2025-08-26T10:41:16.257+0000] {logging_mixin.py:188} INFO - ***Fichier d’entrée : None
[2025-08-26T10:41:16.262+0000] {processor.py:840} INFO - DAG(s) 'trustpilot_pipeline' retrieved from /opt/airflow/dags/trustpilot_dag.py
[2025-08-26T10:41:16.282+0000] {logging_mixin.py:188} INFO - [2025-08-26T10:41:16.282+0000] {dag.py:3096} INFO - Sync 1 DAGs
[2025-08-26T10:41:16.291+0000] {logging_mixin.py:188} INFO - [2025-08-26T10:41:16.291+0000] {dag.py:3954} INFO - Setting next_dagrun for trustpilot_pipeline to None, run_after=None
[2025-08-26T10:41:16.313+0000] {processor.py:183} INFO - Processing /opt/airflow/dags/trustpilot_dag.py took 0.937 seconds
[2025-08-26T10:41:46.484+0000] {processor.py:161} INFO - Started process (PID=415) to work on /opt/airflow/dags/trustpilot_dag.py
[2025-08-26T10:41:46.485+0000] {processor.py:830} INFO - Processing file /opt/airflow/dags/trustpilot_dag.py for tasks to queue
[2025-08-26T10:41:46.486+0000] {logging_mixin.py:188} INFO - [2025-08-26T10:41:46.486+0000] {dagbag.py:545} INFO - Filling up the DagBag from /opt/airflow/dags/trustpilot_dag.py
[2025-08-26T10:41:47.533+0000] {logging_mixin.py:188} INFO - ***Fichier .env chargé
[2025-08-26T10:41:47.534+0000] {logging_mixin.py:188} INFO - ***Mode scraping : None
[2025-08-26T10:41:47.534+0000] {logging_mixin.py:188} INFO - ***Fichier d’entrée : None
[2025-08-26T10:41:47.541+0000] {processor.py:840} INFO - DAG(s) 'trustpilot_pipeline' retrieved from /opt/airflow/dags/trustpilot_dag.py
[2025-08-26T10:41:47.569+0000] {logging_mixin.py:188} INFO - [2025-08-26T10:41:47.569+0000] {dag.py:3096} INFO - Sync 1 DAGs
[2025-08-26T10:41:47.584+0000] {logging_mixin.py:188} INFO - [2025-08-26T10:41:47.584+0000] {dag.py:3954} INFO - Setting next_dagrun for trustpilot_pipeline to None, run_after=None
[2025-08-26T10:41:47.606+0000] {processor.py:183} INFO - Processing /opt/airflow/dags/trustpilot_dag.py took 1.130 seconds
[2025-08-26T10:42:17.669+0000] {processor.py:161} INFO - Started process (PID=421) to work on /opt/airflow/dags/trustpilot_dag.py
[2025-08-26T10:42:17.670+0000] {processor.py:830} INFO - Processing file /opt/airflow/dags/trustpilot_dag.py for tasks to queue
[2025-08-26T10:42:17.671+0000] {logging_mixin.py:188} INFO - [2025-08-26T10:42:17.671+0000] {dagbag.py:545} INFO - Filling up the DagBag from /opt/airflow/dags/trustpilot_dag.py
[2025-08-26T10:42:18.554+0000] {logging_mixin.py:188} INFO - ***Fichier .env chargé
[2025-08-26T10:42:18.554+0000] {logging_mixin.py:188} INFO - ***Mode scraping : None
[2025-08-26T10:42:18.555+0000] {logging_mixin.py:188} INFO - ***Fichier d’entrée : None
[2025-08-26T10:42:18.561+0000] {processor.py:840} INFO - DAG(s) 'trustpilot_pipeline' retrieved from /opt/airflow/dags/trustpilot_dag.py
[2025-08-26T10:42:18.580+0000] {logging_mixin.py:188} INFO - [2025-08-26T10:42:18.580+0000] {dag.py:3096} INFO - Sync 1 DAGs
[2025-08-26T10:42:18.589+0000] {logging_mixin.py:188} INFO - [2025-08-26T10:42:18.589+0000] {dag.py:3954} INFO - Setting next_dagrun for trustpilot_pipeline to None, run_after=None
[2025-08-26T10:42:18.611+0000] {processor.py:183} INFO - Processing /opt/airflow/dags/trustpilot_dag.py took 0.948 seconds
[2025-08-26T10:42:48.798+0000] {processor.py:161} INFO - Started process (PID=427) to work on /opt/airflow/dags/trustpilot_dag.py
[2025-08-26T10:42:48.799+0000] {processor.py:830} INFO - Processing file /opt/airflow/dags/trustpilot_dag.py for tasks to queue
[2025-08-26T10:42:48.801+0000] {logging_mixin.py:188} INFO - [2025-08-26T10:42:48.801+0000] {dagbag.py:545} INFO - Filling up the DagBag from /opt/airflow/dags/trustpilot_dag.py
[2025-08-26T10:42:49.754+0000] {logging_mixin.py:188} INFO - ***Fichier .env chargé
[2025-08-26T10:42:49.755+0000] {logging_mixin.py:188} INFO - ***Mode scraping : None
[2025-08-26T10:42:49.755+0000] {logging_mixin.py:188} INFO - ***Fichier d’entrée : None
[2025-08-26T10:42:49.763+0000] {processor.py:840} INFO - DAG(s) 'trustpilot_pipeline' retrieved from /opt/airflow/dags/trustpilot_dag.py
[2025-08-26T10:42:49.785+0000] {logging_mixin.py:188} INFO - [2025-08-26T10:42:49.784+0000] {dag.py:3096} INFO - Sync 1 DAGs
[2025-08-26T10:42:49.797+0000] {logging_mixin.py:188} INFO - [2025-08-26T10:42:49.796+0000] {dag.py:3954} INFO - Setting next_dagrun for trustpilot_pipeline to None, run_after=None
[2025-08-26T10:42:49.823+0000] {processor.py:183} INFO - Processing /opt/airflow/dags/trustpilot_dag.py took 1.031 seconds
[2025-08-26T10:43:19.953+0000] {processor.py:161} INFO - Started process (PID=433) to work on /opt/airflow/dags/trustpilot_dag.py
[2025-08-26T10:43:19.954+0000] {processor.py:830} INFO - Processing file /opt/airflow/dags/trustpilot_dag.py for tasks to queue
[2025-08-26T10:43:19.955+0000] {logging_mixin.py:188} INFO - [2025-08-26T10:43:19.955+0000] {dagbag.py:545} INFO - Filling up the DagBag from /opt/airflow/dags/trustpilot_dag.py
[2025-08-26T10:43:20.896+0000] {logging_mixin.py:188} INFO - ***Fichier .env chargé
[2025-08-26T10:43:20.896+0000] {logging_mixin.py:188} INFO - ***Mode scraping : None
[2025-08-26T10:43:20.896+0000] {logging_mixin.py:188} INFO - ***Fichier d’entrée : None
[2025-08-26T10:43:20.904+0000] {processor.py:840} INFO - DAG(s) 'trustpilot_pipeline' retrieved from /opt/airflow/dags/trustpilot_dag.py
[2025-08-26T10:43:20.926+0000] {logging_mixin.py:188} INFO - [2025-08-26T10:43:20.926+0000] {dag.py:3096} INFO - Sync 1 DAGs
[2025-08-26T10:43:20.937+0000] {logging_mixin.py:188} INFO - [2025-08-26T10:43:20.937+0000] {dag.py:3954} INFO - Setting next_dagrun for trustpilot_pipeline to None, run_after=None
[2025-08-26T10:43:20.956+0000] {processor.py:183} INFO - Processing /opt/airflow/dags/trustpilot_dag.py took 1.011 seconds
[2025-08-26T10:43:43.073+0000] {processor.py:161} INFO - Started process (PID=439) to work on /opt/airflow/dags/trustpilot_dag.py
[2025-08-26T10:43:43.073+0000] {processor.py:830} INFO - Processing file /opt/airflow/dags/trustpilot_dag.py for tasks to queue
[2025-08-26T10:43:43.075+0000] {logging_mixin.py:188} INFO - [2025-08-26T10:43:43.075+0000] {dagbag.py:545} INFO - Filling up the DagBag from /opt/airflow/dags/trustpilot_dag.py
[2025-08-26T10:43:44.022+0000] {logging_mixin.py:188} INFO - ***Fichier .env chargé
[2025-08-26T10:43:44.022+0000] {logging_mixin.py:188} INFO - ***Mode scraping : None
[2025-08-26T10:43:44.022+0000] {logging_mixin.py:188} INFO - ***Fichier d’entrée : None
[2025-08-26T10:43:44.029+0000] {processor.py:840} INFO - DAG(s) 'trustpilot_pipeline' retrieved from /opt/airflow/dags/trustpilot_dag.py
[2025-08-26T10:43:44.050+0000] {logging_mixin.py:188} INFO - [2025-08-26T10:43:44.050+0000] {dag.py:3096} INFO - Sync 1 DAGs
[2025-08-26T10:43:44.060+0000] {logging_mixin.py:188} INFO - [2025-08-26T10:43:44.059+0000] {dag.py:3954} INFO - Setting next_dagrun for trustpilot_pipeline to None, run_after=None
[2025-08-26T10:43:44.078+0000] {processor.py:183} INFO - Processing /opt/airflow/dags/trustpilot_dag.py took 1.012 seconds
[2025-08-26T10:44:14.238+0000] {processor.py:161} INFO - Started process (PID=457) to work on /opt/airflow/dags/trustpilot_dag.py
[2025-08-26T10:44:14.239+0000] {processor.py:830} INFO - Processing file /opt/airflow/dags/trustpilot_dag.py for tasks to queue
[2025-08-26T10:44:14.241+0000] {logging_mixin.py:188} INFO - [2025-08-26T10:44:14.241+0000] {dagbag.py:545} INFO - Filling up the DagBag from /opt/airflow/dags/trustpilot_dag.py
[2025-08-26T10:44:15.137+0000] {logging_mixin.py:188} INFO - ***Fichier .env chargé
[2025-08-26T10:44:15.137+0000] {logging_mixin.py:188} INFO - ***Mode scraping : None
[2025-08-26T10:44:15.137+0000] {logging_mixin.py:188} INFO - ***Fichier d’entrée : None
[2025-08-26T10:44:15.144+0000] {processor.py:840} INFO - DAG(s) 'trustpilot_pipeline' retrieved from /opt/airflow/dags/trustpilot_dag.py
[2025-08-26T10:44:15.166+0000] {logging_mixin.py:188} INFO - [2025-08-26T10:44:15.165+0000] {dag.py:3096} INFO - Sync 1 DAGs
[2025-08-26T10:44:15.176+0000] {logging_mixin.py:188} INFO - [2025-08-26T10:44:15.176+0000] {dag.py:3954} INFO - Setting next_dagrun for trustpilot_pipeline to None, run_after=None
[2025-08-26T10:44:15.194+0000] {processor.py:183} INFO - Processing /opt/airflow/dags/trustpilot_dag.py took 0.964 seconds
[2025-08-26T10:44:45.411+0000] {processor.py:161} INFO - Started process (PID=463) to work on /opt/airflow/dags/trustpilot_dag.py
[2025-08-26T10:44:45.412+0000] {processor.py:830} INFO - Processing file /opt/airflow/dags/trustpilot_dag.py for tasks to queue
[2025-08-26T10:44:45.414+0000] {logging_mixin.py:188} INFO - [2025-08-26T10:44:45.414+0000] {dagbag.py:545} INFO - Filling up the DagBag from /opt/airflow/dags/trustpilot_dag.py
[2025-08-26T10:44:46.365+0000] {logging_mixin.py:188} INFO - ***Fichier .env chargé
[2025-08-26T10:44:46.365+0000] {logging_mixin.py:188} INFO - ***Mode scraping : None
[2025-08-26T10:44:46.366+0000] {logging_mixin.py:188} INFO - ***Fichier d’entrée : None
[2025-08-26T10:44:46.372+0000] {processor.py:840} INFO - DAG(s) 'trustpilot_pipeline' retrieved from /opt/airflow/dags/trustpilot_dag.py
[2025-08-26T10:44:46.392+0000] {logging_mixin.py:188} INFO - [2025-08-26T10:44:46.392+0000] {dag.py:3096} INFO - Sync 1 DAGs
[2025-08-26T10:44:46.402+0000] {logging_mixin.py:188} INFO - [2025-08-26T10:44:46.402+0000] {dag.py:3954} INFO - Setting next_dagrun for trustpilot_pipeline to None, run_after=None
[2025-08-26T10:44:46.420+0000] {processor.py:183} INFO - Processing /opt/airflow/dags/trustpilot_dag.py took 1.019 seconds
[2025-08-26T10:45:16.570+0000] {processor.py:161} INFO - Started process (PID=469) to work on /opt/airflow/dags/trustpilot_dag.py
[2025-08-26T10:45:16.570+0000] {processor.py:830} INFO - Processing file /opt/airflow/dags/trustpilot_dag.py for tasks to queue
[2025-08-26T10:45:16.572+0000] {logging_mixin.py:188} INFO - [2025-08-26T10:45:16.572+0000] {dagbag.py:545} INFO - Filling up the DagBag from /opt/airflow/dags/trustpilot_dag.py
[2025-08-26T10:45:17.508+0000] {logging_mixin.py:188} INFO - ***Fichier .env chargé
[2025-08-26T10:45:17.509+0000] {logging_mixin.py:188} INFO - ***Mode scraping : None
[2025-08-26T10:45:17.509+0000] {logging_mixin.py:188} INFO - ***Fichier d’entrée : None
[2025-08-26T10:45:17.515+0000] {processor.py:840} INFO - DAG(s) 'trustpilot_pipeline' retrieved from /opt/airflow/dags/trustpilot_dag.py
[2025-08-26T10:45:17.537+0000] {logging_mixin.py:188} INFO - [2025-08-26T10:45:17.536+0000] {dag.py:3096} INFO - Sync 1 DAGs
[2025-08-26T10:45:17.548+0000] {logging_mixin.py:188} INFO - [2025-08-26T10:45:17.548+0000] {dag.py:3954} INFO - Setting next_dagrun for trustpilot_pipeline to None, run_after=None
[2025-08-26T10:45:17.567+0000] {processor.py:183} INFO - Processing /opt/airflow/dags/trustpilot_dag.py took 1.006 seconds
[2025-08-26T10:45:47.772+0000] {processor.py:161} INFO - Started process (PID=475) to work on /opt/airflow/dags/trustpilot_dag.py
[2025-08-26T10:45:47.773+0000] {processor.py:830} INFO - Processing file /opt/airflow/dags/trustpilot_dag.py for tasks to queue
[2025-08-26T10:45:47.774+0000] {logging_mixin.py:188} INFO - [2025-08-26T10:45:47.774+0000] {dagbag.py:545} INFO - Filling up the DagBag from /opt/airflow/dags/trustpilot_dag.py
[2025-08-26T10:45:48.646+0000] {logging_mixin.py:188} INFO - ***Fichier .env chargé
[2025-08-26T10:45:48.646+0000] {logging_mixin.py:188} INFO - ***Mode scraping : None
[2025-08-26T10:45:48.646+0000] {logging_mixin.py:188} INFO - ***Fichier d’entrée : None
[2025-08-26T10:45:48.652+0000] {processor.py:840} INFO - DAG(s) 'trustpilot_pipeline' retrieved from /opt/airflow/dags/trustpilot_dag.py
[2025-08-26T10:45:48.671+0000] {logging_mixin.py:188} INFO - [2025-08-26T10:45:48.671+0000] {dag.py:3096} INFO - Sync 1 DAGs
[2025-08-26T10:45:48.682+0000] {logging_mixin.py:188} INFO - [2025-08-26T10:45:48.682+0000] {dag.py:3954} INFO - Setting next_dagrun for trustpilot_pipeline to None, run_after=None
[2025-08-26T10:45:48.697+0000] {processor.py:183} INFO - Processing /opt/airflow/dags/trustpilot_dag.py took 0.931 seconds
[2025-08-26T10:46:18.912+0000] {processor.py:161} INFO - Started process (PID=481) to work on /opt/airflow/dags/trustpilot_dag.py
[2025-08-26T10:46:18.913+0000] {processor.py:830} INFO - Processing file /opt/airflow/dags/trustpilot_dag.py for tasks to queue
[2025-08-26T10:46:18.916+0000] {logging_mixin.py:188} INFO - [2025-08-26T10:46:18.915+0000] {dagbag.py:545} INFO - Filling up the DagBag from /opt/airflow/dags/trustpilot_dag.py
[2025-08-26T10:46:19.796+0000] {logging_mixin.py:188} INFO - ***Fichier .env chargé
[2025-08-26T10:46:19.797+0000] {logging_mixin.py:188} INFO - ***Mode scraping : None
[2025-08-26T10:46:19.797+0000] {logging_mixin.py:188} INFO - ***Fichier d’entrée : None
[2025-08-26T10:46:19.804+0000] {processor.py:840} INFO - DAG(s) 'trustpilot_pipeline' retrieved from /opt/airflow/dags/trustpilot_dag.py
[2025-08-26T10:46:19.825+0000] {logging_mixin.py:188} INFO - [2025-08-26T10:46:19.825+0000] {dag.py:3096} INFO - Sync 1 DAGs
[2025-08-26T10:46:19.834+0000] {logging_mixin.py:188} INFO - [2025-08-26T10:46:19.834+0000] {dag.py:3954} INFO - Setting next_dagrun for trustpilot_pipeline to None, run_after=None
[2025-08-26T10:46:19.849+0000] {processor.py:183} INFO - Processing /opt/airflow/dags/trustpilot_dag.py took 0.949 seconds
[2025-08-26T10:46:50.073+0000] {processor.py:161} INFO - Started process (PID=487) to work on /opt/airflow/dags/trustpilot_dag.py
[2025-08-26T10:46:50.074+0000] {processor.py:830} INFO - Processing file /opt/airflow/dags/trustpilot_dag.py for tasks to queue
[2025-08-26T10:46:50.076+0000] {logging_mixin.py:188} INFO - [2025-08-26T10:46:50.076+0000] {dagbag.py:545} INFO - Filling up the DagBag from /opt/airflow/dags/trustpilot_dag.py
[2025-08-26T10:46:51.042+0000] {logging_mixin.py:188} INFO - ***Fichier .env chargé
[2025-08-26T10:46:51.042+0000] {logging_mixin.py:188} INFO - ***Mode scraping : None
[2025-08-26T10:46:51.042+0000] {logging_mixin.py:188} INFO - ***Fichier d’entrée : None
[2025-08-26T10:46:51.051+0000] {processor.py:840} INFO - DAG(s) 'trustpilot_pipeline' retrieved from /opt/airflow/dags/trustpilot_dag.py
[2025-08-26T10:46:51.074+0000] {logging_mixin.py:188} INFO - [2025-08-26T10:46:51.073+0000] {dag.py:3096} INFO - Sync 1 DAGs
[2025-08-26T10:46:51.085+0000] {logging_mixin.py:188} INFO - [2025-08-26T10:46:51.085+0000] {dag.py:3954} INFO - Setting next_dagrun for trustpilot_pipeline to None, run_after=None
[2025-08-26T10:46:51.108+0000] {processor.py:183} INFO - Processing /opt/airflow/dags/trustpilot_dag.py took 1.047 seconds
[2025-08-26T10:47:21.254+0000] {processor.py:161} INFO - Started process (PID=493) to work on /opt/airflow/dags/trustpilot_dag.py
[2025-08-26T10:47:21.255+0000] {processor.py:830} INFO - Processing file /opt/airflow/dags/trustpilot_dag.py for tasks to queue
[2025-08-26T10:47:21.257+0000] {logging_mixin.py:188} INFO - [2025-08-26T10:47:21.257+0000] {dagbag.py:545} INFO - Filling up the DagBag from /opt/airflow/dags/trustpilot_dag.py
[2025-08-26T10:47:22.173+0000] {logging_mixin.py:188} INFO - ***Fichier .env chargé
[2025-08-26T10:47:22.173+0000] {logging_mixin.py:188} INFO - ***Mode scraping : None
[2025-08-26T10:47:22.174+0000] {logging_mixin.py:188} INFO - ***Fichier d’entrée : None
[2025-08-26T10:47:22.180+0000] {processor.py:840} INFO - DAG(s) 'trustpilot_pipeline' retrieved from /opt/airflow/dags/trustpilot_dag.py
[2025-08-26T10:47:22.202+0000] {logging_mixin.py:188} INFO - [2025-08-26T10:47:22.201+0000] {dag.py:3096} INFO - Sync 1 DAGs
[2025-08-26T10:47:22.212+0000] {logging_mixin.py:188} INFO - [2025-08-26T10:47:22.211+0000] {dag.py:3954} INFO - Setting next_dagrun for trustpilot_pipeline to None, run_after=None
[2025-08-26T10:47:22.228+0000] {processor.py:183} INFO - Processing /opt/airflow/dags/trustpilot_dag.py took 0.985 seconds
[2025-08-26T10:47:52.392+0000] {processor.py:161} INFO - Started process (PID=499) to work on /opt/airflow/dags/trustpilot_dag.py
[2025-08-26T10:47:52.393+0000] {processor.py:830} INFO - Processing file /opt/airflow/dags/trustpilot_dag.py for tasks to queue
[2025-08-26T10:47:52.395+0000] {logging_mixin.py:188} INFO - [2025-08-26T10:47:52.394+0000] {dagbag.py:545} INFO - Filling up the DagBag from /opt/airflow/dags/trustpilot_dag.py
[2025-08-26T10:47:53.288+0000] {logging_mixin.py:188} INFO - ***Fichier .env chargé
[2025-08-26T10:47:53.289+0000] {logging_mixin.py:188} INFO - ***Mode scraping : None
[2025-08-26T10:47:53.289+0000] {logging_mixin.py:188} INFO - ***Fichier d’entrée : None
[2025-08-26T10:47:53.296+0000] {processor.py:840} INFO - DAG(s) 'trustpilot_pipeline' retrieved from /opt/airflow/dags/trustpilot_dag.py
[2025-08-26T10:47:53.317+0000] {logging_mixin.py:188} INFO - [2025-08-26T10:47:53.317+0000] {dag.py:3096} INFO - Sync 1 DAGs
[2025-08-26T10:47:53.328+0000] {logging_mixin.py:188} INFO - [2025-08-26T10:47:53.328+0000] {dag.py:3954} INFO - Setting next_dagrun for trustpilot_pipeline to None, run_after=None
[2025-08-26T10:47:53.346+0000] {processor.py:183} INFO - Processing /opt/airflow/dags/trustpilot_dag.py took 0.960 seconds
[2025-08-26T10:48:23.540+0000] {processor.py:161} INFO - Started process (PID=505) to work on /opt/airflow/dags/trustpilot_dag.py
[2025-08-26T10:48:23.540+0000] {processor.py:830} INFO - Processing file /opt/airflow/dags/trustpilot_dag.py for tasks to queue
[2025-08-26T10:48:23.542+0000] {logging_mixin.py:188} INFO - [2025-08-26T10:48:23.542+0000] {dagbag.py:545} INFO - Filling up the DagBag from /opt/airflow/dags/trustpilot_dag.py
[2025-08-26T10:48:24.526+0000] {logging_mixin.py:188} INFO - ***Fichier .env chargé
[2025-08-26T10:48:24.526+0000] {logging_mixin.py:188} INFO - ***Mode scraping : None
[2025-08-26T10:48:24.526+0000] {logging_mixin.py:188} INFO - ***Fichier d’entrée : None
[2025-08-26T10:48:24.533+0000] {processor.py:840} INFO - DAG(s) 'trustpilot_pipeline' retrieved from /opt/airflow/dags/trustpilot_dag.py
[2025-08-26T10:48:24.559+0000] {logging_mixin.py:188} INFO - [2025-08-26T10:48:24.559+0000] {dag.py:3096} INFO - Sync 1 DAGs
[2025-08-26T10:48:24.572+0000] {logging_mixin.py:188} INFO - [2025-08-26T10:48:24.572+0000] {dag.py:3954} INFO - Setting next_dagrun for trustpilot_pipeline to None, run_after=None
[2025-08-26T10:48:24.589+0000] {processor.py:183} INFO - Processing /opt/airflow/dags/trustpilot_dag.py took 1.057 seconds
[2025-08-26T10:48:31.607+0000] {processor.py:161} INFO - Started process (PID=511) to work on /opt/airflow/dags/trustpilot_dag.py
[2025-08-26T10:48:31.609+0000] {processor.py:830} INFO - Processing file /opt/airflow/dags/trustpilot_dag.py for tasks to queue
[2025-08-26T10:48:31.612+0000] {logging_mixin.py:188} INFO - [2025-08-26T10:48:31.611+0000] {dagbag.py:545} INFO - Filling up the DagBag from /opt/airflow/dags/trustpilot_dag.py
[2025-08-26T10:48:32.621+0000] {logging_mixin.py:188} INFO - ***Fichier .env chargé
[2025-08-26T10:48:32.621+0000] {logging_mixin.py:188} INFO - ***Mode scraping : None
[2025-08-26T10:48:32.621+0000] {logging_mixin.py:188} INFO - ***Fichier d’entrée : None
[2025-08-26T10:48:32.629+0000] {processor.py:840} INFO - DAG(s) 'trustpilot_pipeline' retrieved from /opt/airflow/dags/trustpilot_dag.py
[2025-08-26T10:48:32.653+0000] {logging_mixin.py:188} INFO - [2025-08-26T10:48:32.652+0000] {dag.py:3096} INFO - Sync 1 DAGs
[2025-08-26T10:48:32.664+0000] {logging_mixin.py:188} INFO - [2025-08-26T10:48:32.664+0000] {dag.py:3954} INFO - Setting next_dagrun for trustpilot_pipeline to None, run_after=None
[2025-08-26T10:48:32.684+0000] {processor.py:183} INFO - Processing /opt/airflow/dags/trustpilot_dag.py took 1.093 seconds
[2025-08-26T10:48:43.736+0000] {processor.py:161} INFO - Started process (PID=517) to work on /opt/airflow/dags/trustpilot_dag.py
[2025-08-26T10:48:43.738+0000] {processor.py:830} INFO - Processing file /opt/airflow/dags/trustpilot_dag.py for tasks to queue
[2025-08-26T10:48:43.741+0000] {logging_mixin.py:188} INFO - [2025-08-26T10:48:43.741+0000] {dagbag.py:545} INFO - Filling up the DagBag from /opt/airflow/dags/trustpilot_dag.py
[2025-08-26T10:48:44.758+0000] {logging_mixin.py:188} INFO - ***Fichier .env chargé
[2025-08-26T10:48:44.758+0000] {logging_mixin.py:188} INFO - ***Mode scraping : None
[2025-08-26T10:48:44.759+0000] {logging_mixin.py:188} INFO - ***Fichier d’entrée : None
[2025-08-26T10:48:44.765+0000] {processor.py:840} INFO - DAG(s) 'trustpilot_pipeline' retrieved from /opt/airflow/dags/trustpilot_dag.py
[2025-08-26T10:48:44.788+0000] {logging_mixin.py:188} INFO - [2025-08-26T10:48:44.788+0000] {dag.py:3096} INFO - Sync 1 DAGs
[2025-08-26T10:48:44.797+0000] {logging_mixin.py:188} INFO - [2025-08-26T10:48:44.797+0000] {dag.py:3954} INFO - Setting next_dagrun for trustpilot_pipeline to None, run_after=None
[2025-08-26T10:48:44.815+0000] {processor.py:183} INFO - Processing /opt/airflow/dags/trustpilot_dag.py took 1.094 seconds
[2025-08-26T10:48:53.840+0000] {processor.py:161} INFO - Started process (PID=523) to work on /opt/airflow/dags/trustpilot_dag.py
[2025-08-26T10:48:53.841+0000] {processor.py:830} INFO - Processing file /opt/airflow/dags/trustpilot_dag.py for tasks to queue
[2025-08-26T10:48:53.844+0000] {logging_mixin.py:188} INFO - [2025-08-26T10:48:53.843+0000] {dagbag.py:545} INFO - Filling up the DagBag from /opt/airflow/dags/trustpilot_dag.py
[2025-08-26T10:48:54.786+0000] {logging_mixin.py:188} INFO - ***Fichier .env chargé
[2025-08-26T10:48:54.787+0000] {logging_mixin.py:188} INFO - ***Mode scraping : None
[2025-08-26T10:48:54.787+0000] {logging_mixin.py:188} INFO - ***Fichier d’entrée : None
[2025-08-26T10:48:54.793+0000] {processor.py:840} INFO - DAG(s) 'trustpilot_pipeline' retrieved from /opt/airflow/dags/trustpilot_dag.py
[2025-08-26T10:48:54.821+0000] {logging_mixin.py:188} INFO - [2025-08-26T10:48:54.821+0000] {dag.py:3096} INFO - Sync 1 DAGs
[2025-08-26T10:48:54.830+0000] {logging_mixin.py:188} INFO - [2025-08-26T10:48:54.830+0000] {dag.py:3954} INFO - Setting next_dagrun for trustpilot_pipeline to None, run_after=None
[2025-08-26T10:48:54.847+0000] {processor.py:183} INFO - Processing /opt/airflow/dags/trustpilot_dag.py took 1.024 seconds
[2025-08-26T10:49:00.877+0000] {processor.py:161} INFO - Started process (PID=529) to work on /opt/airflow/dags/trustpilot_dag.py
[2025-08-26T10:49:00.877+0000] {processor.py:830} INFO - Processing file /opt/airflow/dags/trustpilot_dag.py for tasks to queue
[2025-08-26T10:49:00.879+0000] {logging_mixin.py:188} INFO - [2025-08-26T10:49:00.879+0000] {dagbag.py:545} INFO - Filling up the DagBag from /opt/airflow/dags/trustpilot_dag.py
[2025-08-26T10:49:01.862+0000] {logging_mixin.py:188} INFO - ***Fichier .env chargé
[2025-08-26T10:49:01.862+0000] {logging_mixin.py:188} INFO - ***Mode scraping : None
[2025-08-26T10:49:01.862+0000] {logging_mixin.py:188} INFO - ***Fichier d’entrée : None
[2025-08-26T10:49:01.869+0000] {processor.py:840} INFO - DAG(s) 'trustpilot_pipeline' retrieved from /opt/airflow/dags/trustpilot_dag.py
[2025-08-26T10:49:01.893+0000] {logging_mixin.py:188} INFO - [2025-08-26T10:49:01.893+0000] {dag.py:3096} INFO - Sync 1 DAGs
[2025-08-26T10:49:01.903+0000] {logging_mixin.py:188} INFO - [2025-08-26T10:49:01.903+0000] {dag.py:3954} INFO - Setting next_dagrun for trustpilot_pipeline to None, run_after=None
[2025-08-26T10:49:01.921+0000] {processor.py:183} INFO - Processing /opt/airflow/dags/trustpilot_dag.py took 1.054 seconds
[2025-08-26T10:49:32.069+0000] {processor.py:161} INFO - Started process (PID=547) to work on /opt/airflow/dags/trustpilot_dag.py
[2025-08-26T10:49:32.070+0000] {processor.py:830} INFO - Processing file /opt/airflow/dags/trustpilot_dag.py for tasks to queue
[2025-08-26T10:49:32.072+0000] {logging_mixin.py:188} INFO - [2025-08-26T10:49:32.072+0000] {dagbag.py:545} INFO - Filling up the DagBag from /opt/airflow/dags/trustpilot_dag.py
[2025-08-26T10:49:33.066+0000] {logging_mixin.py:188} INFO - ***Fichier .env chargé
[2025-08-26T10:49:33.067+0000] {logging_mixin.py:188} INFO - ***Mode scraping : None
[2025-08-26T10:49:33.067+0000] {logging_mixin.py:188} INFO - ***Fichier d’entrée : None
[2025-08-26T10:49:33.076+0000] {processor.py:840} INFO - DAG(s) 'trustpilot_pipeline' retrieved from /opt/airflow/dags/trustpilot_dag.py
[2025-08-26T10:49:33.098+0000] {logging_mixin.py:188} INFO - [2025-08-26T10:49:33.098+0000] {dag.py:3096} INFO - Sync 1 DAGs
[2025-08-26T10:49:33.109+0000] {logging_mixin.py:188} INFO - [2025-08-26T10:49:33.109+0000] {dag.py:3954} INFO - Setting next_dagrun for trustpilot_pipeline to None, run_after=None
[2025-08-26T10:49:33.126+0000] {processor.py:183} INFO - Processing /opt/airflow/dags/trustpilot_dag.py took 1.067 seconds
[2025-08-26T10:50:03.233+0000] {processor.py:161} INFO - Started process (PID=553) to work on /opt/airflow/dags/trustpilot_dag.py
[2025-08-26T10:50:03.234+0000] {processor.py:830} INFO - Processing file /opt/airflow/dags/trustpilot_dag.py for tasks to queue
[2025-08-26T10:50:03.236+0000] {logging_mixin.py:188} INFO - [2025-08-26T10:50:03.236+0000] {dagbag.py:545} INFO - Filling up the DagBag from /opt/airflow/dags/trustpilot_dag.py
[2025-08-26T10:50:04.205+0000] {logging_mixin.py:188} INFO - ***Fichier .env chargé
[2025-08-26T10:50:04.205+0000] {logging_mixin.py:188} INFO - ***Mode scraping : None
[2025-08-26T10:50:04.205+0000] {logging_mixin.py:188} INFO - ***Fichier d’entrée : None
[2025-08-26T10:50:04.212+0000] {processor.py:840} INFO - DAG(s) 'trustpilot_pipeline' retrieved from /opt/airflow/dags/trustpilot_dag.py
[2025-08-26T10:50:04.234+0000] {logging_mixin.py:188} INFO - [2025-08-26T10:50:04.233+0000] {dag.py:3096} INFO - Sync 1 DAGs
[2025-08-26T10:50:04.243+0000] {logging_mixin.py:188} INFO - [2025-08-26T10:50:04.243+0000] {dag.py:3954} INFO - Setting next_dagrun for trustpilot_pipeline to None, run_after=None
[2025-08-26T10:50:04.259+0000] {processor.py:183} INFO - Processing /opt/airflow/dags/trustpilot_dag.py took 1.033 seconds
[2025-08-26T10:50:34.439+0000] {processor.py:161} INFO - Started process (PID=559) to work on /opt/airflow/dags/trustpilot_dag.py
[2025-08-26T10:50:34.439+0000] {processor.py:830} INFO - Processing file /opt/airflow/dags/trustpilot_dag.py for tasks to queue
[2025-08-26T10:50:34.441+0000] {logging_mixin.py:188} INFO - [2025-08-26T10:50:34.441+0000] {dagbag.py:545} INFO - Filling up the DagBag from /opt/airflow/dags/trustpilot_dag.py
[2025-08-26T10:50:35.353+0000] {logging_mixin.py:188} INFO - ***Fichier .env chargé
[2025-08-26T10:50:35.353+0000] {logging_mixin.py:188} INFO - ***Mode scraping : None
[2025-08-26T10:50:35.353+0000] {logging_mixin.py:188} INFO - ***Fichier d’entrée : None
[2025-08-26T10:50:35.360+0000] {processor.py:840} INFO - DAG(s) 'trustpilot_pipeline' retrieved from /opt/airflow/dags/trustpilot_dag.py
[2025-08-26T10:50:35.381+0000] {logging_mixin.py:188} INFO - [2025-08-26T10:50:35.380+0000] {dag.py:3096} INFO - Sync 1 DAGs
[2025-08-26T10:50:35.390+0000] {logging_mixin.py:188} INFO - [2025-08-26T10:50:35.390+0000] {dag.py:3954} INFO - Setting next_dagrun for trustpilot_pipeline to None, run_after=None
[2025-08-26T10:50:35.407+0000] {processor.py:183} INFO - Processing /opt/airflow/dags/trustpilot_dag.py took 0.976 seconds
[2025-08-26T10:51:05.592+0000] {processor.py:161} INFO - Started process (PID=565) to work on /opt/airflow/dags/trustpilot_dag.py
[2025-08-26T10:51:05.593+0000] {processor.py:830} INFO - Processing file /opt/airflow/dags/trustpilot_dag.py for tasks to queue
[2025-08-26T10:51:05.595+0000] {logging_mixin.py:188} INFO - [2025-08-26T10:51:05.594+0000] {dagbag.py:545} INFO - Filling up the DagBag from /opt/airflow/dags/trustpilot_dag.py
[2025-08-26T10:51:06.495+0000] {logging_mixin.py:188} INFO - ***Fichier .env chargé
[2025-08-26T10:51:06.495+0000] {logging_mixin.py:188} INFO - ***Mode scraping : None
[2025-08-26T10:51:06.495+0000] {logging_mixin.py:188} INFO - ***Fichier d’entrée : None
[2025-08-26T10:51:06.501+0000] {processor.py:840} INFO - DAG(s) 'trustpilot_pipeline' retrieved from /opt/airflow/dags/trustpilot_dag.py
[2025-08-26T10:51:06.522+0000] {logging_mixin.py:188} INFO - [2025-08-26T10:51:06.522+0000] {dag.py:3096} INFO - Sync 1 DAGs
[2025-08-26T10:51:06.532+0000] {logging_mixin.py:188} INFO - [2025-08-26T10:51:06.532+0000] {dag.py:3954} INFO - Setting next_dagrun for trustpilot_pipeline to None, run_after=None
[2025-08-26T10:51:06.547+0000] {processor.py:183} INFO - Processing /opt/airflow/dags/trustpilot_dag.py took 0.964 seconds
[2025-08-26T10:51:36.746+0000] {processor.py:161} INFO - Started process (PID=583) to work on /opt/airflow/dags/trustpilot_dag.py
[2025-08-26T10:51:36.747+0000] {processor.py:830} INFO - Processing file /opt/airflow/dags/trustpilot_dag.py for tasks to queue
[2025-08-26T10:51:36.750+0000] {logging_mixin.py:188} INFO - [2025-08-26T10:51:36.749+0000] {dagbag.py:545} INFO - Filling up the DagBag from /opt/airflow/dags/trustpilot_dag.py
[2025-08-26T10:51:37.682+0000] {logging_mixin.py:188} INFO - ***Fichier .env chargé
[2025-08-26T10:51:37.682+0000] {logging_mixin.py:188} INFO - ***Mode scraping : None
[2025-08-26T10:51:37.683+0000] {logging_mixin.py:188} INFO - ***Fichier d’entrée : None
[2025-08-26T10:51:37.690+0000] {processor.py:840} INFO - DAG(s) 'trustpilot_pipeline' retrieved from /opt/airflow/dags/trustpilot_dag.py
[2025-08-26T10:51:37.712+0000] {logging_mixin.py:188} INFO - [2025-08-26T10:51:37.711+0000] {dag.py:3096} INFO - Sync 1 DAGs
[2025-08-26T10:51:37.722+0000] {logging_mixin.py:188} INFO - [2025-08-26T10:51:37.722+0000] {dag.py:3954} INFO - Setting next_dagrun for trustpilot_pipeline to None, run_after=None
[2025-08-26T10:51:37.738+0000] {processor.py:183} INFO - Processing /opt/airflow/dags/trustpilot_dag.py took 1.001 seconds
[2025-08-26T10:52:07.906+0000] {processor.py:161} INFO - Started process (PID=589) to work on /opt/airflow/dags/trustpilot_dag.py
[2025-08-26T10:52:07.907+0000] {processor.py:830} INFO - Processing file /opt/airflow/dags/trustpilot_dag.py for tasks to queue
[2025-08-26T10:52:07.909+0000] {logging_mixin.py:188} INFO - [2025-08-26T10:52:07.908+0000] {dagbag.py:545} INFO - Filling up the DagBag from /opt/airflow/dags/trustpilot_dag.py
[2025-08-26T10:52:08.882+0000] {logging_mixin.py:188} INFO - ***Fichier .env chargé
[2025-08-26T10:52:08.882+0000] {logging_mixin.py:188} INFO - ***Mode scraping : None
[2025-08-26T10:52:08.882+0000] {logging_mixin.py:188} INFO - ***Fichier d’entrée : None
[2025-08-26T10:52:08.890+0000] {processor.py:840} INFO - DAG(s) 'trustpilot_pipeline' retrieved from /opt/airflow/dags/trustpilot_dag.py
[2025-08-26T10:52:08.914+0000] {logging_mixin.py:188} INFO - [2025-08-26T10:52:08.913+0000] {dag.py:3096} INFO - Sync 1 DAGs
[2025-08-26T10:52:08.925+0000] {logging_mixin.py:188} INFO - [2025-08-26T10:52:08.924+0000] {dag.py:3954} INFO - Setting next_dagrun for trustpilot_pipeline to None, run_after=None
[2025-08-26T10:52:08.943+0000] {processor.py:183} INFO - Processing /opt/airflow/dags/trustpilot_dag.py took 1.044 seconds
[2025-08-26T10:52:39.100+0000] {processor.py:161} INFO - Started process (PID=595) to work on /opt/airflow/dags/trustpilot_dag.py
[2025-08-26T10:52:39.101+0000] {processor.py:830} INFO - Processing file /opt/airflow/dags/trustpilot_dag.py for tasks to queue
[2025-08-26T10:52:39.104+0000] {logging_mixin.py:188} INFO - [2025-08-26T10:52:39.103+0000] {dagbag.py:545} INFO - Filling up the DagBag from /opt/airflow/dags/trustpilot_dag.py
[2025-08-26T10:52:40.107+0000] {logging_mixin.py:188} INFO - ***Fichier .env chargé
[2025-08-26T10:52:40.108+0000] {logging_mixin.py:188} INFO - ***Mode scraping : None
[2025-08-26T10:52:40.108+0000] {logging_mixin.py:188} INFO - ***Fichier d’entrée : None
[2025-08-26T10:52:40.115+0000] {processor.py:840} INFO - DAG(s) 'trustpilot_pipeline' retrieved from /opt/airflow/dags/trustpilot_dag.py
[2025-08-26T10:52:40.138+0000] {logging_mixin.py:188} INFO - [2025-08-26T10:52:40.137+0000] {dag.py:3096} INFO - Sync 1 DAGs
[2025-08-26T10:52:40.149+0000] {logging_mixin.py:188} INFO - [2025-08-26T10:52:40.148+0000] {dag.py:3954} INFO - Setting next_dagrun for trustpilot_pipeline to None, run_after=None
[2025-08-26T10:52:40.168+0000] {processor.py:183} INFO - Processing /opt/airflow/dags/trustpilot_dag.py took 1.081 seconds
[2025-08-26T10:53:10.231+0000] {processor.py:161} INFO - Started process (PID=613) to work on /opt/airflow/dags/trustpilot_dag.py
[2025-08-26T10:53:10.232+0000] {processor.py:830} INFO - Processing file /opt/airflow/dags/trustpilot_dag.py for tasks to queue
[2025-08-26T10:53:10.234+0000] {logging_mixin.py:188} INFO - [2025-08-26T10:53:10.234+0000] {dagbag.py:545} INFO - Filling up the DagBag from /opt/airflow/dags/trustpilot_dag.py
[2025-08-26T10:53:11.151+0000] {logging_mixin.py:188} INFO - ***Fichier .env chargé
[2025-08-26T10:53:11.151+0000] {logging_mixin.py:188} INFO - ***Mode scraping : None
[2025-08-26T10:53:11.151+0000] {logging_mixin.py:188} INFO - ***Fichier d’entrée : None
[2025-08-26T10:53:11.157+0000] {processor.py:840} INFO - DAG(s) 'trustpilot_pipeline' retrieved from /opt/airflow/dags/trustpilot_dag.py
[2025-08-26T10:53:11.178+0000] {logging_mixin.py:188} INFO - [2025-08-26T10:53:11.177+0000] {dag.py:3096} INFO - Sync 1 DAGs
[2025-08-26T10:53:11.187+0000] {logging_mixin.py:188} INFO - [2025-08-26T10:53:11.187+0000] {dag.py:3954} INFO - Setting next_dagrun for trustpilot_pipeline to None, run_after=None
[2025-08-26T10:53:11.202+0000] {processor.py:183} INFO - Processing /opt/airflow/dags/trustpilot_dag.py took 0.982 seconds
[2025-08-26T10:53:41.417+0000] {processor.py:161} INFO - Started process (PID=619) to work on /opt/airflow/dags/trustpilot_dag.py
[2025-08-26T10:53:41.418+0000] {processor.py:830} INFO - Processing file /opt/airflow/dags/trustpilot_dag.py for tasks to queue
[2025-08-26T10:53:41.420+0000] {logging_mixin.py:188} INFO - [2025-08-26T10:53:41.420+0000] {dagbag.py:545} INFO - Filling up the DagBag from /opt/airflow/dags/trustpilot_dag.py
[2025-08-26T10:53:42.281+0000] {logging_mixin.py:188} INFO - ***Fichier .env chargé
[2025-08-26T10:53:42.281+0000] {logging_mixin.py:188} INFO - ***Mode scraping : None
[2025-08-26T10:53:42.281+0000] {logging_mixin.py:188} INFO - ***Fichier d’entrée : None
[2025-08-26T10:53:42.288+0000] {processor.py:840} INFO - DAG(s) 'trustpilot_pipeline' retrieved from /opt/airflow/dags/trustpilot_dag.py
[2025-08-26T10:53:42.308+0000] {logging_mixin.py:188} INFO - [2025-08-26T10:53:42.308+0000] {dag.py:3096} INFO - Sync 1 DAGs
[2025-08-26T10:53:42.317+0000] {logging_mixin.py:188} INFO - [2025-08-26T10:53:42.317+0000] {dag.py:3954} INFO - Setting next_dagrun for trustpilot_pipeline to None, run_after=None
[2025-08-26T10:53:42.334+0000] {processor.py:183} INFO - Processing /opt/airflow/dags/trustpilot_dag.py took 0.923 seconds
[2025-08-26T10:54:12.539+0000] {processor.py:161} INFO - Started process (PID=625) to work on /opt/airflow/dags/trustpilot_dag.py
[2025-08-26T10:54:12.540+0000] {processor.py:830} INFO - Processing file /opt/airflow/dags/trustpilot_dag.py for tasks to queue
[2025-08-26T10:54:12.542+0000] {logging_mixin.py:188} INFO - [2025-08-26T10:54:12.541+0000] {dagbag.py:545} INFO - Filling up the DagBag from /opt/airflow/dags/trustpilot_dag.py
[2025-08-26T10:54:13.418+0000] {logging_mixin.py:188} INFO - ***Fichier .env chargé
[2025-08-26T10:54:13.418+0000] {logging_mixin.py:188} INFO - ***Mode scraping : None
[2025-08-26T10:54:13.418+0000] {logging_mixin.py:188} INFO - ***Fichier d’entrée : None
[2025-08-26T10:54:13.426+0000] {processor.py:840} INFO - DAG(s) 'trustpilot_pipeline' retrieved from /opt/airflow/dags/trustpilot_dag.py
[2025-08-26T10:54:13.447+0000] {logging_mixin.py:188} INFO - [2025-08-26T10:54:13.447+0000] {dag.py:3096} INFO - Sync 1 DAGs
[2025-08-26T10:54:13.456+0000] {logging_mixin.py:188} INFO - [2025-08-26T10:54:13.456+0000] {dag.py:3954} INFO - Setting next_dagrun for trustpilot_pipeline to None, run_after=None
[2025-08-26T10:54:13.471+0000] {processor.py:183} INFO - Processing /opt/airflow/dags/trustpilot_dag.py took 0.939 seconds
[2025-08-26T10:54:43.694+0000] {processor.py:161} INFO - Started process (PID=631) to work on /opt/airflow/dags/trustpilot_dag.py
[2025-08-26T10:54:43.695+0000] {processor.py:830} INFO - Processing file /opt/airflow/dags/trustpilot_dag.py for tasks to queue
[2025-08-26T10:54:43.698+0000] {logging_mixin.py:188} INFO - [2025-08-26T10:54:43.698+0000] {dagbag.py:545} INFO - Filling up the DagBag from /opt/airflow/dags/trustpilot_dag.py
[2025-08-26T10:54:44.636+0000] {logging_mixin.py:188} INFO - ***Fichier .env chargé
[2025-08-26T10:54:44.636+0000] {logging_mixin.py:188} INFO - ***Mode scraping : None
[2025-08-26T10:54:44.636+0000] {logging_mixin.py:188} INFO - ***Fichier d’entrée : None
[2025-08-26T10:54:44.643+0000] {processor.py:840} INFO - DAG(s) 'trustpilot_pipeline' retrieved from /opt/airflow/dags/trustpilot_dag.py
[2025-08-26T10:54:44.666+0000] {logging_mixin.py:188} INFO - [2025-08-26T10:54:44.665+0000] {dag.py:3096} INFO - Sync 1 DAGs
[2025-08-26T10:54:44.676+0000] {logging_mixin.py:188} INFO - [2025-08-26T10:54:44.676+0000] {dag.py:3954} INFO - Setting next_dagrun for trustpilot_pipeline to None, run_after=None
[2025-08-26T10:54:44.691+0000] {processor.py:183} INFO - Processing /opt/airflow/dags/trustpilot_dag.py took 1.014 seconds
[2025-08-26T10:55:14.885+0000] {processor.py:161} INFO - Started process (PID=637) to work on /opt/airflow/dags/trustpilot_dag.py
[2025-08-26T10:55:14.886+0000] {processor.py:830} INFO - Processing file /opt/airflow/dags/trustpilot_dag.py for tasks to queue
[2025-08-26T10:55:14.888+0000] {logging_mixin.py:188} INFO - [2025-08-26T10:55:14.888+0000] {dagbag.py:545} INFO - Filling up the DagBag from /opt/airflow/dags/trustpilot_dag.py
[2025-08-26T10:55:15.874+0000] {logging_mixin.py:188} INFO - ***Fichier .env chargé
[2025-08-26T10:55:15.875+0000] {logging_mixin.py:188} INFO - ***Mode scraping : None
[2025-08-26T10:55:15.875+0000] {logging_mixin.py:188} INFO - ***Fichier d’entrée : None
[2025-08-26T10:55:15.883+0000] {processor.py:840} INFO - DAG(s) 'trustpilot_pipeline' retrieved from /opt/airflow/dags/trustpilot_dag.py
[2025-08-26T10:55:15.906+0000] {logging_mixin.py:188} INFO - [2025-08-26T10:55:15.905+0000] {dag.py:3096} INFO - Sync 1 DAGs
[2025-08-26T10:55:15.915+0000] {logging_mixin.py:188} INFO - [2025-08-26T10:55:15.915+0000] {dag.py:3954} INFO - Setting next_dagrun for trustpilot_pipeline to None, run_after=None
[2025-08-26T10:55:15.934+0000] {processor.py:183} INFO - Processing /opt/airflow/dags/trustpilot_dag.py took 1.060 seconds
[2025-08-26T10:55:46.079+0000] {processor.py:161} INFO - Started process (PID=643) to work on /opt/airflow/dags/trustpilot_dag.py
[2025-08-26T10:55:46.080+0000] {processor.py:830} INFO - Processing file /opt/airflow/dags/trustpilot_dag.py for tasks to queue
[2025-08-26T10:55:46.083+0000] {logging_mixin.py:188} INFO - [2025-08-26T10:55:46.082+0000] {dagbag.py:545} INFO - Filling up the DagBag from /opt/airflow/dags/trustpilot_dag.py
[2025-08-26T10:55:46.969+0000] {logging_mixin.py:188} INFO - ***Fichier .env chargé
[2025-08-26T10:55:46.970+0000] {logging_mixin.py:188} INFO - ***Mode scraping : None
[2025-08-26T10:55:46.970+0000] {logging_mixin.py:188} INFO - ***Fichier d’entrée : None
[2025-08-26T10:55:46.976+0000] {processor.py:840} INFO - DAG(s) 'trustpilot_pipeline' retrieved from /opt/airflow/dags/trustpilot_dag.py
[2025-08-26T10:55:46.996+0000] {logging_mixin.py:188} INFO - [2025-08-26T10:55:46.995+0000] {dag.py:3096} INFO - Sync 1 DAGs
[2025-08-26T10:55:47.005+0000] {logging_mixin.py:188} INFO - [2025-08-26T10:55:47.005+0000] {dag.py:3954} INFO - Setting next_dagrun for trustpilot_pipeline to None, run_after=None
[2025-08-26T10:55:47.021+0000] {processor.py:183} INFO - Processing /opt/airflow/dags/trustpilot_dag.py took 0.948 seconds
[2025-08-26T10:56:17.205+0000] {processor.py:161} INFO - Started process (PID=649) to work on /opt/airflow/dags/trustpilot_dag.py
[2025-08-26T10:56:17.206+0000] {processor.py:830} INFO - Processing file /opt/airflow/dags/trustpilot_dag.py for tasks to queue
[2025-08-26T10:56:17.208+0000] {logging_mixin.py:188} INFO - [2025-08-26T10:56:17.207+0000] {dagbag.py:545} INFO - Filling up the DagBag from /opt/airflow/dags/trustpilot_dag.py
[2025-08-26T10:56:18.103+0000] {logging_mixin.py:188} INFO - ***Fichier .env chargé
[2025-08-26T10:56:18.103+0000] {logging_mixin.py:188} INFO - ***Mode scraping : None
[2025-08-26T10:56:18.103+0000] {logging_mixin.py:188} INFO - ***Fichier d’entrée : None
[2025-08-26T10:56:18.110+0000] {processor.py:840} INFO - DAG(s) 'trustpilot_pipeline' retrieved from /opt/airflow/dags/trustpilot_dag.py
[2025-08-26T10:56:18.131+0000] {logging_mixin.py:188} INFO - [2025-08-26T10:56:18.130+0000] {dag.py:3096} INFO - Sync 1 DAGs
[2025-08-26T10:56:18.141+0000] {logging_mixin.py:188} INFO - [2025-08-26T10:56:18.140+0000] {dag.py:3954} INFO - Setting next_dagrun for trustpilot_pipeline to None, run_after=None
[2025-08-26T10:56:18.157+0000] {processor.py:183} INFO - Processing /opt/airflow/dags/trustpilot_dag.py took 0.958 seconds
[2025-08-26T10:56:48.328+0000] {processor.py:161} INFO - Started process (PID=655) to work on /opt/airflow/dags/trustpilot_dag.py
[2025-08-26T10:56:48.328+0000] {processor.py:830} INFO - Processing file /opt/airflow/dags/trustpilot_dag.py for tasks to queue
[2025-08-26T10:56:48.330+0000] {logging_mixin.py:188} INFO - [2025-08-26T10:56:48.330+0000] {dagbag.py:545} INFO - Filling up the DagBag from /opt/airflow/dags/trustpilot_dag.py
[2025-08-26T10:56:49.382+0000] {logging_mixin.py:188} INFO - ***Fichier .env chargé
[2025-08-26T10:56:49.382+0000] {logging_mixin.py:188} INFO - ***Mode scraping : None
[2025-08-26T10:56:49.382+0000] {logging_mixin.py:188} INFO - ***Fichier d’entrée : None
[2025-08-26T10:56:49.391+0000] {processor.py:840} INFO - DAG(s) 'trustpilot_pipeline' retrieved from /opt/airflow/dags/trustpilot_dag.py
[2025-08-26T10:56:49.415+0000] {logging_mixin.py:188} INFO - [2025-08-26T10:56:49.414+0000] {dag.py:3096} INFO - Sync 1 DAGs
[2025-08-26T10:56:49.428+0000] {logging_mixin.py:188} INFO - [2025-08-26T10:56:49.428+0000] {dag.py:3954} INFO - Setting next_dagrun for trustpilot_pipeline to None, run_after=None
[2025-08-26T10:56:49.446+0000] {processor.py:183} INFO - Processing /opt/airflow/dags/trustpilot_dag.py took 1.126 seconds
[2025-08-26T10:57:19.513+0000] {processor.py:161} INFO - Started process (PID=661) to work on /opt/airflow/dags/trustpilot_dag.py
[2025-08-26T10:57:19.514+0000] {processor.py:830} INFO - Processing file /opt/airflow/dags/trustpilot_dag.py for tasks to queue
[2025-08-26T10:57:19.517+0000] {logging_mixin.py:188} INFO - [2025-08-26T10:57:19.516+0000] {dagbag.py:545} INFO - Filling up the DagBag from /opt/airflow/dags/trustpilot_dag.py
[2025-08-26T10:57:20.448+0000] {logging_mixin.py:188} INFO - ***Fichier .env chargé
[2025-08-26T10:57:20.448+0000] {logging_mixin.py:188} INFO - ***Mode scraping : None
[2025-08-26T10:57:20.448+0000] {logging_mixin.py:188} INFO - ***Fichier d’entrée : None
[2025-08-26T10:57:20.455+0000] {processor.py:840} INFO - DAG(s) 'trustpilot_pipeline' retrieved from /opt/airflow/dags/trustpilot_dag.py
[2025-08-26T10:57:20.477+0000] {logging_mixin.py:188} INFO - [2025-08-26T10:57:20.477+0000] {dag.py:3096} INFO - Sync 1 DAGs
[2025-08-26T10:57:20.486+0000] {logging_mixin.py:188} INFO - [2025-08-26T10:57:20.486+0000] {dag.py:3954} INFO - Setting next_dagrun for trustpilot_pipeline to None, run_after=None
[2025-08-26T10:57:20.502+0000] {processor.py:183} INFO - Processing /opt/airflow/dags/trustpilot_dag.py took 1.002 seconds
[2025-08-26T10:57:50.681+0000] {processor.py:161} INFO - Started process (PID=667) to work on /opt/airflow/dags/trustpilot_dag.py
[2025-08-26T10:57:50.682+0000] {processor.py:830} INFO - Processing file /opt/airflow/dags/trustpilot_dag.py for tasks to queue
[2025-08-26T10:57:50.684+0000] {logging_mixin.py:188} INFO - [2025-08-26T10:57:50.684+0000] {dagbag.py:545} INFO - Filling up the DagBag from /opt/airflow/dags/trustpilot_dag.py
[2025-08-26T10:57:51.615+0000] {logging_mixin.py:188} INFO - ***Fichier .env chargé
[2025-08-26T10:57:51.616+0000] {logging_mixin.py:188} INFO - ***Mode scraping : None
[2025-08-26T10:57:51.616+0000] {logging_mixin.py:188} INFO - ***Fichier d’entrée : None
[2025-08-26T10:57:51.622+0000] {processor.py:840} INFO - DAG(s) 'trustpilot_pipeline' retrieved from /opt/airflow/dags/trustpilot_dag.py
[2025-08-26T10:57:51.643+0000] {logging_mixin.py:188} INFO - [2025-08-26T10:57:51.642+0000] {dag.py:3096} INFO - Sync 1 DAGs
[2025-08-26T10:57:51.652+0000] {logging_mixin.py:188} INFO - [2025-08-26T10:57:51.652+0000] {dag.py:3954} INFO - Setting next_dagrun for trustpilot_pipeline to None, run_after=None
[2025-08-26T10:57:51.668+0000] {processor.py:183} INFO - Processing /opt/airflow/dags/trustpilot_dag.py took 0.998 seconds
[2025-08-26T10:58:21.855+0000] {processor.py:161} INFO - Started process (PID=673) to work on /opt/airflow/dags/trustpilot_dag.py
[2025-08-26T10:58:21.856+0000] {processor.py:830} INFO - Processing file /opt/airflow/dags/trustpilot_dag.py for tasks to queue
[2025-08-26T10:58:21.858+0000] {logging_mixin.py:188} INFO - [2025-08-26T10:58:21.858+0000] {dagbag.py:545} INFO - Filling up the DagBag from /opt/airflow/dags/trustpilot_dag.py
[2025-08-26T10:58:22.837+0000] {logging_mixin.py:188} INFO - ***Fichier .env chargé
[2025-08-26T10:58:22.837+0000] {logging_mixin.py:188} INFO - ***Mode scraping : None
[2025-08-26T10:58:22.837+0000] {logging_mixin.py:188} INFO - ***Fichier d’entrée : None
[2025-08-26T10:58:22.846+0000] {processor.py:840} INFO - DAG(s) 'trustpilot_pipeline' retrieved from /opt/airflow/dags/trustpilot_dag.py
[2025-08-26T10:58:22.869+0000] {logging_mixin.py:188} INFO - [2025-08-26T10:58:22.868+0000] {dag.py:3096} INFO - Sync 1 DAGs
[2025-08-26T10:58:22.881+0000] {logging_mixin.py:188} INFO - [2025-08-26T10:58:22.881+0000] {dag.py:3954} INFO - Setting next_dagrun for trustpilot_pipeline to None, run_after=None
[2025-08-26T10:58:22.899+0000] {processor.py:183} INFO - Processing /opt/airflow/dags/trustpilot_dag.py took 1.057 seconds
[2025-08-26T10:58:53.011+0000] {processor.py:161} INFO - Started process (PID=679) to work on /opt/airflow/dags/trustpilot_dag.py
[2025-08-26T10:58:53.012+0000] {processor.py:830} INFO - Processing file /opt/airflow/dags/trustpilot_dag.py for tasks to queue
[2025-08-26T10:58:53.015+0000] {logging_mixin.py:188} INFO - [2025-08-26T10:58:53.014+0000] {dagbag.py:545} INFO - Filling up the DagBag from /opt/airflow/dags/trustpilot_dag.py
[2025-08-26T10:58:54.056+0000] {logging_mixin.py:188} INFO - ***Fichier .env chargé
[2025-08-26T10:58:54.056+0000] {logging_mixin.py:188} INFO - ***Mode scraping : None
[2025-08-26T10:58:54.057+0000] {logging_mixin.py:188} INFO - ***Fichier d’entrée : None
[2025-08-26T10:58:54.063+0000] {processor.py:840} INFO - DAG(s) 'trustpilot_pipeline' retrieved from /opt/airflow/dags/trustpilot_dag.py
[2025-08-26T10:58:54.086+0000] {logging_mixin.py:188} INFO - [2025-08-26T10:58:54.085+0000] {dag.py:3096} INFO - Sync 1 DAGs
[2025-08-26T10:58:54.096+0000] {logging_mixin.py:188} INFO - [2025-08-26T10:58:54.096+0000] {dag.py:3954} INFO - Setting next_dagrun for trustpilot_pipeline to None, run_after=None
[2025-08-26T10:58:54.114+0000] {processor.py:183} INFO - Processing /opt/airflow/dags/trustpilot_dag.py took 1.116 seconds
[2025-08-26T10:59:24.160+0000] {processor.py:161} INFO - Started process (PID=685) to work on /opt/airflow/dags/trustpilot_dag.py
[2025-08-26T10:59:24.161+0000] {processor.py:830} INFO - Processing file /opt/airflow/dags/trustpilot_dag.py for tasks to queue
[2025-08-26T10:59:24.163+0000] {logging_mixin.py:188} INFO - [2025-08-26T10:59:24.162+0000] {dagbag.py:545} INFO - Filling up the DagBag from /opt/airflow/dags/trustpilot_dag.py
[2025-08-26T10:59:25.167+0000] {logging_mixin.py:188} INFO - ***Fichier .env chargé
[2025-08-26T10:59:25.168+0000] {logging_mixin.py:188} INFO - ***Mode scraping : None
[2025-08-26T10:59:25.168+0000] {logging_mixin.py:188} INFO - ***Fichier d’entrée : None
[2025-08-26T10:59:25.175+0000] {processor.py:840} INFO - DAG(s) 'trustpilot_pipeline' retrieved from /opt/airflow/dags/trustpilot_dag.py
[2025-08-26T10:59:25.200+0000] {logging_mixin.py:188} INFO - [2025-08-26T10:59:25.199+0000] {dag.py:3096} INFO - Sync 1 DAGs
[2025-08-26T10:59:25.211+0000] {logging_mixin.py:188} INFO - [2025-08-26T10:59:25.211+0000] {dag.py:3954} INFO - Setting next_dagrun for trustpilot_pipeline to None, run_after=None
[2025-08-26T10:59:25.234+0000] {processor.py:183} INFO - Processing /opt/airflow/dags/trustpilot_dag.py took 1.082 seconds
[2025-08-26T10:59:55.349+0000] {processor.py:161} INFO - Started process (PID=691) to work on /opt/airflow/dags/trustpilot_dag.py
[2025-08-26T10:59:55.350+0000] {processor.py:830} INFO - Processing file /opt/airflow/dags/trustpilot_dag.py for tasks to queue
[2025-08-26T10:59:55.352+0000] {logging_mixin.py:188} INFO - [2025-08-26T10:59:55.352+0000] {dagbag.py:545} INFO - Filling up the DagBag from /opt/airflow/dags/trustpilot_dag.py
[2025-08-26T10:59:56.381+0000] {logging_mixin.py:188} INFO - ***Fichier .env chargé
[2025-08-26T10:59:56.381+0000] {logging_mixin.py:188} INFO - ***Mode scraping : None
[2025-08-26T10:59:56.381+0000] {logging_mixin.py:188} INFO - ***Fichier d’entrée : None
[2025-08-26T10:59:56.388+0000] {processor.py:840} INFO - DAG(s) 'trustpilot_pipeline' retrieved from /opt/airflow/dags/trustpilot_dag.py
[2025-08-26T10:59:56.412+0000] {logging_mixin.py:188} INFO - [2025-08-26T10:59:56.411+0000] {dag.py:3096} INFO - Sync 1 DAGs
[2025-08-26T10:59:56.423+0000] {logging_mixin.py:188} INFO - [2025-08-26T10:59:56.422+0000] {dag.py:3954} INFO - Setting next_dagrun for trustpilot_pipeline to None, run_after=None
[2025-08-26T10:59:56.439+0000] {processor.py:183} INFO - Processing /opt/airflow/dags/trustpilot_dag.py took 1.099 seconds
[2025-08-26T11:00:26.496+0000] {processor.py:161} INFO - Started process (PID=697) to work on /opt/airflow/dags/trustpilot_dag.py
[2025-08-26T11:00:26.497+0000] {processor.py:830} INFO - Processing file /opt/airflow/dags/trustpilot_dag.py for tasks to queue
[2025-08-26T11:00:26.499+0000] {logging_mixin.py:188} INFO - [2025-08-26T11:00:26.498+0000] {dagbag.py:545} INFO - Filling up the DagBag from /opt/airflow/dags/trustpilot_dag.py
[2025-08-26T11:00:27.396+0000] {logging_mixin.py:188} INFO - ***Fichier .env chargé
[2025-08-26T11:00:27.396+0000] {logging_mixin.py:188} INFO - ***Mode scraping : None
[2025-08-26T11:00:27.397+0000] {logging_mixin.py:188} INFO - ***Fichier d’entrée : None
[2025-08-26T11:00:27.403+0000] {processor.py:840} INFO - DAG(s) 'trustpilot_pipeline' retrieved from /opt/airflow/dags/trustpilot_dag.py
[2025-08-26T11:00:27.424+0000] {logging_mixin.py:188} INFO - [2025-08-26T11:00:27.424+0000] {dag.py:3096} INFO - Sync 1 DAGs
[2025-08-26T11:00:27.433+0000] {logging_mixin.py:188} INFO - [2025-08-26T11:00:27.433+0000] {dag.py:3954} INFO - Setting next_dagrun for trustpilot_pipeline to None, run_after=None
[2025-08-26T11:00:27.448+0000] {processor.py:183} INFO - Processing /opt/airflow/dags/trustpilot_dag.py took 0.960 seconds
[2025-08-26T11:00:57.659+0000] {processor.py:161} INFO - Started process (PID=705) to work on /opt/airflow/dags/trustpilot_dag.py
[2025-08-26T11:00:57.660+0000] {processor.py:830} INFO - Processing file /opt/airflow/dags/trustpilot_dag.py for tasks to queue
[2025-08-26T11:00:57.662+0000] {logging_mixin.py:188} INFO - [2025-08-26T11:00:57.661+0000] {dagbag.py:545} INFO - Filling up the DagBag from /opt/airflow/dags/trustpilot_dag.py
[2025-08-26T11:00:58.688+0000] {logging_mixin.py:188} INFO - ***Fichier .env chargé
[2025-08-26T11:00:58.688+0000] {logging_mixin.py:188} INFO - ***Mode scraping : None
[2025-08-26T11:00:58.688+0000] {logging_mixin.py:188} INFO - ***Fichier d’entrée : None
[2025-08-26T11:00:58.695+0000] {processor.py:840} INFO - DAG(s) 'trustpilot_pipeline' retrieved from /opt/airflow/dags/trustpilot_dag.py
[2025-08-26T11:00:58.721+0000] {logging_mixin.py:188} INFO - [2025-08-26T11:00:58.720+0000] {dag.py:3096} INFO - Sync 1 DAGs
[2025-08-26T11:00:58.731+0000] {logging_mixin.py:188} INFO - [2025-08-26T11:00:58.731+0000] {dag.py:3954} INFO - Setting next_dagrun for trustpilot_pipeline to None, run_after=None
[2025-08-26T11:00:58.749+0000] {processor.py:183} INFO - Processing /opt/airflow/dags/trustpilot_dag.py took 1.098 seconds
[2025-08-26T11:01:28.872+0000] {processor.py:161} INFO - Started process (PID=724) to work on /opt/airflow/dags/trustpilot_dag.py
[2025-08-26T11:01:28.873+0000] {processor.py:830} INFO - Processing file /opt/airflow/dags/trustpilot_dag.py for tasks to queue
[2025-08-26T11:01:28.875+0000] {logging_mixin.py:188} INFO - [2025-08-26T11:01:28.875+0000] {dagbag.py:545} INFO - Filling up the DagBag from /opt/airflow/dags/trustpilot_dag.py
[2025-08-26T11:01:29.822+0000] {logging_mixin.py:188} INFO - ***Fichier .env chargé
[2025-08-26T11:01:29.822+0000] {logging_mixin.py:188} INFO - ***Mode scraping : None
[2025-08-26T11:01:29.823+0000] {logging_mixin.py:188} INFO - ***Fichier d’entrée : None
[2025-08-26T11:01:29.829+0000] {processor.py:840} INFO - DAG(s) 'trustpilot_pipeline' retrieved from /opt/airflow/dags/trustpilot_dag.py
[2025-08-26T11:01:29.849+0000] {logging_mixin.py:188} INFO - [2025-08-26T11:01:29.848+0000] {dag.py:3096} INFO - Sync 1 DAGs
[2025-08-26T11:01:29.858+0000] {logging_mixin.py:188} INFO - [2025-08-26T11:01:29.858+0000] {dag.py:3954} INFO - Setting next_dagrun for trustpilot_pipeline to None, run_after=None
[2025-08-26T11:01:29.875+0000] {processor.py:183} INFO - Processing /opt/airflow/dags/trustpilot_dag.py took 1.013 seconds
[2025-08-26T11:02:00.080+0000] {processor.py:161} INFO - Started process (PID=730) to work on /opt/airflow/dags/trustpilot_dag.py
[2025-08-26T11:02:00.080+0000] {processor.py:830} INFO - Processing file /opt/airflow/dags/trustpilot_dag.py for tasks to queue
[2025-08-26T11:02:00.082+0000] {logging_mixin.py:188} INFO - [2025-08-26T11:02:00.082+0000] {dagbag.py:545} INFO - Filling up the DagBag from /opt/airflow/dags/trustpilot_dag.py
[2025-08-26T11:02:01.081+0000] {logging_mixin.py:188} INFO - ***Fichier .env chargé
[2025-08-26T11:02:01.082+0000] {logging_mixin.py:188} INFO - ***Mode scraping : None
[2025-08-26T11:02:01.082+0000] {logging_mixin.py:188} INFO - ***Fichier d’entrée : None
[2025-08-26T11:02:01.090+0000] {processor.py:840} INFO - DAG(s) 'trustpilot_pipeline' retrieved from /opt/airflow/dags/trustpilot_dag.py
[2025-08-26T11:02:01.114+0000] {logging_mixin.py:188} INFO - [2025-08-26T11:02:01.113+0000] {dag.py:3096} INFO - Sync 1 DAGs
[2025-08-26T11:02:01.124+0000] {logging_mixin.py:188} INFO - [2025-08-26T11:02:01.124+0000] {dag.py:3954} INFO - Setting next_dagrun for trustpilot_pipeline to None, run_after=None
[2025-08-26T11:02:01.142+0000] {processor.py:183} INFO - Processing /opt/airflow/dags/trustpilot_dag.py took 1.071 seconds
[2025-08-26T11:02:31.258+0000] {processor.py:161} INFO - Started process (PID=736) to work on /opt/airflow/dags/trustpilot_dag.py
[2025-08-26T11:02:31.259+0000] {processor.py:830} INFO - Processing file /opt/airflow/dags/trustpilot_dag.py for tasks to queue
[2025-08-26T11:02:31.261+0000] {logging_mixin.py:188} INFO - [2025-08-26T11:02:31.261+0000] {dagbag.py:545} INFO - Filling up the DagBag from /opt/airflow/dags/trustpilot_dag.py
[2025-08-26T11:02:32.160+0000] {logging_mixin.py:188} INFO - ***Fichier .env chargé
[2025-08-26T11:02:32.160+0000] {logging_mixin.py:188} INFO - ***Mode scraping : None
[2025-08-26T11:02:32.160+0000] {logging_mixin.py:188} INFO - ***Fichier d’entrée : None
[2025-08-26T11:02:32.167+0000] {processor.py:840} INFO - DAG(s) 'trustpilot_pipeline' retrieved from /opt/airflow/dags/trustpilot_dag.py
[2025-08-26T11:02:32.187+0000] {logging_mixin.py:188} INFO - [2025-08-26T11:02:32.187+0000] {dag.py:3096} INFO - Sync 1 DAGs
[2025-08-26T11:02:32.197+0000] {logging_mixin.py:188} INFO - [2025-08-26T11:02:32.197+0000] {dag.py:3954} INFO - Setting next_dagrun for trustpilot_pipeline to None, run_after=None
[2025-08-26T11:02:32.212+0000] {processor.py:183} INFO - Processing /opt/airflow/dags/trustpilot_dag.py took 0.961 seconds
[2025-08-26T11:03:02.426+0000] {processor.py:161} INFO - Started process (PID=742) to work on /opt/airflow/dags/trustpilot_dag.py
[2025-08-26T11:03:02.428+0000] {processor.py:830} INFO - Processing file /opt/airflow/dags/trustpilot_dag.py for tasks to queue
[2025-08-26T11:03:02.431+0000] {logging_mixin.py:188} INFO - [2025-08-26T11:03:02.430+0000] {dagbag.py:545} INFO - Filling up the DagBag from /opt/airflow/dags/trustpilot_dag.py
[2025-08-26T11:03:03.350+0000] {logging_mixin.py:188} INFO - ***Fichier .env chargé
[2025-08-26T11:03:03.350+0000] {logging_mixin.py:188} INFO - ***Mode scraping : None
[2025-08-26T11:03:03.351+0000] {logging_mixin.py:188} INFO - ***Fichier d’entrée : None
[2025-08-26T11:03:03.358+0000] {processor.py:840} INFO - DAG(s) 'trustpilot_pipeline' retrieved from /opt/airflow/dags/trustpilot_dag.py
[2025-08-26T11:03:03.381+0000] {logging_mixin.py:188} INFO - [2025-08-26T11:03:03.380+0000] {dag.py:3096} INFO - Sync 1 DAGs
[2025-08-26T11:03:03.390+0000] {logging_mixin.py:188} INFO - [2025-08-26T11:03:03.390+0000] {dag.py:3954} INFO - Setting next_dagrun for trustpilot_pipeline to None, run_after=None
[2025-08-26T11:03:03.406+0000] {processor.py:183} INFO - Processing /opt/airflow/dags/trustpilot_dag.py took 0.996 seconds
[2025-08-26T11:03:33.553+0000] {processor.py:161} INFO - Started process (PID=748) to work on /opt/airflow/dags/trustpilot_dag.py
[2025-08-26T11:03:33.553+0000] {processor.py:830} INFO - Processing file /opt/airflow/dags/trustpilot_dag.py for tasks to queue
[2025-08-26T11:03:33.555+0000] {logging_mixin.py:188} INFO - [2025-08-26T11:03:33.555+0000] {dagbag.py:545} INFO - Filling up the DagBag from /opt/airflow/dags/trustpilot_dag.py
[2025-08-26T11:03:34.483+0000] {logging_mixin.py:188} INFO - ***Fichier .env chargé
[2025-08-26T11:03:34.484+0000] {logging_mixin.py:188} INFO - ***Mode scraping : None
[2025-08-26T11:03:34.484+0000] {logging_mixin.py:188} INFO - ***Fichier d’entrée : None
[2025-08-26T11:03:34.490+0000] {processor.py:840} INFO - DAG(s) 'trustpilot_pipeline' retrieved from /opt/airflow/dags/trustpilot_dag.py
[2025-08-26T11:03:34.514+0000] {logging_mixin.py:188} INFO - [2025-08-26T11:03:34.513+0000] {dag.py:3096} INFO - Sync 1 DAGs
[2025-08-26T11:03:34.523+0000] {logging_mixin.py:188} INFO - [2025-08-26T11:03:34.523+0000] {dag.py:3954} INFO - Setting next_dagrun for trustpilot_pipeline to None, run_after=None
[2025-08-26T11:03:34.539+0000] {processor.py:183} INFO - Processing /opt/airflow/dags/trustpilot_dag.py took 0.995 seconds
[2025-08-26T11:04:04.735+0000] {processor.py:161} INFO - Started process (PID=767) to work on /opt/airflow/dags/trustpilot_dag.py
[2025-08-26T11:04:04.736+0000] {processor.py:830} INFO - Processing file /opt/airflow/dags/trustpilot_dag.py for tasks to queue
[2025-08-26T11:04:04.740+0000] {logging_mixin.py:188} INFO - [2025-08-26T11:04:04.739+0000] {dagbag.py:545} INFO - Filling up the DagBag from /opt/airflow/dags/trustpilot_dag.py
[2025-08-26T11:04:05.647+0000] {logging_mixin.py:188} INFO - ***Fichier .env chargé
[2025-08-26T11:04:05.647+0000] {logging_mixin.py:188} INFO - ***Mode scraping : None
[2025-08-26T11:04:05.647+0000] {logging_mixin.py:188} INFO - ***Fichier d’entrée : None
[2025-08-26T11:04:05.654+0000] {processor.py:840} INFO - DAG(s) 'trustpilot_pipeline' retrieved from /opt/airflow/dags/trustpilot_dag.py
[2025-08-26T11:04:05.675+0000] {logging_mixin.py:188} INFO - [2025-08-26T11:04:05.675+0000] {dag.py:3096} INFO - Sync 1 DAGs
[2025-08-26T11:04:05.685+0000] {logging_mixin.py:188} INFO - [2025-08-26T11:04:05.684+0000] {dag.py:3954} INFO - Setting next_dagrun for trustpilot_pipeline to None, run_after=None
[2025-08-26T11:04:05.701+0000] {processor.py:183} INFO - Processing /opt/airflow/dags/trustpilot_dag.py took 0.981 seconds
[2025-08-26T11:04:35.893+0000] {processor.py:161} INFO - Started process (PID=786) to work on /opt/airflow/dags/trustpilot_dag.py
[2025-08-26T11:04:35.893+0000] {processor.py:830} INFO - Processing file /opt/airflow/dags/trustpilot_dag.py for tasks to queue
[2025-08-26T11:04:35.895+0000] {logging_mixin.py:188} INFO - [2025-08-26T11:04:35.895+0000] {dagbag.py:545} INFO - Filling up the DagBag from /opt/airflow/dags/trustpilot_dag.py
[2025-08-26T11:04:36.787+0000] {logging_mixin.py:188} INFO - ***Fichier .env chargé
[2025-08-26T11:04:36.787+0000] {logging_mixin.py:188} INFO - ***Mode scraping : None
[2025-08-26T11:04:36.787+0000] {logging_mixin.py:188} INFO - ***Fichier d’entrée : None
[2025-08-26T11:04:36.794+0000] {processor.py:840} INFO - DAG(s) 'trustpilot_pipeline' retrieved from /opt/airflow/dags/trustpilot_dag.py
[2025-08-26T11:04:36.814+0000] {logging_mixin.py:188} INFO - [2025-08-26T11:04:36.813+0000] {dag.py:3096} INFO - Sync 1 DAGs
[2025-08-26T11:04:36.823+0000] {logging_mixin.py:188} INFO - [2025-08-26T11:04:36.823+0000] {dag.py:3954} INFO - Setting next_dagrun for trustpilot_pipeline to None, run_after=None
[2025-08-26T11:04:36.839+0000] {processor.py:183} INFO - Processing /opt/airflow/dags/trustpilot_dag.py took 0.953 seconds
[2025-08-26T11:05:07.026+0000] {processor.py:161} INFO - Started process (PID=806) to work on /opt/airflow/dags/trustpilot_dag.py
[2025-08-26T11:05:07.027+0000] {processor.py:830} INFO - Processing file /opt/airflow/dags/trustpilot_dag.py for tasks to queue
[2025-08-26T11:05:07.029+0000] {logging_mixin.py:188} INFO - [2025-08-26T11:05:07.028+0000] {dagbag.py:545} INFO - Filling up the DagBag from /opt/airflow/dags/trustpilot_dag.py
[2025-08-26T11:05:07.901+0000] {logging_mixin.py:188} INFO - ***Fichier .env chargé
[2025-08-26T11:05:07.902+0000] {logging_mixin.py:188} INFO - ***Mode scraping : None
[2025-08-26T11:05:07.902+0000] {logging_mixin.py:188} INFO - ***Fichier d’entrée : None
[2025-08-26T11:05:07.908+0000] {processor.py:840} INFO - DAG(s) 'trustpilot_pipeline' retrieved from /opt/airflow/dags/trustpilot_dag.py
[2025-08-26T11:05:07.927+0000] {logging_mixin.py:188} INFO - [2025-08-26T11:05:07.927+0000] {dag.py:3096} INFO - Sync 1 DAGs
[2025-08-26T11:05:07.937+0000] {logging_mixin.py:188} INFO - [2025-08-26T11:05:07.936+0000] {dag.py:3954} INFO - Setting next_dagrun for trustpilot_pipeline to None, run_after=None
[2025-08-26T11:05:07.953+0000] {processor.py:183} INFO - Processing /opt/airflow/dags/trustpilot_dag.py took 0.934 seconds
[2025-08-26T11:05:38.182+0000] {processor.py:161} INFO - Started process (PID=812) to work on /opt/airflow/dags/trustpilot_dag.py
[2025-08-26T11:05:38.184+0000] {processor.py:830} INFO - Processing file /opt/airflow/dags/trustpilot_dag.py for tasks to queue
[2025-08-26T11:05:38.187+0000] {logging_mixin.py:188} INFO - [2025-08-26T11:05:38.186+0000] {dagbag.py:545} INFO - Filling up the DagBag from /opt/airflow/dags/trustpilot_dag.py
[2025-08-26T11:05:39.110+0000] {logging_mixin.py:188} INFO - ***Fichier .env chargé
[2025-08-26T11:05:39.110+0000] {logging_mixin.py:188} INFO - ***Mode scraping : None
[2025-08-26T11:05:39.110+0000] {logging_mixin.py:188} INFO - ***Fichier d’entrée : None
[2025-08-26T11:05:39.117+0000] {processor.py:840} INFO - DAG(s) 'trustpilot_pipeline' retrieved from /opt/airflow/dags/trustpilot_dag.py
[2025-08-26T11:05:39.140+0000] {logging_mixin.py:188} INFO - [2025-08-26T11:05:39.139+0000] {dag.py:3096} INFO - Sync 1 DAGs
[2025-08-26T11:05:39.149+0000] {logging_mixin.py:188} INFO - [2025-08-26T11:05:39.148+0000] {dag.py:3954} INFO - Setting next_dagrun for trustpilot_pipeline to None, run_after=None
[2025-08-26T11:05:39.165+0000] {processor.py:183} INFO - Processing /opt/airflow/dags/trustpilot_dag.py took 0.995 seconds
[2025-08-26T11:06:09.332+0000] {processor.py:161} INFO - Started process (PID=844) to work on /opt/airflow/dags/trustpilot_dag.py
[2025-08-26T11:06:09.333+0000] {processor.py:830} INFO - Processing file /opt/airflow/dags/trustpilot_dag.py for tasks to queue
[2025-08-26T11:06:09.335+0000] {logging_mixin.py:188} INFO - [2025-08-26T11:06:09.334+0000] {dagbag.py:545} INFO - Filling up the DagBag from /opt/airflow/dags/trustpilot_dag.py
[2025-08-26T11:06:10.394+0000] {logging_mixin.py:188} INFO - ***Fichier .env chargé
[2025-08-26T11:06:10.394+0000] {logging_mixin.py:188} INFO - ***Mode scraping : None
[2025-08-26T11:06:10.395+0000] {logging_mixin.py:188} INFO - ***Fichier d’entrée : None
[2025-08-26T11:06:10.403+0000] {processor.py:840} INFO - DAG(s) 'trustpilot_pipeline' retrieved from /opt/airflow/dags/trustpilot_dag.py
[2025-08-26T11:06:10.428+0000] {logging_mixin.py:188} INFO - [2025-08-26T11:06:10.428+0000] {dag.py:3096} INFO - Sync 1 DAGs
[2025-08-26T11:06:10.439+0000] {logging_mixin.py:188} INFO - [2025-08-26T11:06:10.439+0000] {dag.py:3954} INFO - Setting next_dagrun for trustpilot_pipeline to None, run_after=None
[2025-08-26T11:06:10.456+0000] {processor.py:183} INFO - Processing /opt/airflow/dags/trustpilot_dag.py took 1.130 seconds
[2025-08-26T11:06:40.643+0000] {processor.py:161} INFO - Started process (PID=850) to work on /opt/airflow/dags/trustpilot_dag.py
[2025-08-26T11:06:40.644+0000] {processor.py:830} INFO - Processing file /opt/airflow/dags/trustpilot_dag.py for tasks to queue
[2025-08-26T11:06:40.647+0000] {logging_mixin.py:188} INFO - [2025-08-26T11:06:40.647+0000] {dagbag.py:545} INFO - Filling up the DagBag from /opt/airflow/dags/trustpilot_dag.py
[2025-08-26T11:06:41.604+0000] {logging_mixin.py:188} INFO - ***Fichier .env chargé
[2025-08-26T11:06:41.604+0000] {logging_mixin.py:188} INFO - ***Mode scraping : None
[2025-08-26T11:06:41.604+0000] {logging_mixin.py:188} INFO - ***Fichier d’entrée : None
[2025-08-26T11:06:41.612+0000] {processor.py:840} INFO - DAG(s) 'trustpilot_pipeline' retrieved from /opt/airflow/dags/trustpilot_dag.py
[2025-08-26T11:06:41.633+0000] {logging_mixin.py:188} INFO - [2025-08-26T11:06:41.633+0000] {dag.py:3096} INFO - Sync 1 DAGs
[2025-08-26T11:06:41.644+0000] {logging_mixin.py:188} INFO - [2025-08-26T11:06:41.644+0000] {dag.py:3954} INFO - Setting next_dagrun for trustpilot_pipeline to None, run_after=None
[2025-08-26T11:06:41.662+0000] {processor.py:183} INFO - Processing /opt/airflow/dags/trustpilot_dag.py took 1.034 seconds
[2025-08-26T11:07:11.788+0000] {processor.py:161} INFO - Started process (PID=856) to work on /opt/airflow/dags/trustpilot_dag.py
[2025-08-26T11:07:11.789+0000] {processor.py:830} INFO - Processing file /opt/airflow/dags/trustpilot_dag.py for tasks to queue
[2025-08-26T11:07:11.791+0000] {logging_mixin.py:188} INFO - [2025-08-26T11:07:11.790+0000] {dagbag.py:545} INFO - Filling up the DagBag from /opt/airflow/dags/trustpilot_dag.py
[2025-08-26T11:07:12.799+0000] {logging_mixin.py:188} INFO - ***Fichier .env chargé
[2025-08-26T11:07:12.800+0000] {logging_mixin.py:188} INFO - ***Mode scraping : None
[2025-08-26T11:07:12.800+0000] {logging_mixin.py:188} INFO - ***Fichier d’entrée : None
[2025-08-26T11:07:12.809+0000] {processor.py:840} INFO - DAG(s) 'trustpilot_pipeline' retrieved from /opt/airflow/dags/trustpilot_dag.py
[2025-08-26T11:07:12.831+0000] {logging_mixin.py:188} INFO - [2025-08-26T11:07:12.830+0000] {dag.py:3096} INFO - Sync 1 DAGs
[2025-08-26T11:07:12.841+0000] {logging_mixin.py:188} INFO - [2025-08-26T11:07:12.841+0000] {dag.py:3954} INFO - Setting next_dagrun for trustpilot_pipeline to None, run_after=None
[2025-08-26T11:07:12.857+0000] {processor.py:183} INFO - Processing /opt/airflow/dags/trustpilot_dag.py took 1.076 seconds
[2025-08-26T11:07:42.940+0000] {processor.py:161} INFO - Started process (PID=863) to work on /opt/airflow/dags/trustpilot_dag.py
[2025-08-26T11:07:42.942+0000] {processor.py:830} INFO - Processing file /opt/airflow/dags/trustpilot_dag.py for tasks to queue
[2025-08-26T11:07:42.944+0000] {logging_mixin.py:188} INFO - [2025-08-26T11:07:42.943+0000] {dagbag.py:545} INFO - Filling up the DagBag from /opt/airflow/dags/trustpilot_dag.py
[2025-08-26T11:07:44.012+0000] {logging_mixin.py:188} INFO - ***Fichier .env chargé
[2025-08-26T11:07:44.012+0000] {logging_mixin.py:188} INFO - ***Mode scraping : None
[2025-08-26T11:07:44.013+0000] {logging_mixin.py:188} INFO - ***Fichier d’entrée : None
[2025-08-26T11:07:44.020+0000] {processor.py:840} INFO - DAG(s) 'trustpilot_pipeline' retrieved from /opt/airflow/dags/trustpilot_dag.py
[2025-08-26T11:07:44.042+0000] {logging_mixin.py:188} INFO - [2025-08-26T11:07:44.042+0000] {dag.py:3096} INFO - Sync 1 DAGs
[2025-08-26T11:07:44.052+0000] {logging_mixin.py:188} INFO - [2025-08-26T11:07:44.052+0000] {dag.py:3954} INFO - Setting next_dagrun for trustpilot_pipeline to None, run_after=None
[2025-08-26T11:07:44.071+0000] {processor.py:183} INFO - Processing /opt/airflow/dags/trustpilot_dag.py took 1.140 seconds
[2025-08-26T11:08:14.226+0000] {processor.py:161} INFO - Started process (PID=894) to work on /opt/airflow/dags/trustpilot_dag.py
[2025-08-26T11:08:14.227+0000] {processor.py:830} INFO - Processing file /opt/airflow/dags/trustpilot_dag.py for tasks to queue
[2025-08-26T11:08:14.229+0000] {logging_mixin.py:188} INFO - [2025-08-26T11:08:14.229+0000] {dagbag.py:545} INFO - Filling up the DagBag from /opt/airflow/dags/trustpilot_dag.py
[2025-08-26T11:08:15.252+0000] {logging_mixin.py:188} INFO - ***Fichier .env chargé
[2025-08-26T11:08:15.252+0000] {logging_mixin.py:188} INFO - ***Mode scraping : None
[2025-08-26T11:08:15.252+0000] {logging_mixin.py:188} INFO - ***Fichier d’entrée : None
[2025-08-26T11:08:15.259+0000] {processor.py:840} INFO - DAG(s) 'trustpilot_pipeline' retrieved from /opt/airflow/dags/trustpilot_dag.py
[2025-08-26T11:08:15.279+0000] {logging_mixin.py:188} INFO - [2025-08-26T11:08:15.278+0000] {dag.py:3096} INFO - Sync 1 DAGs
[2025-08-26T11:08:15.289+0000] {logging_mixin.py:188} INFO - [2025-08-26T11:08:15.288+0000] {dag.py:3954} INFO - Setting next_dagrun for trustpilot_pipeline to None, run_after=None
[2025-08-26T11:08:15.304+0000] {processor.py:183} INFO - Processing /opt/airflow/dags/trustpilot_dag.py took 1.085 seconds
[2025-08-26T11:08:45.408+0000] {processor.py:161} INFO - Started process (PID=900) to work on /opt/airflow/dags/trustpilot_dag.py
[2025-08-26T11:08:45.411+0000] {processor.py:830} INFO - Processing file /opt/airflow/dags/trustpilot_dag.py for tasks to queue
[2025-08-26T11:08:45.414+0000] {logging_mixin.py:188} INFO - [2025-08-26T11:08:45.413+0000] {dagbag.py:545} INFO - Filling up the DagBag from /opt/airflow/dags/trustpilot_dag.py
[2025-08-26T11:08:46.389+0000] {logging_mixin.py:188} INFO - ***Fichier .env chargé
[2025-08-26T11:08:46.389+0000] {logging_mixin.py:188} INFO - ***Mode scraping : None
[2025-08-26T11:08:46.390+0000] {logging_mixin.py:188} INFO - ***Fichier d’entrée : None
[2025-08-26T11:08:46.396+0000] {processor.py:840} INFO - DAG(s) 'trustpilot_pipeline' retrieved from /opt/airflow/dags/trustpilot_dag.py
[2025-08-26T11:08:46.418+0000] {logging_mixin.py:188} INFO - [2025-08-26T11:08:46.418+0000] {dag.py:3096} INFO - Sync 1 DAGs
[2025-08-26T11:08:46.427+0000] {logging_mixin.py:188} INFO - [2025-08-26T11:08:46.427+0000] {dag.py:3954} INFO - Setting next_dagrun for trustpilot_pipeline to None, run_after=None
[2025-08-26T11:08:46.443+0000] {processor.py:183} INFO - Processing /opt/airflow/dags/trustpilot_dag.py took 1.052 seconds
[2025-08-26T11:09:16.626+0000] {processor.py:161} INFO - Started process (PID=906) to work on /opt/airflow/dags/trustpilot_dag.py
[2025-08-26T11:09:16.627+0000] {processor.py:830} INFO - Processing file /opt/airflow/dags/trustpilot_dag.py for tasks to queue
[2025-08-26T11:09:16.629+0000] {logging_mixin.py:188} INFO - [2025-08-26T11:09:16.629+0000] {dagbag.py:545} INFO - Filling up the DagBag from /opt/airflow/dags/trustpilot_dag.py
[2025-08-26T11:09:17.497+0000] {logging_mixin.py:188} INFO - ***Fichier .env chargé
[2025-08-26T11:09:17.497+0000] {logging_mixin.py:188} INFO - ***Mode scraping : None
[2025-08-26T11:09:17.497+0000] {logging_mixin.py:188} INFO - ***Fichier d’entrée : None
[2025-08-26T11:09:17.504+0000] {processor.py:840} INFO - DAG(s) 'trustpilot_pipeline' retrieved from /opt/airflow/dags/trustpilot_dag.py
[2025-08-26T11:09:17.526+0000] {logging_mixin.py:188} INFO - [2025-08-26T11:09:17.525+0000] {dag.py:3096} INFO - Sync 1 DAGs
[2025-08-26T11:09:17.535+0000] {logging_mixin.py:188} INFO - [2025-08-26T11:09:17.535+0000] {dag.py:3954} INFO - Setting next_dagrun for trustpilot_pipeline to None, run_after=None
[2025-08-26T11:09:17.550+0000] {processor.py:183} INFO - Processing /opt/airflow/dags/trustpilot_dag.py took 0.931 seconds
[2025-08-26T11:09:47.775+0000] {processor.py:161} INFO - Started process (PID=912) to work on /opt/airflow/dags/trustpilot_dag.py
[2025-08-26T11:09:47.777+0000] {processor.py:830} INFO - Processing file /opt/airflow/dags/trustpilot_dag.py for tasks to queue
[2025-08-26T11:09:47.780+0000] {logging_mixin.py:188} INFO - [2025-08-26T11:09:47.779+0000] {dagbag.py:545} INFO - Filling up the DagBag from /opt/airflow/dags/trustpilot_dag.py
[2025-08-26T11:09:48.676+0000] {logging_mixin.py:188} INFO - ***Fichier .env chargé
[2025-08-26T11:09:48.676+0000] {logging_mixin.py:188} INFO - ***Mode scraping : None
[2025-08-26T11:09:48.676+0000] {logging_mixin.py:188} INFO - ***Fichier d’entrée : None
[2025-08-26T11:09:48.683+0000] {processor.py:840} INFO - DAG(s) 'trustpilot_pipeline' retrieved from /opt/airflow/dags/trustpilot_dag.py
[2025-08-26T11:09:48.703+0000] {logging_mixin.py:188} INFO - [2025-08-26T11:09:48.703+0000] {dag.py:3096} INFO - Sync 1 DAGs
[2025-08-26T11:09:48.712+0000] {logging_mixin.py:188} INFO - [2025-08-26T11:09:48.712+0000] {dag.py:3954} INFO - Setting next_dagrun for trustpilot_pipeline to None, run_after=None
[2025-08-26T11:09:48.728+0000] {processor.py:183} INFO - Processing /opt/airflow/dags/trustpilot_dag.py took 0.969 seconds
[2025-08-26T11:10:18.929+0000] {processor.py:161} INFO - Started process (PID=931) to work on /opt/airflow/dags/trustpilot_dag.py
[2025-08-26T11:10:18.930+0000] {processor.py:830} INFO - Processing file /opt/airflow/dags/trustpilot_dag.py for tasks to queue
[2025-08-26T11:10:18.933+0000] {logging_mixin.py:188} INFO - [2025-08-26T11:10:18.933+0000] {dagbag.py:545} INFO - Filling up the DagBag from /opt/airflow/dags/trustpilot_dag.py
[2025-08-26T11:10:19.873+0000] {logging_mixin.py:188} INFO - ***Fichier .env chargé
[2025-08-26T11:10:19.874+0000] {logging_mixin.py:188} INFO - ***Mode scraping : None
[2025-08-26T11:10:19.874+0000] {logging_mixin.py:188} INFO - ***Fichier d’entrée : None
[2025-08-26T11:10:19.882+0000] {processor.py:840} INFO - DAG(s) 'trustpilot_pipeline' retrieved from /opt/airflow/dags/trustpilot_dag.py
[2025-08-26T11:10:19.903+0000] {logging_mixin.py:188} INFO - [2025-08-26T11:10:19.903+0000] {dag.py:3096} INFO - Sync 1 DAGs
[2025-08-26T11:10:19.914+0000] {logging_mixin.py:188} INFO - [2025-08-26T11:10:19.914+0000] {dag.py:3954} INFO - Setting next_dagrun for trustpilot_pipeline to None, run_after=None
[2025-08-26T11:10:19.930+0000] {processor.py:183} INFO - Processing /opt/airflow/dags/trustpilot_dag.py took 1.015 seconds
[2025-08-26T11:10:50.105+0000] {processor.py:161} INFO - Started process (PID=937) to work on /opt/airflow/dags/trustpilot_dag.py
[2025-08-26T11:10:50.106+0000] {processor.py:830} INFO - Processing file /opt/airflow/dags/trustpilot_dag.py for tasks to queue
[2025-08-26T11:10:50.108+0000] {logging_mixin.py:188} INFO - [2025-08-26T11:10:50.107+0000] {dagbag.py:545} INFO - Filling up the DagBag from /opt/airflow/dags/trustpilot_dag.py
[2025-08-26T11:10:51.009+0000] {logging_mixin.py:188} INFO - ***Fichier .env chargé
[2025-08-26T11:10:51.009+0000] {logging_mixin.py:188} INFO - ***Mode scraping : None
[2025-08-26T11:10:51.010+0000] {logging_mixin.py:188} INFO - ***Fichier d’entrée : None
[2025-08-26T11:10:51.017+0000] {processor.py:840} INFO - DAG(s) 'trustpilot_pipeline' retrieved from /opt/airflow/dags/trustpilot_dag.py
[2025-08-26T11:10:51.037+0000] {logging_mixin.py:188} INFO - [2025-08-26T11:10:51.037+0000] {dag.py:3096} INFO - Sync 1 DAGs
[2025-08-26T11:10:51.048+0000] {logging_mixin.py:188} INFO - [2025-08-26T11:10:51.048+0000] {dag.py:3954} INFO - Setting next_dagrun for trustpilot_pipeline to None, run_after=None
[2025-08-26T11:10:51.064+0000] {processor.py:183} INFO - Processing /opt/airflow/dags/trustpilot_dag.py took 0.968 seconds
[2025-08-26T11:11:21.281+0000] {processor.py:161} INFO - Started process (PID=943) to work on /opt/airflow/dags/trustpilot_dag.py
[2025-08-26T11:11:21.283+0000] {processor.py:830} INFO - Processing file /opt/airflow/dags/trustpilot_dag.py for tasks to queue
[2025-08-26T11:11:21.287+0000] {logging_mixin.py:188} INFO - [2025-08-26T11:11:21.286+0000] {dagbag.py:545} INFO - Filling up the DagBag from /opt/airflow/dags/trustpilot_dag.py
[2025-08-26T11:11:22.184+0000] {logging_mixin.py:188} INFO - ***Fichier .env chargé
[2025-08-26T11:11:22.184+0000] {logging_mixin.py:188} INFO - ***Mode scraping : None
[2025-08-26T11:11:22.184+0000] {logging_mixin.py:188} INFO - ***Fichier d’entrée : None
[2025-08-26T11:11:22.190+0000] {processor.py:840} INFO - DAG(s) 'trustpilot_pipeline' retrieved from /opt/airflow/dags/trustpilot_dag.py
[2025-08-26T11:11:22.214+0000] {logging_mixin.py:188} INFO - [2025-08-26T11:11:22.213+0000] {dag.py:3096} INFO - Sync 1 DAGs
[2025-08-26T11:11:22.222+0000] {logging_mixin.py:188} INFO - [2025-08-26T11:11:22.222+0000] {dag.py:3954} INFO - Setting next_dagrun for trustpilot_pipeline to None, run_after=None
[2025-08-26T11:11:22.238+0000] {processor.py:183} INFO - Processing /opt/airflow/dags/trustpilot_dag.py took 0.974 seconds
[2025-08-26T11:11:52.423+0000] {processor.py:161} INFO - Started process (PID=962) to work on /opt/airflow/dags/trustpilot_dag.py
[2025-08-26T11:11:52.424+0000] {processor.py:830} INFO - Processing file /opt/airflow/dags/trustpilot_dag.py for tasks to queue
[2025-08-26T11:11:52.426+0000] {logging_mixin.py:188} INFO - [2025-08-26T11:11:52.426+0000] {dagbag.py:545} INFO - Filling up the DagBag from /opt/airflow/dags/trustpilot_dag.py
[2025-08-26T11:11:53.446+0000] {logging_mixin.py:188} INFO - ***Fichier .env chargé
[2025-08-26T11:11:53.447+0000] {logging_mixin.py:188} INFO - ***Mode scraping : None
[2025-08-26T11:11:53.447+0000] {logging_mixin.py:188} INFO - ***Fichier d’entrée : None
[2025-08-26T11:11:53.453+0000] {processor.py:840} INFO - DAG(s) 'trustpilot_pipeline' retrieved from /opt/airflow/dags/trustpilot_dag.py
[2025-08-26T11:11:53.473+0000] {logging_mixin.py:188} INFO - [2025-08-26T11:11:53.473+0000] {dag.py:3096} INFO - Sync 1 DAGs
[2025-08-26T11:11:53.482+0000] {logging_mixin.py:188} INFO - [2025-08-26T11:11:53.482+0000] {dag.py:3954} INFO - Setting next_dagrun for trustpilot_pipeline to None, run_after=None
[2025-08-26T11:11:53.497+0000] {processor.py:183} INFO - Processing /opt/airflow/dags/trustpilot_dag.py took 1.081 seconds
[2025-08-26T11:12:23.595+0000] {processor.py:161} INFO - Started process (PID=968) to work on /opt/airflow/dags/trustpilot_dag.py
[2025-08-26T11:12:23.597+0000] {processor.py:830} INFO - Processing file /opt/airflow/dags/trustpilot_dag.py for tasks to queue
[2025-08-26T11:12:23.600+0000] {logging_mixin.py:188} INFO - [2025-08-26T11:12:23.599+0000] {dagbag.py:545} INFO - Filling up the DagBag from /opt/airflow/dags/trustpilot_dag.py
[2025-08-26T11:12:24.574+0000] {logging_mixin.py:188} INFO - ***Fichier .env chargé
[2025-08-26T11:12:24.574+0000] {logging_mixin.py:188} INFO - ***Mode scraping : None
[2025-08-26T11:12:24.574+0000] {logging_mixin.py:188} INFO - ***Fichier d’entrée : None
[2025-08-26T11:12:24.585+0000] {processor.py:840} INFO - DAG(s) 'trustpilot_pipeline' retrieved from /opt/airflow/dags/trustpilot_dag.py
[2025-08-26T11:12:24.607+0000] {logging_mixin.py:188} INFO - [2025-08-26T11:12:24.607+0000] {dag.py:3096} INFO - Sync 1 DAGs
[2025-08-26T11:12:24.618+0000] {logging_mixin.py:188} INFO - [2025-08-26T11:12:24.618+0000] {dag.py:3954} INFO - Setting next_dagrun for trustpilot_pipeline to None, run_after=None
[2025-08-26T11:12:24.633+0000] {processor.py:183} INFO - Processing /opt/airflow/dags/trustpilot_dag.py took 1.054 seconds
[2025-08-26T11:12:54.831+0000] {processor.py:161} INFO - Started process (PID=974) to work on /opt/airflow/dags/trustpilot_dag.py
[2025-08-26T11:12:54.833+0000] {processor.py:830} INFO - Processing file /opt/airflow/dags/trustpilot_dag.py for tasks to queue
[2025-08-26T11:12:54.834+0000] {logging_mixin.py:188} INFO - [2025-08-26T11:12:54.834+0000] {dagbag.py:545} INFO - Filling up the DagBag from /opt/airflow/dags/trustpilot_dag.py
[2025-08-26T11:12:55.710+0000] {logging_mixin.py:188} INFO - ***Fichier .env chargé
[2025-08-26T11:12:55.710+0000] {logging_mixin.py:188} INFO - ***Mode scraping : None
[2025-08-26T11:12:55.710+0000] {logging_mixin.py:188} INFO - ***Fichier d’entrée : None
[2025-08-26T11:12:55.717+0000] {processor.py:840} INFO - DAG(s) 'trustpilot_pipeline' retrieved from /opt/airflow/dags/trustpilot_dag.py
[2025-08-26T11:12:55.737+0000] {logging_mixin.py:188} INFO - [2025-08-26T11:12:55.737+0000] {dag.py:3096} INFO - Sync 1 DAGs
[2025-08-26T11:12:55.746+0000] {logging_mixin.py:188} INFO - [2025-08-26T11:12:55.746+0000] {dag.py:3954} INFO - Setting next_dagrun for trustpilot_pipeline to None, run_after=None
[2025-08-26T11:12:55.762+0000] {processor.py:183} INFO - Processing /opt/airflow/dags/trustpilot_dag.py took 0.937 seconds
[2025-08-26T11:13:25.943+0000] {processor.py:161} INFO - Started process (PID=980) to work on /opt/airflow/dags/trustpilot_dag.py
[2025-08-26T11:13:25.944+0000] {processor.py:830} INFO - Processing file /opt/airflow/dags/trustpilot_dag.py for tasks to queue
[2025-08-26T11:13:25.946+0000] {logging_mixin.py:188} INFO - [2025-08-26T11:13:25.946+0000] {dagbag.py:545} INFO - Filling up the DagBag from /opt/airflow/dags/trustpilot_dag.py
[2025-08-26T11:13:26.827+0000] {logging_mixin.py:188} INFO - ***Fichier .env chargé
[2025-08-26T11:13:26.827+0000] {logging_mixin.py:188} INFO - ***Mode scraping : None
[2025-08-26T11:13:26.828+0000] {logging_mixin.py:188} INFO - ***Fichier d’entrée : None
[2025-08-26T11:13:26.834+0000] {processor.py:840} INFO - DAG(s) 'trustpilot_pipeline' retrieved from /opt/airflow/dags/trustpilot_dag.py
[2025-08-26T11:13:26.853+0000] {logging_mixin.py:188} INFO - [2025-08-26T11:13:26.853+0000] {dag.py:3096} INFO - Sync 1 DAGs
[2025-08-26T11:13:26.862+0000] {logging_mixin.py:188} INFO - [2025-08-26T11:13:26.862+0000] {dag.py:3954} INFO - Setting next_dagrun for trustpilot_pipeline to None, run_after=None
[2025-08-26T11:13:26.879+0000] {processor.py:183} INFO - Processing /opt/airflow/dags/trustpilot_dag.py took 0.942 seconds
[2025-08-26T11:13:57.078+0000] {processor.py:161} INFO - Started process (PID=999) to work on /opt/airflow/dags/trustpilot_dag.py
[2025-08-26T11:13:57.079+0000] {processor.py:830} INFO - Processing file /opt/airflow/dags/trustpilot_dag.py for tasks to queue
[2025-08-26T11:13:57.082+0000] {logging_mixin.py:188} INFO - [2025-08-26T11:13:57.082+0000] {dagbag.py:545} INFO - Filling up the DagBag from /opt/airflow/dags/trustpilot_dag.py
[2025-08-26T11:13:58.057+0000] {logging_mixin.py:188} INFO - ***Fichier .env chargé
[2025-08-26T11:13:58.058+0000] {logging_mixin.py:188} INFO - ***Mode scraping : None
[2025-08-26T11:13:58.058+0000] {logging_mixin.py:188} INFO - ***Fichier d’entrée : None
[2025-08-26T11:13:58.064+0000] {processor.py:840} INFO - DAG(s) 'trustpilot_pipeline' retrieved from /opt/airflow/dags/trustpilot_dag.py
[2025-08-26T11:13:58.085+0000] {logging_mixin.py:188} INFO - [2025-08-26T11:13:58.085+0000] {dag.py:3096} INFO - Sync 1 DAGs
[2025-08-26T11:13:58.096+0000] {logging_mixin.py:188} INFO - [2025-08-26T11:13:58.096+0000] {dag.py:3954} INFO - Setting next_dagrun for trustpilot_pipeline to None, run_after=None
[2025-08-26T11:13:58.115+0000] {processor.py:183} INFO - Processing /opt/airflow/dags/trustpilot_dag.py took 1.054 seconds
[2025-08-26T11:14:28.239+0000] {processor.py:161} INFO - Started process (PID=1005) to work on /opt/airflow/dags/trustpilot_dag.py
[2025-08-26T11:14:28.240+0000] {processor.py:830} INFO - Processing file /opt/airflow/dags/trustpilot_dag.py for tasks to queue
[2025-08-26T11:14:28.241+0000] {logging_mixin.py:188} INFO - [2025-08-26T11:14:28.241+0000] {dagbag.py:545} INFO - Filling up the DagBag from /opt/airflow/dags/trustpilot_dag.py
[2025-08-26T11:14:29.215+0000] {logging_mixin.py:188} INFO - ***Fichier .env chargé
[2025-08-26T11:14:29.216+0000] {logging_mixin.py:188} INFO - ***Mode scraping : None
[2025-08-26T11:14:29.216+0000] {logging_mixin.py:188} INFO - ***Fichier d’entrée : None
[2025-08-26T11:14:29.222+0000] {processor.py:840} INFO - DAG(s) 'trustpilot_pipeline' retrieved from /opt/airflow/dags/trustpilot_dag.py
[2025-08-26T11:14:29.247+0000] {logging_mixin.py:188} INFO - [2025-08-26T11:14:29.247+0000] {dag.py:3096} INFO - Sync 1 DAGs
[2025-08-26T11:14:29.257+0000] {logging_mixin.py:188} INFO - [2025-08-26T11:14:29.257+0000] {dag.py:3954} INFO - Setting next_dagrun for trustpilot_pipeline to None, run_after=None
[2025-08-26T11:14:29.274+0000] {processor.py:183} INFO - Processing /opt/airflow/dags/trustpilot_dag.py took 1.042 seconds
[2025-08-26T11:14:59.428+0000] {processor.py:161} INFO - Started process (PID=1024) to work on /opt/airflow/dags/trustpilot_dag.py
[2025-08-26T11:14:59.430+0000] {processor.py:830} INFO - Processing file /opt/airflow/dags/trustpilot_dag.py for tasks to queue
[2025-08-26T11:14:59.432+0000] {logging_mixin.py:188} INFO - [2025-08-26T11:14:59.431+0000] {dagbag.py:545} INFO - Filling up the DagBag from /opt/airflow/dags/trustpilot_dag.py
[2025-08-26T11:15:00.465+0000] {logging_mixin.py:188} INFO - ***Fichier .env chargé
[2025-08-26T11:15:00.465+0000] {logging_mixin.py:188} INFO - ***Mode scraping : None
[2025-08-26T11:15:00.466+0000] {logging_mixin.py:188} INFO - ***Fichier d’entrée : None
[2025-08-26T11:15:00.473+0000] {processor.py:840} INFO - DAG(s) 'trustpilot_pipeline' retrieved from /opt/airflow/dags/trustpilot_dag.py
[2025-08-26T11:15:00.496+0000] {logging_mixin.py:188} INFO - [2025-08-26T11:15:00.495+0000] {dag.py:3096} INFO - Sync 1 DAGs
[2025-08-26T11:15:00.506+0000] {logging_mixin.py:188} INFO - [2025-08-26T11:15:00.506+0000] {dag.py:3954} INFO - Setting next_dagrun for trustpilot_pipeline to None, run_after=None
[2025-08-26T11:15:00.523+0000] {processor.py:183} INFO - Processing /opt/airflow/dags/trustpilot_dag.py took 1.103 seconds
[2025-08-26T11:15:30.597+0000] {processor.py:161} INFO - Started process (PID=1030) to work on /opt/airflow/dags/trustpilot_dag.py
[2025-08-26T11:15:30.597+0000] {processor.py:830} INFO - Processing file /opt/airflow/dags/trustpilot_dag.py for tasks to queue
[2025-08-26T11:15:30.599+0000] {logging_mixin.py:188} INFO - [2025-08-26T11:15:30.599+0000] {dagbag.py:545} INFO - Filling up the DagBag from /opt/airflow/dags/trustpilot_dag.py
[2025-08-26T11:15:31.528+0000] {logging_mixin.py:188} INFO - ***Fichier .env chargé
[2025-08-26T11:15:31.528+0000] {logging_mixin.py:188} INFO - ***Mode scraping : None
[2025-08-26T11:15:31.529+0000] {logging_mixin.py:188} INFO - ***Fichier d’entrée : None
[2025-08-26T11:15:31.535+0000] {processor.py:840} INFO - DAG(s) 'trustpilot_pipeline' retrieved from /opt/airflow/dags/trustpilot_dag.py
[2025-08-26T11:15:31.555+0000] {logging_mixin.py:188} INFO - [2025-08-26T11:15:31.554+0000] {dag.py:3096} INFO - Sync 1 DAGs
[2025-08-26T11:15:31.564+0000] {logging_mixin.py:188} INFO - [2025-08-26T11:15:31.563+0000] {dag.py:3954} INFO - Setting next_dagrun for trustpilot_pipeline to None, run_after=None
[2025-08-26T11:15:31.579+0000] {processor.py:183} INFO - Processing /opt/airflow/dags/trustpilot_dag.py took 0.989 seconds
[2025-08-26T11:16:01.772+0000] {processor.py:161} INFO - Started process (PID=1036) to work on /opt/airflow/dags/trustpilot_dag.py
[2025-08-26T11:16:01.773+0000] {processor.py:830} INFO - Processing file /opt/airflow/dags/trustpilot_dag.py for tasks to queue
[2025-08-26T11:16:01.775+0000] {logging_mixin.py:188} INFO - [2025-08-26T11:16:01.775+0000] {dagbag.py:545} INFO - Filling up the DagBag from /opt/airflow/dags/trustpilot_dag.py
[2025-08-26T11:16:02.681+0000] {logging_mixin.py:188} INFO - ***Fichier .env chargé
[2025-08-26T11:16:02.681+0000] {logging_mixin.py:188} INFO - ***Mode scraping : None
[2025-08-26T11:16:02.681+0000] {logging_mixin.py:188} INFO - ***Fichier d’entrée : None
[2025-08-26T11:16:02.688+0000] {processor.py:840} INFO - DAG(s) 'trustpilot_pipeline' retrieved from /opt/airflow/dags/trustpilot_dag.py
[2025-08-26T11:16:02.708+0000] {logging_mixin.py:188} INFO - [2025-08-26T11:16:02.708+0000] {dag.py:3096} INFO - Sync 1 DAGs
[2025-08-26T11:16:02.718+0000] {logging_mixin.py:188} INFO - [2025-08-26T11:16:02.718+0000] {dag.py:3954} INFO - Setting next_dagrun for trustpilot_pipeline to None, run_after=None
[2025-08-26T11:16:02.736+0000] {processor.py:183} INFO - Processing /opt/airflow/dags/trustpilot_dag.py took 0.974 seconds
[2025-08-26T11:16:32.943+0000] {processor.py:161} INFO - Started process (PID=1042) to work on /opt/airflow/dags/trustpilot_dag.py
[2025-08-26T11:16:32.944+0000] {processor.py:830} INFO - Processing file /opt/airflow/dags/trustpilot_dag.py for tasks to queue
[2025-08-26T11:16:32.945+0000] {logging_mixin.py:188} INFO - [2025-08-26T11:16:32.945+0000] {dagbag.py:545} INFO - Filling up the DagBag from /opt/airflow/dags/trustpilot_dag.py
[2025-08-26T11:16:33.827+0000] {logging_mixin.py:188} INFO - ***Fichier .env chargé
[2025-08-26T11:16:33.827+0000] {logging_mixin.py:188} INFO - ***Mode scraping : None
[2025-08-26T11:16:33.827+0000] {logging_mixin.py:188} INFO - ***Fichier d’entrée : None
[2025-08-26T11:16:33.834+0000] {processor.py:840} INFO - DAG(s) 'trustpilot_pipeline' retrieved from /opt/airflow/dags/trustpilot_dag.py
[2025-08-26T11:16:33.853+0000] {logging_mixin.py:188} INFO - [2025-08-26T11:16:33.853+0000] {dag.py:3096} INFO - Sync 1 DAGs
[2025-08-26T11:16:33.863+0000] {logging_mixin.py:188} INFO - [2025-08-26T11:16:33.863+0000] {dag.py:3954} INFO - Setting next_dagrun for trustpilot_pipeline to None, run_after=None
[2025-08-26T11:16:33.879+0000] {processor.py:183} INFO - Processing /opt/airflow/dags/trustpilot_dag.py took 0.942 seconds
[2025-08-26T11:17:04.096+0000] {processor.py:161} INFO - Started process (PID=1048) to work on /opt/airflow/dags/trustpilot_dag.py
[2025-08-26T11:17:04.097+0000] {processor.py:830} INFO - Processing file /opt/airflow/dags/trustpilot_dag.py for tasks to queue
[2025-08-26T11:17:04.098+0000] {logging_mixin.py:188} INFO - [2025-08-26T11:17:04.098+0000] {dagbag.py:545} INFO - Filling up the DagBag from /opt/airflow/dags/trustpilot_dag.py
[2025-08-26T11:17:05.049+0000] {logging_mixin.py:188} INFO - ***Fichier .env chargé
[2025-08-26T11:17:05.050+0000] {logging_mixin.py:188} INFO - ***Mode scraping : None
[2025-08-26T11:17:05.050+0000] {logging_mixin.py:188} INFO - ***Fichier d’entrée : None
[2025-08-26T11:17:05.057+0000] {processor.py:840} INFO - DAG(s) 'trustpilot_pipeline' retrieved from /opt/airflow/dags/trustpilot_dag.py
[2025-08-26T11:17:05.082+0000] {logging_mixin.py:188} INFO - [2025-08-26T11:17:05.082+0000] {dag.py:3096} INFO - Sync 1 DAGs
[2025-08-26T11:17:05.093+0000] {logging_mixin.py:188} INFO - [2025-08-26T11:17:05.092+0000] {dag.py:3954} INFO - Setting next_dagrun for trustpilot_pipeline to None, run_after=None
[2025-08-26T11:17:05.111+0000] {processor.py:183} INFO - Processing /opt/airflow/dags/trustpilot_dag.py took 1.025 seconds
[2025-08-26T11:17:35.248+0000] {processor.py:161} INFO - Started process (PID=1054) to work on /opt/airflow/dags/trustpilot_dag.py
[2025-08-26T11:17:35.249+0000] {processor.py:830} INFO - Processing file /opt/airflow/dags/trustpilot_dag.py for tasks to queue
[2025-08-26T11:17:35.250+0000] {logging_mixin.py:188} INFO - [2025-08-26T11:17:35.250+0000] {dagbag.py:545} INFO - Filling up the DagBag from /opt/airflow/dags/trustpilot_dag.py
[2025-08-26T11:17:36.175+0000] {logging_mixin.py:188} INFO - ***Fichier .env chargé
[2025-08-26T11:17:36.175+0000] {logging_mixin.py:188} INFO - ***Mode scraping : None
[2025-08-26T11:17:36.175+0000] {logging_mixin.py:188} INFO - ***Fichier d’entrée : None
[2025-08-26T11:17:36.185+0000] {processor.py:840} INFO - DAG(s) 'trustpilot_pipeline' retrieved from /opt/airflow/dags/trustpilot_dag.py
[2025-08-26T11:17:36.208+0000] {logging_mixin.py:188} INFO - [2025-08-26T11:17:36.208+0000] {dag.py:3096} INFO - Sync 1 DAGs
[2025-08-26T11:17:36.220+0000] {logging_mixin.py:188} INFO - [2025-08-26T11:17:36.220+0000] {dag.py:3954} INFO - Setting next_dagrun for trustpilot_pipeline to None, run_after=None
[2025-08-26T11:17:36.236+0000] {processor.py:183} INFO - Processing /opt/airflow/dags/trustpilot_dag.py took 0.995 seconds
[2025-08-26T11:18:06.387+0000] {processor.py:161} INFO - Started process (PID=1073) to work on /opt/airflow/dags/trustpilot_dag.py
[2025-08-26T11:18:06.388+0000] {processor.py:830} INFO - Processing file /opt/airflow/dags/trustpilot_dag.py for tasks to queue
[2025-08-26T11:18:06.390+0000] {logging_mixin.py:188} INFO - [2025-08-26T11:18:06.389+0000] {dagbag.py:545} INFO - Filling up the DagBag from /opt/airflow/dags/trustpilot_dag.py
[2025-08-26T11:18:07.387+0000] {logging_mixin.py:188} INFO - ***Fichier .env chargé
[2025-08-26T11:18:07.388+0000] {logging_mixin.py:188} INFO - ***Mode scraping : None
[2025-08-26T11:18:07.388+0000] {logging_mixin.py:188} INFO - ***Fichier d’entrée : None
[2025-08-26T11:18:07.401+0000] {processor.py:840} INFO - DAG(s) 'trustpilot_pipeline' retrieved from /opt/airflow/dags/trustpilot_dag.py
[2025-08-26T11:18:07.424+0000] {logging_mixin.py:188} INFO - [2025-08-26T11:18:07.424+0000] {dag.py:3096} INFO - Sync 1 DAGs
[2025-08-26T11:18:07.436+0000] {logging_mixin.py:188} INFO - [2025-08-26T11:18:07.435+0000] {dag.py:3954} INFO - Setting next_dagrun for trustpilot_pipeline to None, run_after=None
[2025-08-26T11:18:07.452+0000] {processor.py:183} INFO - Processing /opt/airflow/dags/trustpilot_dag.py took 1.074 seconds
[2025-08-26T11:18:37.570+0000] {processor.py:161} INFO - Started process (PID=1079) to work on /opt/airflow/dags/trustpilot_dag.py
[2025-08-26T11:18:37.572+0000] {processor.py:830} INFO - Processing file /opt/airflow/dags/trustpilot_dag.py for tasks to queue
[2025-08-26T11:18:37.575+0000] {logging_mixin.py:188} INFO - [2025-08-26T11:18:37.575+0000] {dagbag.py:545} INFO - Filling up the DagBag from /opt/airflow/dags/trustpilot_dag.py
[2025-08-26T11:18:38.540+0000] {logging_mixin.py:188} INFO - ***Fichier .env chargé
[2025-08-26T11:18:38.541+0000] {logging_mixin.py:188} INFO - ***Mode scraping : None
[2025-08-26T11:18:38.541+0000] {logging_mixin.py:188} INFO - ***Fichier d’entrée : None
[2025-08-26T11:18:38.549+0000] {processor.py:840} INFO - DAG(s) 'trustpilot_pipeline' retrieved from /opt/airflow/dags/trustpilot_dag.py
[2025-08-26T11:18:38.571+0000] {logging_mixin.py:188} INFO - [2025-08-26T11:18:38.571+0000] {dag.py:3096} INFO - Sync 1 DAGs
[2025-08-26T11:18:38.580+0000] {logging_mixin.py:188} INFO - [2025-08-26T11:18:38.580+0000] {dag.py:3954} INFO - Setting next_dagrun for trustpilot_pipeline to None, run_after=None
[2025-08-26T11:18:38.596+0000] {processor.py:183} INFO - Processing /opt/airflow/dags/trustpilot_dag.py took 1.042 seconds
[2025-08-26T11:19:08.794+0000] {processor.py:161} INFO - Started process (PID=1085) to work on /opt/airflow/dags/trustpilot_dag.py
[2025-08-26T11:19:08.796+0000] {processor.py:830} INFO - Processing file /opt/airflow/dags/trustpilot_dag.py for tasks to queue
[2025-08-26T11:19:08.798+0000] {logging_mixin.py:188} INFO - [2025-08-26T11:19:08.798+0000] {dagbag.py:545} INFO - Filling up the DagBag from /opt/airflow/dags/trustpilot_dag.py
[2025-08-26T11:19:09.791+0000] {logging_mixin.py:188} INFO - ***Fichier .env chargé
[2025-08-26T11:19:09.791+0000] {logging_mixin.py:188} INFO - ***Mode scraping : None
[2025-08-26T11:19:09.791+0000] {logging_mixin.py:188} INFO - ***Fichier d’entrée : None
[2025-08-26T11:19:09.798+0000] {processor.py:840} INFO - DAG(s) 'trustpilot_pipeline' retrieved from /opt/airflow/dags/trustpilot_dag.py
[2025-08-26T11:19:09.818+0000] {logging_mixin.py:188} INFO - [2025-08-26T11:19:09.818+0000] {dag.py:3096} INFO - Sync 1 DAGs
[2025-08-26T11:19:09.827+0000] {logging_mixin.py:188} INFO - [2025-08-26T11:19:09.827+0000] {dag.py:3954} INFO - Setting next_dagrun for trustpilot_pipeline to None, run_after=None
[2025-08-26T11:19:09.849+0000] {processor.py:183} INFO - Processing /opt/airflow/dags/trustpilot_dag.py took 1.065 seconds
[2025-08-26T11:19:39.966+0000] {processor.py:161} INFO - Started process (PID=1104) to work on /opt/airflow/dags/trustpilot_dag.py
[2025-08-26T11:19:39.967+0000] {processor.py:830} INFO - Processing file /opt/airflow/dags/trustpilot_dag.py for tasks to queue
[2025-08-26T11:19:39.970+0000] {logging_mixin.py:188} INFO - [2025-08-26T11:19:39.970+0000] {dagbag.py:545} INFO - Filling up the DagBag from /opt/airflow/dags/trustpilot_dag.py
[2025-08-26T11:19:40.875+0000] {logging_mixin.py:188} INFO - ***Fichier .env chargé
[2025-08-26T11:19:40.876+0000] {logging_mixin.py:188} INFO - ***Mode scraping : None
[2025-08-26T11:19:40.876+0000] {logging_mixin.py:188} INFO - ***Fichier d’entrée : None
[2025-08-26T11:19:40.882+0000] {processor.py:840} INFO - DAG(s) 'trustpilot_pipeline' retrieved from /opt/airflow/dags/trustpilot_dag.py
[2025-08-26T11:19:40.904+0000] {logging_mixin.py:188} INFO - [2025-08-26T11:19:40.904+0000] {dag.py:3096} INFO - Sync 1 DAGs
[2025-08-26T11:19:40.915+0000] {logging_mixin.py:188} INFO - [2025-08-26T11:19:40.915+0000] {dag.py:3954} INFO - Setting next_dagrun for trustpilot_pipeline to None, run_after=None
[2025-08-26T11:19:40.932+0000] {processor.py:183} INFO - Processing /opt/airflow/dags/trustpilot_dag.py took 0.980 seconds
[2025-08-26T11:20:11.144+0000] {processor.py:161} INFO - Started process (PID=1110) to work on /opt/airflow/dags/trustpilot_dag.py
[2025-08-26T11:20:11.146+0000] {processor.py:830} INFO - Processing file /opt/airflow/dags/trustpilot_dag.py for tasks to queue
[2025-08-26T11:20:11.150+0000] {logging_mixin.py:188} INFO - [2025-08-26T11:20:11.149+0000] {dagbag.py:545} INFO - Filling up the DagBag from /opt/airflow/dags/trustpilot_dag.py
[2025-08-26T11:20:12.136+0000] {logging_mixin.py:188} INFO - ***Fichier .env chargé
[2025-08-26T11:20:12.137+0000] {logging_mixin.py:188} INFO - ***Mode scraping : None
[2025-08-26T11:20:12.137+0000] {logging_mixin.py:188} INFO - ***Fichier d’entrée : None
[2025-08-26T11:20:12.144+0000] {processor.py:840} INFO - DAG(s) 'trustpilot_pipeline' retrieved from /opt/airflow/dags/trustpilot_dag.py
[2025-08-26T11:20:12.166+0000] {logging_mixin.py:188} INFO - [2025-08-26T11:20:12.165+0000] {dag.py:3096} INFO - Sync 1 DAGs
[2025-08-26T11:20:12.176+0000] {logging_mixin.py:188} INFO - [2025-08-26T11:20:12.176+0000] {dag.py:3954} INFO - Setting next_dagrun for trustpilot_pipeline to None, run_after=None
[2025-08-26T11:20:12.194+0000] {processor.py:183} INFO - Processing /opt/airflow/dags/trustpilot_dag.py took 1.068 seconds
[2025-08-26T11:20:42.322+0000] {processor.py:161} INFO - Started process (PID=1116) to work on /opt/airflow/dags/trustpilot_dag.py
[2025-08-26T11:20:42.323+0000] {processor.py:830} INFO - Processing file /opt/airflow/dags/trustpilot_dag.py for tasks to queue
[2025-08-26T11:20:42.326+0000] {logging_mixin.py:188} INFO - [2025-08-26T11:20:42.325+0000] {dagbag.py:545} INFO - Filling up the DagBag from /opt/airflow/dags/trustpilot_dag.py
[2025-08-26T11:20:43.458+0000] {logging_mixin.py:188} INFO - ***Fichier .env chargé
[2025-08-26T11:20:43.459+0000] {logging_mixin.py:188} INFO - ***Mode scraping : None
[2025-08-26T11:20:43.459+0000] {logging_mixin.py:188} INFO - ***Fichier d’entrée : None
[2025-08-26T11:20:43.470+0000] {processor.py:840} INFO - DAG(s) 'trustpilot_pipeline' retrieved from /opt/airflow/dags/trustpilot_dag.py
[2025-08-26T11:20:43.495+0000] {logging_mixin.py:188} INFO - [2025-08-26T11:20:43.495+0000] {dag.py:3096} INFO - Sync 1 DAGs
[2025-08-26T11:20:43.506+0000] {logging_mixin.py:188} INFO - [2025-08-26T11:20:43.506+0000] {dag.py:3954} INFO - Setting next_dagrun for trustpilot_pipeline to None, run_after=None
[2025-08-26T11:20:43.524+0000] {processor.py:183} INFO - Processing /opt/airflow/dags/trustpilot_dag.py took 1.210 seconds
[2025-08-26T11:21:13.695+0000] {processor.py:161} INFO - Started process (PID=1135) to work on /opt/airflow/dags/trustpilot_dag.py
[2025-08-26T11:21:13.697+0000] {processor.py:830} INFO - Processing file /opt/airflow/dags/trustpilot_dag.py for tasks to queue
[2025-08-26T11:21:13.701+0000] {logging_mixin.py:188} INFO - [2025-08-26T11:21:13.700+0000] {dagbag.py:545} INFO - Filling up the DagBag from /opt/airflow/dags/trustpilot_dag.py
[2025-08-26T11:21:14.620+0000] {logging_mixin.py:188} INFO - ***Fichier .env chargé
[2025-08-26T11:21:14.620+0000] {logging_mixin.py:188} INFO - ***Mode scraping : None
[2025-08-26T11:21:14.620+0000] {logging_mixin.py:188} INFO - ***Fichier d’entrée : None
[2025-08-26T11:21:14.628+0000] {processor.py:840} INFO - DAG(s) 'trustpilot_pipeline' retrieved from /opt/airflow/dags/trustpilot_dag.py
[2025-08-26T11:21:14.649+0000] {logging_mixin.py:188} INFO - [2025-08-26T11:21:14.648+0000] {dag.py:3096} INFO - Sync 1 DAGs
[2025-08-26T11:21:14.658+0000] {logging_mixin.py:188} INFO - [2025-08-26T11:21:14.658+0000] {dag.py:3954} INFO - Setting next_dagrun for trustpilot_pipeline to None, run_after=None
[2025-08-26T11:21:14.673+0000] {processor.py:183} INFO - Processing /opt/airflow/dags/trustpilot_dag.py took 0.995 seconds
[2025-08-26T11:21:44.869+0000] {processor.py:161} INFO - Started process (PID=1141) to work on /opt/airflow/dags/trustpilot_dag.py
[2025-08-26T11:21:44.870+0000] {processor.py:830} INFO - Processing file /opt/airflow/dags/trustpilot_dag.py for tasks to queue
[2025-08-26T11:21:44.872+0000] {logging_mixin.py:188} INFO - [2025-08-26T11:21:44.872+0000] {dagbag.py:545} INFO - Filling up the DagBag from /opt/airflow/dags/trustpilot_dag.py
[2025-08-26T11:21:45.786+0000] {logging_mixin.py:188} INFO - ***Fichier .env chargé
[2025-08-26T11:21:45.787+0000] {logging_mixin.py:188} INFO - ***Mode scraping : None
[2025-08-26T11:21:45.787+0000] {logging_mixin.py:188} INFO - ***Fichier d’entrée : None
[2025-08-26T11:21:45.793+0000] {processor.py:840} INFO - DAG(s) 'trustpilot_pipeline' retrieved from /opt/airflow/dags/trustpilot_dag.py
[2025-08-26T11:21:45.813+0000] {logging_mixin.py:188} INFO - [2025-08-26T11:21:45.813+0000] {dag.py:3096} INFO - Sync 1 DAGs
[2025-08-26T11:21:45.822+0000] {logging_mixin.py:188} INFO - [2025-08-26T11:21:45.822+0000] {dag.py:3954} INFO - Setting next_dagrun for trustpilot_pipeline to None, run_after=None
[2025-08-26T11:21:45.838+0000] {processor.py:183} INFO - Processing /opt/airflow/dags/trustpilot_dag.py took 0.984 seconds
[2025-08-26T11:22:16.025+0000] {processor.py:161} INFO - Started process (PID=1147) to work on /opt/airflow/dags/trustpilot_dag.py
[2025-08-26T11:22:16.026+0000] {processor.py:830} INFO - Processing file /opt/airflow/dags/trustpilot_dag.py for tasks to queue
[2025-08-26T11:22:16.027+0000] {logging_mixin.py:188} INFO - [2025-08-26T11:22:16.027+0000] {dagbag.py:545} INFO - Filling up the DagBag from /opt/airflow/dags/trustpilot_dag.py
[2025-08-26T11:22:17.031+0000] {logging_mixin.py:188} INFO - ***Fichier .env chargé
[2025-08-26T11:22:17.031+0000] {logging_mixin.py:188} INFO - ***Mode scraping : None
[2025-08-26T11:22:17.031+0000] {logging_mixin.py:188} INFO - ***Fichier d’entrée : None
[2025-08-26T11:22:17.039+0000] {processor.py:840} INFO - DAG(s) 'trustpilot_pipeline' retrieved from /opt/airflow/dags/trustpilot_dag.py
[2025-08-26T11:22:17.061+0000] {logging_mixin.py:188} INFO - [2025-08-26T11:22:17.060+0000] {dag.py:3096} INFO - Sync 1 DAGs
[2025-08-26T11:22:17.072+0000] {logging_mixin.py:188} INFO - [2025-08-26T11:22:17.072+0000] {dag.py:3954} INFO - Setting next_dagrun for trustpilot_pipeline to None, run_after=None
[2025-08-26T11:22:17.089+0000] {processor.py:183} INFO - Processing /opt/airflow/dags/trustpilot_dag.py took 1.071 seconds
[2025-08-26T11:22:47.188+0000] {processor.py:161} INFO - Started process (PID=1166) to work on /opt/airflow/dags/trustpilot_dag.py
[2025-08-26T11:22:47.189+0000] {processor.py:830} INFO - Processing file /opt/airflow/dags/trustpilot_dag.py for tasks to queue
[2025-08-26T11:22:47.192+0000] {logging_mixin.py:188} INFO - [2025-08-26T11:22:47.191+0000] {dagbag.py:545} INFO - Filling up the DagBag from /opt/airflow/dags/trustpilot_dag.py
[2025-08-26T11:22:48.155+0000] {logging_mixin.py:188} INFO - ***Fichier .env chargé
[2025-08-26T11:22:48.155+0000] {logging_mixin.py:188} INFO - ***Mode scraping : None
[2025-08-26T11:22:48.155+0000] {logging_mixin.py:188} INFO - ***Fichier d’entrée : None
[2025-08-26T11:22:48.162+0000] {processor.py:840} INFO - DAG(s) 'trustpilot_pipeline' retrieved from /opt/airflow/dags/trustpilot_dag.py
[2025-08-26T11:22:48.189+0000] {logging_mixin.py:188} INFO - [2025-08-26T11:22:48.188+0000] {dag.py:3096} INFO - Sync 1 DAGs
[2025-08-26T11:22:48.201+0000] {logging_mixin.py:188} INFO - [2025-08-26T11:22:48.201+0000] {dag.py:3954} INFO - Setting next_dagrun for trustpilot_pipeline to None, run_after=None
[2025-08-26T11:22:48.220+0000] {processor.py:183} INFO - Processing /opt/airflow/dags/trustpilot_dag.py took 1.039 seconds
[2025-08-26T11:23:18.407+0000] {processor.py:161} INFO - Started process (PID=1172) to work on /opt/airflow/dags/trustpilot_dag.py
[2025-08-26T11:23:18.408+0000] {processor.py:830} INFO - Processing file /opt/airflow/dags/trustpilot_dag.py for tasks to queue
[2025-08-26T11:23:18.410+0000] {logging_mixin.py:188} INFO - [2025-08-26T11:23:18.410+0000] {dagbag.py:545} INFO - Filling up the DagBag from /opt/airflow/dags/trustpilot_dag.py
[2025-08-26T11:23:19.326+0000] {logging_mixin.py:188} INFO - ***Fichier .env chargé
[2025-08-26T11:23:19.326+0000] {logging_mixin.py:188} INFO - ***Mode scraping : None
[2025-08-26T11:23:19.327+0000] {logging_mixin.py:188} INFO - ***Fichier d’entrée : None
[2025-08-26T11:23:19.334+0000] {processor.py:840} INFO - DAG(s) 'trustpilot_pipeline' retrieved from /opt/airflow/dags/trustpilot_dag.py
[2025-08-26T11:23:19.360+0000] {logging_mixin.py:188} INFO - [2025-08-26T11:23:19.360+0000] {dag.py:3096} INFO - Sync 1 DAGs
[2025-08-26T11:23:19.370+0000] {logging_mixin.py:188} INFO - [2025-08-26T11:23:19.370+0000] {dag.py:3954} INFO - Setting next_dagrun for trustpilot_pipeline to None, run_after=None
[2025-08-26T11:23:19.386+0000] {processor.py:183} INFO - Processing /opt/airflow/dags/trustpilot_dag.py took 0.987 seconds
[2025-08-26T11:23:49.584+0000] {processor.py:161} INFO - Started process (PID=1178) to work on /opt/airflow/dags/trustpilot_dag.py
[2025-08-26T11:23:49.585+0000] {processor.py:830} INFO - Processing file /opt/airflow/dags/trustpilot_dag.py for tasks to queue
[2025-08-26T11:23:49.587+0000] {logging_mixin.py:188} INFO - [2025-08-26T11:23:49.586+0000] {dagbag.py:545} INFO - Filling up the DagBag from /opt/airflow/dags/trustpilot_dag.py
[2025-08-26T11:23:50.592+0000] {logging_mixin.py:188} INFO - ***Fichier .env chargé
[2025-08-26T11:23:50.593+0000] {logging_mixin.py:188} INFO - ***Mode scraping : None
[2025-08-26T11:23:50.593+0000] {logging_mixin.py:188} INFO - ***Fichier d’entrée : None
[2025-08-26T11:23:50.603+0000] {processor.py:840} INFO - DAG(s) 'trustpilot_pipeline' retrieved from /opt/airflow/dags/trustpilot_dag.py
[2025-08-26T11:23:50.625+0000] {logging_mixin.py:188} INFO - [2025-08-26T11:23:50.625+0000] {dag.py:3096} INFO - Sync 1 DAGs
[2025-08-26T11:23:50.636+0000] {logging_mixin.py:188} INFO - [2025-08-26T11:23:50.636+0000] {dag.py:3954} INFO - Setting next_dagrun for trustpilot_pipeline to None, run_after=None
[2025-08-26T11:23:50.653+0000] {processor.py:183} INFO - Processing /opt/airflow/dags/trustpilot_dag.py took 1.077 seconds
[2025-08-26T11:24:20.738+0000] {processor.py:161} INFO - Started process (PID=1184) to work on /opt/airflow/dags/trustpilot_dag.py
[2025-08-26T11:24:20.739+0000] {processor.py:830} INFO - Processing file /opt/airflow/dags/trustpilot_dag.py for tasks to queue
[2025-08-26T11:24:20.741+0000] {logging_mixin.py:188} INFO - [2025-08-26T11:24:20.741+0000] {dagbag.py:545} INFO - Filling up the DagBag from /opt/airflow/dags/trustpilot_dag.py
[2025-08-26T11:24:21.653+0000] {logging_mixin.py:188} INFO - ***Fichier .env chargé
[2025-08-26T11:24:21.653+0000] {logging_mixin.py:188} INFO - ***Mode scraping : None
[2025-08-26T11:24:21.654+0000] {logging_mixin.py:188} INFO - ***Fichier d’entrée : None
[2025-08-26T11:24:21.660+0000] {processor.py:840} INFO - DAG(s) 'trustpilot_pipeline' retrieved from /opt/airflow/dags/trustpilot_dag.py
[2025-08-26T11:24:21.680+0000] {logging_mixin.py:188} INFO - [2025-08-26T11:24:21.680+0000] {dag.py:3096} INFO - Sync 1 DAGs
[2025-08-26T11:24:21.691+0000] {logging_mixin.py:188} INFO - [2025-08-26T11:24:21.690+0000] {dag.py:3954} INFO - Setting next_dagrun for trustpilot_pipeline to None, run_after=None
[2025-08-26T11:24:21.708+0000] {processor.py:183} INFO - Processing /opt/airflow/dags/trustpilot_dag.py took 0.980 seconds
[2025-08-26T11:24:51.902+0000] {processor.py:161} INFO - Started process (PID=1190) to work on /opt/airflow/dags/trustpilot_dag.py
[2025-08-26T11:24:51.903+0000] {processor.py:830} INFO - Processing file /opt/airflow/dags/trustpilot_dag.py for tasks to queue
[2025-08-26T11:24:51.905+0000] {logging_mixin.py:188} INFO - [2025-08-26T11:24:51.905+0000] {dagbag.py:545} INFO - Filling up the DagBag from /opt/airflow/dags/trustpilot_dag.py
[2025-08-26T11:24:52.832+0000] {logging_mixin.py:188} INFO - ***Fichier .env chargé
[2025-08-26T11:24:52.832+0000] {logging_mixin.py:188} INFO - ***Mode scraping : None
[2025-08-26T11:24:52.833+0000] {logging_mixin.py:188} INFO - ***Fichier d’entrée : None
[2025-08-26T11:24:52.839+0000] {processor.py:840} INFO - DAG(s) 'trustpilot_pipeline' retrieved from /opt/airflow/dags/trustpilot_dag.py
[2025-08-26T11:24:52.859+0000] {logging_mixin.py:188} INFO - [2025-08-26T11:24:52.859+0000] {dag.py:3096} INFO - Sync 1 DAGs
[2025-08-26T11:24:52.868+0000] {logging_mixin.py:188} INFO - [2025-08-26T11:24:52.868+0000] {dag.py:3954} INFO - Setting next_dagrun for trustpilot_pipeline to None, run_after=None
[2025-08-26T11:24:52.886+0000] {processor.py:183} INFO - Processing /opt/airflow/dags/trustpilot_dag.py took 0.993 seconds
[2025-08-26T11:25:23.061+0000] {processor.py:161} INFO - Started process (PID=1196) to work on /opt/airflow/dags/trustpilot_dag.py
[2025-08-26T11:25:23.062+0000] {processor.py:830} INFO - Processing file /opt/airflow/dags/trustpilot_dag.py for tasks to queue
[2025-08-26T11:25:23.064+0000] {logging_mixin.py:188} INFO - [2025-08-26T11:25:23.063+0000] {dagbag.py:545} INFO - Filling up the DagBag from /opt/airflow/dags/trustpilot_dag.py
[2025-08-26T11:25:24.047+0000] {logging_mixin.py:188} INFO - ***Fichier .env chargé
[2025-08-26T11:25:24.047+0000] {logging_mixin.py:188} INFO - ***Mode scraping : None
[2025-08-26T11:25:24.048+0000] {logging_mixin.py:188} INFO - ***Fichier d’entrée : None
[2025-08-26T11:25:24.055+0000] {processor.py:840} INFO - DAG(s) 'trustpilot_pipeline' retrieved from /opt/airflow/dags/trustpilot_dag.py
[2025-08-26T11:25:24.077+0000] {logging_mixin.py:188} INFO - [2025-08-26T11:25:24.077+0000] {dag.py:3096} INFO - Sync 1 DAGs
[2025-08-26T11:25:24.088+0000] {logging_mixin.py:188} INFO - [2025-08-26T11:25:24.088+0000] {dag.py:3954} INFO - Setting next_dagrun for trustpilot_pipeline to None, run_after=None
[2025-08-26T11:25:24.106+0000] {processor.py:183} INFO - Processing /opt/airflow/dags/trustpilot_dag.py took 1.052 seconds
[2025-08-26T11:25:54.237+0000] {processor.py:161} INFO - Started process (PID=1202) to work on /opt/airflow/dags/trustpilot_dag.py
[2025-08-26T11:25:54.238+0000] {processor.py:830} INFO - Processing file /opt/airflow/dags/trustpilot_dag.py for tasks to queue
[2025-08-26T11:25:54.241+0000] {logging_mixin.py:188} INFO - [2025-08-26T11:25:54.240+0000] {dagbag.py:545} INFO - Filling up the DagBag from /opt/airflow/dags/trustpilot_dag.py
[2025-08-26T11:25:55.216+0000] {logging_mixin.py:188} INFO - ***Fichier .env chargé
[2025-08-26T11:25:55.217+0000] {logging_mixin.py:188} INFO - ***Mode scraping : None
[2025-08-26T11:25:55.217+0000] {logging_mixin.py:188} INFO - ***Fichier d’entrée : None
[2025-08-26T11:25:55.223+0000] {processor.py:840} INFO - DAG(s) 'trustpilot_pipeline' retrieved from /opt/airflow/dags/trustpilot_dag.py
[2025-08-26T11:25:55.245+0000] {logging_mixin.py:188} INFO - [2025-08-26T11:25:55.244+0000] {dag.py:3096} INFO - Sync 1 DAGs
[2025-08-26T11:25:55.255+0000] {logging_mixin.py:188} INFO - [2025-08-26T11:25:55.254+0000] {dag.py:3954} INFO - Setting next_dagrun for trustpilot_pipeline to None, run_after=None
[2025-08-26T11:25:55.271+0000] {processor.py:183} INFO - Processing /opt/airflow/dags/trustpilot_dag.py took 1.050 seconds
[2025-08-26T11:26:25.392+0000] {processor.py:161} INFO - Started process (PID=1208) to work on /opt/airflow/dags/trustpilot_dag.py
[2025-08-26T11:26:25.394+0000] {processor.py:830} INFO - Processing file /opt/airflow/dags/trustpilot_dag.py for tasks to queue
[2025-08-26T11:26:25.397+0000] {logging_mixin.py:188} INFO - [2025-08-26T11:26:25.396+0000] {dagbag.py:545} INFO - Filling up the DagBag from /opt/airflow/dags/trustpilot_dag.py
[2025-08-26T11:26:26.413+0000] {logging_mixin.py:188} INFO - ***Fichier .env chargé
[2025-08-26T11:26:26.413+0000] {logging_mixin.py:188} INFO - ***Mode scraping : None
[2025-08-26T11:26:26.413+0000] {logging_mixin.py:188} INFO - ***Fichier d’entrée : None
[2025-08-26T11:26:26.421+0000] {processor.py:840} INFO - DAG(s) 'trustpilot_pipeline' retrieved from /opt/airflow/dags/trustpilot_dag.py
[2025-08-26T11:26:26.452+0000] {logging_mixin.py:188} INFO - [2025-08-26T11:26:26.451+0000] {dag.py:3096} INFO - Sync 1 DAGs
[2025-08-26T11:26:26.464+0000] {logging_mixin.py:188} INFO - [2025-08-26T11:26:26.463+0000] {dag.py:3954} INFO - Setting next_dagrun for trustpilot_pipeline to None, run_after=None
[2025-08-26T11:26:26.481+0000] {processor.py:183} INFO - Processing /opt/airflow/dags/trustpilot_dag.py took 1.101 seconds
[2025-08-26T11:26:56.526+0000] {processor.py:161} INFO - Started process (PID=1214) to work on /opt/airflow/dags/trustpilot_dag.py
[2025-08-26T11:26:56.527+0000] {processor.py:830} INFO - Processing file /opt/airflow/dags/trustpilot_dag.py for tasks to queue
[2025-08-26T11:26:56.529+0000] {logging_mixin.py:188} INFO - [2025-08-26T11:26:56.529+0000] {dagbag.py:545} INFO - Filling up the DagBag from /opt/airflow/dags/trustpilot_dag.py
[2025-08-26T11:26:57.512+0000] {logging_mixin.py:188} INFO - ***Fichier .env chargé
[2025-08-26T11:26:57.512+0000] {logging_mixin.py:188} INFO - ***Mode scraping : None
[2025-08-26T11:26:57.512+0000] {logging_mixin.py:188} INFO - ***Fichier d’entrée : None
[2025-08-26T11:26:57.519+0000] {processor.py:840} INFO - DAG(s) 'trustpilot_pipeline' retrieved from /opt/airflow/dags/trustpilot_dag.py
[2025-08-26T11:26:57.539+0000] {logging_mixin.py:188} INFO - [2025-08-26T11:26:57.539+0000] {dag.py:3096} INFO - Sync 1 DAGs
[2025-08-26T11:26:57.548+0000] {logging_mixin.py:188} INFO - [2025-08-26T11:26:57.548+0000] {dag.py:3954} INFO - Setting next_dagrun for trustpilot_pipeline to None, run_after=None
[2025-08-26T11:26:57.566+0000] {processor.py:183} INFO - Processing /opt/airflow/dags/trustpilot_dag.py took 1.048 seconds
[2025-08-26T11:27:27.655+0000] {processor.py:161} INFO - Started process (PID=1220) to work on /opt/airflow/dags/trustpilot_dag.py
[2025-08-26T11:27:27.656+0000] {processor.py:830} INFO - Processing file /opt/airflow/dags/trustpilot_dag.py for tasks to queue
[2025-08-26T11:27:27.659+0000] {logging_mixin.py:188} INFO - [2025-08-26T11:27:27.658+0000] {dagbag.py:545} INFO - Filling up the DagBag from /opt/airflow/dags/trustpilot_dag.py
[2025-08-26T11:27:28.736+0000] {logging_mixin.py:188} INFO - ***Fichier .env chargé
[2025-08-26T11:27:28.736+0000] {logging_mixin.py:188} INFO - ***Mode scraping : None
[2025-08-26T11:27:28.736+0000] {logging_mixin.py:188} INFO - ***Fichier d’entrée : None
[2025-08-26T11:27:28.744+0000] {processor.py:840} INFO - DAG(s) 'trustpilot_pipeline' retrieved from /opt/airflow/dags/trustpilot_dag.py
[2025-08-26T11:27:28.767+0000] {logging_mixin.py:188} INFO - [2025-08-26T11:27:28.767+0000] {dag.py:3096} INFO - Sync 1 DAGs
[2025-08-26T11:27:28.778+0000] {logging_mixin.py:188} INFO - [2025-08-26T11:27:28.778+0000] {dag.py:3954} INFO - Setting next_dagrun for trustpilot_pipeline to None, run_after=None
[2025-08-26T11:27:28.796+0000] {processor.py:183} INFO - Processing /opt/airflow/dags/trustpilot_dag.py took 1.151 seconds
[2025-08-26T11:27:58.862+0000] {processor.py:161} INFO - Started process (PID=1226) to work on /opt/airflow/dags/trustpilot_dag.py
[2025-08-26T11:27:58.863+0000] {processor.py:830} INFO - Processing file /opt/airflow/dags/trustpilot_dag.py for tasks to queue
[2025-08-26T11:27:58.865+0000] {logging_mixin.py:188} INFO - [2025-08-26T11:27:58.865+0000] {dagbag.py:545} INFO - Filling up the DagBag from /opt/airflow/dags/trustpilot_dag.py
[2025-08-26T11:27:59.908+0000] {logging_mixin.py:188} INFO - ***Fichier .env chargé
[2025-08-26T11:27:59.908+0000] {logging_mixin.py:188} INFO - ***Mode scraping : None
[2025-08-26T11:27:59.908+0000] {logging_mixin.py:188} INFO - ***Fichier d’entrée : None
[2025-08-26T11:27:59.917+0000] {processor.py:840} INFO - DAG(s) 'trustpilot_pipeline' retrieved from /opt/airflow/dags/trustpilot_dag.py
[2025-08-26T11:27:59.944+0000] {logging_mixin.py:188} INFO - [2025-08-26T11:27:59.944+0000] {dag.py:3096} INFO - Sync 1 DAGs
[2025-08-26T11:27:59.957+0000] {logging_mixin.py:188} INFO - [2025-08-26T11:27:59.956+0000] {dag.py:3954} INFO - Setting next_dagrun for trustpilot_pipeline to None, run_after=None
[2025-08-26T11:27:59.976+0000] {processor.py:183} INFO - Processing /opt/airflow/dags/trustpilot_dag.py took 1.126 seconds
[2025-08-26T11:28:30.104+0000] {processor.py:161} INFO - Started process (PID=1232) to work on /opt/airflow/dags/trustpilot_dag.py
[2025-08-26T11:28:30.105+0000] {processor.py:830} INFO - Processing file /opt/airflow/dags/trustpilot_dag.py for tasks to queue
[2025-08-26T11:28:30.107+0000] {logging_mixin.py:188} INFO - [2025-08-26T11:28:30.107+0000] {dagbag.py:545} INFO - Filling up the DagBag from /opt/airflow/dags/trustpilot_dag.py
[2025-08-26T11:28:31.043+0000] {logging_mixin.py:188} INFO - ***Fichier .env chargé
[2025-08-26T11:28:31.043+0000] {logging_mixin.py:188} INFO - ***Mode scraping : None
[2025-08-26T11:28:31.043+0000] {logging_mixin.py:188} INFO - ***Fichier d’entrée : None
[2025-08-26T11:28:31.050+0000] {processor.py:840} INFO - DAG(s) 'trustpilot_pipeline' retrieved from /opt/airflow/dags/trustpilot_dag.py
[2025-08-26T11:28:31.072+0000] {logging_mixin.py:188} INFO - [2025-08-26T11:28:31.071+0000] {dag.py:3096} INFO - Sync 1 DAGs
[2025-08-26T11:28:31.081+0000] {logging_mixin.py:188} INFO - [2025-08-26T11:28:31.081+0000] {dag.py:3954} INFO - Setting next_dagrun for trustpilot_pipeline to None, run_after=None
[2025-08-26T11:28:31.097+0000] {processor.py:183} INFO - Processing /opt/airflow/dags/trustpilot_dag.py took 1.003 seconds
[2025-08-26T11:29:01.281+0000] {processor.py:161} INFO - Started process (PID=1238) to work on /opt/airflow/dags/trustpilot_dag.py
[2025-08-26T11:29:01.282+0000] {processor.py:830} INFO - Processing file /opt/airflow/dags/trustpilot_dag.py for tasks to queue
[2025-08-26T11:29:01.285+0000] {logging_mixin.py:188} INFO - [2025-08-26T11:29:01.284+0000] {dagbag.py:545} INFO - Filling up the DagBag from /opt/airflow/dags/trustpilot_dag.py
[2025-08-26T11:29:02.148+0000] {logging_mixin.py:188} INFO - ***Fichier .env chargé
[2025-08-26T11:29:02.148+0000] {logging_mixin.py:188} INFO - ***Mode scraping : None
[2025-08-26T11:29:02.148+0000] {logging_mixin.py:188} INFO - ***Fichier d’entrée : None
[2025-08-26T11:29:02.154+0000] {processor.py:840} INFO - DAG(s) 'trustpilot_pipeline' retrieved from /opt/airflow/dags/trustpilot_dag.py
[2025-08-26T11:29:02.175+0000] {logging_mixin.py:188} INFO - [2025-08-26T11:29:02.175+0000] {dag.py:3096} INFO - Sync 1 DAGs
[2025-08-26T11:29:02.185+0000] {logging_mixin.py:188} INFO - [2025-08-26T11:29:02.185+0000] {dag.py:3954} INFO - Setting next_dagrun for trustpilot_pipeline to None, run_after=None
[2025-08-26T11:29:02.201+0000] {processor.py:183} INFO - Processing /opt/airflow/dags/trustpilot_dag.py took 0.932 seconds
[2025-08-26T11:29:32.379+0000] {processor.py:161} INFO - Started process (PID=1244) to work on /opt/airflow/dags/trustpilot_dag.py
[2025-08-26T11:29:32.381+0000] {processor.py:830} INFO - Processing file /opt/airflow/dags/trustpilot_dag.py for tasks to queue
[2025-08-26T11:29:32.384+0000] {logging_mixin.py:188} INFO - [2025-08-26T11:29:32.383+0000] {dagbag.py:545} INFO - Filling up the DagBag from /opt/airflow/dags/trustpilot_dag.py
[2025-08-26T11:29:33.380+0000] {logging_mixin.py:188} INFO - ***Fichier .env chargé
[2025-08-26T11:29:33.381+0000] {logging_mixin.py:188} INFO - ***Mode scraping : None
[2025-08-26T11:29:33.381+0000] {logging_mixin.py:188} INFO - ***Fichier d’entrée : None
[2025-08-26T11:29:33.389+0000] {processor.py:840} INFO - DAG(s) 'trustpilot_pipeline' retrieved from /opt/airflow/dags/trustpilot_dag.py
[2025-08-26T11:29:33.410+0000] {logging_mixin.py:188} INFO - [2025-08-26T11:29:33.410+0000] {dag.py:3096} INFO - Sync 1 DAGs
[2025-08-26T11:29:33.420+0000] {logging_mixin.py:188} INFO - [2025-08-26T11:29:33.419+0000] {dag.py:3954} INFO - Setting next_dagrun for trustpilot_pipeline to None, run_after=None
[2025-08-26T11:29:33.437+0000] {processor.py:183} INFO - Processing /opt/airflow/dags/trustpilot_dag.py took 1.074 seconds
[2025-08-26T11:30:03.558+0000] {processor.py:161} INFO - Started process (PID=1250) to work on /opt/airflow/dags/trustpilot_dag.py
[2025-08-26T11:30:03.559+0000] {processor.py:830} INFO - Processing file /opt/airflow/dags/trustpilot_dag.py for tasks to queue
[2025-08-26T11:30:03.561+0000] {logging_mixin.py:188} INFO - [2025-08-26T11:30:03.560+0000] {dagbag.py:545} INFO - Filling up the DagBag from /opt/airflow/dags/trustpilot_dag.py
[2025-08-26T11:30:04.459+0000] {logging_mixin.py:188} INFO - ***Fichier .env chargé
[2025-08-26T11:30:04.460+0000] {logging_mixin.py:188} INFO - ***Mode scraping : None
[2025-08-26T11:30:04.460+0000] {logging_mixin.py:188} INFO - ***Fichier d’entrée : None
[2025-08-26T11:30:04.466+0000] {processor.py:840} INFO - DAG(s) 'trustpilot_pipeline' retrieved from /opt/airflow/dags/trustpilot_dag.py
[2025-08-26T11:30:04.487+0000] {logging_mixin.py:188} INFO - [2025-08-26T11:30:04.487+0000] {dag.py:3096} INFO - Sync 1 DAGs
[2025-08-26T11:30:04.497+0000] {logging_mixin.py:188} INFO - [2025-08-26T11:30:04.497+0000] {dag.py:3954} INFO - Setting next_dagrun for trustpilot_pipeline to None, run_after=None
[2025-08-26T11:30:04.514+0000] {processor.py:183} INFO - Processing /opt/airflow/dags/trustpilot_dag.py took 0.964 seconds
[2025-08-26T11:30:34.738+0000] {processor.py:161} INFO - Started process (PID=1256) to work on /opt/airflow/dags/trustpilot_dag.py
[2025-08-26T11:30:34.739+0000] {processor.py:830} INFO - Processing file /opt/airflow/dags/trustpilot_dag.py for tasks to queue
[2025-08-26T11:30:34.741+0000] {logging_mixin.py:188} INFO - [2025-08-26T11:30:34.741+0000] {dagbag.py:545} INFO - Filling up the DagBag from /opt/airflow/dags/trustpilot_dag.py
[2025-08-26T11:30:35.773+0000] {logging_mixin.py:188} INFO - ***Fichier .env chargé
[2025-08-26T11:30:35.773+0000] {logging_mixin.py:188} INFO - ***Mode scraping : None
[2025-08-26T11:30:35.773+0000] {logging_mixin.py:188} INFO - ***Fichier d’entrée : None
[2025-08-26T11:30:35.779+0000] {processor.py:840} INFO - DAG(s) 'trustpilot_pipeline' retrieved from /opt/airflow/dags/trustpilot_dag.py
[2025-08-26T11:30:35.800+0000] {logging_mixin.py:188} INFO - [2025-08-26T11:30:35.799+0000] {dag.py:3096} INFO - Sync 1 DAGs
[2025-08-26T11:30:35.808+0000] {logging_mixin.py:188} INFO - [2025-08-26T11:30:35.808+0000] {dag.py:3954} INFO - Setting next_dagrun for trustpilot_pipeline to None, run_after=None
[2025-08-26T11:30:35.828+0000] {processor.py:183} INFO - Processing /opt/airflow/dags/trustpilot_dag.py took 1.098 seconds
[2025-08-26T11:31:05.881+0000] {processor.py:161} INFO - Started process (PID=1262) to work on /opt/airflow/dags/trustpilot_dag.py
[2025-08-26T11:31:05.883+0000] {processor.py:830} INFO - Processing file /opt/airflow/dags/trustpilot_dag.py for tasks to queue
[2025-08-26T11:31:05.886+0000] {logging_mixin.py:188} INFO - [2025-08-26T11:31:05.885+0000] {dagbag.py:545} INFO - Filling up the DagBag from /opt/airflow/dags/trustpilot_dag.py
[2025-08-26T11:31:06.740+0000] {logging_mixin.py:188} INFO - ***Fichier .env chargé
[2025-08-26T11:31:06.740+0000] {logging_mixin.py:188} INFO - ***Mode scraping : None
[2025-08-26T11:31:06.740+0000] {logging_mixin.py:188} INFO - ***Fichier d’entrée : None
[2025-08-26T11:31:06.747+0000] {processor.py:840} INFO - DAG(s) 'trustpilot_pipeline' retrieved from /opt/airflow/dags/trustpilot_dag.py
[2025-08-26T11:31:06.767+0000] {logging_mixin.py:188} INFO - [2025-08-26T11:31:06.766+0000] {dag.py:3096} INFO - Sync 1 DAGs
[2025-08-26T11:31:06.777+0000] {logging_mixin.py:188} INFO - [2025-08-26T11:31:06.777+0000] {dag.py:3954} INFO - Setting next_dagrun for trustpilot_pipeline to None, run_after=None
[2025-08-26T11:31:06.801+0000] {processor.py:183} INFO - Processing /opt/airflow/dags/trustpilot_dag.py took 0.932 seconds
[2025-08-26T11:31:37.018+0000] {processor.py:161} INFO - Started process (PID=1268) to work on /opt/airflow/dags/trustpilot_dag.py
[2025-08-26T11:31:37.019+0000] {processor.py:830} INFO - Processing file /opt/airflow/dags/trustpilot_dag.py for tasks to queue
[2025-08-26T11:31:37.021+0000] {logging_mixin.py:188} INFO - [2025-08-26T11:31:37.020+0000] {dagbag.py:545} INFO - Filling up the DagBag from /opt/airflow/dags/trustpilot_dag.py
[2025-08-26T11:31:37.893+0000] {logging_mixin.py:188} INFO - ***Fichier .env chargé
[2025-08-26T11:31:37.893+0000] {logging_mixin.py:188} INFO - ***Mode scraping : None
[2025-08-26T11:31:37.893+0000] {logging_mixin.py:188} INFO - ***Fichier d’entrée : None
[2025-08-26T11:31:37.900+0000] {processor.py:840} INFO - DAG(s) 'trustpilot_pipeline' retrieved from /opt/airflow/dags/trustpilot_dag.py
[2025-08-26T11:31:37.921+0000] {logging_mixin.py:188} INFO - [2025-08-26T11:31:37.921+0000] {dag.py:3096} INFO - Sync 1 DAGs
[2025-08-26T11:31:37.930+0000] {logging_mixin.py:188} INFO - [2025-08-26T11:31:37.930+0000] {dag.py:3954} INFO - Setting next_dagrun for trustpilot_pipeline to None, run_after=None
[2025-08-26T11:31:37.946+0000] {processor.py:183} INFO - Processing /opt/airflow/dags/trustpilot_dag.py took 0.935 seconds
[2025-08-26T11:32:08.150+0000] {processor.py:161} INFO - Started process (PID=1274) to work on /opt/airflow/dags/trustpilot_dag.py
[2025-08-26T11:32:08.151+0000] {processor.py:830} INFO - Processing file /opt/airflow/dags/trustpilot_dag.py for tasks to queue
[2025-08-26T11:32:08.152+0000] {logging_mixin.py:188} INFO - [2025-08-26T11:32:08.152+0000] {dagbag.py:545} INFO - Filling up the DagBag from /opt/airflow/dags/trustpilot_dag.py
[2025-08-26T11:32:09.081+0000] {logging_mixin.py:188} INFO - ***Fichier .env chargé
[2025-08-26T11:32:09.081+0000] {logging_mixin.py:188} INFO - ***Mode scraping : None
[2025-08-26T11:32:09.081+0000] {logging_mixin.py:188} INFO - ***Fichier d’entrée : None
[2025-08-26T11:32:09.087+0000] {processor.py:840} INFO - DAG(s) 'trustpilot_pipeline' retrieved from /opt/airflow/dags/trustpilot_dag.py
[2025-08-26T11:32:09.109+0000] {logging_mixin.py:188} INFO - [2025-08-26T11:32:09.108+0000] {dag.py:3096} INFO - Sync 1 DAGs
[2025-08-26T11:32:09.118+0000] {logging_mixin.py:188} INFO - [2025-08-26T11:32:09.117+0000] {dag.py:3954} INFO - Setting next_dagrun for trustpilot_pipeline to None, run_after=None
[2025-08-26T11:32:09.132+0000] {processor.py:183} INFO - Processing /opt/airflow/dags/trustpilot_dag.py took 0.990 seconds
[2025-08-26T11:32:39.304+0000] {processor.py:161} INFO - Started process (PID=1280) to work on /opt/airflow/dags/trustpilot_dag.py
[2025-08-26T11:32:39.305+0000] {processor.py:830} INFO - Processing file /opt/airflow/dags/trustpilot_dag.py for tasks to queue
[2025-08-26T11:32:39.306+0000] {logging_mixin.py:188} INFO - [2025-08-26T11:32:39.306+0000] {dagbag.py:545} INFO - Filling up the DagBag from /opt/airflow/dags/trustpilot_dag.py
[2025-08-26T11:32:40.419+0000] {logging_mixin.py:188} INFO - ***Fichier .env chargé
[2025-08-26T11:32:40.419+0000] {logging_mixin.py:188} INFO - ***Mode scraping : None
[2025-08-26T11:32:40.419+0000] {logging_mixin.py:188} INFO - ***Fichier d’entrée : None
[2025-08-26T11:32:40.426+0000] {processor.py:840} INFO - DAG(s) 'trustpilot_pipeline' retrieved from /opt/airflow/dags/trustpilot_dag.py
[2025-08-26T11:32:40.455+0000] {logging_mixin.py:188} INFO - [2025-08-26T11:32:40.455+0000] {dag.py:3096} INFO - Sync 1 DAGs
[2025-08-26T11:32:40.468+0000] {logging_mixin.py:188} INFO - [2025-08-26T11:32:40.468+0000] {dag.py:3954} INFO - Setting next_dagrun for trustpilot_pipeline to None, run_after=None
[2025-08-26T11:32:40.484+0000] {processor.py:183} INFO - Processing /opt/airflow/dags/trustpilot_dag.py took 1.189 seconds
[2025-08-26T11:33:10.665+0000] {processor.py:161} INFO - Started process (PID=1286) to work on /opt/airflow/dags/trustpilot_dag.py
[2025-08-26T11:33:10.667+0000] {processor.py:830} INFO - Processing file /opt/airflow/dags/trustpilot_dag.py for tasks to queue
[2025-08-26T11:33:10.670+0000] {logging_mixin.py:188} INFO - [2025-08-26T11:33:10.669+0000] {dagbag.py:545} INFO - Filling up the DagBag from /opt/airflow/dags/trustpilot_dag.py
[2025-08-26T11:33:11.602+0000] {logging_mixin.py:188} INFO - ***Fichier .env chargé
[2025-08-26T11:33:11.602+0000] {logging_mixin.py:188} INFO - ***Mode scraping : None
[2025-08-26T11:33:11.603+0000] {logging_mixin.py:188} INFO - ***Fichier d’entrée : None
[2025-08-26T11:33:11.608+0000] {processor.py:840} INFO - DAG(s) 'trustpilot_pipeline' retrieved from /opt/airflow/dags/trustpilot_dag.py
[2025-08-26T11:33:11.635+0000] {logging_mixin.py:188} INFO - [2025-08-26T11:33:11.634+0000] {dag.py:3096} INFO - Sync 1 DAGs
[2025-08-26T11:33:11.644+0000] {logging_mixin.py:188} INFO - [2025-08-26T11:33:11.644+0000] {dag.py:3954} INFO - Setting next_dagrun for trustpilot_pipeline to None, run_after=None
[2025-08-26T11:33:11.661+0000] {processor.py:183} INFO - Processing /opt/airflow/dags/trustpilot_dag.py took 1.012 seconds
[2025-08-26T11:33:41.800+0000] {processor.py:161} INFO - Started process (PID=1292) to work on /opt/airflow/dags/trustpilot_dag.py
[2025-08-26T11:33:41.802+0000] {processor.py:830} INFO - Processing file /opt/airflow/dags/trustpilot_dag.py for tasks to queue
[2025-08-26T11:33:41.804+0000] {logging_mixin.py:188} INFO - [2025-08-26T11:33:41.804+0000] {dagbag.py:545} INFO - Filling up the DagBag from /opt/airflow/dags/trustpilot_dag.py
[2025-08-26T11:33:42.820+0000] {logging_mixin.py:188} INFO - ***Fichier .env chargé
[2025-08-26T11:33:42.821+0000] {logging_mixin.py:188} INFO - ***Mode scraping : None
[2025-08-26T11:33:42.821+0000] {logging_mixin.py:188} INFO - ***Fichier d’entrée : None
[2025-08-26T11:33:42.830+0000] {processor.py:840} INFO - DAG(s) 'trustpilot_pipeline' retrieved from /opt/airflow/dags/trustpilot_dag.py
[2025-08-26T11:33:42.856+0000] {logging_mixin.py:188} INFO - [2025-08-26T11:33:42.856+0000] {dag.py:3096} INFO - Sync 1 DAGs
[2025-08-26T11:33:42.868+0000] {logging_mixin.py:188} INFO - [2025-08-26T11:33:42.868+0000] {dag.py:3954} INFO - Setting next_dagrun for trustpilot_pipeline to None, run_after=None
[2025-08-26T11:33:42.890+0000] {processor.py:183} INFO - Processing /opt/airflow/dags/trustpilot_dag.py took 1.101 seconds
[2025-08-26T11:34:12.979+0000] {processor.py:161} INFO - Started process (PID=1298) to work on /opt/airflow/dags/trustpilot_dag.py
[2025-08-26T11:34:12.980+0000] {processor.py:830} INFO - Processing file /opt/airflow/dags/trustpilot_dag.py for tasks to queue
[2025-08-26T11:34:12.983+0000] {logging_mixin.py:188} INFO - [2025-08-26T11:34:12.982+0000] {dagbag.py:545} INFO - Filling up the DagBag from /opt/airflow/dags/trustpilot_dag.py
[2025-08-26T11:34:13.856+0000] {logging_mixin.py:188} INFO - ***Fichier .env chargé
[2025-08-26T11:34:13.857+0000] {logging_mixin.py:188} INFO - ***Mode scraping : None
[2025-08-26T11:34:13.857+0000] {logging_mixin.py:188} INFO - ***Fichier d’entrée : None
[2025-08-26T11:34:13.863+0000] {processor.py:840} INFO - DAG(s) 'trustpilot_pipeline' retrieved from /opt/airflow/dags/trustpilot_dag.py
[2025-08-26T11:34:13.885+0000] {logging_mixin.py:188} INFO - [2025-08-26T11:34:13.883+0000] {dag.py:3096} INFO - Sync 1 DAGs
[2025-08-26T11:34:13.894+0000] {logging_mixin.py:188} INFO - [2025-08-26T11:34:13.894+0000] {dag.py:3954} INFO - Setting next_dagrun for trustpilot_pipeline to None, run_after=None
[2025-08-26T11:34:13.908+0000] {processor.py:183} INFO - Processing /opt/airflow/dags/trustpilot_dag.py took 0.947 seconds
[2025-08-26T11:34:44.100+0000] {processor.py:161} INFO - Started process (PID=1304) to work on /opt/airflow/dags/trustpilot_dag.py
[2025-08-26T11:34:44.101+0000] {processor.py:830} INFO - Processing file /opt/airflow/dags/trustpilot_dag.py for tasks to queue
[2025-08-26T11:34:44.102+0000] {logging_mixin.py:188} INFO - [2025-08-26T11:34:44.102+0000] {dagbag.py:545} INFO - Filling up the DagBag from /opt/airflow/dags/trustpilot_dag.py
[2025-08-26T11:34:45.046+0000] {logging_mixin.py:188} INFO - ***Fichier .env chargé
[2025-08-26T11:34:45.046+0000] {logging_mixin.py:188} INFO - ***Mode scraping : None
[2025-08-26T11:34:45.046+0000] {logging_mixin.py:188} INFO - ***Fichier d’entrée : None
[2025-08-26T11:34:45.054+0000] {processor.py:840} INFO - DAG(s) 'trustpilot_pipeline' retrieved from /opt/airflow/dags/trustpilot_dag.py
[2025-08-26T11:34:45.076+0000] {logging_mixin.py:188} INFO - [2025-08-26T11:34:45.076+0000] {dag.py:3096} INFO - Sync 1 DAGs
[2025-08-26T11:34:45.086+0000] {logging_mixin.py:188} INFO - [2025-08-26T11:34:45.086+0000] {dag.py:3954} INFO - Setting next_dagrun for trustpilot_pipeline to None, run_after=None
[2025-08-26T11:34:45.102+0000] {processor.py:183} INFO - Processing /opt/airflow/dags/trustpilot_dag.py took 1.010 seconds
[2025-08-26T11:35:15.267+0000] {processor.py:161} INFO - Started process (PID=1310) to work on /opt/airflow/dags/trustpilot_dag.py
[2025-08-26T11:35:15.267+0000] {processor.py:830} INFO - Processing file /opt/airflow/dags/trustpilot_dag.py for tasks to queue
[2025-08-26T11:35:15.269+0000] {logging_mixin.py:188} INFO - [2025-08-26T11:35:15.269+0000] {dagbag.py:545} INFO - Filling up the DagBag from /opt/airflow/dags/trustpilot_dag.py
[2025-08-26T11:35:16.117+0000] {logging_mixin.py:188} INFO - ***Fichier .env chargé
[2025-08-26T11:35:16.117+0000] {logging_mixin.py:188} INFO - ***Mode scraping : None
[2025-08-26T11:35:16.118+0000] {logging_mixin.py:188} INFO - ***Fichier d’entrée : None
[2025-08-26T11:35:16.125+0000] {processor.py:840} INFO - DAG(s) 'trustpilot_pipeline' retrieved from /opt/airflow/dags/trustpilot_dag.py
[2025-08-26T11:35:16.146+0000] {logging_mixin.py:188} INFO - [2025-08-26T11:35:16.145+0000] {dag.py:3096} INFO - Sync 1 DAGs
[2025-08-26T11:35:16.155+0000] {logging_mixin.py:188} INFO - [2025-08-26T11:35:16.155+0000] {dag.py:3954} INFO - Setting next_dagrun for trustpilot_pipeline to None, run_after=None
[2025-08-26T11:35:16.173+0000] {processor.py:183} INFO - Processing /opt/airflow/dags/trustpilot_dag.py took 0.914 seconds
[2025-08-26T11:35:46.398+0000] {processor.py:161} INFO - Started process (PID=1316) to work on /opt/airflow/dags/trustpilot_dag.py
[2025-08-26T11:35:46.400+0000] {processor.py:830} INFO - Processing file /opt/airflow/dags/trustpilot_dag.py for tasks to queue
[2025-08-26T11:35:46.403+0000] {logging_mixin.py:188} INFO - [2025-08-26T11:35:46.402+0000] {dagbag.py:545} INFO - Filling up the DagBag from /opt/airflow/dags/trustpilot_dag.py
[2025-08-26T11:35:47.365+0000] {logging_mixin.py:188} INFO - ***Fichier .env chargé
[2025-08-26T11:35:47.365+0000] {logging_mixin.py:188} INFO - ***Mode scraping : None
[2025-08-26T11:35:47.365+0000] {logging_mixin.py:188} INFO - ***Fichier d’entrée : None
[2025-08-26T11:35:47.374+0000] {processor.py:840} INFO - DAG(s) 'trustpilot_pipeline' retrieved from /opt/airflow/dags/trustpilot_dag.py
[2025-08-26T11:35:47.398+0000] {logging_mixin.py:188} INFO - [2025-08-26T11:35:47.398+0000] {dag.py:3096} INFO - Sync 1 DAGs
[2025-08-26T11:35:47.408+0000] {logging_mixin.py:188} INFO - [2025-08-26T11:35:47.407+0000] {dag.py:3954} INFO - Setting next_dagrun for trustpilot_pipeline to None, run_after=None
[2025-08-26T11:35:47.425+0000] {processor.py:183} INFO - Processing /opt/airflow/dags/trustpilot_dag.py took 1.041 seconds
[2025-08-26T11:36:17.563+0000] {processor.py:161} INFO - Started process (PID=1322) to work on /opt/airflow/dags/trustpilot_dag.py
[2025-08-26T11:36:17.564+0000] {processor.py:830} INFO - Processing file /opt/airflow/dags/trustpilot_dag.py for tasks to queue
[2025-08-26T11:36:17.566+0000] {logging_mixin.py:188} INFO - [2025-08-26T11:36:17.566+0000] {dagbag.py:545} INFO - Filling up the DagBag from /opt/airflow/dags/trustpilot_dag.py
[2025-08-26T11:36:18.504+0000] {logging_mixin.py:188} INFO - ***Fichier .env chargé
[2025-08-26T11:36:18.504+0000] {logging_mixin.py:188} INFO - ***Mode scraping : None
[2025-08-26T11:36:18.504+0000] {logging_mixin.py:188} INFO - ***Fichier d’entrée : None
[2025-08-26T11:36:18.511+0000] {processor.py:840} INFO - DAG(s) 'trustpilot_pipeline' retrieved from /opt/airflow/dags/trustpilot_dag.py
[2025-08-26T11:36:18.531+0000] {logging_mixin.py:188} INFO - [2025-08-26T11:36:18.530+0000] {dag.py:3096} INFO - Sync 1 DAGs
[2025-08-26T11:36:18.539+0000] {logging_mixin.py:188} INFO - [2025-08-26T11:36:18.539+0000] {dag.py:3954} INFO - Setting next_dagrun for trustpilot_pipeline to None, run_after=None
[2025-08-26T11:36:18.558+0000] {processor.py:183} INFO - Processing /opt/airflow/dags/trustpilot_dag.py took 1.005 seconds
[2025-08-26T11:36:48.724+0000] {processor.py:161} INFO - Started process (PID=1328) to work on /opt/airflow/dags/trustpilot_dag.py
[2025-08-26T11:36:48.726+0000] {processor.py:830} INFO - Processing file /opt/airflow/dags/trustpilot_dag.py for tasks to queue
[2025-08-26T11:36:48.729+0000] {logging_mixin.py:188} INFO - [2025-08-26T11:36:48.728+0000] {dagbag.py:545} INFO - Filling up the DagBag from /opt/airflow/dags/trustpilot_dag.py
[2025-08-26T11:36:49.609+0000] {logging_mixin.py:188} INFO - ***Fichier .env chargé
[2025-08-26T11:36:49.609+0000] {logging_mixin.py:188} INFO - ***Mode scraping : None
[2025-08-26T11:36:49.609+0000] {logging_mixin.py:188} INFO - ***Fichier d’entrée : None
[2025-08-26T11:36:49.615+0000] {processor.py:840} INFO - DAG(s) 'trustpilot_pipeline' retrieved from /opt/airflow/dags/trustpilot_dag.py
[2025-08-26T11:36:49.635+0000] {logging_mixin.py:188} INFO - [2025-08-26T11:36:49.634+0000] {dag.py:3096} INFO - Sync 1 DAGs
[2025-08-26T11:36:49.645+0000] {logging_mixin.py:188} INFO - [2025-08-26T11:36:49.645+0000] {dag.py:3954} INFO - Setting next_dagrun for trustpilot_pipeline to None, run_after=None
[2025-08-26T11:36:49.660+0000] {processor.py:183} INFO - Processing /opt/airflow/dags/trustpilot_dag.py took 0.950 seconds
[2025-08-26T11:37:19.867+0000] {processor.py:161} INFO - Started process (PID=1334) to work on /opt/airflow/dags/trustpilot_dag.py
[2025-08-26T11:37:19.868+0000] {processor.py:830} INFO - Processing file /opt/airflow/dags/trustpilot_dag.py for tasks to queue
[2025-08-26T11:37:19.869+0000] {logging_mixin.py:188} INFO - [2025-08-26T11:37:19.869+0000] {dagbag.py:545} INFO - Filling up the DagBag from /opt/airflow/dags/trustpilot_dag.py
[2025-08-26T11:37:20.748+0000] {logging_mixin.py:188} INFO - ***Fichier .env chargé
[2025-08-26T11:37:20.749+0000] {logging_mixin.py:188} INFO - ***Mode scraping : None
[2025-08-26T11:37:20.749+0000] {logging_mixin.py:188} INFO - ***Fichier d’entrée : None
[2025-08-26T11:37:20.755+0000] {processor.py:840} INFO - DAG(s) 'trustpilot_pipeline' retrieved from /opt/airflow/dags/trustpilot_dag.py
[2025-08-26T11:37:20.776+0000] {logging_mixin.py:188} INFO - [2025-08-26T11:37:20.775+0000] {dag.py:3096} INFO - Sync 1 DAGs
[2025-08-26T11:37:20.785+0000] {logging_mixin.py:188} INFO - [2025-08-26T11:37:20.785+0000] {dag.py:3954} INFO - Setting next_dagrun for trustpilot_pipeline to None, run_after=None
[2025-08-26T11:37:20.803+0000] {processor.py:183} INFO - Processing /opt/airflow/dags/trustpilot_dag.py took 0.943 seconds
[2025-08-26T11:37:50.990+0000] {processor.py:161} INFO - Started process (PID=1340) to work on /opt/airflow/dags/trustpilot_dag.py
[2025-08-26T11:37:50.991+0000] {processor.py:830} INFO - Processing file /opt/airflow/dags/trustpilot_dag.py for tasks to queue
[2025-08-26T11:37:50.992+0000] {logging_mixin.py:188} INFO - [2025-08-26T11:37:50.992+0000] {dagbag.py:545} INFO - Filling up the DagBag from /opt/airflow/dags/trustpilot_dag.py
[2025-08-26T11:37:51.935+0000] {logging_mixin.py:188} INFO - ***Fichier .env chargé
[2025-08-26T11:37:51.935+0000] {logging_mixin.py:188} INFO - ***Mode scraping : None
[2025-08-26T11:37:51.936+0000] {logging_mixin.py:188} INFO - ***Fichier d’entrée : None
[2025-08-26T11:37:51.942+0000] {processor.py:840} INFO - DAG(s) 'trustpilot_pipeline' retrieved from /opt/airflow/dags/trustpilot_dag.py
[2025-08-26T11:37:51.965+0000] {logging_mixin.py:188} INFO - [2025-08-26T11:37:51.964+0000] {dag.py:3096} INFO - Sync 1 DAGs
[2025-08-26T11:37:51.975+0000] {logging_mixin.py:188} INFO - [2025-08-26T11:37:51.974+0000] {dag.py:3954} INFO - Setting next_dagrun for trustpilot_pipeline to None, run_after=None
[2025-08-26T11:37:51.995+0000] {processor.py:183} INFO - Processing /opt/airflow/dags/trustpilot_dag.py took 1.011 seconds
[2025-08-26T11:38:22.170+0000] {processor.py:161} INFO - Started process (PID=1346) to work on /opt/airflow/dags/trustpilot_dag.py
[2025-08-26T11:38:22.171+0000] {processor.py:830} INFO - Processing file /opt/airflow/dags/trustpilot_dag.py for tasks to queue
[2025-08-26T11:38:22.174+0000] {logging_mixin.py:188} INFO - [2025-08-26T11:38:22.173+0000] {dagbag.py:545} INFO - Filling up the DagBag from /opt/airflow/dags/trustpilot_dag.py
[2025-08-26T11:38:23.069+0000] {logging_mixin.py:188} INFO - ***Fichier .env chargé
[2025-08-26T11:38:23.069+0000] {logging_mixin.py:188} INFO - ***Mode scraping : None
[2025-08-26T11:38:23.069+0000] {logging_mixin.py:188} INFO - ***Fichier d’entrée : None
[2025-08-26T11:38:23.075+0000] {processor.py:840} INFO - DAG(s) 'trustpilot_pipeline' retrieved from /opt/airflow/dags/trustpilot_dag.py
[2025-08-26T11:38:23.095+0000] {logging_mixin.py:188} INFO - [2025-08-26T11:38:23.094+0000] {dag.py:3096} INFO - Sync 1 DAGs
[2025-08-26T11:38:23.104+0000] {logging_mixin.py:188} INFO - [2025-08-26T11:38:23.104+0000] {dag.py:3954} INFO - Setting next_dagrun for trustpilot_pipeline to None, run_after=None
[2025-08-26T11:38:23.123+0000] {processor.py:183} INFO - Processing /opt/airflow/dags/trustpilot_dag.py took 0.966 seconds
[2025-08-26T11:38:53.328+0000] {processor.py:161} INFO - Started process (PID=1352) to work on /opt/airflow/dags/trustpilot_dag.py
[2025-08-26T11:38:53.329+0000] {processor.py:830} INFO - Processing file /opt/airflow/dags/trustpilot_dag.py for tasks to queue
[2025-08-26T11:38:53.331+0000] {logging_mixin.py:188} INFO - [2025-08-26T11:38:53.330+0000] {dagbag.py:545} INFO - Filling up the DagBag from /opt/airflow/dags/trustpilot_dag.py
[2025-08-26T11:38:54.187+0000] {logging_mixin.py:188} INFO - ***Fichier .env chargé
[2025-08-26T11:38:54.188+0000] {logging_mixin.py:188} INFO - ***Mode scraping : None
[2025-08-26T11:38:54.188+0000] {logging_mixin.py:188} INFO - ***Fichier d’entrée : None
[2025-08-26T11:38:54.194+0000] {processor.py:840} INFO - DAG(s) 'trustpilot_pipeline' retrieved from /opt/airflow/dags/trustpilot_dag.py
[2025-08-26T11:38:54.214+0000] {logging_mixin.py:188} INFO - [2025-08-26T11:38:54.213+0000] {dag.py:3096} INFO - Sync 1 DAGs
[2025-08-26T11:38:54.223+0000] {logging_mixin.py:188} INFO - [2025-08-26T11:38:54.222+0000] {dag.py:3954} INFO - Setting next_dagrun for trustpilot_pipeline to None, run_after=None
[2025-08-26T11:38:54.240+0000] {processor.py:183} INFO - Processing /opt/airflow/dags/trustpilot_dag.py took 0.919 seconds
[2025-08-26T11:39:24.441+0000] {processor.py:161} INFO - Started process (PID=1358) to work on /opt/airflow/dags/trustpilot_dag.py
[2025-08-26T11:39:24.442+0000] {processor.py:830} INFO - Processing file /opt/airflow/dags/trustpilot_dag.py for tasks to queue
[2025-08-26T11:39:24.444+0000] {logging_mixin.py:188} INFO - [2025-08-26T11:39:24.443+0000] {dagbag.py:545} INFO - Filling up the DagBag from /opt/airflow/dags/trustpilot_dag.py
[2025-08-26T11:39:25.392+0000] {logging_mixin.py:188} INFO - ***Fichier .env chargé
[2025-08-26T11:39:25.392+0000] {logging_mixin.py:188} INFO - ***Mode scraping : None
[2025-08-26T11:39:25.392+0000] {logging_mixin.py:188} INFO - ***Fichier d’entrée : None
[2025-08-26T11:39:25.399+0000] {processor.py:840} INFO - DAG(s) 'trustpilot_pipeline' retrieved from /opt/airflow/dags/trustpilot_dag.py
[2025-08-26T11:39:25.419+0000] {logging_mixin.py:188} INFO - [2025-08-26T11:39:25.419+0000] {dag.py:3096} INFO - Sync 1 DAGs
[2025-08-26T11:39:25.431+0000] {logging_mixin.py:188} INFO - [2025-08-26T11:39:25.431+0000] {dag.py:3954} INFO - Setting next_dagrun for trustpilot_pipeline to None, run_after=None
[2025-08-26T11:39:25.448+0000] {processor.py:183} INFO - Processing /opt/airflow/dags/trustpilot_dag.py took 1.014 seconds
[2025-08-26T11:39:55.581+0000] {processor.py:161} INFO - Started process (PID=1364) to work on /opt/airflow/dags/trustpilot_dag.py
[2025-08-26T11:39:55.582+0000] {processor.py:830} INFO - Processing file /opt/airflow/dags/trustpilot_dag.py for tasks to queue
[2025-08-26T11:39:55.584+0000] {logging_mixin.py:188} INFO - [2025-08-26T11:39:55.583+0000] {dagbag.py:545} INFO - Filling up the DagBag from /opt/airflow/dags/trustpilot_dag.py
[2025-08-26T11:39:56.523+0000] {logging_mixin.py:188} INFO - ***Fichier .env chargé
[2025-08-26T11:39:56.524+0000] {logging_mixin.py:188} INFO - ***Mode scraping : None
[2025-08-26T11:39:56.524+0000] {logging_mixin.py:188} INFO - ***Fichier d’entrée : None
[2025-08-26T11:39:56.531+0000] {processor.py:840} INFO - DAG(s) 'trustpilot_pipeline' retrieved from /opt/airflow/dags/trustpilot_dag.py
[2025-08-26T11:39:56.551+0000] {logging_mixin.py:188} INFO - [2025-08-26T11:39:56.550+0000] {dag.py:3096} INFO - Sync 1 DAGs
[2025-08-26T11:39:56.560+0000] {logging_mixin.py:188} INFO - [2025-08-26T11:39:56.560+0000] {dag.py:3954} INFO - Setting next_dagrun for trustpilot_pipeline to None, run_after=None
[2025-08-26T11:39:56.576+0000] {processor.py:183} INFO - Processing /opt/airflow/dags/trustpilot_dag.py took 1.002 seconds
[2025-08-26T11:40:26.768+0000] {processor.py:161} INFO - Started process (PID=1370) to work on /opt/airflow/dags/trustpilot_dag.py
[2025-08-26T11:40:26.769+0000] {processor.py:830} INFO - Processing file /opt/airflow/dags/trustpilot_dag.py for tasks to queue
[2025-08-26T11:40:26.771+0000] {logging_mixin.py:188} INFO - [2025-08-26T11:40:26.771+0000] {dagbag.py:545} INFO - Filling up the DagBag from /opt/airflow/dags/trustpilot_dag.py
[2025-08-26T11:40:27.652+0000] {logging_mixin.py:188} INFO - ***Fichier .env chargé
[2025-08-26T11:40:27.653+0000] {logging_mixin.py:188} INFO - ***Mode scraping : None
[2025-08-26T11:40:27.653+0000] {logging_mixin.py:188} INFO - ***Fichier d’entrée : None
[2025-08-26T11:40:27.659+0000] {processor.py:840} INFO - DAG(s) 'trustpilot_pipeline' retrieved from /opt/airflow/dags/trustpilot_dag.py
[2025-08-26T11:40:27.680+0000] {logging_mixin.py:188} INFO - [2025-08-26T11:40:27.680+0000] {dag.py:3096} INFO - Sync 1 DAGs
[2025-08-26T11:40:27.689+0000] {logging_mixin.py:188} INFO - [2025-08-26T11:40:27.689+0000] {dag.py:3954} INFO - Setting next_dagrun for trustpilot_pipeline to None, run_after=None
[2025-08-26T11:40:27.705+0000] {processor.py:183} INFO - Processing /opt/airflow/dags/trustpilot_dag.py took 0.944 seconds
[2025-08-26T11:40:57.912+0000] {processor.py:161} INFO - Started process (PID=1376) to work on /opt/airflow/dags/trustpilot_dag.py
[2025-08-26T11:40:57.914+0000] {processor.py:830} INFO - Processing file /opt/airflow/dags/trustpilot_dag.py for tasks to queue
[2025-08-26T11:40:57.917+0000] {logging_mixin.py:188} INFO - [2025-08-26T11:40:57.916+0000] {dagbag.py:545} INFO - Filling up the DagBag from /opt/airflow/dags/trustpilot_dag.py
[2025-08-26T11:40:58.793+0000] {logging_mixin.py:188} INFO - ***Fichier .env chargé
[2025-08-26T11:40:58.793+0000] {logging_mixin.py:188} INFO - ***Mode scraping : None
[2025-08-26T11:40:58.794+0000] {logging_mixin.py:188} INFO - ***Fichier d’entrée : None
[2025-08-26T11:40:58.800+0000] {processor.py:840} INFO - DAG(s) 'trustpilot_pipeline' retrieved from /opt/airflow/dags/trustpilot_dag.py
[2025-08-26T11:40:58.820+0000] {logging_mixin.py:188} INFO - [2025-08-26T11:40:58.820+0000] {dag.py:3096} INFO - Sync 1 DAGs
[2025-08-26T11:40:58.830+0000] {logging_mixin.py:188} INFO - [2025-08-26T11:40:58.830+0000] {dag.py:3954} INFO - Setting next_dagrun for trustpilot_pipeline to None, run_after=None
[2025-08-26T11:40:58.845+0000] {processor.py:183} INFO - Processing /opt/airflow/dags/trustpilot_dag.py took 0.948 seconds
[2025-08-26T11:41:29.023+0000] {processor.py:161} INFO - Started process (PID=1382) to work on /opt/airflow/dags/trustpilot_dag.py
[2025-08-26T11:41:29.024+0000] {processor.py:830} INFO - Processing file /opt/airflow/dags/trustpilot_dag.py for tasks to queue
[2025-08-26T11:41:29.027+0000] {logging_mixin.py:188} INFO - [2025-08-26T11:41:29.027+0000] {dagbag.py:545} INFO - Filling up the DagBag from /opt/airflow/dags/trustpilot_dag.py
[2025-08-26T11:41:29.933+0000] {logging_mixin.py:188} INFO - ***Fichier .env chargé
[2025-08-26T11:41:29.933+0000] {logging_mixin.py:188} INFO - ***Mode scraping : None
[2025-08-26T11:41:29.933+0000] {logging_mixin.py:188} INFO - ***Fichier d’entrée : None
[2025-08-26T11:41:29.939+0000] {processor.py:840} INFO - DAG(s) 'trustpilot_pipeline' retrieved from /opt/airflow/dags/trustpilot_dag.py
[2025-08-26T11:41:29.959+0000] {logging_mixin.py:188} INFO - [2025-08-26T11:41:29.959+0000] {dag.py:3096} INFO - Sync 1 DAGs
[2025-08-26T11:41:29.968+0000] {logging_mixin.py:188} INFO - [2025-08-26T11:41:29.968+0000] {dag.py:3954} INFO - Setting next_dagrun for trustpilot_pipeline to None, run_after=None
[2025-08-26T11:41:29.983+0000] {processor.py:183} INFO - Processing /opt/airflow/dags/trustpilot_dag.py took 0.973 seconds
[2025-08-26T11:42:00.184+0000] {processor.py:161} INFO - Started process (PID=1388) to work on /opt/airflow/dags/trustpilot_dag.py
[2025-08-26T11:42:00.186+0000] {processor.py:830} INFO - Processing file /opt/airflow/dags/trustpilot_dag.py for tasks to queue
[2025-08-26T11:42:00.189+0000] {logging_mixin.py:188} INFO - [2025-08-26T11:42:00.188+0000] {dagbag.py:545} INFO - Filling up the DagBag from /opt/airflow/dags/trustpilot_dag.py
[2025-08-26T11:42:01.068+0000] {logging_mixin.py:188} INFO - ***Fichier .env chargé
[2025-08-26T11:42:01.068+0000] {logging_mixin.py:188} INFO - ***Mode scraping : None
[2025-08-26T11:42:01.068+0000] {logging_mixin.py:188} INFO - ***Fichier d’entrée : None
[2025-08-26T11:42:01.075+0000] {processor.py:840} INFO - DAG(s) 'trustpilot_pipeline' retrieved from /opt/airflow/dags/trustpilot_dag.py
[2025-08-26T11:42:01.096+0000] {logging_mixin.py:188} INFO - [2025-08-26T11:42:01.095+0000] {dag.py:3096} INFO - Sync 1 DAGs
[2025-08-26T11:42:01.104+0000] {logging_mixin.py:188} INFO - [2025-08-26T11:42:01.104+0000] {dag.py:3954} INFO - Setting next_dagrun for trustpilot_pipeline to None, run_after=None
[2025-08-26T11:42:01.121+0000] {processor.py:183} INFO - Processing /opt/airflow/dags/trustpilot_dag.py took 0.949 seconds
[2025-08-26T11:42:31.341+0000] {processor.py:161} INFO - Started process (PID=1394) to work on /opt/airflow/dags/trustpilot_dag.py
[2025-08-26T11:42:31.342+0000] {processor.py:830} INFO - Processing file /opt/airflow/dags/trustpilot_dag.py for tasks to queue
[2025-08-26T11:42:31.345+0000] {logging_mixin.py:188} INFO - [2025-08-26T11:42:31.345+0000] {dagbag.py:545} INFO - Filling up the DagBag from /opt/airflow/dags/trustpilot_dag.py
[2025-08-26T11:42:32.201+0000] {logging_mixin.py:188} INFO - ***Fichier .env chargé
[2025-08-26T11:42:32.201+0000] {logging_mixin.py:188} INFO - ***Mode scraping : None
[2025-08-26T11:42:32.202+0000] {logging_mixin.py:188} INFO - ***Fichier d’entrée : None
[2025-08-26T11:42:32.208+0000] {processor.py:840} INFO - DAG(s) 'trustpilot_pipeline' retrieved from /opt/airflow/dags/trustpilot_dag.py
[2025-08-26T11:42:32.229+0000] {logging_mixin.py:188} INFO - [2025-08-26T11:42:32.228+0000] {dag.py:3096} INFO - Sync 1 DAGs
[2025-08-26T11:42:32.239+0000] {logging_mixin.py:188} INFO - [2025-08-26T11:42:32.238+0000] {dag.py:3954} INFO - Setting next_dagrun for trustpilot_pipeline to None, run_after=None
[2025-08-26T11:42:32.254+0000] {processor.py:183} INFO - Processing /opt/airflow/dags/trustpilot_dag.py took 0.925 seconds
[2025-08-26T11:43:02.457+0000] {processor.py:161} INFO - Started process (PID=1400) to work on /opt/airflow/dags/trustpilot_dag.py
[2025-08-26T11:43:02.458+0000] {processor.py:830} INFO - Processing file /opt/airflow/dags/trustpilot_dag.py for tasks to queue
[2025-08-26T11:43:02.460+0000] {logging_mixin.py:188} INFO - [2025-08-26T11:43:02.460+0000] {dagbag.py:545} INFO - Filling up the DagBag from /opt/airflow/dags/trustpilot_dag.py
[2025-08-26T11:43:03.453+0000] {logging_mixin.py:188} INFO - ***Fichier .env chargé
[2025-08-26T11:43:03.453+0000] {logging_mixin.py:188} INFO - ***Mode scraping : None
[2025-08-26T11:43:03.454+0000] {logging_mixin.py:188} INFO - ***Fichier d’entrée : None
[2025-08-26T11:43:03.461+0000] {processor.py:840} INFO - DAG(s) 'trustpilot_pipeline' retrieved from /opt/airflow/dags/trustpilot_dag.py
[2025-08-26T11:43:03.484+0000] {logging_mixin.py:188} INFO - [2025-08-26T11:43:03.484+0000] {dag.py:3096} INFO - Sync 1 DAGs
[2025-08-26T11:43:03.495+0000] {logging_mixin.py:188} INFO - [2025-08-26T11:43:03.495+0000] {dag.py:3954} INFO - Setting next_dagrun for trustpilot_pipeline to None, run_after=None
[2025-08-26T11:43:03.512+0000] {processor.py:183} INFO - Processing /opt/airflow/dags/trustpilot_dag.py took 1.062 seconds
[2025-08-26T11:43:33.676+0000] {processor.py:161} INFO - Started process (PID=1406) to work on /opt/airflow/dags/trustpilot_dag.py
[2025-08-26T11:43:33.678+0000] {processor.py:830} INFO - Processing file /opt/airflow/dags/trustpilot_dag.py for tasks to queue
[2025-08-26T11:43:33.682+0000] {logging_mixin.py:188} INFO - [2025-08-26T11:43:33.681+0000] {dagbag.py:545} INFO - Filling up the DagBag from /opt/airflow/dags/trustpilot_dag.py
[2025-08-26T11:43:34.557+0000] {logging_mixin.py:188} INFO - ***Fichier .env chargé
[2025-08-26T11:43:34.558+0000] {logging_mixin.py:188} INFO - ***Mode scraping : None
[2025-08-26T11:43:34.558+0000] {logging_mixin.py:188} INFO - ***Fichier d’entrée : None
[2025-08-26T11:43:34.564+0000] {processor.py:840} INFO - DAG(s) 'trustpilot_pipeline' retrieved from /opt/airflow/dags/trustpilot_dag.py
[2025-08-26T11:43:34.586+0000] {logging_mixin.py:188} INFO - [2025-08-26T11:43:34.585+0000] {dag.py:3096} INFO - Sync 1 DAGs
[2025-08-26T11:43:34.595+0000] {logging_mixin.py:188} INFO - [2025-08-26T11:43:34.595+0000] {dag.py:3954} INFO - Setting next_dagrun for trustpilot_pipeline to None, run_after=None
[2025-08-26T11:43:34.610+0000] {processor.py:183} INFO - Processing /opt/airflow/dags/trustpilot_dag.py took 0.949 seconds
[2025-08-26T11:44:04.830+0000] {processor.py:161} INFO - Started process (PID=1412) to work on /opt/airflow/dags/trustpilot_dag.py
[2025-08-26T11:44:04.831+0000] {processor.py:830} INFO - Processing file /opt/airflow/dags/trustpilot_dag.py for tasks to queue
[2025-08-26T11:44:04.833+0000] {logging_mixin.py:188} INFO - [2025-08-26T11:44:04.832+0000] {dagbag.py:545} INFO - Filling up the DagBag from /opt/airflow/dags/trustpilot_dag.py
[2025-08-26T11:44:05.710+0000] {logging_mixin.py:188} INFO - ***Fichier .env chargé
[2025-08-26T11:44:05.712+0000] {logging_mixin.py:188} INFO - ***Mode scraping : None
[2025-08-26T11:44:05.712+0000] {logging_mixin.py:188} INFO - ***Fichier d’entrée : None
[2025-08-26T11:44:05.718+0000] {processor.py:840} INFO - DAG(s) 'trustpilot_pipeline' retrieved from /opt/airflow/dags/trustpilot_dag.py
[2025-08-26T11:44:05.738+0000] {logging_mixin.py:188} INFO - [2025-08-26T11:44:05.737+0000] {dag.py:3096} INFO - Sync 1 DAGs
[2025-08-26T11:44:05.747+0000] {logging_mixin.py:188} INFO - [2025-08-26T11:44:05.747+0000] {dag.py:3954} INFO - Setting next_dagrun for trustpilot_pipeline to None, run_after=None
[2025-08-26T11:44:05.763+0000] {processor.py:183} INFO - Processing /opt/airflow/dags/trustpilot_dag.py took 0.940 seconds
[2025-08-26T11:44:35.969+0000] {processor.py:161} INFO - Started process (PID=1418) to work on /opt/airflow/dags/trustpilot_dag.py
[2025-08-26T11:44:35.970+0000] {processor.py:830} INFO - Processing file /opt/airflow/dags/trustpilot_dag.py for tasks to queue
[2025-08-26T11:44:35.972+0000] {logging_mixin.py:188} INFO - [2025-08-26T11:44:35.971+0000] {dagbag.py:545} INFO - Filling up the DagBag from /opt/airflow/dags/trustpilot_dag.py
[2025-08-26T11:44:36.840+0000] {logging_mixin.py:188} INFO - ***Fichier .env chargé
[2025-08-26T11:44:36.841+0000] {logging_mixin.py:188} INFO - ***Mode scraping : None
[2025-08-26T11:44:36.841+0000] {logging_mixin.py:188} INFO - ***Fichier d’entrée : None
[2025-08-26T11:44:36.847+0000] {processor.py:840} INFO - DAG(s) 'trustpilot_pipeline' retrieved from /opt/airflow/dags/trustpilot_dag.py
[2025-08-26T11:44:36.868+0000] {logging_mixin.py:188} INFO - [2025-08-26T11:44:36.867+0000] {dag.py:3096} INFO - Sync 1 DAGs
[2025-08-26T11:44:36.876+0000] {logging_mixin.py:188} INFO - [2025-08-26T11:44:36.876+0000] {dag.py:3954} INFO - Setting next_dagrun for trustpilot_pipeline to None, run_after=None
[2025-08-26T11:44:36.891+0000] {processor.py:183} INFO - Processing /opt/airflow/dags/trustpilot_dag.py took 0.929 seconds
[2025-08-26T11:45:07.113+0000] {processor.py:161} INFO - Started process (PID=1424) to work on /opt/airflow/dags/trustpilot_dag.py
[2025-08-26T11:45:07.114+0000] {processor.py:830} INFO - Processing file /opt/airflow/dags/trustpilot_dag.py for tasks to queue
[2025-08-26T11:45:07.117+0000] {logging_mixin.py:188} INFO - [2025-08-26T11:45:07.116+0000] {dagbag.py:545} INFO - Filling up the DagBag from /opt/airflow/dags/trustpilot_dag.py
[2025-08-26T11:45:07.980+0000] {logging_mixin.py:188} INFO - ***Fichier .env chargé
[2025-08-26T11:45:07.981+0000] {logging_mixin.py:188} INFO - ***Mode scraping : None
[2025-08-26T11:45:07.981+0000] {logging_mixin.py:188} INFO - ***Fichier d’entrée : None
[2025-08-26T11:45:07.987+0000] {processor.py:840} INFO - DAG(s) 'trustpilot_pipeline' retrieved from /opt/airflow/dags/trustpilot_dag.py
[2025-08-26T11:45:08.006+0000] {logging_mixin.py:188} INFO - [2025-08-26T11:45:08.005+0000] {dag.py:3096} INFO - Sync 1 DAGs
[2025-08-26T11:45:08.014+0000] {logging_mixin.py:188} INFO - [2025-08-26T11:45:08.014+0000] {dag.py:3954} INFO - Setting next_dagrun for trustpilot_pipeline to None, run_after=None
[2025-08-26T11:45:08.029+0000] {processor.py:183} INFO - Processing /opt/airflow/dags/trustpilot_dag.py took 0.933 seconds
[2025-08-26T11:45:38.245+0000] {processor.py:161} INFO - Started process (PID=1430) to work on /opt/airflow/dags/trustpilot_dag.py
[2025-08-26T11:45:38.246+0000] {processor.py:830} INFO - Processing file /opt/airflow/dags/trustpilot_dag.py for tasks to queue
[2025-08-26T11:45:38.248+0000] {logging_mixin.py:188} INFO - [2025-08-26T11:45:38.248+0000] {dagbag.py:545} INFO - Filling up the DagBag from /opt/airflow/dags/trustpilot_dag.py
[2025-08-26T11:45:39.115+0000] {logging_mixin.py:188} INFO - ***Fichier .env chargé
[2025-08-26T11:45:39.115+0000] {logging_mixin.py:188} INFO - ***Mode scraping : None
[2025-08-26T11:45:39.115+0000] {logging_mixin.py:188} INFO - ***Fichier d’entrée : None
[2025-08-26T11:45:39.122+0000] {processor.py:840} INFO - DAG(s) 'trustpilot_pipeline' retrieved from /opt/airflow/dags/trustpilot_dag.py
[2025-08-26T11:45:39.143+0000] {logging_mixin.py:188} INFO - [2025-08-26T11:45:39.142+0000] {dag.py:3096} INFO - Sync 1 DAGs
[2025-08-26T11:45:39.152+0000] {logging_mixin.py:188} INFO - [2025-08-26T11:45:39.152+0000] {dag.py:3954} INFO - Setting next_dagrun for trustpilot_pipeline to None, run_after=None
[2025-08-26T11:45:39.168+0000] {processor.py:183} INFO - Processing /opt/airflow/dags/trustpilot_dag.py took 0.929 seconds
[2025-08-26T11:46:09.365+0000] {processor.py:161} INFO - Started process (PID=1436) to work on /opt/airflow/dags/trustpilot_dag.py
[2025-08-26T11:46:09.365+0000] {processor.py:830} INFO - Processing file /opt/airflow/dags/trustpilot_dag.py for tasks to queue
[2025-08-26T11:46:09.367+0000] {logging_mixin.py:188} INFO - [2025-08-26T11:46:09.367+0000] {dagbag.py:545} INFO - Filling up the DagBag from /opt/airflow/dags/trustpilot_dag.py
[2025-08-26T11:46:10.228+0000] {logging_mixin.py:188} INFO - ***Fichier .env chargé
[2025-08-26T11:46:10.228+0000] {logging_mixin.py:188} INFO - ***Mode scraping : None
[2025-08-26T11:46:10.229+0000] {logging_mixin.py:188} INFO - ***Fichier d’entrée : None
[2025-08-26T11:46:10.235+0000] {processor.py:840} INFO - DAG(s) 'trustpilot_pipeline' retrieved from /opt/airflow/dags/trustpilot_dag.py
[2025-08-26T11:46:10.257+0000] {logging_mixin.py:188} INFO - [2025-08-26T11:46:10.256+0000] {dag.py:3096} INFO - Sync 1 DAGs
[2025-08-26T11:46:10.266+0000] {logging_mixin.py:188} INFO - [2025-08-26T11:46:10.265+0000] {dag.py:3954} INFO - Setting next_dagrun for trustpilot_pipeline to None, run_after=None
[2025-08-26T11:46:10.281+0000] {processor.py:183} INFO - Processing /opt/airflow/dags/trustpilot_dag.py took 0.923 seconds
[2025-08-26T11:46:40.488+0000] {processor.py:161} INFO - Started process (PID=1442) to work on /opt/airflow/dags/trustpilot_dag.py
[2025-08-26T11:46:40.489+0000] {processor.py:830} INFO - Processing file /opt/airflow/dags/trustpilot_dag.py for tasks to queue
[2025-08-26T11:46:40.491+0000] {logging_mixin.py:188} INFO - [2025-08-26T11:46:40.491+0000] {dagbag.py:545} INFO - Filling up the DagBag from /opt/airflow/dags/trustpilot_dag.py
[2025-08-26T11:46:41.368+0000] {logging_mixin.py:188} INFO - ***Fichier .env chargé
[2025-08-26T11:46:41.368+0000] {logging_mixin.py:188} INFO - ***Mode scraping : None
[2025-08-26T11:46:41.368+0000] {logging_mixin.py:188} INFO - ***Fichier d’entrée : None
[2025-08-26T11:46:41.376+0000] {processor.py:840} INFO - DAG(s) 'trustpilot_pipeline' retrieved from /opt/airflow/dags/trustpilot_dag.py
[2025-08-26T11:46:41.396+0000] {logging_mixin.py:188} INFO - [2025-08-26T11:46:41.395+0000] {dag.py:3096} INFO - Sync 1 DAGs
[2025-08-26T11:46:41.405+0000] {logging_mixin.py:188} INFO - [2025-08-26T11:46:41.405+0000] {dag.py:3954} INFO - Setting next_dagrun for trustpilot_pipeline to None, run_after=None
[2025-08-26T11:46:41.420+0000] {processor.py:183} INFO - Processing /opt/airflow/dags/trustpilot_dag.py took 0.939 seconds
[2025-08-26T11:47:11.619+0000] {processor.py:161} INFO - Started process (PID=1448) to work on /opt/airflow/dags/trustpilot_dag.py
[2025-08-26T11:47:11.620+0000] {processor.py:830} INFO - Processing file /opt/airflow/dags/trustpilot_dag.py for tasks to queue
[2025-08-26T11:47:11.621+0000] {logging_mixin.py:188} INFO - [2025-08-26T11:47:11.621+0000] {dagbag.py:545} INFO - Filling up the DagBag from /opt/airflow/dags/trustpilot_dag.py
[2025-08-26T11:47:12.463+0000] {logging_mixin.py:188} INFO - ***Fichier .env chargé
[2025-08-26T11:47:12.463+0000] {logging_mixin.py:188} INFO - ***Mode scraping : None
[2025-08-26T11:47:12.463+0000] {logging_mixin.py:188} INFO - ***Fichier d’entrée : None
[2025-08-26T11:47:12.469+0000] {processor.py:840} INFO - DAG(s) 'trustpilot_pipeline' retrieved from /opt/airflow/dags/trustpilot_dag.py
[2025-08-26T11:47:12.488+0000] {logging_mixin.py:188} INFO - [2025-08-26T11:47:12.488+0000] {dag.py:3096} INFO - Sync 1 DAGs
[2025-08-26T11:47:12.497+0000] {logging_mixin.py:188} INFO - [2025-08-26T11:47:12.497+0000] {dag.py:3954} INFO - Setting next_dagrun for trustpilot_pipeline to None, run_after=None
[2025-08-26T11:47:12.512+0000] {processor.py:183} INFO - Processing /opt/airflow/dags/trustpilot_dag.py took 0.901 seconds
[2025-08-26T11:47:42.714+0000] {processor.py:161} INFO - Started process (PID=1454) to work on /opt/airflow/dags/trustpilot_dag.py
[2025-08-26T11:47:42.715+0000] {processor.py:830} INFO - Processing file /opt/airflow/dags/trustpilot_dag.py for tasks to queue
[2025-08-26T11:47:42.716+0000] {logging_mixin.py:188} INFO - [2025-08-26T11:47:42.716+0000] {dagbag.py:545} INFO - Filling up the DagBag from /opt/airflow/dags/trustpilot_dag.py
[2025-08-26T11:47:43.577+0000] {logging_mixin.py:188} INFO - ***Fichier .env chargé
[2025-08-26T11:47:43.577+0000] {logging_mixin.py:188} INFO - ***Mode scraping : None
[2025-08-26T11:47:43.578+0000] {logging_mixin.py:188} INFO - ***Fichier d’entrée : None
[2025-08-26T11:47:43.583+0000] {processor.py:840} INFO - DAG(s) 'trustpilot_pipeline' retrieved from /opt/airflow/dags/trustpilot_dag.py
[2025-08-26T11:47:43.603+0000] {logging_mixin.py:188} INFO - [2025-08-26T11:47:43.603+0000] {dag.py:3096} INFO - Sync 1 DAGs
[2025-08-26T11:47:43.612+0000] {logging_mixin.py:188} INFO - [2025-08-26T11:47:43.611+0000] {dag.py:3954} INFO - Setting next_dagrun for trustpilot_pipeline to None, run_after=None
[2025-08-26T11:47:43.629+0000] {processor.py:183} INFO - Processing /opt/airflow/dags/trustpilot_dag.py took 0.923 seconds
[2025-08-26T11:48:13.837+0000] {processor.py:161} INFO - Started process (PID=1460) to work on /opt/airflow/dags/trustpilot_dag.py
[2025-08-26T11:48:13.838+0000] {processor.py:830} INFO - Processing file /opt/airflow/dags/trustpilot_dag.py for tasks to queue
[2025-08-26T11:48:13.840+0000] {logging_mixin.py:188} INFO - [2025-08-26T11:48:13.839+0000] {dagbag.py:545} INFO - Filling up the DagBag from /opt/airflow/dags/trustpilot_dag.py
[2025-08-26T11:48:14.687+0000] {logging_mixin.py:188} INFO - ***Fichier .env chargé
[2025-08-26T11:48:14.687+0000] {logging_mixin.py:188} INFO - ***Mode scraping : None
[2025-08-26T11:48:14.687+0000] {logging_mixin.py:188} INFO - ***Fichier d’entrée : None
[2025-08-26T11:48:14.694+0000] {processor.py:840} INFO - DAG(s) 'trustpilot_pipeline' retrieved from /opt/airflow/dags/trustpilot_dag.py
[2025-08-26T11:48:14.714+0000] {logging_mixin.py:188} INFO - [2025-08-26T11:48:14.714+0000] {dag.py:3096} INFO - Sync 1 DAGs
[2025-08-26T11:48:14.724+0000] {logging_mixin.py:188} INFO - [2025-08-26T11:48:14.724+0000] {dag.py:3954} INFO - Setting next_dagrun for trustpilot_pipeline to None, run_after=None
[2025-08-26T11:48:14.738+0000] {processor.py:183} INFO - Processing /opt/airflow/dags/trustpilot_dag.py took 0.909 seconds
[2025-08-26T11:48:44.952+0000] {processor.py:161} INFO - Started process (PID=1466) to work on /opt/airflow/dags/trustpilot_dag.py
[2025-08-26T11:48:44.953+0000] {processor.py:830} INFO - Processing file /opt/airflow/dags/trustpilot_dag.py for tasks to queue
[2025-08-26T11:48:44.955+0000] {logging_mixin.py:188} INFO - [2025-08-26T11:48:44.955+0000] {dagbag.py:545} INFO - Filling up the DagBag from /opt/airflow/dags/trustpilot_dag.py
[2025-08-26T11:48:45.812+0000] {logging_mixin.py:188} INFO - ***Fichier .env chargé
[2025-08-26T11:48:45.812+0000] {logging_mixin.py:188} INFO - ***Mode scraping : None
[2025-08-26T11:48:45.812+0000] {logging_mixin.py:188} INFO - ***Fichier d’entrée : None
[2025-08-26T11:48:45.819+0000] {processor.py:840} INFO - DAG(s) 'trustpilot_pipeline' retrieved from /opt/airflow/dags/trustpilot_dag.py
[2025-08-26T11:48:45.841+0000] {logging_mixin.py:188} INFO - [2025-08-26T11:48:45.840+0000] {dag.py:3096} INFO - Sync 1 DAGs
[2025-08-26T11:48:45.850+0000] {logging_mixin.py:188} INFO - [2025-08-26T11:48:45.850+0000] {dag.py:3954} INFO - Setting next_dagrun for trustpilot_pipeline to None, run_after=None
[2025-08-26T11:48:45.865+0000] {processor.py:183} INFO - Processing /opt/airflow/dags/trustpilot_dag.py took 0.920 seconds
[2025-08-26T11:49:16.093+0000] {processor.py:161} INFO - Started process (PID=1472) to work on /opt/airflow/dags/trustpilot_dag.py
[2025-08-26T11:49:16.095+0000] {processor.py:830} INFO - Processing file /opt/airflow/dags/trustpilot_dag.py for tasks to queue
[2025-08-26T11:49:16.098+0000] {logging_mixin.py:188} INFO - [2025-08-26T11:49:16.097+0000] {dagbag.py:545} INFO - Filling up the DagBag from /opt/airflow/dags/trustpilot_dag.py
[2025-08-26T11:49:16.948+0000] {logging_mixin.py:188} INFO - ***Fichier .env chargé
[2025-08-26T11:49:16.949+0000] {logging_mixin.py:188} INFO - ***Mode scraping : None
[2025-08-26T11:49:16.949+0000] {logging_mixin.py:188} INFO - ***Fichier d’entrée : None
[2025-08-26T11:49:16.955+0000] {processor.py:840} INFO - DAG(s) 'trustpilot_pipeline' retrieved from /opt/airflow/dags/trustpilot_dag.py
[2025-08-26T11:49:16.976+0000] {logging_mixin.py:188} INFO - [2025-08-26T11:49:16.976+0000] {dag.py:3096} INFO - Sync 1 DAGs
[2025-08-26T11:49:16.985+0000] {logging_mixin.py:188} INFO - [2025-08-26T11:49:16.985+0000] {dag.py:3954} INFO - Setting next_dagrun for trustpilot_pipeline to None, run_after=None
[2025-08-26T11:49:17.000+0000] {processor.py:183} INFO - Processing /opt/airflow/dags/trustpilot_dag.py took 0.923 seconds
[2025-08-26T11:49:47.174+0000] {processor.py:161} INFO - Started process (PID=1478) to work on /opt/airflow/dags/trustpilot_dag.py
[2025-08-26T11:49:47.175+0000] {processor.py:830} INFO - Processing file /opt/airflow/dags/trustpilot_dag.py for tasks to queue
[2025-08-26T11:49:47.178+0000] {logging_mixin.py:188} INFO - [2025-08-26T11:49:47.177+0000] {dagbag.py:545} INFO - Filling up the DagBag from /opt/airflow/dags/trustpilot_dag.py
[2025-08-26T11:49:48.033+0000] {logging_mixin.py:188} INFO - ***Fichier .env chargé
[2025-08-26T11:49:48.034+0000] {logging_mixin.py:188} INFO - ***Mode scraping : None
[2025-08-26T11:49:48.034+0000] {logging_mixin.py:188} INFO - ***Fichier d’entrée : None
[2025-08-26T11:49:48.040+0000] {processor.py:840} INFO - DAG(s) 'trustpilot_pipeline' retrieved from /opt/airflow/dags/trustpilot_dag.py
[2025-08-26T11:49:48.060+0000] {logging_mixin.py:188} INFO - [2025-08-26T11:49:48.060+0000] {dag.py:3096} INFO - Sync 1 DAGs
[2025-08-26T11:49:48.069+0000] {logging_mixin.py:188} INFO - [2025-08-26T11:49:48.069+0000] {dag.py:3954} INFO - Setting next_dagrun for trustpilot_pipeline to None, run_after=None
[2025-08-26T11:49:48.085+0000] {processor.py:183} INFO - Processing /opt/airflow/dags/trustpilot_dag.py took 0.920 seconds
[2025-08-26T11:50:18.262+0000] {processor.py:161} INFO - Started process (PID=1484) to work on /opt/airflow/dags/trustpilot_dag.py
[2025-08-26T11:50:18.263+0000] {processor.py:830} INFO - Processing file /opt/airflow/dags/trustpilot_dag.py for tasks to queue
[2025-08-26T11:50:18.264+0000] {logging_mixin.py:188} INFO - [2025-08-26T11:50:18.264+0000] {dagbag.py:545} INFO - Filling up the DagBag from /opt/airflow/dags/trustpilot_dag.py
[2025-08-26T11:50:19.128+0000] {logging_mixin.py:188} INFO - ***Fichier .env chargé
[2025-08-26T11:50:19.128+0000] {logging_mixin.py:188} INFO - ***Mode scraping : None
[2025-08-26T11:50:19.128+0000] {logging_mixin.py:188} INFO - ***Fichier d’entrée : None
[2025-08-26T11:50:19.135+0000] {processor.py:840} INFO - DAG(s) 'trustpilot_pipeline' retrieved from /opt/airflow/dags/trustpilot_dag.py
[2025-08-26T11:50:19.154+0000] {logging_mixin.py:188} INFO - [2025-08-26T11:50:19.154+0000] {dag.py:3096} INFO - Sync 1 DAGs
[2025-08-26T11:50:19.163+0000] {logging_mixin.py:188} INFO - [2025-08-26T11:50:19.163+0000] {dag.py:3954} INFO - Setting next_dagrun for trustpilot_pipeline to None, run_after=None
[2025-08-26T11:50:19.178+0000] {processor.py:183} INFO - Processing /opt/airflow/dags/trustpilot_dag.py took 0.923 seconds
[2025-08-26T11:50:49.401+0000] {processor.py:161} INFO - Started process (PID=1490) to work on /opt/airflow/dags/trustpilot_dag.py
[2025-08-26T11:50:49.402+0000] {processor.py:830} INFO - Processing file /opt/airflow/dags/trustpilot_dag.py for tasks to queue
[2025-08-26T11:50:49.404+0000] {logging_mixin.py:188} INFO - [2025-08-26T11:50:49.404+0000] {dagbag.py:545} INFO - Filling up the DagBag from /opt/airflow/dags/trustpilot_dag.py
[2025-08-26T11:50:50.245+0000] {logging_mixin.py:188} INFO - ***Fichier .env chargé
[2025-08-26T11:50:50.246+0000] {logging_mixin.py:188} INFO - ***Mode scraping : None
[2025-08-26T11:50:50.246+0000] {logging_mixin.py:188} INFO - ***Fichier d’entrée : None
[2025-08-26T11:50:50.252+0000] {processor.py:840} INFO - DAG(s) 'trustpilot_pipeline' retrieved from /opt/airflow/dags/trustpilot_dag.py
[2025-08-26T11:50:50.272+0000] {logging_mixin.py:188} INFO - [2025-08-26T11:50:50.271+0000] {dag.py:3096} INFO - Sync 1 DAGs
[2025-08-26T11:50:50.280+0000] {logging_mixin.py:188} INFO - [2025-08-26T11:50:50.280+0000] {dag.py:3954} INFO - Setting next_dagrun for trustpilot_pipeline to None, run_after=None
[2025-08-26T11:50:50.297+0000] {processor.py:183} INFO - Processing /opt/airflow/dags/trustpilot_dag.py took 0.903 seconds
[2025-08-26T11:51:20.539+0000] {processor.py:161} INFO - Started process (PID=1496) to work on /opt/airflow/dags/trustpilot_dag.py
[2025-08-26T11:51:20.541+0000] {processor.py:830} INFO - Processing file /opt/airflow/dags/trustpilot_dag.py for tasks to queue
[2025-08-26T11:51:20.545+0000] {logging_mixin.py:188} INFO - [2025-08-26T11:51:20.544+0000] {dagbag.py:545} INFO - Filling up the DagBag from /opt/airflow/dags/trustpilot_dag.py
[2025-08-26T11:51:21.396+0000] {logging_mixin.py:188} INFO - ***Fichier .env chargé
[2025-08-26T11:51:21.397+0000] {logging_mixin.py:188} INFO - ***Mode scraping : None
[2025-08-26T11:51:21.397+0000] {logging_mixin.py:188} INFO - ***Fichier d’entrée : None
[2025-08-26T11:51:21.403+0000] {processor.py:840} INFO - DAG(s) 'trustpilot_pipeline' retrieved from /opt/airflow/dags/trustpilot_dag.py
[2025-08-26T11:51:21.423+0000] {logging_mixin.py:188} INFO - [2025-08-26T11:51:21.423+0000] {dag.py:3096} INFO - Sync 1 DAGs
[2025-08-26T11:51:21.433+0000] {logging_mixin.py:188} INFO - [2025-08-26T11:51:21.432+0000] {dag.py:3954} INFO - Setting next_dagrun for trustpilot_pipeline to None, run_after=None
[2025-08-26T11:51:21.447+0000] {processor.py:183} INFO - Processing /opt/airflow/dags/trustpilot_dag.py took 0.927 seconds
[2025-08-26T11:51:51.679+0000] {processor.py:161} INFO - Started process (PID=1502) to work on /opt/airflow/dags/trustpilot_dag.py
[2025-08-26T11:51:51.680+0000] {processor.py:830} INFO - Processing file /opt/airflow/dags/trustpilot_dag.py for tasks to queue
[2025-08-26T11:51:51.682+0000] {logging_mixin.py:188} INFO - [2025-08-26T11:51:51.682+0000] {dagbag.py:545} INFO - Filling up the DagBag from /opt/airflow/dags/trustpilot_dag.py
[2025-08-26T11:51:52.526+0000] {logging_mixin.py:188} INFO - ***Fichier .env chargé
[2025-08-26T11:51:52.526+0000] {logging_mixin.py:188} INFO - ***Mode scraping : None
[2025-08-26T11:51:52.527+0000] {logging_mixin.py:188} INFO - ***Fichier d’entrée : None
[2025-08-26T11:51:52.533+0000] {processor.py:840} INFO - DAG(s) 'trustpilot_pipeline' retrieved from /opt/airflow/dags/trustpilot_dag.py
[2025-08-26T11:51:52.553+0000] {logging_mixin.py:188} INFO - [2025-08-26T11:51:52.553+0000] {dag.py:3096} INFO - Sync 1 DAGs
[2025-08-26T11:51:52.562+0000] {logging_mixin.py:188} INFO - [2025-08-26T11:51:52.562+0000] {dag.py:3954} INFO - Setting next_dagrun for trustpilot_pipeline to None, run_after=None
[2025-08-26T11:51:52.576+0000] {processor.py:183} INFO - Processing /opt/airflow/dags/trustpilot_dag.py took 0.912 seconds
[2025-08-26T11:52:22.788+0000] {processor.py:161} INFO - Started process (PID=1508) to work on /opt/airflow/dags/trustpilot_dag.py
[2025-08-26T11:52:22.789+0000] {processor.py:830} INFO - Processing file /opt/airflow/dags/trustpilot_dag.py for tasks to queue
[2025-08-26T11:52:22.791+0000] {logging_mixin.py:188} INFO - [2025-08-26T11:52:22.790+0000] {dagbag.py:545} INFO - Filling up the DagBag from /opt/airflow/dags/trustpilot_dag.py
[2025-08-26T11:52:23.633+0000] {logging_mixin.py:188} INFO - ***Fichier .env chargé
[2025-08-26T11:52:23.634+0000] {logging_mixin.py:188} INFO - ***Mode scraping : None
[2025-08-26T11:52:23.634+0000] {logging_mixin.py:188} INFO - ***Fichier d’entrée : None
[2025-08-26T11:52:23.640+0000] {processor.py:840} INFO - DAG(s) 'trustpilot_pipeline' retrieved from /opt/airflow/dags/trustpilot_dag.py
[2025-08-26T11:52:23.661+0000] {logging_mixin.py:188} INFO - [2025-08-26T11:52:23.661+0000] {dag.py:3096} INFO - Sync 1 DAGs
[2025-08-26T11:52:23.670+0000] {logging_mixin.py:188} INFO - [2025-08-26T11:52:23.670+0000] {dag.py:3954} INFO - Setting next_dagrun for trustpilot_pipeline to None, run_after=None
[2025-08-26T11:52:23.684+0000] {processor.py:183} INFO - Processing /opt/airflow/dags/trustpilot_dag.py took 0.903 seconds
[2025-08-26T11:52:53.892+0000] {processor.py:161} INFO - Started process (PID=1514) to work on /opt/airflow/dags/trustpilot_dag.py
[2025-08-26T11:52:53.893+0000] {processor.py:830} INFO - Processing file /opt/airflow/dags/trustpilot_dag.py for tasks to queue
[2025-08-26T11:52:53.895+0000] {logging_mixin.py:188} INFO - [2025-08-26T11:52:53.895+0000] {dagbag.py:545} INFO - Filling up the DagBag from /opt/airflow/dags/trustpilot_dag.py
[2025-08-26T11:52:54.749+0000] {logging_mixin.py:188} INFO - ***Fichier .env chargé
[2025-08-26T11:52:54.749+0000] {logging_mixin.py:188} INFO - ***Mode scraping : None
[2025-08-26T11:52:54.750+0000] {logging_mixin.py:188} INFO - ***Fichier d’entrée : None
[2025-08-26T11:52:54.756+0000] {processor.py:840} INFO - DAG(s) 'trustpilot_pipeline' retrieved from /opt/airflow/dags/trustpilot_dag.py
[2025-08-26T11:52:54.775+0000] {logging_mixin.py:188} INFO - [2025-08-26T11:52:54.775+0000] {dag.py:3096} INFO - Sync 1 DAGs
[2025-08-26T11:52:54.784+0000] {logging_mixin.py:188} INFO - [2025-08-26T11:52:54.783+0000] {dag.py:3954} INFO - Setting next_dagrun for trustpilot_pipeline to None, run_after=None
[2025-08-26T11:52:54.798+0000] {processor.py:183} INFO - Processing /opt/airflow/dags/trustpilot_dag.py took 0.912 seconds
[2025-08-26T11:53:25.002+0000] {processor.py:161} INFO - Started process (PID=1520) to work on /opt/airflow/dags/trustpilot_dag.py
[2025-08-26T11:53:25.003+0000] {processor.py:830} INFO - Processing file /opt/airflow/dags/trustpilot_dag.py for tasks to queue
[2025-08-26T11:53:25.005+0000] {logging_mixin.py:188} INFO - [2025-08-26T11:53:25.004+0000] {dagbag.py:545} INFO - Filling up the DagBag from /opt/airflow/dags/trustpilot_dag.py
[2025-08-26T11:53:25.857+0000] {logging_mixin.py:188} INFO - ***Fichier .env chargé
[2025-08-26T11:53:25.857+0000] {logging_mixin.py:188} INFO - ***Mode scraping : None
[2025-08-26T11:53:25.857+0000] {logging_mixin.py:188} INFO - ***Fichier d’entrée : None
[2025-08-26T11:53:25.863+0000] {processor.py:840} INFO - DAG(s) 'trustpilot_pipeline' retrieved from /opt/airflow/dags/trustpilot_dag.py
[2025-08-26T11:53:25.882+0000] {logging_mixin.py:188} INFO - [2025-08-26T11:53:25.882+0000] {dag.py:3096} INFO - Sync 1 DAGs
[2025-08-26T11:53:25.891+0000] {logging_mixin.py:188} INFO - [2025-08-26T11:53:25.891+0000] {dag.py:3954} INFO - Setting next_dagrun for trustpilot_pipeline to None, run_after=None
[2025-08-26T11:53:25.907+0000] {processor.py:183} INFO - Processing /opt/airflow/dags/trustpilot_dag.py took 0.912 seconds
[2025-08-26T11:53:56.127+0000] {processor.py:161} INFO - Started process (PID=1526) to work on /opt/airflow/dags/trustpilot_dag.py
[2025-08-26T11:53:56.129+0000] {processor.py:830} INFO - Processing file /opt/airflow/dags/trustpilot_dag.py for tasks to queue
[2025-08-26T11:53:56.133+0000] {logging_mixin.py:188} INFO - [2025-08-26T11:53:56.132+0000] {dagbag.py:545} INFO - Filling up the DagBag from /opt/airflow/dags/trustpilot_dag.py
[2025-08-26T11:53:56.981+0000] {logging_mixin.py:188} INFO - ***Fichier .env chargé
[2025-08-26T11:53:56.982+0000] {logging_mixin.py:188} INFO - ***Mode scraping : None
[2025-08-26T11:53:56.982+0000] {logging_mixin.py:188} INFO - ***Fichier d’entrée : None
[2025-08-26T11:53:56.988+0000] {processor.py:840} INFO - DAG(s) 'trustpilot_pipeline' retrieved from /opt/airflow/dags/trustpilot_dag.py
[2025-08-26T11:53:57.008+0000] {logging_mixin.py:188} INFO - [2025-08-26T11:53:57.008+0000] {dag.py:3096} INFO - Sync 1 DAGs
[2025-08-26T11:53:57.018+0000] {logging_mixin.py:188} INFO - [2025-08-26T11:53:57.018+0000] {dag.py:3954} INFO - Setting next_dagrun for trustpilot_pipeline to None, run_after=None
[2025-08-26T11:53:57.034+0000] {processor.py:183} INFO - Processing /opt/airflow/dags/trustpilot_dag.py took 0.922 seconds
[2025-08-26T11:54:27.232+0000] {processor.py:161} INFO - Started process (PID=1532) to work on /opt/airflow/dags/trustpilot_dag.py
[2025-08-26T11:54:27.233+0000] {processor.py:830} INFO - Processing file /opt/airflow/dags/trustpilot_dag.py for tasks to queue
[2025-08-26T11:54:27.235+0000] {logging_mixin.py:188} INFO - [2025-08-26T11:54:27.234+0000] {dagbag.py:545} INFO - Filling up the DagBag from /opt/airflow/dags/trustpilot_dag.py
[2025-08-26T11:54:28.071+0000] {logging_mixin.py:188} INFO - ***Fichier .env chargé
[2025-08-26T11:54:28.072+0000] {logging_mixin.py:188} INFO - ***Mode scraping : None
[2025-08-26T11:54:28.072+0000] {logging_mixin.py:188} INFO - ***Fichier d’entrée : None
[2025-08-26T11:54:28.078+0000] {processor.py:840} INFO - DAG(s) 'trustpilot_pipeline' retrieved from /opt/airflow/dags/trustpilot_dag.py
[2025-08-26T11:54:28.099+0000] {logging_mixin.py:188} INFO - [2025-08-26T11:54:28.097+0000] {dag.py:3096} INFO - Sync 1 DAGs
[2025-08-26T11:54:28.107+0000] {logging_mixin.py:188} INFO - [2025-08-26T11:54:28.107+0000] {dag.py:3954} INFO - Setting next_dagrun for trustpilot_pipeline to None, run_after=None
[2025-08-26T11:54:28.121+0000] {processor.py:183} INFO - Processing /opt/airflow/dags/trustpilot_dag.py took 0.896 seconds
[2025-08-26T11:54:58.306+0000] {processor.py:161} INFO - Started process (PID=1538) to work on /opt/airflow/dags/trustpilot_dag.py
[2025-08-26T11:54:58.308+0000] {processor.py:830} INFO - Processing file /opt/airflow/dags/trustpilot_dag.py for tasks to queue
[2025-08-26T11:54:58.309+0000] {logging_mixin.py:188} INFO - [2025-08-26T11:54:58.309+0000] {dagbag.py:545} INFO - Filling up the DagBag from /opt/airflow/dags/trustpilot_dag.py
[2025-08-26T11:54:59.149+0000] {logging_mixin.py:188} INFO - ***Fichier .env chargé
[2025-08-26T11:54:59.149+0000] {logging_mixin.py:188} INFO - ***Mode scraping : None
[2025-08-26T11:54:59.150+0000] {logging_mixin.py:188} INFO - ***Fichier d’entrée : None
[2025-08-26T11:54:59.155+0000] {processor.py:840} INFO - DAG(s) 'trustpilot_pipeline' retrieved from /opt/airflow/dags/trustpilot_dag.py
[2025-08-26T11:54:59.176+0000] {logging_mixin.py:188} INFO - [2025-08-26T11:54:59.176+0000] {dag.py:3096} INFO - Sync 1 DAGs
[2025-08-26T11:54:59.185+0000] {logging_mixin.py:188} INFO - [2025-08-26T11:54:59.185+0000] {dag.py:3954} INFO - Setting next_dagrun for trustpilot_pipeline to None, run_after=None
[2025-08-26T11:54:59.200+0000] {processor.py:183} INFO - Processing /opt/airflow/dags/trustpilot_dag.py took 0.901 seconds
[2025-08-26T11:55:29.406+0000] {processor.py:161} INFO - Started process (PID=1544) to work on /opt/airflow/dags/trustpilot_dag.py
[2025-08-26T11:55:29.407+0000] {processor.py:830} INFO - Processing file /opt/airflow/dags/trustpilot_dag.py for tasks to queue
[2025-08-26T11:55:29.409+0000] {logging_mixin.py:188} INFO - [2025-08-26T11:55:29.408+0000] {dagbag.py:545} INFO - Filling up the DagBag from /opt/airflow/dags/trustpilot_dag.py
[2025-08-26T11:55:30.271+0000] {logging_mixin.py:188} INFO - ***Fichier .env chargé
[2025-08-26T11:55:30.272+0000] {logging_mixin.py:188} INFO - ***Mode scraping : None
[2025-08-26T11:55:30.272+0000] {logging_mixin.py:188} INFO - ***Fichier d’entrée : None
[2025-08-26T11:55:30.279+0000] {processor.py:840} INFO - DAG(s) 'trustpilot_pipeline' retrieved from /opt/airflow/dags/trustpilot_dag.py
[2025-08-26T11:55:30.298+0000] {logging_mixin.py:188} INFO - [2025-08-26T11:55:30.298+0000] {dag.py:3096} INFO - Sync 1 DAGs
[2025-08-26T11:55:30.307+0000] {logging_mixin.py:188} INFO - [2025-08-26T11:55:30.307+0000] {dag.py:3954} INFO - Setting next_dagrun for trustpilot_pipeline to None, run_after=None
[2025-08-26T11:55:30.322+0000] {processor.py:183} INFO - Processing /opt/airflow/dags/trustpilot_dag.py took 0.923 seconds
[2025-08-26T11:56:00.510+0000] {processor.py:161} INFO - Started process (PID=1550) to work on /opt/airflow/dags/trustpilot_dag.py
[2025-08-26T11:56:00.512+0000] {processor.py:830} INFO - Processing file /opt/airflow/dags/trustpilot_dag.py for tasks to queue
[2025-08-26T11:56:00.513+0000] {logging_mixin.py:188} INFO - [2025-08-26T11:56:00.513+0000] {dagbag.py:545} INFO - Filling up the DagBag from /opt/airflow/dags/trustpilot_dag.py
[2025-08-26T11:56:01.369+0000] {logging_mixin.py:188} INFO - ***Fichier .env chargé
[2025-08-26T11:56:01.370+0000] {logging_mixin.py:188} INFO - ***Mode scraping : None
[2025-08-26T11:56:01.370+0000] {logging_mixin.py:188} INFO - ***Fichier d’entrée : None
[2025-08-26T11:56:01.376+0000] {processor.py:840} INFO - DAG(s) 'trustpilot_pipeline' retrieved from /opt/airflow/dags/trustpilot_dag.py
[2025-08-26T11:56:01.396+0000] {logging_mixin.py:188} INFO - [2025-08-26T11:56:01.395+0000] {dag.py:3096} INFO - Sync 1 DAGs
[2025-08-26T11:56:01.404+0000] {logging_mixin.py:188} INFO - [2025-08-26T11:56:01.404+0000] {dag.py:3954} INFO - Setting next_dagrun for trustpilot_pipeline to None, run_after=None
[2025-08-26T11:56:01.419+0000] {processor.py:183} INFO - Processing /opt/airflow/dags/trustpilot_dag.py took 0.916 seconds
[2025-08-26T11:56:31.467+0000] {processor.py:161} INFO - Started process (PID=1556) to work on /opt/airflow/dags/trustpilot_dag.py
[2025-08-26T11:56:31.468+0000] {processor.py:830} INFO - Processing file /opt/airflow/dags/trustpilot_dag.py for tasks to queue
[2025-08-26T11:56:31.470+0000] {logging_mixin.py:188} INFO - [2025-08-26T11:56:31.469+0000] {dagbag.py:545} INFO - Filling up the DagBag from /opt/airflow/dags/trustpilot_dag.py
[2025-08-26T11:56:32.319+0000] {logging_mixin.py:188} INFO - ***Fichier .env chargé
[2025-08-26T11:56:32.319+0000] {logging_mixin.py:188} INFO - ***Mode scraping : None
[2025-08-26T11:56:32.319+0000] {logging_mixin.py:188} INFO - ***Fichier d’entrée : None
[2025-08-26T11:56:32.325+0000] {processor.py:840} INFO - DAG(s) 'trustpilot_pipeline' retrieved from /opt/airflow/dags/trustpilot_dag.py
[2025-08-26T11:56:32.344+0000] {logging_mixin.py:188} INFO - [2025-08-26T11:56:32.344+0000] {dag.py:3096} INFO - Sync 1 DAGs
[2025-08-26T11:56:32.352+0000] {logging_mixin.py:188} INFO - [2025-08-26T11:56:32.352+0000] {dag.py:3954} INFO - Setting next_dagrun for trustpilot_pipeline to None, run_after=None
[2025-08-26T11:56:32.368+0000] {processor.py:183} INFO - Processing /opt/airflow/dags/trustpilot_dag.py took 0.908 seconds
[2025-08-26T11:57:02.600+0000] {processor.py:161} INFO - Started process (PID=1562) to work on /opt/airflow/dags/trustpilot_dag.py
[2025-08-26T11:57:02.601+0000] {processor.py:830} INFO - Processing file /opt/airflow/dags/trustpilot_dag.py for tasks to queue
[2025-08-26T11:57:02.604+0000] {logging_mixin.py:188} INFO - [2025-08-26T11:57:02.604+0000] {dagbag.py:545} INFO - Filling up the DagBag from /opt/airflow/dags/trustpilot_dag.py
[2025-08-26T11:57:03.454+0000] {logging_mixin.py:188} INFO - ***Fichier .env chargé
[2025-08-26T11:57:03.455+0000] {logging_mixin.py:188} INFO - ***Mode scraping : None
[2025-08-26T11:57:03.455+0000] {logging_mixin.py:188} INFO - ***Fichier d’entrée : None
[2025-08-26T11:57:03.461+0000] {processor.py:840} INFO - DAG(s) 'trustpilot_pipeline' retrieved from /opt/airflow/dags/trustpilot_dag.py
[2025-08-26T11:57:03.480+0000] {logging_mixin.py:188} INFO - [2025-08-26T11:57:03.480+0000] {dag.py:3096} INFO - Sync 1 DAGs
[2025-08-26T11:57:03.490+0000] {logging_mixin.py:188} INFO - [2025-08-26T11:57:03.490+0000] {dag.py:3954} INFO - Setting next_dagrun for trustpilot_pipeline to None, run_after=None
[2025-08-26T11:57:03.505+0000] {processor.py:183} INFO - Processing /opt/airflow/dags/trustpilot_dag.py took 0.921 seconds
[2025-08-26T11:57:33.729+0000] {processor.py:161} INFO - Started process (PID=1568) to work on /opt/airflow/dags/trustpilot_dag.py
[2025-08-26T11:57:33.731+0000] {processor.py:830} INFO - Processing file /opt/airflow/dags/trustpilot_dag.py for tasks to queue
[2025-08-26T11:57:33.734+0000] {logging_mixin.py:188} INFO - [2025-08-26T11:57:33.734+0000] {dagbag.py:545} INFO - Filling up the DagBag from /opt/airflow/dags/trustpilot_dag.py
[2025-08-26T11:57:34.573+0000] {logging_mixin.py:188} INFO - ***Fichier .env chargé
[2025-08-26T11:57:34.573+0000] {logging_mixin.py:188} INFO - ***Mode scraping : None
[2025-08-26T11:57:34.573+0000] {logging_mixin.py:188} INFO - ***Fichier d’entrée : None
[2025-08-26T11:57:34.579+0000] {processor.py:840} INFO - DAG(s) 'trustpilot_pipeline' retrieved from /opt/airflow/dags/trustpilot_dag.py
[2025-08-26T11:57:34.600+0000] {logging_mixin.py:188} INFO - [2025-08-26T11:57:34.600+0000] {dag.py:3096} INFO - Sync 1 DAGs
[2025-08-26T11:57:34.609+0000] {logging_mixin.py:188} INFO - [2025-08-26T11:57:34.609+0000] {dag.py:3954} INFO - Setting next_dagrun for trustpilot_pipeline to None, run_after=None
[2025-08-26T11:57:34.628+0000] {processor.py:183} INFO - Processing /opt/airflow/dags/trustpilot_dag.py took 0.914 seconds
[2025-08-26T11:58:04.822+0000] {processor.py:161} INFO - Started process (PID=1574) to work on /opt/airflow/dags/trustpilot_dag.py
[2025-08-26T11:58:04.823+0000] {processor.py:830} INFO - Processing file /opt/airflow/dags/trustpilot_dag.py for tasks to queue
[2025-08-26T11:58:04.825+0000] {logging_mixin.py:188} INFO - [2025-08-26T11:58:04.825+0000] {dagbag.py:545} INFO - Filling up the DagBag from /opt/airflow/dags/trustpilot_dag.py
[2025-08-26T11:58:05.803+0000] {logging_mixin.py:188} INFO - ***Fichier .env chargé
[2025-08-26T11:58:05.803+0000] {logging_mixin.py:188} INFO - ***Mode scraping : None
[2025-08-26T11:58:05.803+0000] {logging_mixin.py:188} INFO - ***Fichier d’entrée : None
[2025-08-26T11:58:05.810+0000] {processor.py:840} INFO - DAG(s) 'trustpilot_pipeline' retrieved from /opt/airflow/dags/trustpilot_dag.py
[2025-08-26T11:58:05.833+0000] {logging_mixin.py:188} INFO - [2025-08-26T11:58:05.833+0000] {dag.py:3096} INFO - Sync 1 DAGs
[2025-08-26T11:58:05.844+0000] {logging_mixin.py:188} INFO - [2025-08-26T11:58:05.844+0000] {dag.py:3954} INFO - Setting next_dagrun for trustpilot_pipeline to None, run_after=None
[2025-08-26T11:58:05.862+0000] {processor.py:183} INFO - Processing /opt/airflow/dags/trustpilot_dag.py took 1.047 seconds
[2025-08-26T11:58:35.995+0000] {processor.py:161} INFO - Started process (PID=1580) to work on /opt/airflow/dags/trustpilot_dag.py
[2025-08-26T11:58:35.996+0000] {processor.py:830} INFO - Processing file /opt/airflow/dags/trustpilot_dag.py for tasks to queue
[2025-08-26T11:58:35.998+0000] {logging_mixin.py:188} INFO - [2025-08-26T11:58:35.997+0000] {dagbag.py:545} INFO - Filling up the DagBag from /opt/airflow/dags/trustpilot_dag.py
[2025-08-26T11:58:36.843+0000] {logging_mixin.py:188} INFO - ***Fichier .env chargé
[2025-08-26T11:58:36.845+0000] {logging_mixin.py:188} INFO - ***Mode scraping : None
[2025-08-26T11:58:36.845+0000] {logging_mixin.py:188} INFO - ***Fichier d’entrée : None
[2025-08-26T11:58:36.854+0000] {processor.py:840} INFO - DAG(s) 'trustpilot_pipeline' retrieved from /opt/airflow/dags/trustpilot_dag.py
[2025-08-26T11:58:36.874+0000] {logging_mixin.py:188} INFO - [2025-08-26T11:58:36.874+0000] {dag.py:3096} INFO - Sync 1 DAGs
[2025-08-26T11:58:36.883+0000] {logging_mixin.py:188} INFO - [2025-08-26T11:58:36.883+0000] {dag.py:3954} INFO - Setting next_dagrun for trustpilot_pipeline to None, run_after=None
[2025-08-26T11:58:36.898+0000] {processor.py:183} INFO - Processing /opt/airflow/dags/trustpilot_dag.py took 0.910 seconds
[2025-08-26T11:59:07.098+0000] {processor.py:161} INFO - Started process (PID=1586) to work on /opt/airflow/dags/trustpilot_dag.py
[2025-08-26T11:59:07.099+0000] {processor.py:830} INFO - Processing file /opt/airflow/dags/trustpilot_dag.py for tasks to queue
[2025-08-26T11:59:07.101+0000] {logging_mixin.py:188} INFO - [2025-08-26T11:59:07.101+0000] {dagbag.py:545} INFO - Filling up the DagBag from /opt/airflow/dags/trustpilot_dag.py
[2025-08-26T11:59:07.959+0000] {logging_mixin.py:188} INFO - ***Fichier .env chargé
[2025-08-26T11:59:07.959+0000] {logging_mixin.py:188} INFO - ***Mode scraping : None
[2025-08-26T11:59:07.959+0000] {logging_mixin.py:188} INFO - ***Fichier d’entrée : None
[2025-08-26T11:59:07.965+0000] {processor.py:840} INFO - DAG(s) 'trustpilot_pipeline' retrieved from /opt/airflow/dags/trustpilot_dag.py
[2025-08-26T11:59:07.985+0000] {logging_mixin.py:188} INFO - [2025-08-26T11:59:07.985+0000] {dag.py:3096} INFO - Sync 1 DAGs
[2025-08-26T11:59:07.994+0000] {logging_mixin.py:188} INFO - [2025-08-26T11:59:07.994+0000] {dag.py:3954} INFO - Setting next_dagrun for trustpilot_pipeline to None, run_after=None
[2025-08-26T11:59:08.010+0000] {processor.py:183} INFO - Processing /opt/airflow/dags/trustpilot_dag.py took 0.921 seconds
[2025-08-26T11:59:38.209+0000] {processor.py:161} INFO - Started process (PID=1592) to work on /opt/airflow/dags/trustpilot_dag.py
[2025-08-26T11:59:38.211+0000] {processor.py:830} INFO - Processing file /opt/airflow/dags/trustpilot_dag.py for tasks to queue
[2025-08-26T11:59:38.213+0000] {logging_mixin.py:188} INFO - [2025-08-26T11:59:38.213+0000] {dagbag.py:545} INFO - Filling up the DagBag from /opt/airflow/dags/trustpilot_dag.py
[2025-08-26T11:59:39.070+0000] {logging_mixin.py:188} INFO - ***Fichier .env chargé
[2025-08-26T11:59:39.071+0000] {logging_mixin.py:188} INFO - ***Mode scraping : None
[2025-08-26T11:59:39.071+0000] {logging_mixin.py:188} INFO - ***Fichier d’entrée : None
[2025-08-26T11:59:39.077+0000] {processor.py:840} INFO - DAG(s) 'trustpilot_pipeline' retrieved from /opt/airflow/dags/trustpilot_dag.py
[2025-08-26T11:59:39.097+0000] {logging_mixin.py:188} INFO - [2025-08-26T11:59:39.096+0000] {dag.py:3096} INFO - Sync 1 DAGs
[2025-08-26T11:59:39.105+0000] {logging_mixin.py:188} INFO - [2025-08-26T11:59:39.105+0000] {dag.py:3954} INFO - Setting next_dagrun for trustpilot_pipeline to None, run_after=None
[2025-08-26T11:59:39.123+0000] {processor.py:183} INFO - Processing /opt/airflow/dags/trustpilot_dag.py took 0.921 seconds
[2025-08-26T12:00:09.328+0000] {processor.py:161} INFO - Started process (PID=1598) to work on /opt/airflow/dags/trustpilot_dag.py
[2025-08-26T12:00:09.328+0000] {processor.py:830} INFO - Processing file /opt/airflow/dags/trustpilot_dag.py for tasks to queue
[2025-08-26T12:00:09.330+0000] {logging_mixin.py:188} INFO - [2025-08-26T12:00:09.330+0000] {dagbag.py:545} INFO - Filling up the DagBag from /opt/airflow/dags/trustpilot_dag.py
[2025-08-26T12:00:10.185+0000] {logging_mixin.py:188} INFO - ***Fichier .env chargé
[2025-08-26T12:00:10.185+0000] {logging_mixin.py:188} INFO - ***Mode scraping : None
[2025-08-26T12:00:10.185+0000] {logging_mixin.py:188} INFO - ***Fichier d’entrée : None
[2025-08-26T12:00:10.191+0000] {processor.py:840} INFO - DAG(s) 'trustpilot_pipeline' retrieved from /opt/airflow/dags/trustpilot_dag.py
[2025-08-26T12:00:10.211+0000] {logging_mixin.py:188} INFO - [2025-08-26T12:00:10.210+0000] {dag.py:3096} INFO - Sync 1 DAGs
[2025-08-26T12:00:10.220+0000] {logging_mixin.py:188} INFO - [2025-08-26T12:00:10.220+0000] {dag.py:3954} INFO - Setting next_dagrun for trustpilot_pipeline to None, run_after=None
[2025-08-26T12:00:10.237+0000] {processor.py:183} INFO - Processing /opt/airflow/dags/trustpilot_dag.py took 0.917 seconds
[2025-08-26T12:00:40.457+0000] {processor.py:161} INFO - Started process (PID=1604) to work on /opt/airflow/dags/trustpilot_dag.py
[2025-08-26T12:00:40.460+0000] {processor.py:830} INFO - Processing file /opt/airflow/dags/trustpilot_dag.py for tasks to queue
[2025-08-26T12:00:40.462+0000] {logging_mixin.py:188} INFO - [2025-08-26T12:00:40.461+0000] {dagbag.py:545} INFO - Filling up the DagBag from /opt/airflow/dags/trustpilot_dag.py
[2025-08-26T12:00:41.305+0000] {logging_mixin.py:188} INFO - ***Fichier .env chargé
[2025-08-26T12:00:41.305+0000] {logging_mixin.py:188} INFO - ***Mode scraping : None
[2025-08-26T12:00:41.305+0000] {logging_mixin.py:188} INFO - ***Fichier d’entrée : None
[2025-08-26T12:00:41.311+0000] {processor.py:840} INFO - DAG(s) 'trustpilot_pipeline' retrieved from /opt/airflow/dags/trustpilot_dag.py
[2025-08-26T12:00:41.331+0000] {logging_mixin.py:188} INFO - [2025-08-26T12:00:41.331+0000] {dag.py:3096} INFO - Sync 1 DAGs
[2025-08-26T12:00:41.340+0000] {logging_mixin.py:188} INFO - [2025-08-26T12:00:41.340+0000] {dag.py:3954} INFO - Setting next_dagrun for trustpilot_pipeline to None, run_after=None
[2025-08-26T12:00:41.356+0000] {processor.py:183} INFO - Processing /opt/airflow/dags/trustpilot_dag.py took 0.906 seconds
[2025-08-26T12:01:11.573+0000] {processor.py:161} INFO - Started process (PID=1610) to work on /opt/airflow/dags/trustpilot_dag.py
[2025-08-26T12:01:11.574+0000] {processor.py:830} INFO - Processing file /opt/airflow/dags/trustpilot_dag.py for tasks to queue
[2025-08-26T12:01:11.576+0000] {logging_mixin.py:188} INFO - [2025-08-26T12:01:11.575+0000] {dagbag.py:545} INFO - Filling up the DagBag from /opt/airflow/dags/trustpilot_dag.py
[2025-08-26T12:01:12.450+0000] {logging_mixin.py:188} INFO - ***Fichier .env chargé
[2025-08-26T12:01:12.451+0000] {logging_mixin.py:188} INFO - ***Mode scraping : None
[2025-08-26T12:01:12.451+0000] {logging_mixin.py:188} INFO - ***Fichier d’entrée : None
[2025-08-26T12:01:12.458+0000] {processor.py:840} INFO - DAG(s) 'trustpilot_pipeline' retrieved from /opt/airflow/dags/trustpilot_dag.py
[2025-08-26T12:01:12.477+0000] {logging_mixin.py:188} INFO - [2025-08-26T12:01:12.477+0000] {dag.py:3096} INFO - Sync 1 DAGs
[2025-08-26T12:01:12.485+0000] {logging_mixin.py:188} INFO - [2025-08-26T12:01:12.485+0000] {dag.py:3954} INFO - Setting next_dagrun for trustpilot_pipeline to None, run_after=None
[2025-08-26T12:01:12.501+0000] {processor.py:183} INFO - Processing /opt/airflow/dags/trustpilot_dag.py took 0.935 seconds
[2025-08-26T12:01:42.693+0000] {processor.py:161} INFO - Started process (PID=1616) to work on /opt/airflow/dags/trustpilot_dag.py
[2025-08-26T12:01:42.695+0000] {processor.py:830} INFO - Processing file /opt/airflow/dags/trustpilot_dag.py for tasks to queue
[2025-08-26T12:01:42.697+0000] {logging_mixin.py:188} INFO - [2025-08-26T12:01:42.696+0000] {dagbag.py:545} INFO - Filling up the DagBag from /opt/airflow/dags/trustpilot_dag.py
[2025-08-26T12:01:43.544+0000] {logging_mixin.py:188} INFO - ***Fichier .env chargé
[2025-08-26T12:01:43.544+0000] {logging_mixin.py:188} INFO - ***Mode scraping : None
[2025-08-26T12:01:43.545+0000] {logging_mixin.py:188} INFO - ***Fichier d’entrée : None
[2025-08-26T12:01:43.551+0000] {processor.py:840} INFO - DAG(s) 'trustpilot_pipeline' retrieved from /opt/airflow/dags/trustpilot_dag.py
[2025-08-26T12:01:43.570+0000] {logging_mixin.py:188} INFO - [2025-08-26T12:01:43.570+0000] {dag.py:3096} INFO - Sync 1 DAGs
[2025-08-26T12:01:43.579+0000] {logging_mixin.py:188} INFO - [2025-08-26T12:01:43.579+0000] {dag.py:3954} INFO - Setting next_dagrun for trustpilot_pipeline to None, run_after=None
[2025-08-26T12:01:43.595+0000] {processor.py:183} INFO - Processing /opt/airflow/dags/trustpilot_dag.py took 0.909 seconds
[2025-08-26T14:05:52.762+0000] {processor.py:161} INFO - Started process (PID=1622) to work on /opt/airflow/dags/trustpilot_dag.py
[2025-08-26T14:05:52.780+0000] {processor.py:830} INFO - Processing file /opt/airflow/dags/trustpilot_dag.py for tasks to queue
[2025-08-26T14:05:52.783+0000] {logging_mixin.py:188} INFO - [2025-08-26T14:05:52.782+0000] {dagbag.py:545} INFO - Filling up the DagBag from /opt/airflow/dags/trustpilot_dag.py
[2025-08-26T14:05:54.340+0000] {logging_mixin.py:188} INFO - ***Fichier .env chargé
[2025-08-26T14:05:54.341+0000] {logging_mixin.py:188} INFO - ***Mode scraping : None
[2025-08-26T14:05:54.341+0000] {logging_mixin.py:188} INFO - ***Fichier d’entrée : None
[2025-08-26T14:05:54.348+0000] {processor.py:840} INFO - DAG(s) 'trustpilot_pipeline' retrieved from /opt/airflow/dags/trustpilot_dag.py
[2025-08-26T14:05:54.372+0000] {logging_mixin.py:188} INFO - [2025-08-26T14:05:54.371+0000] {dag.py:3096} INFO - Sync 1 DAGs
[2025-08-26T14:05:54.383+0000] {logging_mixin.py:188} INFO - [2025-08-26T14:05:54.382+0000] {dag.py:3954} INFO - Setting next_dagrun for trustpilot_pipeline to None, run_after=None
[2025-08-26T14:05:54.397+0000] {processor.py:183} INFO - Processing /opt/airflow/dags/trustpilot_dag.py took 1.651 seconds
[2025-08-26T14:06:24.526+0000] {processor.py:161} INFO - Started process (PID=1628) to work on /opt/airflow/dags/trustpilot_dag.py
[2025-08-26T14:06:24.528+0000] {processor.py:830} INFO - Processing file /opt/airflow/dags/trustpilot_dag.py for tasks to queue
[2025-08-26T14:06:24.530+0000] {logging_mixin.py:188} INFO - [2025-08-26T14:06:24.530+0000] {dagbag.py:545} INFO - Filling up the DagBag from /opt/airflow/dags/trustpilot_dag.py
[2025-08-26T14:06:25.434+0000] {logging_mixin.py:188} INFO - ***Fichier .env chargé
[2025-08-26T14:06:25.434+0000] {logging_mixin.py:188} INFO - ***Mode scraping : None
[2025-08-26T14:06:25.434+0000] {logging_mixin.py:188} INFO - ***Fichier d’entrée : None
[2025-08-26T14:06:25.441+0000] {processor.py:840} INFO - DAG(s) 'trustpilot_pipeline' retrieved from /opt/airflow/dags/trustpilot_dag.py
[2025-08-26T14:06:25.461+0000] {logging_mixin.py:188} INFO - [2025-08-26T14:06:25.460+0000] {dag.py:3096} INFO - Sync 1 DAGs
[2025-08-26T14:06:25.470+0000] {logging_mixin.py:188} INFO - [2025-08-26T14:06:25.470+0000] {dag.py:3954} INFO - Setting next_dagrun for trustpilot_pipeline to None, run_after=None
[2025-08-26T14:06:25.486+0000] {processor.py:183} INFO - Processing /opt/airflow/dags/trustpilot_dag.py took 0.971 seconds
[2025-08-26T14:06:55.608+0000] {processor.py:161} INFO - Started process (PID=1634) to work on /opt/airflow/dags/trustpilot_dag.py
[2025-08-26T14:06:55.609+0000] {processor.py:830} INFO - Processing file /opt/airflow/dags/trustpilot_dag.py for tasks to queue
[2025-08-26T14:06:55.610+0000] {logging_mixin.py:188} INFO - [2025-08-26T14:06:55.610+0000] {dagbag.py:545} INFO - Filling up the DagBag from /opt/airflow/dags/trustpilot_dag.py
[2025-08-26T14:06:56.504+0000] {logging_mixin.py:188} INFO - ***Fichier .env chargé
[2025-08-26T14:06:56.505+0000] {logging_mixin.py:188} INFO - ***Mode scraping : None
[2025-08-26T14:06:56.505+0000] {logging_mixin.py:188} INFO - ***Fichier d’entrée : None
[2025-08-26T14:06:56.511+0000] {processor.py:840} INFO - DAG(s) 'trustpilot_pipeline' retrieved from /opt/airflow/dags/trustpilot_dag.py
[2025-08-26T14:06:56.531+0000] {logging_mixin.py:188} INFO - [2025-08-26T14:06:56.531+0000] {dag.py:3096} INFO - Sync 1 DAGs
[2025-08-26T14:06:56.542+0000] {logging_mixin.py:188} INFO - [2025-08-26T14:06:56.542+0000] {dag.py:3954} INFO - Setting next_dagrun for trustpilot_pipeline to None, run_after=None
[2025-08-26T14:06:56.557+0000] {processor.py:183} INFO - Processing /opt/airflow/dags/trustpilot_dag.py took 0.956 seconds
[2025-08-26T14:07:26.676+0000] {processor.py:161} INFO - Started process (PID=1640) to work on /opt/airflow/dags/trustpilot_dag.py
[2025-08-26T14:07:26.677+0000] {processor.py:830} INFO - Processing file /opt/airflow/dags/trustpilot_dag.py for tasks to queue
[2025-08-26T14:07:26.678+0000] {logging_mixin.py:188} INFO - [2025-08-26T14:07:26.678+0000] {dagbag.py:545} INFO - Filling up the DagBag from /opt/airflow/dags/trustpilot_dag.py
[2025-08-26T14:07:27.558+0000] {logging_mixin.py:188} INFO - ***Fichier .env chargé
[2025-08-26T14:07:27.559+0000] {logging_mixin.py:188} INFO - ***Mode scraping : None
[2025-08-26T14:07:27.559+0000] {logging_mixin.py:188} INFO - ***Fichier d’entrée : None
[2025-08-26T14:07:27.565+0000] {processor.py:840} INFO - DAG(s) 'trustpilot_pipeline' retrieved from /opt/airflow/dags/trustpilot_dag.py
[2025-08-26T14:07:27.587+0000] {logging_mixin.py:188} INFO - [2025-08-26T14:07:27.587+0000] {dag.py:3096} INFO - Sync 1 DAGs
[2025-08-26T14:07:27.596+0000] {logging_mixin.py:188} INFO - [2025-08-26T14:07:27.596+0000] {dag.py:3954} INFO - Setting next_dagrun for trustpilot_pipeline to None, run_after=None
[2025-08-26T14:07:27.611+0000] {processor.py:183} INFO - Processing /opt/airflow/dags/trustpilot_dag.py took 0.942 seconds
[2025-08-26T14:07:57.742+0000] {processor.py:161} INFO - Started process (PID=1646) to work on /opt/airflow/dags/trustpilot_dag.py
[2025-08-26T14:07:57.744+0000] {processor.py:830} INFO - Processing file /opt/airflow/dags/trustpilot_dag.py for tasks to queue
[2025-08-26T14:07:57.746+0000] {logging_mixin.py:188} INFO - [2025-08-26T14:07:57.746+0000] {dagbag.py:545} INFO - Filling up the DagBag from /opt/airflow/dags/trustpilot_dag.py
[2025-08-26T14:07:58.645+0000] {logging_mixin.py:188} INFO - ***Fichier .env chargé
[2025-08-26T14:07:58.645+0000] {logging_mixin.py:188} INFO - ***Mode scraping : None
[2025-08-26T14:07:58.646+0000] {logging_mixin.py:188} INFO - ***Fichier d’entrée : None
[2025-08-26T14:07:58.652+0000] {processor.py:840} INFO - DAG(s) 'trustpilot_pipeline' retrieved from /opt/airflow/dags/trustpilot_dag.py
[2025-08-26T14:07:58.673+0000] {logging_mixin.py:188} INFO - [2025-08-26T14:07:58.673+0000] {dag.py:3096} INFO - Sync 1 DAGs
[2025-08-26T14:07:58.682+0000] {logging_mixin.py:188} INFO - [2025-08-26T14:07:58.682+0000] {dag.py:3954} INFO - Setting next_dagrun for trustpilot_pipeline to None, run_after=None
[2025-08-26T14:07:58.698+0000] {processor.py:183} INFO - Processing /opt/airflow/dags/trustpilot_dag.py took 0.966 seconds
                                                                                                                                                                                                                                                                                                                                                                                                                                                                                                                                                                                                                                                                                                                                                                                                                                                                                                                                                                                                                                                                                                                                                                                                                                                                                                                