[2025-06-21T13:23:27.863+0000] {processor.py:161} INFO - Started process (PID=180) to work on /opt/airflow/dags/trustpilot_dag.py
[2025-06-21T13:23:27.864+0000] {processor.py:830} INFO - Processing file /opt/airflow/dags/trustpilot_dag.py for tasks to queue
[2025-06-21T13:23:27.866+0000] {logging_mixin.py:188} INFO - [2025-06-21T13:23:27.865+0000] {dagbag.py:545} INFO - Filling up the DagBag from /opt/airflow/dags/trustpilot_dag.py
[2025-06-21T13:23:30.839+0000] {logging_mixin.py:188} INFO - ✅ Exporter Prometheus lancé sur http://localhost:8000/metrics
[2025-06-21T13:23:30.841+0000] {logging_mixin.py:188} INFO - [2025-06-21T13:23:30.840+0000] {dagbag.py:355} ERROR - Failed to import: /opt/airflow/dags/trustpilot_dag.py
Traceback (most recent call last):
  File "/home/airflow/.local/lib/python3.11/site-packages/airflow/models/dagbag.py", line 351, in parse
    loader.exec_module(new_module)
  File "<frozen importlib._bootstrap_external>", line 940, in exec_module
  File "<frozen importlib._bootstrap>", line 241, in _call_with_frames_removed
  File "/opt/airflow/dags/trustpilot_dag.py", line 18, in <module>
    from api.analyze_and_insert import process_and_insert_all
  File "/opt/airflow/project/api/analyze_and_insert.py", line 30, in <module>
    raise FileNotFoundError(f"Fichier de credentials GCP introuvable : {gcp_credentials}")
FileNotFoundError: Fichier de credentials GCP introuvable : config/trustpilot-satisfaction-43aac3dd82a9.json
[2025-06-21T13:23:30.842+0000] {processor.py:842} WARNING - No viable dags retrieved from /opt/airflow/dags/trustpilot_dag.py
[2025-06-21T13:23:30.857+0000] {processor.py:183} INFO - Processing /opt/airflow/dags/trustpilot_dag.py took 3.000 seconds
[2025-06-21T13:24:00.980+0000] {processor.py:161} INFO - Started process (PID=187) to work on /opt/airflow/dags/trustpilot_dag.py
[2025-06-21T13:24:00.981+0000] {processor.py:830} INFO - Processing file /opt/airflow/dags/trustpilot_dag.py for tasks to queue
[2025-06-21T13:24:00.983+0000] {logging_mixin.py:188} INFO - [2025-06-21T13:24:00.982+0000] {dagbag.py:545} INFO - Filling up the DagBag from /opt/airflow/dags/trustpilot_dag.py
[2025-06-21T13:24:02.067+0000] {logging_mixin.py:188} INFO - ✅ Exporter Prometheus lancé sur http://localhost:8000/metrics
[2025-06-21T13:24:02.069+0000] {logging_mixin.py:188} INFO - [2025-06-21T13:24:02.068+0000] {dagbag.py:355} ERROR - Failed to import: /opt/airflow/dags/trustpilot_dag.py
Traceback (most recent call last):
  File "/home/airflow/.local/lib/python3.11/site-packages/airflow/models/dagbag.py", line 351, in parse
    loader.exec_module(new_module)
  File "<frozen importlib._bootstrap_external>", line 940, in exec_module
  File "<frozen importlib._bootstrap>", line 241, in _call_with_frames_removed
  File "/opt/airflow/dags/trustpilot_dag.py", line 18, in <module>
    from api.analyze_and_insert import process_and_insert_all
  File "/opt/airflow/project/api/analyze_and_insert.py", line 30, in <module>
    raise FileNotFoundError(f"Fichier de credentials GCP introuvable : {gcp_credentials}")
FileNotFoundError: Fichier de credentials GCP introuvable : config/trustpilot-satisfaction-43aac3dd82a9.json
[2025-06-21T13:24:02.070+0000] {processor.py:842} WARNING - No viable dags retrieved from /opt/airflow/dags/trustpilot_dag.py
[2025-06-21T13:24:02.086+0000] {processor.py:183} INFO - Processing /opt/airflow/dags/trustpilot_dag.py took 1.113 seconds
[2025-06-21T13:24:32.265+0000] {processor.py:161} INFO - Started process (PID=194) to work on /opt/airflow/dags/trustpilot_dag.py
[2025-06-21T13:24:32.267+0000] {processor.py:830} INFO - Processing file /opt/airflow/dags/trustpilot_dag.py for tasks to queue
[2025-06-21T13:24:32.270+0000] {logging_mixin.py:188} INFO - [2025-06-21T13:24:32.269+0000] {dagbag.py:545} INFO - Filling up the DagBag from /opt/airflow/dags/trustpilot_dag.py
[2025-06-21T13:24:33.229+0000] {logging_mixin.py:188} INFO - ✅ Exporter Prometheus lancé sur http://localhost:8000/metrics
[2025-06-21T13:24:33.231+0000] {logging_mixin.py:188} INFO - [2025-06-21T13:24:33.230+0000] {dagbag.py:355} ERROR - Failed to import: /opt/airflow/dags/trustpilot_dag.py
Traceback (most recent call last):
  File "/home/airflow/.local/lib/python3.11/site-packages/airflow/models/dagbag.py", line 351, in parse
    loader.exec_module(new_module)
  File "<frozen importlib._bootstrap_external>", line 940, in exec_module
  File "<frozen importlib._bootstrap>", line 241, in _call_with_frames_removed
  File "/opt/airflow/dags/trustpilot_dag.py", line 18, in <module>
    from api.analyze_and_insert import process_and_insert_all
  File "/opt/airflow/project/api/analyze_and_insert.py", line 30, in <module>
    raise FileNotFoundError(f"Fichier de credentials GCP introuvable : {gcp_credentials}")
FileNotFoundError: Fichier de credentials GCP introuvable : config/trustpilot-satisfaction-43aac3dd82a9.json
[2025-06-21T13:24:33.231+0000] {processor.py:842} WARNING - No viable dags retrieved from /opt/airflow/dags/trustpilot_dag.py
[2025-06-21T13:24:33.249+0000] {processor.py:183} INFO - Processing /opt/airflow/dags/trustpilot_dag.py took 0.995 seconds
[2025-06-21T13:25:03.413+0000] {processor.py:161} INFO - Started process (PID=201) to work on /opt/airflow/dags/trustpilot_dag.py
[2025-06-21T13:25:03.413+0000] {processor.py:830} INFO - Processing file /opt/airflow/dags/trustpilot_dag.py for tasks to queue
[2025-06-21T13:25:03.416+0000] {logging_mixin.py:188} INFO - [2025-06-21T13:25:03.415+0000] {dagbag.py:545} INFO - Filling up the DagBag from /opt/airflow/dags/trustpilot_dag.py
[2025-06-21T13:25:04.303+0000] {logging_mixin.py:188} INFO - ✅ Exporter Prometheus lancé sur http://localhost:8000/metrics
[2025-06-21T13:25:04.305+0000] {logging_mixin.py:188} INFO - [2025-06-21T13:25:04.304+0000] {dagbag.py:355} ERROR - Failed to import: /opt/airflow/dags/trustpilot_dag.py
Traceback (most recent call last):
  File "/home/airflow/.local/lib/python3.11/site-packages/airflow/models/dagbag.py", line 351, in parse
    loader.exec_module(new_module)
  File "<frozen importlib._bootstrap_external>", line 940, in exec_module
  File "<frozen importlib._bootstrap>", line 241, in _call_with_frames_removed
  File "/opt/airflow/dags/trustpilot_dag.py", line 18, in <module>
    from api.analyze_and_insert import process_and_insert_all
  File "/opt/airflow/project/api/analyze_and_insert.py", line 30, in <module>
    raise FileNotFoundError(f"Fichier de credentials GCP introuvable : {gcp_credentials}")
FileNotFoundError: Fichier de credentials GCP introuvable : config/trustpilot-satisfaction-43aac3dd82a9.json
[2025-06-21T13:25:04.305+0000] {processor.py:842} WARNING - No viable dags retrieved from /opt/airflow/dags/trustpilot_dag.py
[2025-06-21T13:25:04.321+0000] {processor.py:183} INFO - Processing /opt/airflow/dags/trustpilot_dag.py took 0.915 seconds
[2025-06-21T13:25:34.506+0000] {processor.py:161} INFO - Started process (PID=208) to work on /opt/airflow/dags/trustpilot_dag.py
[2025-06-21T13:25:34.507+0000] {processor.py:830} INFO - Processing file /opt/airflow/dags/trustpilot_dag.py for tasks to queue
[2025-06-21T13:25:34.509+0000] {logging_mixin.py:188} INFO - [2025-06-21T13:25:34.509+0000] {dagbag.py:545} INFO - Filling up the DagBag from /opt/airflow/dags/trustpilot_dag.py
[2025-06-21T13:25:35.448+0000] {logging_mixin.py:188} INFO - ✅ Exporter Prometheus lancé sur http://localhost:8000/metrics
[2025-06-21T13:25:35.450+0000] {logging_mixin.py:188} INFO - [2025-06-21T13:25:35.449+0000] {dagbag.py:355} ERROR - Failed to import: /opt/airflow/dags/trustpilot_dag.py
Traceback (most recent call last):
  File "/home/airflow/.local/lib/python3.11/site-packages/airflow/models/dagbag.py", line 351, in parse
    loader.exec_module(new_module)
  File "<frozen importlib._bootstrap_external>", line 940, in exec_module
  File "<frozen importlib._bootstrap>", line 241, in _call_with_frames_removed
  File "/opt/airflow/dags/trustpilot_dag.py", line 18, in <module>
    from api.analyze_and_insert import process_and_insert_all
  File "/opt/airflow/project/api/analyze_and_insert.py", line 30, in <module>
    raise FileNotFoundError(f"Fichier de credentials GCP introuvable : {gcp_credentials}")
FileNotFoundError: Fichier de credentials GCP introuvable : config/trustpilot-satisfaction-43aac3dd82a9.json
[2025-06-21T13:25:35.450+0000] {processor.py:842} WARNING - No viable dags retrieved from /opt/airflow/dags/trustpilot_dag.py
[2025-06-21T13:25:35.466+0000] {processor.py:183} INFO - Processing /opt/airflow/dags/trustpilot_dag.py took 0.974 seconds
[2025-06-21T13:26:05.605+0000] {processor.py:161} INFO - Started process (PID=215) to work on /opt/airflow/dags/trustpilot_dag.py
[2025-06-21T13:26:05.606+0000] {processor.py:830} INFO - Processing file /opt/airflow/dags/trustpilot_dag.py for tasks to queue
[2025-06-21T13:26:05.608+0000] {logging_mixin.py:188} INFO - [2025-06-21T13:26:05.607+0000] {dagbag.py:545} INFO - Filling up the DagBag from /opt/airflow/dags/trustpilot_dag.py
[2025-06-21T13:26:06.653+0000] {logging_mixin.py:188} INFO - ✅ Exporter Prometheus lancé sur http://localhost:8000/metrics
[2025-06-21T13:26:06.655+0000] {logging_mixin.py:188} INFO - [2025-06-21T13:26:06.654+0000] {dagbag.py:355} ERROR - Failed to import: /opt/airflow/dags/trustpilot_dag.py
Traceback (most recent call last):
  File "/home/airflow/.local/lib/python3.11/site-packages/airflow/models/dagbag.py", line 351, in parse
    loader.exec_module(new_module)
  File "<frozen importlib._bootstrap_external>", line 940, in exec_module
  File "<frozen importlib._bootstrap>", line 241, in _call_with_frames_removed
  File "/opt/airflow/dags/trustpilot_dag.py", line 18, in <module>
    from api.analyze_and_insert import process_and_insert_all
  File "/opt/airflow/project/api/analyze_and_insert.py", line 30, in <module>
    raise FileNotFoundError(f"Fichier de credentials GCP introuvable : {gcp_credentials}")
FileNotFoundError: Fichier de credentials GCP introuvable : config/trustpilot-satisfaction-43aac3dd82a9.json
[2025-06-21T13:26:06.656+0000] {processor.py:842} WARNING - No viable dags retrieved from /opt/airflow/dags/trustpilot_dag.py
[2025-06-21T13:26:06.673+0000] {processor.py:183} INFO - Processing /opt/airflow/dags/trustpilot_dag.py took 1.073 seconds
[2025-06-21T13:26:36.798+0000] {processor.py:161} INFO - Started process (PID=222) to work on /opt/airflow/dags/trustpilot_dag.py
[2025-06-21T13:26:36.800+0000] {processor.py:830} INFO - Processing file /opt/airflow/dags/trustpilot_dag.py for tasks to queue
[2025-06-21T13:26:36.802+0000] {logging_mixin.py:188} INFO - [2025-06-21T13:26:36.802+0000] {dagbag.py:545} INFO - Filling up the DagBag from /opt/airflow/dags/trustpilot_dag.py
[2025-06-21T13:26:37.826+0000] {logging_mixin.py:188} INFO - ✅ Exporter Prometheus lancé sur http://localhost:8000/metrics
[2025-06-21T13:26:37.829+0000] {logging_mixin.py:188} INFO - [2025-06-21T13:26:37.827+0000] {dagbag.py:355} ERROR - Failed to import: /opt/airflow/dags/trustpilot_dag.py
Traceback (most recent call last):
  File "/home/airflow/.local/lib/python3.11/site-packages/airflow/models/dagbag.py", line 351, in parse
    loader.exec_module(new_module)
  File "<frozen importlib._bootstrap_external>", line 940, in exec_module
  File "<frozen importlib._bootstrap>", line 241, in _call_with_frames_removed
  File "/opt/airflow/dags/trustpilot_dag.py", line 18, in <module>
    from api.analyze_and_insert import process_and_insert_all
  File "/opt/airflow/project/api/analyze_and_insert.py", line 30, in <module>
    raise FileNotFoundError(f"Fichier de credentials GCP introuvable : {gcp_credentials}")
FileNotFoundError: Fichier de credentials GCP introuvable : config/trustpilot-satisfaction-43aac3dd82a9.json
[2025-06-21T13:26:37.829+0000] {processor.py:842} WARNING - No viable dags retrieved from /opt/airflow/dags/trustpilot_dag.py
[2025-06-21T13:26:37.844+0000] {processor.py:183} INFO - Processing /opt/airflow/dags/trustpilot_dag.py took 1.060 seconds
[2025-06-21T13:27:07.960+0000] {processor.py:161} INFO - Started process (PID=229) to work on /opt/airflow/dags/trustpilot_dag.py
[2025-06-21T13:27:07.961+0000] {processor.py:830} INFO - Processing file /opt/airflow/dags/trustpilot_dag.py for tasks to queue
[2025-06-21T13:27:07.963+0000] {logging_mixin.py:188} INFO - [2025-06-21T13:27:07.962+0000] {dagbag.py:545} INFO - Filling up the DagBag from /opt/airflow/dags/trustpilot_dag.py
[2025-06-21T13:27:08.979+0000] {logging_mixin.py:188} INFO - ✅ Exporter Prometheus lancé sur http://localhost:8000/metrics
[2025-06-21T13:27:08.981+0000] {logging_mixin.py:188} INFO - [2025-06-21T13:27:08.980+0000] {dagbag.py:355} ERROR - Failed to import: /opt/airflow/dags/trustpilot_dag.py
Traceback (most recent call last):
  File "/home/airflow/.local/lib/python3.11/site-packages/airflow/models/dagbag.py", line 351, in parse
    loader.exec_module(new_module)
  File "<frozen importlib._bootstrap_external>", line 940, in exec_module
  File "<frozen importlib._bootstrap>", line 241, in _call_with_frames_removed
  File "/opt/airflow/dags/trustpilot_dag.py", line 18, in <module>
    from api.analyze_and_insert import process_and_insert_all
  File "/opt/airflow/project/api/analyze_and_insert.py", line 30, in <module>
    raise FileNotFoundError(f"Fichier de credentials GCP introuvable : {gcp_credentials}")
FileNotFoundError: Fichier de credentials GCP introuvable : config/trustpilot-satisfaction-43aac3dd82a9.json
[2025-06-21T13:27:08.982+0000] {processor.py:842} WARNING - No viable dags retrieved from /opt/airflow/dags/trustpilot_dag.py
[2025-06-21T13:27:08.997+0000] {processor.py:183} INFO - Processing /opt/airflow/dags/trustpilot_dag.py took 1.045 seconds
[2025-06-21T13:27:39.128+0000] {processor.py:161} INFO - Started process (PID=236) to work on /opt/airflow/dags/trustpilot_dag.py
[2025-06-21T13:27:39.131+0000] {processor.py:830} INFO - Processing file /opt/airflow/dags/trustpilot_dag.py for tasks to queue
[2025-06-21T13:27:39.132+0000] {logging_mixin.py:188} INFO - [2025-06-21T13:27:39.132+0000] {dagbag.py:545} INFO - Filling up the DagBag from /opt/airflow/dags/trustpilot_dag.py
[2025-06-21T13:27:40.086+0000] {logging_mixin.py:188} INFO - ✅ Exporter Prometheus lancé sur http://localhost:8000/metrics
[2025-06-21T13:27:40.088+0000] {logging_mixin.py:188} INFO - [2025-06-21T13:27:40.087+0000] {dagbag.py:355} ERROR - Failed to import: /opt/airflow/dags/trustpilot_dag.py
Traceback (most recent call last):
  File "/home/airflow/.local/lib/python3.11/site-packages/airflow/models/dagbag.py", line 351, in parse
    loader.exec_module(new_module)
  File "<frozen importlib._bootstrap_external>", line 940, in exec_module
  File "<frozen importlib._bootstrap>", line 241, in _call_with_frames_removed
  File "/opt/airflow/dags/trustpilot_dag.py", line 18, in <module>
    from api.analyze_and_insert import process_and_insert_all
  File "/opt/airflow/project/api/analyze_and_insert.py", line 30, in <module>
    raise FileNotFoundError(f"Fichier de credentials GCP introuvable : {gcp_credentials}")
FileNotFoundError: Fichier de credentials GCP introuvable : config/trustpilot-satisfaction-43aac3dd82a9.json
[2025-06-21T13:27:40.088+0000] {processor.py:842} WARNING - No viable dags retrieved from /opt/airflow/dags/trustpilot_dag.py
[2025-06-21T13:27:40.107+0000] {processor.py:183} INFO - Processing /opt/airflow/dags/trustpilot_dag.py took 0.985 seconds
[2025-06-21T13:28:10.274+0000] {processor.py:161} INFO - Started process (PID=243) to work on /opt/airflow/dags/trustpilot_dag.py
[2025-06-21T13:28:10.275+0000] {processor.py:830} INFO - Processing file /opt/airflow/dags/trustpilot_dag.py for tasks to queue
[2025-06-21T13:28:10.277+0000] {logging_mixin.py:188} INFO - [2025-06-21T13:28:10.277+0000] {dagbag.py:545} INFO - Filling up the DagBag from /opt/airflow/dags/trustpilot_dag.py
[2025-06-21T13:28:11.225+0000] {logging_mixin.py:188} INFO - ✅ Exporter Prometheus lancé sur http://localhost:8000/metrics
[2025-06-21T13:28:11.227+0000] {logging_mixin.py:188} INFO - [2025-06-21T13:28:11.226+0000] {dagbag.py:355} ERROR - Failed to import: /opt/airflow/dags/trustpilot_dag.py
Traceback (most recent call last):
  File "/home/airflow/.local/lib/python3.11/site-packages/airflow/models/dagbag.py", line 351, in parse
    loader.exec_module(new_module)
  File "<frozen importlib._bootstrap_external>", line 940, in exec_module
  File "<frozen importlib._bootstrap>", line 241, in _call_with_frames_removed
  File "/opt/airflow/dags/trustpilot_dag.py", line 18, in <module>
    from api.analyze_and_insert import process_and_insert_all
  File "/opt/airflow/project/api/analyze_and_insert.py", line 30, in <module>
    raise FileNotFoundError(f"Fichier de credentials GCP introuvable : {gcp_credentials}")
FileNotFoundError: Fichier de credentials GCP introuvable : config/trustpilot-satisfaction-43aac3dd82a9.json
[2025-06-21T13:28:11.228+0000] {processor.py:842} WARNING - No viable dags retrieved from /opt/airflow/dags/trustpilot_dag.py
[2025-06-21T13:28:11.244+0000] {processor.py:183} INFO - Processing /opt/airflow/dags/trustpilot_dag.py took 0.977 seconds
[2025-06-21T13:28:41.448+0000] {processor.py:161} INFO - Started process (PID=250) to work on /opt/airflow/dags/trustpilot_dag.py
[2025-06-21T13:28:41.450+0000] {processor.py:830} INFO - Processing file /opt/airflow/dags/trustpilot_dag.py for tasks to queue
[2025-06-21T13:28:41.453+0000] {logging_mixin.py:188} INFO - [2025-06-21T13:28:41.453+0000] {dagbag.py:545} INFO - Filling up the DagBag from /opt/airflow/dags/trustpilot_dag.py
[2025-06-21T13:28:42.517+0000] {logging_mixin.py:188} INFO - ✅ Exporter Prometheus lancé sur http://localhost:8000/metrics
[2025-06-21T13:28:42.520+0000] {logging_mixin.py:188} INFO - [2025-06-21T13:28:42.518+0000] {dagbag.py:355} ERROR - Failed to import: /opt/airflow/dags/trustpilot_dag.py
Traceback (most recent call last):
  File "/home/airflow/.local/lib/python3.11/site-packages/airflow/models/dagbag.py", line 351, in parse
    loader.exec_module(new_module)
  File "<frozen importlib._bootstrap_external>", line 940, in exec_module
  File "<frozen importlib._bootstrap>", line 241, in _call_with_frames_removed
  File "/opt/airflow/dags/trustpilot_dag.py", line 18, in <module>
    from api.analyze_and_insert import process_and_insert_all
  File "/opt/airflow/project/api/analyze_and_insert.py", line 30, in <module>
    raise FileNotFoundError(f"Fichier de credentials GCP introuvable : {gcp_credentials}")
FileNotFoundError: Fichier de credentials GCP introuvable : config/trustpilot-satisfaction-43aac3dd82a9.json
[2025-06-21T13:28:42.521+0000] {processor.py:842} WARNING - No viable dags retrieved from /opt/airflow/dags/trustpilot_dag.py
[2025-06-21T13:28:42.537+0000] {processor.py:183} INFO - Processing /opt/airflow/dags/trustpilot_dag.py took 1.097 seconds
[2025-06-21T13:29:12.673+0000] {processor.py:161} INFO - Started process (PID=257) to work on /opt/airflow/dags/trustpilot_dag.py
[2025-06-21T13:29:12.674+0000] {processor.py:830} INFO - Processing file /opt/airflow/dags/trustpilot_dag.py for tasks to queue
[2025-06-21T13:29:12.677+0000] {logging_mixin.py:188} INFO - [2025-06-21T13:29:12.677+0000] {dagbag.py:545} INFO - Filling up the DagBag from /opt/airflow/dags/trustpilot_dag.py
[2025-06-21T13:29:13.866+0000] {logging_mixin.py:188} INFO - ✅ Exporter Prometheus lancé sur http://localhost:8000/metrics
[2025-06-21T13:29:13.868+0000] {logging_mixin.py:188} INFO - [2025-06-21T13:29:13.867+0000] {dagbag.py:355} ERROR - Failed to import: /opt/airflow/dags/trustpilot_dag.py
Traceback (most recent call last):
  File "/home/airflow/.local/lib/python3.11/site-packages/airflow/models/dagbag.py", line 351, in parse
    loader.exec_module(new_module)
  File "<frozen importlib._bootstrap_external>", line 940, in exec_module
  File "<frozen importlib._bootstrap>", line 241, in _call_with_frames_removed
  File "/opt/airflow/dags/trustpilot_dag.py", line 18, in <module>
    from api.analyze_and_insert import process_and_insert_all
  File "/opt/airflow/project/api/analyze_and_insert.py", line 30, in <module>
    raise FileNotFoundError(f"Fichier de credentials GCP introuvable : {gcp_credentials}")
FileNotFoundError: Fichier de credentials GCP introuvable : config/trustpilot-satisfaction-43aac3dd82a9.json
[2025-06-21T13:29:13.869+0000] {processor.py:842} WARNING - No viable dags retrieved from /opt/airflow/dags/trustpilot_dag.py
[2025-06-21T13:29:13.884+0000] {processor.py:183} INFO - Processing /opt/airflow/dags/trustpilot_dag.py took 1.218 seconds
[2025-06-21T13:29:44.037+0000] {processor.py:161} INFO - Started process (PID=264) to work on /opt/airflow/dags/trustpilot_dag.py
[2025-06-21T13:29:44.038+0000] {processor.py:830} INFO - Processing file /opt/airflow/dags/trustpilot_dag.py for tasks to queue
[2025-06-21T13:29:44.041+0000] {logging_mixin.py:188} INFO - [2025-06-21T13:29:44.040+0000] {dagbag.py:545} INFO - Filling up the DagBag from /opt/airflow/dags/trustpilot_dag.py
[2025-06-21T13:29:44.984+0000] {logging_mixin.py:188} INFO - ✅ Exporter Prometheus lancé sur http://localhost:8000/metrics
[2025-06-21T13:29:44.986+0000] {logging_mixin.py:188} INFO - [2025-06-21T13:29:44.985+0000] {dagbag.py:355} ERROR - Failed to import: /opt/airflow/dags/trustpilot_dag.py
Traceback (most recent call last):
  File "/home/airflow/.local/lib/python3.11/site-packages/airflow/models/dagbag.py", line 351, in parse
    loader.exec_module(new_module)
  File "<frozen importlib._bootstrap_external>", line 940, in exec_module
  File "<frozen importlib._bootstrap>", line 241, in _call_with_frames_removed
  File "/opt/airflow/dags/trustpilot_dag.py", line 18, in <module>
    from api.analyze_and_insert import process_and_insert_all
  File "/opt/airflow/project/api/analyze_and_insert.py", line 30, in <module>
    raise FileNotFoundError(f"Fichier de credentials GCP introuvable : {gcp_credentials}")
FileNotFoundError: Fichier de credentials GCP introuvable : config/trustpilot-satisfaction-43aac3dd82a9.json
[2025-06-21T13:29:44.986+0000] {processor.py:842} WARNING - No viable dags retrieved from /opt/airflow/dags/trustpilot_dag.py
[2025-06-21T13:29:45.001+0000] {processor.py:183} INFO - Processing /opt/airflow/dags/trustpilot_dag.py took 0.973 seconds
[2025-06-21T13:30:15.123+0000] {processor.py:161} INFO - Started process (PID=271) to work on /opt/airflow/dags/trustpilot_dag.py
[2025-06-21T13:30:15.124+0000] {processor.py:830} INFO - Processing file /opt/airflow/dags/trustpilot_dag.py for tasks to queue
[2025-06-21T13:30:15.126+0000] {logging_mixin.py:188} INFO - [2025-06-21T13:30:15.125+0000] {dagbag.py:545} INFO - Filling up the DagBag from /opt/airflow/dags/trustpilot_dag.py
[2025-06-21T13:30:16.122+0000] {logging_mixin.py:188} INFO - ✅ Exporter Prometheus lancé sur http://localhost:8000/metrics
[2025-06-21T13:30:16.124+0000] {logging_mixin.py:188} INFO - [2025-06-21T13:30:16.123+0000] {dagbag.py:355} ERROR - Failed to import: /opt/airflow/dags/trustpilot_dag.py
Traceback (most recent call last):
  File "/home/airflow/.local/lib/python3.11/site-packages/airflow/models/dagbag.py", line 351, in parse
    loader.exec_module(new_module)
  File "<frozen importlib._bootstrap_external>", line 940, in exec_module
  File "<frozen importlib._bootstrap>", line 241, in _call_with_frames_removed
  File "/opt/airflow/dags/trustpilot_dag.py", line 18, in <module>
    from api.analyze_and_insert import process_and_insert_all
  File "/opt/airflow/project/api/analyze_and_insert.py", line 30, in <module>
    raise FileNotFoundError(f"Fichier de credentials GCP introuvable : {gcp_credentials}")
FileNotFoundError: Fichier de credentials GCP introuvable : config/trustpilot-satisfaction-43aac3dd82a9.json
[2025-06-21T13:30:16.125+0000] {processor.py:842} WARNING - No viable dags retrieved from /opt/airflow/dags/trustpilot_dag.py
[2025-06-21T13:30:16.142+0000] {processor.py:183} INFO - Processing /opt/airflow/dags/trustpilot_dag.py took 1.025 seconds
[2025-06-21T13:30:46.283+0000] {processor.py:161} INFO - Started process (PID=278) to work on /opt/airflow/dags/trustpilot_dag.py
[2025-06-21T13:30:46.285+0000] {processor.py:830} INFO - Processing file /opt/airflow/dags/trustpilot_dag.py for tasks to queue
[2025-06-21T13:30:46.288+0000] {logging_mixin.py:188} INFO - [2025-06-21T13:30:46.287+0000] {dagbag.py:545} INFO - Filling up the DagBag from /opt/airflow/dags/trustpilot_dag.py
[2025-06-21T13:30:47.237+0000] {logging_mixin.py:188} INFO - ✅ Exporter Prometheus lancé sur http://localhost:8000/metrics
[2025-06-21T13:30:47.239+0000] {logging_mixin.py:188} INFO - [2025-06-21T13:30:47.238+0000] {dagbag.py:355} ERROR - Failed to import: /opt/airflow/dags/trustpilot_dag.py
Traceback (most recent call last):
  File "/home/airflow/.local/lib/python3.11/site-packages/airflow/models/dagbag.py", line 351, in parse
    loader.exec_module(new_module)
  File "<frozen importlib._bootstrap_external>", line 940, in exec_module
  File "<frozen importlib._bootstrap>", line 241, in _call_with_frames_removed
  File "/opt/airflow/dags/trustpilot_dag.py", line 18, in <module>
    from api.analyze_and_insert import process_and_insert_all
  File "/opt/airflow/project/api/analyze_and_insert.py", line 30, in <module>
    raise FileNotFoundError(f"Fichier de credentials GCP introuvable : {gcp_credentials}")
FileNotFoundError: Fichier de credentials GCP introuvable : config/trustpilot-satisfaction-43aac3dd82a9.json
[2025-06-21T13:30:47.239+0000] {processor.py:842} WARNING - No viable dags retrieved from /opt/airflow/dags/trustpilot_dag.py
[2025-06-21T13:30:47.255+0000] {processor.py:183} INFO - Processing /opt/airflow/dags/trustpilot_dag.py took 0.986 seconds
[2025-06-21T13:31:17.431+0000] {processor.py:161} INFO - Started process (PID=285) to work on /opt/airflow/dags/trustpilot_dag.py
[2025-06-21T13:31:17.432+0000] {processor.py:830} INFO - Processing file /opt/airflow/dags/trustpilot_dag.py for tasks to queue
[2025-06-21T13:31:17.434+0000] {logging_mixin.py:188} INFO - [2025-06-21T13:31:17.434+0000] {dagbag.py:545} INFO - Filling up the DagBag from /opt/airflow/dags/trustpilot_dag.py
[2025-06-21T13:31:18.432+0000] {logging_mixin.py:188} INFO - ✅ Exporter Prometheus lancé sur http://localhost:8000/metrics
[2025-06-21T13:31:18.435+0000] {logging_mixin.py:188} INFO - [2025-06-21T13:31:18.434+0000] {dagbag.py:355} ERROR - Failed to import: /opt/airflow/dags/trustpilot_dag.py
Traceback (most recent call last):
  File "/home/airflow/.local/lib/python3.11/site-packages/airflow/models/dagbag.py", line 351, in parse
    loader.exec_module(new_module)
  File "<frozen importlib._bootstrap_external>", line 940, in exec_module
  File "<frozen importlib._bootstrap>", line 241, in _call_with_frames_removed
  File "/opt/airflow/dags/trustpilot_dag.py", line 18, in <module>
    from api.analyze_and_insert import process_and_insert_all
  File "/opt/airflow/project/api/analyze_and_insert.py", line 30, in <module>
    raise FileNotFoundError(f"Fichier de credentials GCP introuvable : {gcp_credentials}")
FileNotFoundError: Fichier de credentials GCP introuvable : config/trustpilot-satisfaction-43aac3dd82a9.json
[2025-06-21T13:31:18.436+0000] {processor.py:842} WARNING - No viable dags retrieved from /opt/airflow/dags/trustpilot_dag.py
[2025-06-21T13:31:18.451+0000] {processor.py:183} INFO - Processing /opt/airflow/dags/trustpilot_dag.py took 1.032 seconds
[2025-06-21T13:31:48.592+0000] {processor.py:161} INFO - Started process (PID=292) to work on /opt/airflow/dags/trustpilot_dag.py
[2025-06-21T13:31:48.593+0000] {processor.py:830} INFO - Processing file /opt/airflow/dags/trustpilot_dag.py for tasks to queue
[2025-06-21T13:31:48.597+0000] {logging_mixin.py:188} INFO - [2025-06-21T13:31:48.596+0000] {dagbag.py:545} INFO - Filling up the DagBag from /opt/airflow/dags/trustpilot_dag.py
[2025-06-21T13:31:49.565+0000] {logging_mixin.py:188} INFO - ✅ Exporter Prometheus lancé sur http://localhost:8000/metrics
[2025-06-21T13:31:49.568+0000] {logging_mixin.py:188} INFO - [2025-06-21T13:31:49.566+0000] {dagbag.py:355} ERROR - Failed to import: /opt/airflow/dags/trustpilot_dag.py
Traceback (most recent call last):
  File "/home/airflow/.local/lib/python3.11/site-packages/airflow/models/dagbag.py", line 351, in parse
    loader.exec_module(new_module)
  File "<frozen importlib._bootstrap_external>", line 940, in exec_module
  File "<frozen importlib._bootstrap>", line 241, in _call_with_frames_removed
  File "/opt/airflow/dags/trustpilot_dag.py", line 18, in <module>
    from api.analyze_and_insert import process_and_insert_all
  File "/opt/airflow/project/api/analyze_and_insert.py", line 30, in <module>
    raise FileNotFoundError(f"Fichier de credentials GCP introuvable : {gcp_credentials}")
FileNotFoundError: Fichier de credentials GCP introuvable : config/trustpilot-satisfaction-43aac3dd82a9.json
[2025-06-21T13:31:49.569+0000] {processor.py:842} WARNING - No viable dags retrieved from /opt/airflow/dags/trustpilot_dag.py
[2025-06-21T13:31:49.586+0000] {processor.py:183} INFO - Processing /opt/airflow/dags/trustpilot_dag.py took 1.008 seconds
[2025-06-21T13:32:19.741+0000] {processor.py:161} INFO - Started process (PID=299) to work on /opt/airflow/dags/trustpilot_dag.py
[2025-06-21T13:32:19.743+0000] {processor.py:830} INFO - Processing file /opt/airflow/dags/trustpilot_dag.py for tasks to queue
[2025-06-21T13:32:19.745+0000] {logging_mixin.py:188} INFO - [2025-06-21T13:32:19.745+0000] {dagbag.py:545} INFO - Filling up the DagBag from /opt/airflow/dags/trustpilot_dag.py
[2025-06-21T13:32:20.876+0000] {logging_mixin.py:188} INFO - ✅ Exporter Prometheus lancé sur http://localhost:8000/metrics
[2025-06-21T13:32:20.880+0000] {logging_mixin.py:188} INFO - [2025-06-21T13:32:20.878+0000] {dagbag.py:355} ERROR - Failed to import: /opt/airflow/dags/trustpilot_dag.py
Traceback (most recent call last):
  File "/home/airflow/.local/lib/python3.11/site-packages/airflow/models/dagbag.py", line 351, in parse
    loader.exec_module(new_module)
  File "<frozen importlib._bootstrap_external>", line 940, in exec_module
  File "<frozen importlib._bootstrap>", line 241, in _call_with_frames_removed
  File "/opt/airflow/dags/trustpilot_dag.py", line 18, in <module>
    from api.analyze_and_insert import process_and_insert_all
  File "/opt/airflow/project/api/analyze_and_insert.py", line 30, in <module>
    raise FileNotFoundError(f"Fichier de credentials GCP introuvable : {gcp_credentials}")
FileNotFoundError: Fichier de credentials GCP introuvable : config/trustpilot-satisfaction-43aac3dd82a9.json
[2025-06-21T13:32:20.880+0000] {processor.py:842} WARNING - No viable dags retrieved from /opt/airflow/dags/trustpilot_dag.py
[2025-06-21T13:32:20.898+0000] {processor.py:183} INFO - Processing /opt/airflow/dags/trustpilot_dag.py took 1.166 seconds
[2025-06-21T13:32:51.065+0000] {processor.py:161} INFO - Started process (PID=306) to work on /opt/airflow/dags/trustpilot_dag.py
[2025-06-21T13:32:51.067+0000] {processor.py:830} INFO - Processing file /opt/airflow/dags/trustpilot_dag.py for tasks to queue
[2025-06-21T13:32:51.069+0000] {logging_mixin.py:188} INFO - [2025-06-21T13:32:51.069+0000] {dagbag.py:545} INFO - Filling up the DagBag from /opt/airflow/dags/trustpilot_dag.py
[2025-06-21T13:32:52.009+0000] {logging_mixin.py:188} INFO - ✅ Exporter Prometheus lancé sur http://localhost:8000/metrics
[2025-06-21T13:32:52.011+0000] {logging_mixin.py:188} INFO - [2025-06-21T13:32:52.010+0000] {dagbag.py:355} ERROR - Failed to import: /opt/airflow/dags/trustpilot_dag.py
Traceback (most recent call last):
  File "/home/airflow/.local/lib/python3.11/site-packages/airflow/models/dagbag.py", line 351, in parse
    loader.exec_module(new_module)
  File "<frozen importlib._bootstrap_external>", line 940, in exec_module
  File "<frozen importlib._bootstrap>", line 241, in _call_with_frames_removed
  File "/opt/airflow/dags/trustpilot_dag.py", line 18, in <module>
    from api.analyze_and_insert import process_and_insert_all
  File "/opt/airflow/project/api/analyze_and_insert.py", line 30, in <module>
    raise FileNotFoundError(f"Fichier de credentials GCP introuvable : {gcp_credentials}")
FileNotFoundError: Fichier de credentials GCP introuvable : config/trustpilot-satisfaction-43aac3dd82a9.json
[2025-06-21T13:32:52.011+0000] {processor.py:842} WARNING - No viable dags retrieved from /opt/airflow/dags/trustpilot_dag.py
[2025-06-21T13:32:52.028+0000] {processor.py:183} INFO - Processing /opt/airflow/dags/trustpilot_dag.py took 0.976 seconds
[2025-06-21T13:33:22.216+0000] {processor.py:161} INFO - Started process (PID=313) to work on /opt/airflow/dags/trustpilot_dag.py
[2025-06-21T13:33:22.217+0000] {processor.py:830} INFO - Processing file /opt/airflow/dags/trustpilot_dag.py for tasks to queue
[2025-06-21T13:33:22.219+0000] {logging_mixin.py:188} INFO - [2025-06-21T13:33:22.219+0000] {dagbag.py:545} INFO - Filling up the DagBag from /opt/airflow/dags/trustpilot_dag.py
[2025-06-21T13:33:23.207+0000] {logging_mixin.py:188} INFO - ✅ Exporter Prometheus lancé sur http://localhost:8000/metrics
[2025-06-21T13:33:23.209+0000] {logging_mixin.py:188} INFO - [2025-06-21T13:33:23.208+0000] {dagbag.py:355} ERROR - Failed to import: /opt/airflow/dags/trustpilot_dag.py
Traceback (most recent call last):
  File "/home/airflow/.local/lib/python3.11/site-packages/airflow/models/dagbag.py", line 351, in parse
    loader.exec_module(new_module)
  File "<frozen importlib._bootstrap_external>", line 940, in exec_module
  File "<frozen importlib._bootstrap>", line 241, in _call_with_frames_removed
  File "/opt/airflow/dags/trustpilot_dag.py", line 18, in <module>
    from api.analyze_and_insert import process_and_insert_all
  File "/opt/airflow/project/api/analyze_and_insert.py", line 30, in <module>
    raise FileNotFoundError(f"Fichier de credentials GCP introuvable : {gcp_credentials}")
FileNotFoundError: Fichier de credentials GCP introuvable : config/trustpilot-satisfaction-43aac3dd82a9.json
[2025-06-21T13:33:23.209+0000] {processor.py:842} WARNING - No viable dags retrieved from /opt/airflow/dags/trustpilot_dag.py
[2025-06-21T13:33:23.225+0000] {processor.py:183} INFO - Processing /opt/airflow/dags/trustpilot_dag.py took 1.020 seconds
[2025-06-21T13:33:53.408+0000] {processor.py:161} INFO - Started process (PID=320) to work on /opt/airflow/dags/trustpilot_dag.py
[2025-06-21T13:33:53.409+0000] {processor.py:830} INFO - Processing file /opt/airflow/dags/trustpilot_dag.py for tasks to queue
[2025-06-21T13:33:53.414+0000] {logging_mixin.py:188} INFO - [2025-06-21T13:33:53.414+0000] {dagbag.py:545} INFO - Filling up the DagBag from /opt/airflow/dags/trustpilot_dag.py
[2025-06-21T13:33:54.377+0000] {logging_mixin.py:188} INFO - ✅ Exporter Prometheus lancé sur http://localhost:8000/metrics
[2025-06-21T13:33:54.380+0000] {logging_mixin.py:188} INFO - [2025-06-21T13:33:54.378+0000] {dagbag.py:355} ERROR - Failed to import: /opt/airflow/dags/trustpilot_dag.py
Traceback (most recent call last):
  File "/home/airflow/.local/lib/python3.11/site-packages/airflow/models/dagbag.py", line 351, in parse
    loader.exec_module(new_module)
  File "<frozen importlib._bootstrap_external>", line 940, in exec_module
  File "<frozen importlib._bootstrap>", line 241, in _call_with_frames_removed
  File "/opt/airflow/dags/trustpilot_dag.py", line 18, in <module>
    from api.analyze_and_insert import process_and_insert_all
  File "/opt/airflow/project/api/analyze_and_insert.py", line 30, in <module>
    raise FileNotFoundError(f"Fichier de credentials GCP introuvable : {gcp_credentials}")
FileNotFoundError: Fichier de credentials GCP introuvable : config/trustpilot-satisfaction-43aac3dd82a9.json
[2025-06-21T13:33:54.380+0000] {processor.py:842} WARNING - No viable dags retrieved from /opt/airflow/dags/trustpilot_dag.py
[2025-06-21T13:33:54.397+0000] {processor.py:183} INFO - Processing /opt/airflow/dags/trustpilot_dag.py took 1.002 seconds
[2025-06-21T13:34:24.544+0000] {processor.py:161} INFO - Started process (PID=327) to work on /opt/airflow/dags/trustpilot_dag.py
[2025-06-21T13:34:24.545+0000] {processor.py:830} INFO - Processing file /opt/airflow/dags/trustpilot_dag.py for tasks to queue
[2025-06-21T13:34:24.547+0000] {logging_mixin.py:188} INFO - [2025-06-21T13:34:24.547+0000] {dagbag.py:545} INFO - Filling up the DagBag from /opt/airflow/dags/trustpilot_dag.py
[2025-06-21T13:34:25.512+0000] {logging_mixin.py:188} INFO - ✅ Exporter Prometheus lancé sur http://localhost:8000/metrics
[2025-06-21T13:34:25.515+0000] {logging_mixin.py:188} INFO - [2025-06-21T13:34:25.514+0000] {dagbag.py:355} ERROR - Failed to import: /opt/airflow/dags/trustpilot_dag.py
Traceback (most recent call last):
  File "/home/airflow/.local/lib/python3.11/site-packages/airflow/models/dagbag.py", line 351, in parse
    loader.exec_module(new_module)
  File "<frozen importlib._bootstrap_external>", line 940, in exec_module
  File "<frozen importlib._bootstrap>", line 241, in _call_with_frames_removed
  File "/opt/airflow/dags/trustpilot_dag.py", line 18, in <module>
    from api.analyze_and_insert import process_and_insert_all
  File "/opt/airflow/project/api/analyze_and_insert.py", line 30, in <module>
    raise FileNotFoundError(f"Fichier de credentials GCP introuvable : {gcp_credentials}")
FileNotFoundError: Fichier de credentials GCP introuvable : config/trustpilot-satisfaction-43aac3dd82a9.json
[2025-06-21T13:34:25.515+0000] {processor.py:842} WARNING - No viable dags retrieved from /opt/airflow/dags/trustpilot_dag.py
[2025-06-21T13:34:25.532+0000] {processor.py:183} INFO - Processing /opt/airflow/dags/trustpilot_dag.py took 0.996 seconds
[2025-06-21T13:34:55.704+0000] {processor.py:161} INFO - Started process (PID=334) to work on /opt/airflow/dags/trustpilot_dag.py
[2025-06-21T13:34:55.706+0000] {processor.py:830} INFO - Processing file /opt/airflow/dags/trustpilot_dag.py for tasks to queue
[2025-06-21T13:34:55.710+0000] {logging_mixin.py:188} INFO - [2025-06-21T13:34:55.709+0000] {dagbag.py:545} INFO - Filling up the DagBag from /opt/airflow/dags/trustpilot_dag.py
[2025-06-21T13:34:56.699+0000] {logging_mixin.py:188} INFO - ✅ Exporter Prometheus lancé sur http://localhost:8000/metrics
[2025-06-21T13:34:56.701+0000] {logging_mixin.py:188} INFO - [2025-06-21T13:34:56.700+0000] {dagbag.py:355} ERROR - Failed to import: /opt/airflow/dags/trustpilot_dag.py
Traceback (most recent call last):
  File "/home/airflow/.local/lib/python3.11/site-packages/airflow/models/dagbag.py", line 351, in parse
    loader.exec_module(new_module)
  File "<frozen importlib._bootstrap_external>", line 940, in exec_module
  File "<frozen importlib._bootstrap>", line 241, in _call_with_frames_removed
  File "/opt/airflow/dags/trustpilot_dag.py", line 18, in <module>
    from api.analyze_and_insert import process_and_insert_all
  File "/opt/airflow/project/api/analyze_and_insert.py", line 30, in <module>
    raise FileNotFoundError(f"Fichier de credentials GCP introuvable : {gcp_credentials}")
FileNotFoundError: Fichier de credentials GCP introuvable : config/trustpilot-satisfaction-43aac3dd82a9.json
[2025-06-21T13:34:56.702+0000] {processor.py:842} WARNING - No viable dags retrieved from /opt/airflow/dags/trustpilot_dag.py
[2025-06-21T13:34:56.719+0000] {processor.py:183} INFO - Processing /opt/airflow/dags/trustpilot_dag.py took 1.028 seconds
[2025-06-21T13:35:26.862+0000] {processor.py:161} INFO - Started process (PID=341) to work on /opt/airflow/dags/trustpilot_dag.py
[2025-06-21T13:35:26.863+0000] {processor.py:830} INFO - Processing file /opt/airflow/dags/trustpilot_dag.py for tasks to queue
[2025-06-21T13:35:26.865+0000] {logging_mixin.py:188} INFO - [2025-06-21T13:35:26.865+0000] {dagbag.py:545} INFO - Filling up the DagBag from /opt/airflow/dags/trustpilot_dag.py
[2025-06-21T13:35:28.023+0000] {logging_mixin.py:188} INFO - ✅ Exporter Prometheus lancé sur http://localhost:8000/metrics
[2025-06-21T13:35:28.027+0000] {logging_mixin.py:188} INFO - [2025-06-21T13:35:28.024+0000] {dagbag.py:355} ERROR - Failed to import: /opt/airflow/dags/trustpilot_dag.py
Traceback (most recent call last):
  File "/home/airflow/.local/lib/python3.11/site-packages/airflow/models/dagbag.py", line 351, in parse
    loader.exec_module(new_module)
  File "<frozen importlib._bootstrap_external>", line 940, in exec_module
  File "<frozen importlib._bootstrap>", line 241, in _call_with_frames_removed
  File "/opt/airflow/dags/trustpilot_dag.py", line 18, in <module>
    from api.analyze_and_insert import process_and_insert_all
  File "/opt/airflow/project/api/analyze_and_insert.py", line 30, in <module>
    raise FileNotFoundError(f"Fichier de credentials GCP introuvable : {gcp_credentials}")
FileNotFoundError: Fichier de credentials GCP introuvable : config/trustpilot-satisfaction-43aac3dd82a9.json
[2025-06-21T13:35:28.028+0000] {processor.py:842} WARNING - No viable dags retrieved from /opt/airflow/dags/trustpilot_dag.py
[2025-06-21T13:35:28.056+0000] {processor.py:183} INFO - Processing /opt/airflow/dags/trustpilot_dag.py took 1.202 seconds
[2025-06-21T13:35:58.229+0000] {processor.py:161} INFO - Started process (PID=348) to work on /opt/airflow/dags/trustpilot_dag.py
[2025-06-21T13:35:58.231+0000] {processor.py:830} INFO - Processing file /opt/airflow/dags/trustpilot_dag.py for tasks to queue
[2025-06-21T13:35:58.233+0000] {logging_mixin.py:188} INFO - [2025-06-21T13:35:58.232+0000] {dagbag.py:545} INFO - Filling up the DagBag from /opt/airflow/dags/trustpilot_dag.py
[2025-06-21T13:35:59.246+0000] {logging_mixin.py:188} INFO - ✅ Exporter Prometheus lancé sur http://localhost:8000/metrics
[2025-06-21T13:35:59.248+0000] {logging_mixin.py:188} INFO - [2025-06-21T13:35:59.247+0000] {dagbag.py:355} ERROR - Failed to import: /opt/airflow/dags/trustpilot_dag.py
Traceback (most recent call last):
  File "/home/airflow/.local/lib/python3.11/site-packages/airflow/models/dagbag.py", line 351, in parse
    loader.exec_module(new_module)
  File "<frozen importlib._bootstrap_external>", line 940, in exec_module
  File "<frozen importlib._bootstrap>", line 241, in _call_with_frames_removed
  File "/opt/airflow/dags/trustpilot_dag.py", line 18, in <module>
    from api.analyze_and_insert import process_and_insert_all
  File "/opt/airflow/project/api/analyze_and_insert.py", line 30, in <module>
    raise FileNotFoundError(f"Fichier de credentials GCP introuvable : {gcp_credentials}")
FileNotFoundError: Fichier de credentials GCP introuvable : config/trustpilot-satisfaction-43aac3dd82a9.json
[2025-06-21T13:35:59.249+0000] {processor.py:842} WARNING - No viable dags retrieved from /opt/airflow/dags/trustpilot_dag.py
[2025-06-21T13:35:59.266+0000] {processor.py:183} INFO - Processing /opt/airflow/dags/trustpilot_dag.py took 1.044 seconds
[2025-06-21T13:36:29.368+0000] {processor.py:161} INFO - Started process (PID=355) to work on /opt/airflow/dags/trustpilot_dag.py
[2025-06-21T13:36:29.369+0000] {processor.py:830} INFO - Processing file /opt/airflow/dags/trustpilot_dag.py for tasks to queue
[2025-06-21T13:36:29.371+0000] {logging_mixin.py:188} INFO - [2025-06-21T13:36:29.371+0000] {dagbag.py:545} INFO - Filling up the DagBag from /opt/airflow/dags/trustpilot_dag.py
[2025-06-21T13:36:30.347+0000] {logging_mixin.py:188} INFO - ✅ Exporter Prometheus lancé sur http://localhost:8000/metrics
[2025-06-21T13:36:30.350+0000] {logging_mixin.py:188} INFO - [2025-06-21T13:36:30.348+0000] {dagbag.py:355} ERROR - Failed to import: /opt/airflow/dags/trustpilot_dag.py
Traceback (most recent call last):
  File "/home/airflow/.local/lib/python3.11/site-packages/airflow/models/dagbag.py", line 351, in parse
    loader.exec_module(new_module)
  File "<frozen importlib._bootstrap_external>", line 940, in exec_module
  File "<frozen importlib._bootstrap>", line 241, in _call_with_frames_removed
  File "/opt/airflow/dags/trustpilot_dag.py", line 18, in <module>
    from api.analyze_and_insert import process_and_insert_all
  File "/opt/airflow/project/api/analyze_and_insert.py", line 30, in <module>
    raise FileNotFoundError(f"Fichier de credentials GCP introuvable : {gcp_credentials}")
FileNotFoundError: Fichier de credentials GCP introuvable : config/trustpilot-satisfaction-43aac3dd82a9.json
[2025-06-21T13:36:30.351+0000] {processor.py:842} WARNING - No viable dags retrieved from /opt/airflow/dags/trustpilot_dag.py
[2025-06-21T13:36:30.367+0000] {processor.py:183} INFO - Processing /opt/airflow/dags/trustpilot_dag.py took 1.006 seconds
[2025-06-21T13:37:00.506+0000] {processor.py:161} INFO - Started process (PID=362) to work on /opt/airflow/dags/trustpilot_dag.py
[2025-06-21T13:37:00.507+0000] {processor.py:830} INFO - Processing file /opt/airflow/dags/trustpilot_dag.py for tasks to queue
[2025-06-21T13:37:00.509+0000] {logging_mixin.py:188} INFO - [2025-06-21T13:37:00.509+0000] {dagbag.py:545} INFO - Filling up the DagBag from /opt/airflow/dags/trustpilot_dag.py
[2025-06-21T13:37:01.431+0000] {logging_mixin.py:188} INFO - ✅ Exporter Prometheus lancé sur http://localhost:8000/metrics
[2025-06-21T13:37:01.433+0000] {logging_mixin.py:188} INFO - [2025-06-21T13:37:01.432+0000] {dagbag.py:355} ERROR - Failed to import: /opt/airflow/dags/trustpilot_dag.py
Traceback (most recent call last):
  File "/home/airflow/.local/lib/python3.11/site-packages/airflow/models/dagbag.py", line 351, in parse
    loader.exec_module(new_module)
  File "<frozen importlib._bootstrap_external>", line 940, in exec_module
  File "<frozen importlib._bootstrap>", line 241, in _call_with_frames_removed
  File "/opt/airflow/dags/trustpilot_dag.py", line 18, in <module>
    from api.analyze_and_insert import process_and_insert_all
  File "/opt/airflow/project/api/analyze_and_insert.py", line 30, in <module>
    raise FileNotFoundError(f"Fichier de credentials GCP introuvable : {gcp_credentials}")
FileNotFoundError: Fichier de credentials GCP introuvable : config/trustpilot-satisfaction-43aac3dd82a9.json
[2025-06-21T13:37:01.433+0000] {processor.py:842} WARNING - No viable dags retrieved from /opt/airflow/dags/trustpilot_dag.py
[2025-06-21T13:37:01.450+0000] {processor.py:183} INFO - Processing /opt/airflow/dags/trustpilot_dag.py took 0.952 seconds
[2025-06-21T13:59:10.855+0000] {processor.py:161} INFO - Started process (PID=188) to work on /opt/airflow/dags/trustpilot_dag.py
[2025-06-21T13:59:10.857+0000] {processor.py:830} INFO - Processing file /opt/airflow/dags/trustpilot_dag.py for tasks to queue
[2025-06-21T13:59:10.858+0000] {logging_mixin.py:188} INFO - [2025-06-21T13:59:10.858+0000] {dagbag.py:545} INFO - Filling up the DagBag from /opt/airflow/dags/trustpilot_dag.py
[2025-06-21T13:59:13.634+0000] {logging_mixin.py:188} INFO - ✅ Exporter Prometheus lancé sur http://localhost:8000/metrics
[2025-06-21T13:59:13.636+0000] {logging_mixin.py:188} INFO - [2025-06-21T13:59:13.636+0000] {trustpilot_dag.py:26} ERROR - ❌ Fichier manquant empêchant l'import : Fichier de credentials GCP introuvable : config/trustpilot-satisfaction-43aac3dd82a9.json
[2025-06-21T13:59:13.660+0000] {processor.py:840} INFO - DAG(s) 'trustpilot_pipeline' retrieved from /opt/airflow/dags/trustpilot_dag.py
[2025-06-21T13:59:13.948+0000] {logging_mixin.py:188} INFO - [2025-06-21T13:59:13.947+0000] {override.py:1829} INFO - Created Permission View: can edit on DAG:trustpilot_pipeline
[2025-06-21T13:59:13.957+0000] {logging_mixin.py:188} INFO - [2025-06-21T13:59:13.957+0000] {override.py:1829} INFO - Created Permission View: can read on DAG:trustpilot_pipeline
[2025-06-21T13:59:13.963+0000] {logging_mixin.py:188} INFO - [2025-06-21T13:59:13.963+0000] {override.py:1829} INFO - Created Permission View: can delete on DAG:trustpilot_pipeline
[2025-06-21T13:59:13.964+0000] {logging_mixin.py:188} INFO - [2025-06-21T13:59:13.963+0000] {dag.py:3096} INFO - Sync 1 DAGs
[2025-06-21T13:59:13.974+0000] {logging_mixin.py:188} INFO - [2025-06-21T13:59:13.973+0000] {dag.py:3118} INFO - Creating ORM DAG for trustpilot_pipeline
[2025-06-21T13:59:13.983+0000] {logging_mixin.py:188} INFO - [2025-06-21T13:59:13.983+0000] {dag.py:3954} INFO - Setting next_dagrun for trustpilot_pipeline to 2025-06-09 04:00:00+00:00, run_after=2025-06-16 04:00:00+00:00
[2025-06-21T13:59:14.002+0000] {processor.py:183} INFO - Processing /opt/airflow/dags/trustpilot_dag.py took 3.154 seconds
[2025-06-21T13:59:44.127+0000] {processor.py:161} INFO - Started process (PID=196) to work on /opt/airflow/dags/trustpilot_dag.py
[2025-06-21T13:59:44.128+0000] {processor.py:830} INFO - Processing file /opt/airflow/dags/trustpilot_dag.py for tasks to queue
[2025-06-21T13:59:44.130+0000] {logging_mixin.py:188} INFO - [2025-06-21T13:59:44.130+0000] {dagbag.py:545} INFO - Filling up the DagBag from /opt/airflow/dags/trustpilot_dag.py
[2025-06-21T13:59:45.195+0000] {logging_mixin.py:188} INFO - ✅ Exporter Prometheus lancé sur http://localhost:8000/metrics
[2025-06-21T13:59:45.197+0000] {logging_mixin.py:188} INFO - [2025-06-21T13:59:45.197+0000] {trustpilot_dag.py:26} ERROR - ❌ Fichier manquant empêchant l'import : Fichier de credentials GCP introuvable : config/trustpilot-satisfaction-43aac3dd82a9.json
[2025-06-21T13:59:45.204+0000] {processor.py:840} INFO - DAG(s) 'trustpilot_pipeline' retrieved from /opt/airflow/dags/trustpilot_dag.py
[2025-06-21T13:59:45.215+0000] {logging_mixin.py:188} INFO - [2025-06-21T13:59:45.215+0000] {dag.py:3096} INFO - Sync 1 DAGs
[2025-06-21T13:59:45.238+0000] {logging_mixin.py:188} INFO - [2025-06-21T13:59:45.237+0000] {dag.py:3954} INFO - Setting next_dagrun for trustpilot_pipeline to 2025-06-09 04:00:00+00:00, run_after=2025-06-16 04:00:00+00:00
[2025-06-21T13:59:45.254+0000] {processor.py:183} INFO - Processing /opt/airflow/dags/trustpilot_dag.py took 1.133 seconds
[2025-06-21T14:00:15.427+0000] {processor.py:161} INFO - Started process (PID=203) to work on /opt/airflow/dags/trustpilot_dag.py
[2025-06-21T14:00:15.429+0000] {processor.py:830} INFO - Processing file /opt/airflow/dags/trustpilot_dag.py for tasks to queue
[2025-06-21T14:00:15.432+0000] {logging_mixin.py:188} INFO - [2025-06-21T14:00:15.431+0000] {dagbag.py:545} INFO - Filling up the DagBag from /opt/airflow/dags/trustpilot_dag.py
[2025-06-21T14:00:16.357+0000] {logging_mixin.py:188} INFO - ✅ Exporter Prometheus lancé sur http://localhost:8000/metrics
[2025-06-21T14:00:16.358+0000] {logging_mixin.py:188} INFO - [2025-06-21T14:00:16.358+0000] {trustpilot_dag.py:26} ERROR - ❌ Fichier manquant empêchant l'import : Fichier de credentials GCP introuvable : config/trustpilot-satisfaction-43aac3dd82a9.json
[2025-06-21T14:00:16.365+0000] {processor.py:840} INFO - DAG(s) 'trustpilot_pipeline' retrieved from /opt/airflow/dags/trustpilot_dag.py
[2025-06-21T14:00:16.457+0000] {logging_mixin.py:188} INFO - [2025-06-21T14:00:16.457+0000] {dag.py:3096} INFO - Sync 1 DAGs
[2025-06-21T14:00:16.477+0000] {logging_mixin.py:188} INFO - [2025-06-21T14:00:16.477+0000] {dag.py:3954} INFO - Setting next_dagrun for trustpilot_pipeline to 2025-06-09 04:00:00+00:00, run_after=2025-06-16 04:00:00+00:00
[2025-06-21T14:00:16.497+0000] {processor.py:183} INFO - Processing /opt/airflow/dags/trustpilot_dag.py took 1.082 seconds
[2025-06-21T14:00:46.590+0000] {processor.py:161} INFO - Started process (PID=210) to work on /opt/airflow/dags/trustpilot_dag.py
[2025-06-21T14:00:46.592+0000] {processor.py:830} INFO - Processing file /opt/airflow/dags/trustpilot_dag.py for tasks to queue
[2025-06-21T14:00:46.596+0000] {logging_mixin.py:188} INFO - [2025-06-21T14:00:46.595+0000] {dagbag.py:545} INFO - Filling up the DagBag from /opt/airflow/dags/trustpilot_dag.py
[2025-06-21T14:00:47.506+0000] {logging_mixin.py:188} INFO - ✅ Exporter Prometheus lancé sur http://localhost:8000/metrics
[2025-06-21T14:00:47.507+0000] {logging_mixin.py:188} INFO - [2025-06-21T14:00:47.507+0000] {trustpilot_dag.py:26} ERROR - ❌ Fichier manquant empêchant l'import : Fichier de credentials GCP introuvable : config/trustpilot-satisfaction-43aac3dd82a9.json
[2025-06-21T14:00:47.513+0000] {processor.py:840} INFO - DAG(s) 'trustpilot_pipeline' retrieved from /opt/airflow/dags/trustpilot_dag.py
[2025-06-21T14:00:47.533+0000] {logging_mixin.py:188} INFO - [2025-06-21T14:00:47.533+0000] {dag.py:3096} INFO - Sync 1 DAGs
[2025-06-21T14:00:47.552+0000] {logging_mixin.py:188} INFO - [2025-06-21T14:00:47.552+0000] {dag.py:3954} INFO - Setting next_dagrun for trustpilot_pipeline to 2025-06-09 04:00:00+00:00, run_after=2025-06-16 04:00:00+00:00
[2025-06-21T14:00:47.568+0000] {processor.py:183} INFO - Processing /opt/airflow/dags/trustpilot_dag.py took 0.992 seconds
[2025-06-21T14:01:17.738+0000] {processor.py:161} INFO - Started process (PID=217) to work on /opt/airflow/dags/trustpilot_dag.py
[2025-06-21T14:01:17.739+0000] {processor.py:830} INFO - Processing file /opt/airflow/dags/trustpilot_dag.py for tasks to queue
[2025-06-21T14:01:17.741+0000] {logging_mixin.py:188} INFO - [2025-06-21T14:01:17.740+0000] {dagbag.py:545} INFO - Filling up the DagBag from /opt/airflow/dags/trustpilot_dag.py
[2025-06-21T14:01:18.627+0000] {logging_mixin.py:188} INFO - ✅ Exporter Prometheus lancé sur http://localhost:8000/metrics
[2025-06-21T14:01:18.628+0000] {logging_mixin.py:188} INFO - [2025-06-21T14:01:18.628+0000] {trustpilot_dag.py:26} ERROR - ❌ Fichier manquant empêchant l'import : Fichier de credentials GCP introuvable : config/trustpilot-satisfaction-43aac3dd82a9.json
[2025-06-21T14:01:18.634+0000] {processor.py:840} INFO - DAG(s) 'trustpilot_pipeline' retrieved from /opt/airflow/dags/trustpilot_dag.py
[2025-06-21T14:01:18.655+0000] {logging_mixin.py:188} INFO - [2025-06-21T14:01:18.655+0000] {dag.py:3096} INFO - Sync 1 DAGs
[2025-06-21T14:01:18.673+0000] {logging_mixin.py:188} INFO - [2025-06-21T14:01:18.673+0000] {dag.py:3954} INFO - Setting next_dagrun for trustpilot_pipeline to 2025-06-09 04:00:00+00:00, run_after=2025-06-16 04:00:00+00:00
[2025-06-21T14:01:18.689+0000] {processor.py:183} INFO - Processing /opt/airflow/dags/trustpilot_dag.py took 0.958 seconds
[2025-06-21T14:01:48.900+0000] {processor.py:161} INFO - Started process (PID=224) to work on /opt/airflow/dags/trustpilot_dag.py
[2025-06-21T14:01:48.902+0000] {processor.py:830} INFO - Processing file /opt/airflow/dags/trustpilot_dag.py for tasks to queue
[2025-06-21T14:01:48.906+0000] {logging_mixin.py:188} INFO - [2025-06-21T14:01:48.905+0000] {dagbag.py:545} INFO - Filling up the DagBag from /opt/airflow/dags/trustpilot_dag.py
[2025-06-21T14:01:49.836+0000] {logging_mixin.py:188} INFO - ✅ Exporter Prometheus lancé sur http://localhost:8000/metrics
[2025-06-21T14:01:49.837+0000] {logging_mixin.py:188} INFO - [2025-06-21T14:01:49.837+0000] {trustpilot_dag.py:26} ERROR - ❌ Fichier manquant empêchant l'import : Fichier de credentials GCP introuvable : config/trustpilot-satisfaction-43aac3dd82a9.json
[2025-06-21T14:01:49.843+0000] {processor.py:840} INFO - DAG(s) 'trustpilot_pipeline' retrieved from /opt/airflow/dags/trustpilot_dag.py
[2025-06-21T14:01:49.865+0000] {logging_mixin.py:188} INFO - [2025-06-21T14:01:49.865+0000] {dag.py:3096} INFO - Sync 1 DAGs
[2025-06-21T14:01:49.884+0000] {logging_mixin.py:188} INFO - [2025-06-21T14:01:49.884+0000] {dag.py:3954} INFO - Setting next_dagrun for trustpilot_pipeline to 2025-06-09 04:00:00+00:00, run_after=2025-06-16 04:00:00+00:00
[2025-06-21T14:01:49.901+0000] {processor.py:183} INFO - Processing /opt/airflow/dags/trustpilot_dag.py took 1.016 seconds
[2025-06-21T14:02:20.080+0000] {processor.py:161} INFO - Started process (PID=231) to work on /opt/airflow/dags/trustpilot_dag.py
[2025-06-21T14:02:20.082+0000] {processor.py:830} INFO - Processing file /opt/airflow/dags/trustpilot_dag.py for tasks to queue
[2025-06-21T14:02:20.086+0000] {logging_mixin.py:188} INFO - [2025-06-21T14:02:20.085+0000] {dagbag.py:545} INFO - Filling up the DagBag from /opt/airflow/dags/trustpilot_dag.py
[2025-06-21T14:02:21.046+0000] {logging_mixin.py:188} INFO - ✅ Exporter Prometheus lancé sur http://localhost:8000/metrics
[2025-06-21T14:02:21.047+0000] {logging_mixin.py:188} INFO - [2025-06-21T14:02:21.047+0000] {trustpilot_dag.py:26} ERROR - ❌ Fichier manquant empêchant l'import : Fichier de credentials GCP introuvable : config/trustpilot-satisfaction-43aac3dd82a9.json
[2025-06-21T14:02:21.053+0000] {processor.py:840} INFO - DAG(s) 'trustpilot_pipeline' retrieved from /opt/airflow/dags/trustpilot_dag.py
[2025-06-21T14:02:21.076+0000] {logging_mixin.py:188} INFO - [2025-06-21T14:02:21.075+0000] {dag.py:3096} INFO - Sync 1 DAGs
[2025-06-21T14:02:21.095+0000] {logging_mixin.py:188} INFO - [2025-06-21T14:02:21.095+0000] {dag.py:3954} INFO - Setting next_dagrun for trustpilot_pipeline to 2025-06-09 04:00:00+00:00, run_after=2025-06-16 04:00:00+00:00
[2025-06-21T14:02:21.111+0000] {processor.py:183} INFO - Processing /opt/airflow/dags/trustpilot_dag.py took 1.045 seconds
[2025-06-21T14:02:51.264+0000] {processor.py:161} INFO - Started process (PID=238) to work on /opt/airflow/dags/trustpilot_dag.py
[2025-06-21T14:02:51.266+0000] {processor.py:830} INFO - Processing file /opt/airflow/dags/trustpilot_dag.py for tasks to queue
[2025-06-21T14:02:51.270+0000] {logging_mixin.py:188} INFO - [2025-06-21T14:02:51.269+0000] {dagbag.py:545} INFO - Filling up the DagBag from /opt/airflow/dags/trustpilot_dag.py
[2025-06-21T14:02:52.245+0000] {logging_mixin.py:188} INFO - ✅ Exporter Prometheus lancé sur http://localhost:8000/metrics
[2025-06-21T14:02:52.247+0000] {logging_mixin.py:188} INFO - [2025-06-21T14:02:52.247+0000] {trustpilot_dag.py:26} ERROR - ❌ Fichier manquant empêchant l'import : Fichier de credentials GCP introuvable : config/trustpilot-satisfaction-43aac3dd82a9.json
[2025-06-21T14:02:52.254+0000] {processor.py:840} INFO - DAG(s) 'trustpilot_pipeline' retrieved from /opt/airflow/dags/trustpilot_dag.py
[2025-06-21T14:02:52.274+0000] {logging_mixin.py:188} INFO - [2025-06-21T14:02:52.274+0000] {dag.py:3096} INFO - Sync 1 DAGs
[2025-06-21T14:02:52.294+0000] {logging_mixin.py:188} INFO - [2025-06-21T14:02:52.294+0000] {dag.py:3954} INFO - Setting next_dagrun for trustpilot_pipeline to 2025-06-09 04:00:00+00:00, run_after=2025-06-16 04:00:00+00:00
[2025-06-21T14:02:52.312+0000] {processor.py:183} INFO - Processing /opt/airflow/dags/trustpilot_dag.py took 1.063 seconds
[2025-06-21T14:03:22.441+0000] {processor.py:161} INFO - Started process (PID=245) to work on /opt/airflow/dags/trustpilot_dag.py
[2025-06-21T14:03:22.447+0000] {processor.py:830} INFO - Processing file /opt/airflow/dags/trustpilot_dag.py for tasks to queue
[2025-06-21T14:03:22.449+0000] {logging_mixin.py:188} INFO - [2025-06-21T14:03:22.448+0000] {dagbag.py:545} INFO - Filling up the DagBag from /opt/airflow/dags/trustpilot_dag.py
[2025-06-21T14:03:23.542+0000] {logging_mixin.py:188} INFO - ✅ Exporter Prometheus lancé sur http://localhost:8000/metrics
[2025-06-21T14:03:23.543+0000] {logging_mixin.py:188} INFO - [2025-06-21T14:03:23.543+0000] {trustpilot_dag.py:26} ERROR - ❌ Fichier manquant empêchant l'import : Fichier de credentials GCP introuvable : config/trustpilot-satisfaction-43aac3dd82a9.json
[2025-06-21T14:03:23.551+0000] {processor.py:840} INFO - DAG(s) 'trustpilot_pipeline' retrieved from /opt/airflow/dags/trustpilot_dag.py
[2025-06-21T14:03:23.576+0000] {logging_mixin.py:188} INFO - [2025-06-21T14:03:23.575+0000] {dag.py:3096} INFO - Sync 1 DAGs
[2025-06-21T14:03:23.601+0000] {logging_mixin.py:188} INFO - [2025-06-21T14:03:23.600+0000] {dag.py:3954} INFO - Setting next_dagrun for trustpilot_pipeline to 2025-06-09 04:00:00+00:00, run_after=2025-06-16 04:00:00+00:00
[2025-06-21T14:03:23.620+0000] {processor.py:183} INFO - Processing /opt/airflow/dags/trustpilot_dag.py took 1.186 seconds
[2025-06-21T14:03:53.812+0000] {processor.py:161} INFO - Started process (PID=252) to work on /opt/airflow/dags/trustpilot_dag.py
[2025-06-21T14:03:53.814+0000] {processor.py:830} INFO - Processing file /opt/airflow/dags/trustpilot_dag.py for tasks to queue
[2025-06-21T14:03:53.817+0000] {logging_mixin.py:188} INFO - [2025-06-21T14:03:53.816+0000] {dagbag.py:545} INFO - Filling up the DagBag from /opt/airflow/dags/trustpilot_dag.py
[2025-06-21T14:03:54.740+0000] {logging_mixin.py:188} INFO - ✅ Exporter Prometheus lancé sur http://localhost:8000/metrics
[2025-06-21T14:03:54.741+0000] {logging_mixin.py:188} INFO - [2025-06-21T14:03:54.741+0000] {trustpilot_dag.py:26} ERROR - ❌ Fichier manquant empêchant l'import : Fichier de credentials GCP introuvable : config/trustpilot-satisfaction-43aac3dd82a9.json
[2025-06-21T14:03:54.750+0000] {processor.py:840} INFO - DAG(s) 'trustpilot_pipeline' retrieved from /opt/airflow/dags/trustpilot_dag.py
[2025-06-21T14:03:54.776+0000] {logging_mixin.py:188} INFO - [2025-06-21T14:03:54.776+0000] {dag.py:3096} INFO - Sync 1 DAGs
[2025-06-21T14:03:54.796+0000] {logging_mixin.py:188} INFO - [2025-06-21T14:03:54.796+0000] {dag.py:3954} INFO - Setting next_dagrun for trustpilot_pipeline to 2025-06-09 04:00:00+00:00, run_after=2025-06-16 04:00:00+00:00
[2025-06-21T14:03:54.812+0000] {processor.py:183} INFO - Processing /opt/airflow/dags/trustpilot_dag.py took 1.014 seconds
[2025-06-21T14:04:24.997+0000] {processor.py:161} INFO - Started process (PID=259) to work on /opt/airflow/dags/trustpilot_dag.py
[2025-06-21T14:04:24.998+0000] {processor.py:830} INFO - Processing file /opt/airflow/dags/trustpilot_dag.py for tasks to queue
[2025-06-21T14:04:25.001+0000] {logging_mixin.py:188} INFO - [2025-06-21T14:04:25.001+0000] {dagbag.py:545} INFO - Filling up the DagBag from /opt/airflow/dags/trustpilot_dag.py
[2025-06-21T14:04:25.894+0000] {logging_mixin.py:188} INFO - ✅ Exporter Prometheus lancé sur http://localhost:8000/metrics
[2025-06-21T14:04:25.895+0000] {logging_mixin.py:188} INFO - [2025-06-21T14:04:25.895+0000] {trustpilot_dag.py:26} ERROR - ❌ Fichier manquant empêchant l'import : Fichier de credentials GCP introuvable : config/trustpilot-satisfaction-43aac3dd82a9.json
[2025-06-21T14:04:25.901+0000] {processor.py:840} INFO - DAG(s) 'trustpilot_pipeline' retrieved from /opt/airflow/dags/trustpilot_dag.py
[2025-06-21T14:04:25.922+0000] {logging_mixin.py:188} INFO - [2025-06-21T14:04:25.922+0000] {dag.py:3096} INFO - Sync 1 DAGs
[2025-06-21T14:04:25.939+0000] {logging_mixin.py:188} INFO - [2025-06-21T14:04:25.939+0000] {dag.py:3954} INFO - Setting next_dagrun for trustpilot_pipeline to 2025-06-09 04:00:00+00:00, run_after=2025-06-16 04:00:00+00:00
[2025-06-21T14:04:25.955+0000] {processor.py:183} INFO - Processing /opt/airflow/dags/trustpilot_dag.py took 0.971 seconds
[2025-06-21T14:04:56.150+0000] {processor.py:161} INFO - Started process (PID=266) to work on /opt/airflow/dags/trustpilot_dag.py
[2025-06-21T14:04:56.151+0000] {processor.py:830} INFO - Processing file /opt/airflow/dags/trustpilot_dag.py for tasks to queue
[2025-06-21T14:04:56.153+0000] {logging_mixin.py:188} INFO - [2025-06-21T14:04:56.152+0000] {dagbag.py:545} INFO - Filling up the DagBag from /opt/airflow/dags/trustpilot_dag.py
[2025-06-21T14:04:57.023+0000] {logging_mixin.py:188} INFO - ✅ Exporter Prometheus lancé sur http://localhost:8000/metrics
[2025-06-21T14:04:57.024+0000] {logging_mixin.py:188} INFO - [2025-06-21T14:04:57.024+0000] {trustpilot_dag.py:26} ERROR - ❌ Fichier manquant empêchant l'import : Fichier de credentials GCP introuvable : config/trustpilot-satisfaction-43aac3dd82a9.json
[2025-06-21T14:04:57.031+0000] {processor.py:840} INFO - DAG(s) 'trustpilot_pipeline' retrieved from /opt/airflow/dags/trustpilot_dag.py
[2025-06-21T14:04:57.053+0000] {logging_mixin.py:188} INFO - [2025-06-21T14:04:57.052+0000] {dag.py:3096} INFO - Sync 1 DAGs
[2025-06-21T14:04:57.072+0000] {logging_mixin.py:188} INFO - [2025-06-21T14:04:57.071+0000] {dag.py:3954} INFO - Setting next_dagrun for trustpilot_pipeline to 2025-06-09 04:00:00+00:00, run_after=2025-06-16 04:00:00+00:00
[2025-06-21T14:04:57.087+0000] {processor.py:183} INFO - Processing /opt/airflow/dags/trustpilot_dag.py took 0.944 seconds
[2025-06-21T14:05:27.309+0000] {processor.py:161} INFO - Started process (PID=273) to work on /opt/airflow/dags/trustpilot_dag.py
[2025-06-21T14:05:27.310+0000] {processor.py:830} INFO - Processing file /opt/airflow/dags/trustpilot_dag.py for tasks to queue
[2025-06-21T14:05:27.311+0000] {logging_mixin.py:188} INFO - [2025-06-21T14:05:27.311+0000] {dagbag.py:545} INFO - Filling up the DagBag from /opt/airflow/dags/trustpilot_dag.py
[2025-06-21T14:05:28.176+0000] {logging_mixin.py:188} INFO - ✅ Exporter Prometheus lancé sur http://localhost:8000/metrics
[2025-06-21T14:05:28.177+0000] {logging_mixin.py:188} INFO - [2025-06-21T14:05:28.177+0000] {trustpilot_dag.py:26} ERROR - ❌ Fichier manquant empêchant l'import : Fichier de credentials GCP introuvable : config/trustpilot-satisfaction-43aac3dd82a9.json
[2025-06-21T14:05:28.182+0000] {processor.py:840} INFO - DAG(s) 'trustpilot_pipeline' retrieved from /opt/airflow/dags/trustpilot_dag.py
[2025-06-21T14:05:28.203+0000] {logging_mixin.py:188} INFO - [2025-06-21T14:05:28.202+0000] {dag.py:3096} INFO - Sync 1 DAGs
[2025-06-21T14:05:28.219+0000] {logging_mixin.py:188} INFO - [2025-06-21T14:05:28.219+0000] {dag.py:3954} INFO - Setting next_dagrun for trustpilot_pipeline to 2025-06-09 04:00:00+00:00, run_after=2025-06-16 04:00:00+00:00
[2025-06-21T14:05:28.234+0000] {processor.py:183} INFO - Processing /opt/airflow/dags/trustpilot_dag.py took 0.932 seconds
[2025-06-21T14:05:58.442+0000] {processor.py:161} INFO - Started process (PID=280) to work on /opt/airflow/dags/trustpilot_dag.py
[2025-06-21T14:05:58.443+0000] {processor.py:830} INFO - Processing file /opt/airflow/dags/trustpilot_dag.py for tasks to queue
[2025-06-21T14:05:58.445+0000] {logging_mixin.py:188} INFO - [2025-06-21T14:05:58.444+0000] {dagbag.py:545} INFO - Filling up the DagBag from /opt/airflow/dags/trustpilot_dag.py
[2025-06-21T14:05:59.328+0000] {logging_mixin.py:188} INFO - ✅ Exporter Prometheus lancé sur http://localhost:8000/metrics
[2025-06-21T14:05:59.329+0000] {logging_mixin.py:188} INFO - [2025-06-21T14:05:59.328+0000] {trustpilot_dag.py:26} ERROR - ❌ Fichier manquant empêchant l'import : Fichier de credentials GCP introuvable : config/trustpilot-satisfaction-43aac3dd82a9.json
[2025-06-21T14:05:59.334+0000] {processor.py:840} INFO - DAG(s) 'trustpilot_pipeline' retrieved from /opt/airflow/dags/trustpilot_dag.py
[2025-06-21T14:05:59.354+0000] {logging_mixin.py:188} INFO - [2025-06-21T14:05:59.354+0000] {dag.py:3096} INFO - Sync 1 DAGs
[2025-06-21T14:05:59.371+0000] {logging_mixin.py:188} INFO - [2025-06-21T14:05:59.371+0000] {dag.py:3954} INFO - Setting next_dagrun for trustpilot_pipeline to 2025-06-09 04:00:00+00:00, run_after=2025-06-16 04:00:00+00:00
[2025-06-21T14:05:59.389+0000] {processor.py:183} INFO - Processing /opt/airflow/dags/trustpilot_dag.py took 0.953 seconds
[2025-06-21T14:06:29.602+0000] {processor.py:161} INFO - Started process (PID=287) to work on /opt/airflow/dags/trustpilot_dag.py
[2025-06-21T14:06:29.604+0000] {processor.py:830} INFO - Processing file /opt/airflow/dags/trustpilot_dag.py for tasks to queue
[2025-06-21T14:06:29.606+0000] {logging_mixin.py:188} INFO - [2025-06-21T14:06:29.606+0000] {dagbag.py:545} INFO - Filling up the DagBag from /opt/airflow/dags/trustpilot_dag.py
[2025-06-21T14:06:30.485+0000] {logging_mixin.py:188} INFO - ✅ Exporter Prometheus lancé sur http://localhost:8000/metrics
[2025-06-21T14:06:30.487+0000] {logging_mixin.py:188} INFO - [2025-06-21T14:06:30.487+0000] {trustpilot_dag.py:26} ERROR - ❌ Fichier manquant empêchant l'import : Fichier de credentials GCP introuvable : config/trustpilot-satisfaction-43aac3dd82a9.json
[2025-06-21T14:06:30.492+0000] {processor.py:840} INFO - DAG(s) 'trustpilot_pipeline' retrieved from /opt/airflow/dags/trustpilot_dag.py
[2025-06-21T14:06:30.512+0000] {logging_mixin.py:188} INFO - [2025-06-21T14:06:30.512+0000] {dag.py:3096} INFO - Sync 1 DAGs
[2025-06-21T14:06:30.530+0000] {logging_mixin.py:188} INFO - [2025-06-21T14:06:30.530+0000] {dag.py:3954} INFO - Setting next_dagrun for trustpilot_pipeline to 2025-06-09 04:00:00+00:00, run_after=2025-06-16 04:00:00+00:00
[2025-06-21T14:06:30.545+0000] {processor.py:183} INFO - Processing /opt/airflow/dags/trustpilot_dag.py took 0.950 seconds
[2025-06-21T14:07:00.763+0000] {processor.py:161} INFO - Started process (PID=294) to work on /opt/airflow/dags/trustpilot_dag.py
[2025-06-21T14:07:00.764+0000] {processor.py:830} INFO - Processing file /opt/airflow/dags/trustpilot_dag.py for tasks to queue
[2025-06-21T14:07:00.766+0000] {logging_mixin.py:188} INFO - [2025-06-21T14:07:00.766+0000] {dagbag.py:545} INFO - Filling up the DagBag from /opt/airflow/dags/trustpilot_dag.py
[2025-06-21T14:07:01.632+0000] {logging_mixin.py:188} INFO - ✅ Exporter Prometheus lancé sur http://localhost:8000/metrics
[2025-06-21T14:07:01.633+0000] {logging_mixin.py:188} INFO - [2025-06-21T14:07:01.633+0000] {trustpilot_dag.py:26} ERROR - ❌ Fichier manquant empêchant l'import : Fichier de credentials GCP introuvable : config/trustpilot-satisfaction-43aac3dd82a9.json
[2025-06-21T14:07:01.639+0000] {processor.py:840} INFO - DAG(s) 'trustpilot_pipeline' retrieved from /opt/airflow/dags/trustpilot_dag.py
[2025-06-21T14:07:01.659+0000] {logging_mixin.py:188} INFO - [2025-06-21T14:07:01.658+0000] {dag.py:3096} INFO - Sync 1 DAGs
[2025-06-21T14:07:01.677+0000] {logging_mixin.py:188} INFO - [2025-06-21T14:07:01.677+0000] {dag.py:3954} INFO - Setting next_dagrun for trustpilot_pipeline to 2025-06-09 04:00:00+00:00, run_after=2025-06-16 04:00:00+00:00
[2025-06-21T14:07:01.694+0000] {processor.py:183} INFO - Processing /opt/airflow/dags/trustpilot_dag.py took 0.940 seconds
[2025-06-21T14:07:31.911+0000] {processor.py:161} INFO - Started process (PID=301) to work on /opt/airflow/dags/trustpilot_dag.py
[2025-06-21T14:07:31.914+0000] {processor.py:830} INFO - Processing file /opt/airflow/dags/trustpilot_dag.py for tasks to queue
[2025-06-21T14:07:31.916+0000] {logging_mixin.py:188} INFO - [2025-06-21T14:07:31.915+0000] {dagbag.py:545} INFO - Filling up the DagBag from /opt/airflow/dags/trustpilot_dag.py
[2025-06-21T14:07:32.794+0000] {logging_mixin.py:188} INFO - ✅ Exporter Prometheus lancé sur http://localhost:8000/metrics
[2025-06-21T14:07:32.795+0000] {logging_mixin.py:188} INFO - [2025-06-21T14:07:32.795+0000] {trustpilot_dag.py:26} ERROR - ❌ Fichier manquant empêchant l'import : Fichier de credentials GCP introuvable : config/trustpilot-satisfaction-43aac3dd82a9.json
[2025-06-21T14:07:32.801+0000] {processor.py:840} INFO - DAG(s) 'trustpilot_pipeline' retrieved from /opt/airflow/dags/trustpilot_dag.py
[2025-06-21T14:07:32.822+0000] {logging_mixin.py:188} INFO - [2025-06-21T14:07:32.822+0000] {dag.py:3096} INFO - Sync 1 DAGs
[2025-06-21T14:07:32.840+0000] {logging_mixin.py:188} INFO - [2025-06-21T14:07:32.839+0000] {dag.py:3954} INFO - Setting next_dagrun for trustpilot_pipeline to 2025-06-09 04:00:00+00:00, run_after=2025-06-16 04:00:00+00:00
[2025-06-21T14:07:32.857+0000] {processor.py:183} INFO - Processing /opt/airflow/dags/trustpilot_dag.py took 0.952 seconds
[2025-06-21T14:08:03.070+0000] {processor.py:161} INFO - Started process (PID=308) to work on /opt/airflow/dags/trustpilot_dag.py
[2025-06-21T14:08:03.073+0000] {processor.py:830} INFO - Processing file /opt/airflow/dags/trustpilot_dag.py for tasks to queue
[2025-06-21T14:08:03.075+0000] {logging_mixin.py:188} INFO - [2025-06-21T14:08:03.074+0000] {dagbag.py:545} INFO - Filling up the DagBag from /opt/airflow/dags/trustpilot_dag.py
[2025-06-21T14:08:03.946+0000] {logging_mixin.py:188} INFO - ✅ Exporter Prometheus lancé sur http://localhost:8000/metrics
[2025-06-21T14:08:03.947+0000] {logging_mixin.py:188} INFO - [2025-06-21T14:08:03.947+0000] {trustpilot_dag.py:26} ERROR - ❌ Fichier manquant empêchant l'import : Fichier de credentials GCP introuvable : config/trustpilot-satisfaction-43aac3dd82a9.json
[2025-06-21T14:08:03.954+0000] {processor.py:840} INFO - DAG(s) 'trustpilot_pipeline' retrieved from /opt/airflow/dags/trustpilot_dag.py
[2025-06-21T14:08:03.977+0000] {logging_mixin.py:188} INFO - [2025-06-21T14:08:03.977+0000] {dag.py:3096} INFO - Sync 1 DAGs
[2025-06-21T14:08:03.997+0000] {logging_mixin.py:188} INFO - [2025-06-21T14:08:03.997+0000] {dag.py:3954} INFO - Setting next_dagrun for trustpilot_pipeline to 2025-06-09 04:00:00+00:00, run_after=2025-06-16 04:00:00+00:00
[2025-06-21T14:08:04.016+0000] {processor.py:183} INFO - Processing /opt/airflow/dags/trustpilot_dag.py took 0.953 seconds
[2025-06-21T14:08:34.239+0000] {processor.py:161} INFO - Started process (PID=315) to work on /opt/airflow/dags/trustpilot_dag.py
[2025-06-21T14:08:34.242+0000] {processor.py:830} INFO - Processing file /opt/airflow/dags/trustpilot_dag.py for tasks to queue
[2025-06-21T14:08:34.244+0000] {logging_mixin.py:188} INFO - [2025-06-21T14:08:34.243+0000] {dagbag.py:545} INFO - Filling up the DagBag from /opt/airflow/dags/trustpilot_dag.py
[2025-06-21T14:08:35.114+0000] {logging_mixin.py:188} INFO - ✅ Exporter Prometheus lancé sur http://localhost:8000/metrics
[2025-06-21T14:08:35.115+0000] {logging_mixin.py:188} INFO - [2025-06-21T14:08:35.114+0000] {trustpilot_dag.py:26} ERROR - ❌ Fichier manquant empêchant l'import : Fichier de credentials GCP introuvable : config/trustpilot-satisfaction-43aac3dd82a9.json
[2025-06-21T14:08:35.120+0000] {processor.py:840} INFO - DAG(s) 'trustpilot_pipeline' retrieved from /opt/airflow/dags/trustpilot_dag.py
[2025-06-21T14:08:35.140+0000] {logging_mixin.py:188} INFO - [2025-06-21T14:08:35.139+0000] {dag.py:3096} INFO - Sync 1 DAGs
[2025-06-21T14:08:35.157+0000] {logging_mixin.py:188} INFO - [2025-06-21T14:08:35.157+0000] {dag.py:3954} INFO - Setting next_dagrun for trustpilot_pipeline to 2025-06-09 04:00:00+00:00, run_after=2025-06-16 04:00:00+00:00
[2025-06-21T14:08:35.173+0000] {processor.py:183} INFO - Processing /opt/airflow/dags/trustpilot_dag.py took 0.940 seconds
[2025-06-21T14:09:05.380+0000] {processor.py:161} INFO - Started process (PID=322) to work on /opt/airflow/dags/trustpilot_dag.py
[2025-06-21T14:09:05.382+0000] {processor.py:830} INFO - Processing file /opt/airflow/dags/trustpilot_dag.py for tasks to queue
[2025-06-21T14:09:05.384+0000] {logging_mixin.py:188} INFO - [2025-06-21T14:09:05.384+0000] {dagbag.py:545} INFO - Filling up the DagBag from /opt/airflow/dags/trustpilot_dag.py
[2025-06-21T14:09:06.248+0000] {logging_mixin.py:188} INFO - ✅ Exporter Prometheus lancé sur http://localhost:8000/metrics
[2025-06-21T14:09:06.249+0000] {logging_mixin.py:188} INFO - [2025-06-21T14:09:06.249+0000] {trustpilot_dag.py:26} ERROR - ❌ Fichier manquant empêchant l'import : Fichier de credentials GCP introuvable : config/trustpilot-satisfaction-43aac3dd82a9.json
[2025-06-21T14:09:06.255+0000] {processor.py:840} INFO - DAG(s) 'trustpilot_pipeline' retrieved from /opt/airflow/dags/trustpilot_dag.py
[2025-06-21T14:09:06.274+0000] {logging_mixin.py:188} INFO - [2025-06-21T14:09:06.274+0000] {dag.py:3096} INFO - Sync 1 DAGs
[2025-06-21T14:09:06.291+0000] {logging_mixin.py:188} INFO - [2025-06-21T14:09:06.291+0000] {dag.py:3954} INFO - Setting next_dagrun for trustpilot_pipeline to 2025-06-09 04:00:00+00:00, run_after=2025-06-16 04:00:00+00:00
[2025-06-21T14:09:06.309+0000] {processor.py:183} INFO - Processing /opt/airflow/dags/trustpilot_dag.py took 0.936 seconds
[2025-06-21T14:09:36.542+0000] {processor.py:161} INFO - Started process (PID=329) to work on /opt/airflow/dags/trustpilot_dag.py
[2025-06-21T14:09:36.544+0000] {processor.py:830} INFO - Processing file /opt/airflow/dags/trustpilot_dag.py for tasks to queue
[2025-06-21T14:09:36.546+0000] {logging_mixin.py:188} INFO - [2025-06-21T14:09:36.546+0000] {dagbag.py:545} INFO - Filling up the DagBag from /opt/airflow/dags/trustpilot_dag.py
[2025-06-21T14:09:37.411+0000] {logging_mixin.py:188} INFO - ✅ Exporter Prometheus lancé sur http://localhost:8000/metrics
[2025-06-21T14:09:37.412+0000] {logging_mixin.py:188} INFO - [2025-06-21T14:09:37.412+0000] {trustpilot_dag.py:26} ERROR - ❌ Fichier manquant empêchant l'import : Fichier de credentials GCP introuvable : config/trustpilot-satisfaction-43aac3dd82a9.json
[2025-06-21T14:09:37.419+0000] {processor.py:840} INFO - DAG(s) 'trustpilot_pipeline' retrieved from /opt/airflow/dags/trustpilot_dag.py
[2025-06-21T14:09:37.440+0000] {logging_mixin.py:188} INFO - [2025-06-21T14:09:37.440+0000] {dag.py:3096} INFO - Sync 1 DAGs
[2025-06-21T14:09:37.459+0000] {logging_mixin.py:188} INFO - [2025-06-21T14:09:37.459+0000] {dag.py:3954} INFO - Setting next_dagrun for trustpilot_pipeline to 2025-06-09 04:00:00+00:00, run_after=2025-06-16 04:00:00+00:00
[2025-06-21T14:09:37.474+0000] {processor.py:183} INFO - Processing /opt/airflow/dags/trustpilot_dag.py took 0.939 seconds
[2025-06-21T14:10:07.678+0000] {processor.py:161} INFO - Started process (PID=336) to work on /opt/airflow/dags/trustpilot_dag.py
[2025-06-21T14:10:07.680+0000] {processor.py:830} INFO - Processing file /opt/airflow/dags/trustpilot_dag.py for tasks to queue
[2025-06-21T14:10:07.682+0000] {logging_mixin.py:188} INFO - [2025-06-21T14:10:07.682+0000] {dagbag.py:545} INFO - Filling up the DagBag from /opt/airflow/dags/trustpilot_dag.py
[2025-06-21T14:10:08.543+0000] {logging_mixin.py:188} INFO - ✅ Exporter Prometheus lancé sur http://localhost:8000/metrics
[2025-06-21T14:10:08.544+0000] {logging_mixin.py:188} INFO - [2025-06-21T14:10:08.544+0000] {trustpilot_dag.py:26} ERROR - ❌ Fichier manquant empêchant l'import : Fichier de credentials GCP introuvable : config/trustpilot-satisfaction-43aac3dd82a9.json
[2025-06-21T14:10:08.550+0000] {processor.py:840} INFO - DAG(s) 'trustpilot_pipeline' retrieved from /opt/airflow/dags/trustpilot_dag.py
[2025-06-21T14:10:08.570+0000] {logging_mixin.py:188} INFO - [2025-06-21T14:10:08.570+0000] {dag.py:3096} INFO - Sync 1 DAGs
[2025-06-21T14:10:08.587+0000] {logging_mixin.py:188} INFO - [2025-06-21T14:10:08.586+0000] {dag.py:3954} INFO - Setting next_dagrun for trustpilot_pipeline to 2025-06-09 04:00:00+00:00, run_after=2025-06-16 04:00:00+00:00
[2025-06-21T14:10:08.603+0000] {processor.py:183} INFO - Processing /opt/airflow/dags/trustpilot_dag.py took 0.932 seconds
[2025-06-21T14:10:38.817+0000] {processor.py:161} INFO - Started process (PID=343) to work on /opt/airflow/dags/trustpilot_dag.py
[2025-06-21T14:10:38.820+0000] {processor.py:830} INFO - Processing file /opt/airflow/dags/trustpilot_dag.py for tasks to queue
[2025-06-21T14:10:38.821+0000] {logging_mixin.py:188} INFO - [2025-06-21T14:10:38.821+0000] {dagbag.py:545} INFO - Filling up the DagBag from /opt/airflow/dags/trustpilot_dag.py
[2025-06-21T14:10:39.684+0000] {logging_mixin.py:188} INFO - ✅ Exporter Prometheus lancé sur http://localhost:8000/metrics
[2025-06-21T14:10:39.685+0000] {logging_mixin.py:188} INFO - [2025-06-21T14:10:39.684+0000] {trustpilot_dag.py:26} ERROR - ❌ Fichier manquant empêchant l'import : Fichier de credentials GCP introuvable : config/trustpilot-satisfaction-43aac3dd82a9.json
[2025-06-21T14:10:39.690+0000] {processor.py:840} INFO - DAG(s) 'trustpilot_pipeline' retrieved from /opt/airflow/dags/trustpilot_dag.py
[2025-06-21T14:10:39.711+0000] {logging_mixin.py:188} INFO - [2025-06-21T14:10:39.711+0000] {dag.py:3096} INFO - Sync 1 DAGs
[2025-06-21T14:10:39.729+0000] {logging_mixin.py:188} INFO - [2025-06-21T14:10:39.728+0000] {dag.py:3954} INFO - Setting next_dagrun for trustpilot_pipeline to 2025-06-09 04:00:00+00:00, run_after=2025-06-16 04:00:00+00:00
[2025-06-21T14:10:39.746+0000] {processor.py:183} INFO - Processing /opt/airflow/dags/trustpilot_dag.py took 0.935 seconds
[2025-06-21T14:11:09.965+0000] {processor.py:161} INFO - Started process (PID=350) to work on /opt/airflow/dags/trustpilot_dag.py
[2025-06-21T14:11:09.967+0000] {processor.py:830} INFO - Processing file /opt/airflow/dags/trustpilot_dag.py for tasks to queue
[2025-06-21T14:11:09.969+0000] {logging_mixin.py:188} INFO - [2025-06-21T14:11:09.969+0000] {dagbag.py:545} INFO - Filling up the DagBag from /opt/airflow/dags/trustpilot_dag.py
[2025-06-21T14:11:10.832+0000] {logging_mixin.py:188} INFO - ✅ Exporter Prometheus lancé sur http://localhost:8000/metrics
[2025-06-21T14:11:10.833+0000] {logging_mixin.py:188} INFO - [2025-06-21T14:11:10.833+0000] {trustpilot_dag.py:26} ERROR - ❌ Fichier manquant empêchant l'import : Fichier de credentials GCP introuvable : config/trustpilot-satisfaction-43aac3dd82a9.json
[2025-06-21T14:11:10.839+0000] {processor.py:840} INFO - DAG(s) 'trustpilot_pipeline' retrieved from /opt/airflow/dags/trustpilot_dag.py
[2025-06-21T14:11:10.858+0000] {logging_mixin.py:188} INFO - [2025-06-21T14:11:10.858+0000] {dag.py:3096} INFO - Sync 1 DAGs
[2025-06-21T14:11:10.875+0000] {logging_mixin.py:188} INFO - [2025-06-21T14:11:10.875+0000] {dag.py:3954} INFO - Setting next_dagrun for trustpilot_pipeline to 2025-06-09 04:00:00+00:00, run_after=2025-06-16 04:00:00+00:00
[2025-06-21T14:11:10.892+0000] {processor.py:183} INFO - Processing /opt/airflow/dags/trustpilot_dag.py took 0.934 seconds
[2025-06-21T14:11:41.130+0000] {processor.py:161} INFO - Started process (PID=357) to work on /opt/airflow/dags/trustpilot_dag.py
[2025-06-21T14:11:41.133+0000] {processor.py:830} INFO - Processing file /opt/airflow/dags/trustpilot_dag.py for tasks to queue
[2025-06-21T14:11:41.137+0000] {logging_mixin.py:188} INFO - [2025-06-21T14:11:41.136+0000] {dagbag.py:545} INFO - Filling up the DagBag from /opt/airflow/dags/trustpilot_dag.py
[2025-06-21T14:11:42.001+0000] {logging_mixin.py:188} INFO - ✅ Exporter Prometheus lancé sur http://localhost:8000/metrics
[2025-06-21T14:11:42.002+0000] {logging_mixin.py:188} INFO - [2025-06-21T14:11:42.002+0000] {trustpilot_dag.py:26} ERROR - ❌ Fichier manquant empêchant l'import : Fichier de credentials GCP introuvable : config/trustpilot-satisfaction-43aac3dd82a9.json
[2025-06-21T14:11:42.008+0000] {processor.py:840} INFO - DAG(s) 'trustpilot_pipeline' retrieved from /opt/airflow/dags/trustpilot_dag.py
[2025-06-21T14:11:42.028+0000] {logging_mixin.py:188} INFO - [2025-06-21T14:11:42.027+0000] {dag.py:3096} INFO - Sync 1 DAGs
[2025-06-21T14:11:42.045+0000] {logging_mixin.py:188} INFO - [2025-06-21T14:11:42.045+0000] {dag.py:3954} INFO - Setting next_dagrun for trustpilot_pipeline to 2025-06-09 04:00:00+00:00, run_after=2025-06-16 04:00:00+00:00
[2025-06-21T14:11:42.064+0000] {processor.py:183} INFO - Processing /opt/airflow/dags/trustpilot_dag.py took 0.949 seconds
[2025-06-21T14:12:12.288+0000] {processor.py:161} INFO - Started process (PID=364) to work on /opt/airflow/dags/trustpilot_dag.py
[2025-06-21T14:12:12.289+0000] {processor.py:830} INFO - Processing file /opt/airflow/dags/trustpilot_dag.py for tasks to queue
[2025-06-21T14:12:12.291+0000] {logging_mixin.py:188} INFO - [2025-06-21T14:12:12.290+0000] {dagbag.py:545} INFO - Filling up the DagBag from /opt/airflow/dags/trustpilot_dag.py
[2025-06-21T14:12:13.148+0000] {logging_mixin.py:188} INFO - ✅ Exporter Prometheus lancé sur http://localhost:8000/metrics
[2025-06-21T14:12:13.149+0000] {logging_mixin.py:188} INFO - [2025-06-21T14:12:13.149+0000] {trustpilot_dag.py:26} ERROR - ❌ Fichier manquant empêchant l'import : Fichier de credentials GCP introuvable : config/trustpilot-satisfaction-43aac3dd82a9.json
[2025-06-21T14:12:13.155+0000] {processor.py:840} INFO - DAG(s) 'trustpilot_pipeline' retrieved from /opt/airflow/dags/trustpilot_dag.py
[2025-06-21T14:12:13.173+0000] {logging_mixin.py:188} INFO - [2025-06-21T14:12:13.173+0000] {dag.py:3096} INFO - Sync 1 DAGs
[2025-06-21T14:12:13.191+0000] {logging_mixin.py:188} INFO - [2025-06-21T14:12:13.191+0000] {dag.py:3954} INFO - Setting next_dagrun for trustpilot_pipeline to 2025-06-09 04:00:00+00:00, run_after=2025-06-16 04:00:00+00:00
[2025-06-21T14:12:13.207+0000] {processor.py:183} INFO - Processing /opt/airflow/dags/trustpilot_dag.py took 0.930 seconds
[2025-06-21T14:12:43.430+0000] {processor.py:161} INFO - Started process (PID=371) to work on /opt/airflow/dags/trustpilot_dag.py
[2025-06-21T14:12:43.431+0000] {processor.py:830} INFO - Processing file /opt/airflow/dags/trustpilot_dag.py for tasks to queue
[2025-06-21T14:12:43.433+0000] {logging_mixin.py:188} INFO - [2025-06-21T14:12:43.433+0000] {dagbag.py:545} INFO - Filling up the DagBag from /opt/airflow/dags/trustpilot_dag.py
[2025-06-21T14:12:44.288+0000] {logging_mixin.py:188} INFO - ✅ Exporter Prometheus lancé sur http://localhost:8000/metrics
[2025-06-21T14:12:44.289+0000] {logging_mixin.py:188} INFO - [2025-06-21T14:12:44.289+0000] {trustpilot_dag.py:26} ERROR - ❌ Fichier manquant empêchant l'import : Fichier de credentials GCP introuvable : config/trustpilot-satisfaction-43aac3dd82a9.json
[2025-06-21T14:12:44.295+0000] {processor.py:840} INFO - DAG(s) 'trustpilot_pipeline' retrieved from /opt/airflow/dags/trustpilot_dag.py
[2025-06-21T14:12:44.314+0000] {logging_mixin.py:188} INFO - [2025-06-21T14:12:44.314+0000] {dag.py:3096} INFO - Sync 1 DAGs
[2025-06-21T14:12:44.332+0000] {logging_mixin.py:188} INFO - [2025-06-21T14:12:44.332+0000] {dag.py:3954} INFO - Setting next_dagrun for trustpilot_pipeline to 2025-06-09 04:00:00+00:00, run_after=2025-06-16 04:00:00+00:00
[2025-06-21T14:12:44.349+0000] {processor.py:183} INFO - Processing /opt/airflow/dags/trustpilot_dag.py took 0.931 seconds
[2025-06-21T14:13:14.557+0000] {processor.py:161} INFO - Started process (PID=378) to work on /opt/airflow/dags/trustpilot_dag.py
[2025-06-21T14:13:14.560+0000] {processor.py:830} INFO - Processing file /opt/airflow/dags/trustpilot_dag.py for tasks to queue
[2025-06-21T14:13:14.563+0000] {logging_mixin.py:188} INFO - [2025-06-21T14:13:14.563+0000] {dagbag.py:545} INFO - Filling up the DagBag from /opt/airflow/dags/trustpilot_dag.py
[2025-06-21T14:13:15.436+0000] {logging_mixin.py:188} INFO - ✅ Exporter Prometheus lancé sur http://localhost:8000/metrics
[2025-06-21T14:13:15.437+0000] {logging_mixin.py:188} INFO - [2025-06-21T14:13:15.437+0000] {trustpilot_dag.py:26} ERROR - ❌ Fichier manquant empêchant l'import : Fichier de credentials GCP introuvable : config/trustpilot-satisfaction-43aac3dd82a9.json
[2025-06-21T14:13:15.443+0000] {processor.py:840} INFO - DAG(s) 'trustpilot_pipeline' retrieved from /opt/airflow/dags/trustpilot_dag.py
[2025-06-21T14:13:15.464+0000] {logging_mixin.py:188} INFO - [2025-06-21T14:13:15.464+0000] {dag.py:3096} INFO - Sync 1 DAGs
[2025-06-21T14:13:15.481+0000] {logging_mixin.py:188} INFO - [2025-06-21T14:13:15.481+0000] {dag.py:3954} INFO - Setting next_dagrun for trustpilot_pipeline to 2025-06-09 04:00:00+00:00, run_after=2025-06-16 04:00:00+00:00
[2025-06-21T14:13:15.501+0000] {processor.py:183} INFO - Processing /opt/airflow/dags/trustpilot_dag.py took 0.956 seconds
[2025-06-21T14:13:45.709+0000] {processor.py:161} INFO - Started process (PID=385) to work on /opt/airflow/dags/trustpilot_dag.py
[2025-06-21T14:13:45.710+0000] {processor.py:830} INFO - Processing file /opt/airflow/dags/trustpilot_dag.py for tasks to queue
[2025-06-21T14:13:45.712+0000] {logging_mixin.py:188} INFO - [2025-06-21T14:13:45.711+0000] {dagbag.py:545} INFO - Filling up the DagBag from /opt/airflow/dags/trustpilot_dag.py
[2025-06-21T14:13:46.581+0000] {logging_mixin.py:188} INFO - ✅ Exporter Prometheus lancé sur http://localhost:8000/metrics
[2025-06-21T14:13:46.582+0000] {logging_mixin.py:188} INFO - [2025-06-21T14:13:46.582+0000] {trustpilot_dag.py:26} ERROR - ❌ Fichier manquant empêchant l'import : Fichier de credentials GCP introuvable : config/trustpilot-satisfaction-43aac3dd82a9.json
[2025-06-21T14:13:46.587+0000] {processor.py:840} INFO - DAG(s) 'trustpilot_pipeline' retrieved from /opt/airflow/dags/trustpilot_dag.py
[2025-06-21T14:13:46.608+0000] {logging_mixin.py:188} INFO - [2025-06-21T14:13:46.607+0000] {dag.py:3096} INFO - Sync 1 DAGs
[2025-06-21T14:13:46.624+0000] {logging_mixin.py:188} INFO - [2025-06-21T14:13:46.624+0000] {dag.py:3954} INFO - Setting next_dagrun for trustpilot_pipeline to 2025-06-09 04:00:00+00:00, run_after=2025-06-16 04:00:00+00:00
[2025-06-21T14:13:46.639+0000] {processor.py:183} INFO - Processing /opt/airflow/dags/trustpilot_dag.py took 0.936 seconds
[2025-06-21T14:14:16.871+0000] {processor.py:161} INFO - Started process (PID=392) to work on /opt/airflow/dags/trustpilot_dag.py
[2025-06-21T14:14:16.872+0000] {processor.py:830} INFO - Processing file /opt/airflow/dags/trustpilot_dag.py for tasks to queue
[2025-06-21T14:14:16.874+0000] {logging_mixin.py:188} INFO - [2025-06-21T14:14:16.873+0000] {dagbag.py:545} INFO - Filling up the DagBag from /opt/airflow/dags/trustpilot_dag.py
[2025-06-21T14:14:17.734+0000] {logging_mixin.py:188} INFO - ✅ Exporter Prometheus lancé sur http://localhost:8000/metrics
[2025-06-21T14:14:17.735+0000] {logging_mixin.py:188} INFO - [2025-06-21T14:14:17.735+0000] {trustpilot_dag.py:26} ERROR - ❌ Fichier manquant empêchant l'import : Fichier de credentials GCP introuvable : config/trustpilot-satisfaction-43aac3dd82a9.json
[2025-06-21T14:14:17.741+0000] {processor.py:840} INFO - DAG(s) 'trustpilot_pipeline' retrieved from /opt/airflow/dags/trustpilot_dag.py
[2025-06-21T14:14:17.760+0000] {logging_mixin.py:188} INFO - [2025-06-21T14:14:17.760+0000] {dag.py:3096} INFO - Sync 1 DAGs
[2025-06-21T14:14:17.777+0000] {logging_mixin.py:188} INFO - [2025-06-21T14:14:17.777+0000] {dag.py:3954} INFO - Setting next_dagrun for trustpilot_pipeline to 2025-06-09 04:00:00+00:00, run_after=2025-06-16 04:00:00+00:00
[2025-06-21T14:14:17.797+0000] {processor.py:183} INFO - Processing /opt/airflow/dags/trustpilot_dag.py took 0.932 seconds
[2025-06-21T14:14:48.005+0000] {processor.py:161} INFO - Started process (PID=399) to work on /opt/airflow/dags/trustpilot_dag.py
[2025-06-21T14:14:48.006+0000] {processor.py:830} INFO - Processing file /opt/airflow/dags/trustpilot_dag.py for tasks to queue
[2025-06-21T14:14:48.007+0000] {logging_mixin.py:188} INFO - [2025-06-21T14:14:48.007+0000] {dagbag.py:545} INFO - Filling up the DagBag from /opt/airflow/dags/trustpilot_dag.py
[2025-06-21T14:14:48.873+0000] {logging_mixin.py:188} INFO - ✅ Exporter Prometheus lancé sur http://localhost:8000/metrics
[2025-06-21T14:14:48.874+0000] {logging_mixin.py:188} INFO - [2025-06-21T14:14:48.874+0000] {trustpilot_dag.py:26} ERROR - ❌ Fichier manquant empêchant l'import : Fichier de credentials GCP introuvable : config/trustpilot-satisfaction-43aac3dd82a9.json
[2025-06-21T14:14:48.880+0000] {processor.py:840} INFO - DAG(s) 'trustpilot_pipeline' retrieved from /opt/airflow/dags/trustpilot_dag.py
[2025-06-21T14:14:48.903+0000] {logging_mixin.py:188} INFO - [2025-06-21T14:14:48.903+0000] {dag.py:3096} INFO - Sync 1 DAGs
[2025-06-21T14:14:48.920+0000] {logging_mixin.py:188} INFO - [2025-06-21T14:14:48.920+0000] {dag.py:3954} INFO - Setting next_dagrun for trustpilot_pipeline to 2025-06-09 04:00:00+00:00, run_after=2025-06-16 04:00:00+00:00
[2025-06-21T14:14:48.936+0000] {processor.py:183} INFO - Processing /opt/airflow/dags/trustpilot_dag.py took 0.939 seconds
[2025-06-21T14:15:19.129+0000] {processor.py:161} INFO - Started process (PID=406) to work on /opt/airflow/dags/trustpilot_dag.py
[2025-06-21T14:15:19.131+0000] {processor.py:830} INFO - Processing file /opt/airflow/dags/trustpilot_dag.py for tasks to queue
[2025-06-21T14:15:19.133+0000] {logging_mixin.py:188} INFO - [2025-06-21T14:15:19.133+0000] {dagbag.py:545} INFO - Filling up the DagBag from /opt/airflow/dags/trustpilot_dag.py
[2025-06-21T14:15:20.017+0000] {logging_mixin.py:188} INFO - ✅ Exporter Prometheus lancé sur http://localhost:8000/metrics
[2025-06-21T14:15:20.018+0000] {logging_mixin.py:188} INFO - [2025-06-21T14:15:20.018+0000] {trustpilot_dag.py:26} ERROR - ❌ Fichier manquant empêchant l'import : Fichier de credentials GCP introuvable : config/trustpilot-satisfaction-43aac3dd82a9.json
[2025-06-21T14:15:20.023+0000] {processor.py:840} INFO - DAG(s) 'trustpilot_pipeline' retrieved from /opt/airflow/dags/trustpilot_dag.py
[2025-06-21T14:15:20.042+0000] {logging_mixin.py:188} INFO - [2025-06-21T14:15:20.042+0000] {dag.py:3096} INFO - Sync 1 DAGs
[2025-06-21T14:15:20.060+0000] {logging_mixin.py:188} INFO - [2025-06-21T14:15:20.060+0000] {dag.py:3954} INFO - Setting next_dagrun for trustpilot_pipeline to 2025-06-09 04:00:00+00:00, run_after=2025-06-16 04:00:00+00:00
[2025-06-21T14:15:20.077+0000] {processor.py:183} INFO - Processing /opt/airflow/dags/trustpilot_dag.py took 0.956 seconds
[2025-06-21T14:15:50.278+0000] {processor.py:161} INFO - Started process (PID=413) to work on /opt/airflow/dags/trustpilot_dag.py
[2025-06-21T14:15:50.279+0000] {processor.py:830} INFO - Processing file /opt/airflow/dags/trustpilot_dag.py for tasks to queue
[2025-06-21T14:15:50.281+0000] {logging_mixin.py:188} INFO - [2025-06-21T14:15:50.281+0000] {dagbag.py:545} INFO - Filling up the DagBag from /opt/airflow/dags/trustpilot_dag.py
[2025-06-21T14:15:51.142+0000] {logging_mixin.py:188} INFO - ✅ Exporter Prometheus lancé sur http://localhost:8000/metrics
[2025-06-21T14:15:51.143+0000] {logging_mixin.py:188} INFO - [2025-06-21T14:15:51.143+0000] {trustpilot_dag.py:26} ERROR - ❌ Fichier manquant empêchant l'import : Fichier de credentials GCP introuvable : config/trustpilot-satisfaction-43aac3dd82a9.json
[2025-06-21T14:15:51.149+0000] {processor.py:840} INFO - DAG(s) 'trustpilot_pipeline' retrieved from /opt/airflow/dags/trustpilot_dag.py
[2025-06-21T14:15:51.168+0000] {logging_mixin.py:188} INFO - [2025-06-21T14:15:51.168+0000] {dag.py:3096} INFO - Sync 1 DAGs
[2025-06-21T14:15:51.185+0000] {logging_mixin.py:188} INFO - [2025-06-21T14:15:51.185+0000] {dag.py:3954} INFO - Setting next_dagrun for trustpilot_pipeline to 2025-06-09 04:00:00+00:00, run_after=2025-06-16 04:00:00+00:00
[2025-06-21T14:15:51.202+0000] {processor.py:183} INFO - Processing /opt/airflow/dags/trustpilot_dag.py took 0.931 seconds
[2025-06-21T14:16:21.409+0000] {processor.py:161} INFO - Started process (PID=420) to work on /opt/airflow/dags/trustpilot_dag.py
[2025-06-21T14:16:21.411+0000] {processor.py:830} INFO - Processing file /opt/airflow/dags/trustpilot_dag.py for tasks to queue
[2025-06-21T14:16:21.413+0000] {logging_mixin.py:188} INFO - [2025-06-21T14:16:21.412+0000] {dagbag.py:545} INFO - Filling up the DagBag from /opt/airflow/dags/trustpilot_dag.py
[2025-06-21T14:16:22.285+0000] {logging_mixin.py:188} INFO - ✅ Exporter Prometheus lancé sur http://localhost:8000/metrics
[2025-06-21T14:16:22.286+0000] {logging_mixin.py:188} INFO - [2025-06-21T14:16:22.286+0000] {trustpilot_dag.py:26} ERROR - ❌ Fichier manquant empêchant l'import : Fichier de credentials GCP introuvable : config/trustpilot-satisfaction-43aac3dd82a9.json
[2025-06-21T14:16:22.291+0000] {processor.py:840} INFO - DAG(s) 'trustpilot_pipeline' retrieved from /opt/airflow/dags/trustpilot_dag.py
[2025-06-21T14:16:22.312+0000] {logging_mixin.py:188} INFO - [2025-06-21T14:16:22.312+0000] {dag.py:3096} INFO - Sync 1 DAGs
[2025-06-21T14:16:22.329+0000] {logging_mixin.py:188} INFO - [2025-06-21T14:16:22.329+0000] {dag.py:3954} INFO - Setting next_dagrun for trustpilot_pipeline to 2025-06-09 04:00:00+00:00, run_after=2025-06-16 04:00:00+00:00
[2025-06-21T14:16:22.346+0000] {processor.py:183} INFO - Processing /opt/airflow/dags/trustpilot_dag.py took 0.944 seconds
[2025-06-21T14:16:52.559+0000] {processor.py:161} INFO - Started process (PID=427) to work on /opt/airflow/dags/trustpilot_dag.py
[2025-06-21T14:16:52.561+0000] {processor.py:830} INFO - Processing file /opt/airflow/dags/trustpilot_dag.py for tasks to queue
[2025-06-21T14:16:52.562+0000] {logging_mixin.py:188} INFO - [2025-06-21T14:16:52.562+0000] {dagbag.py:545} INFO - Filling up the DagBag from /opt/airflow/dags/trustpilot_dag.py
[2025-06-21T14:16:53.413+0000] {logging_mixin.py:188} INFO - ✅ Exporter Prometheus lancé sur http://localhost:8000/metrics
[2025-06-21T14:16:53.414+0000] {logging_mixin.py:188} INFO - [2025-06-21T14:16:53.414+0000] {trustpilot_dag.py:26} ERROR - ❌ Fichier manquant empêchant l'import : Fichier de credentials GCP introuvable : config/trustpilot-satisfaction-43aac3dd82a9.json
[2025-06-21T14:16:53.421+0000] {processor.py:840} INFO - DAG(s) 'trustpilot_pipeline' retrieved from /opt/airflow/dags/trustpilot_dag.py
[2025-06-21T14:16:53.445+0000] {logging_mixin.py:188} INFO - [2025-06-21T14:16:53.444+0000] {dag.py:3096} INFO - Sync 1 DAGs
[2025-06-21T14:16:53.467+0000] {logging_mixin.py:188} INFO - [2025-06-21T14:16:53.466+0000] {dag.py:3954} INFO - Setting next_dagrun for trustpilot_pipeline to 2025-06-09 04:00:00+00:00, run_after=2025-06-16 04:00:00+00:00
[2025-06-21T14:16:53.484+0000] {processor.py:183} INFO - Processing /opt/airflow/dags/trustpilot_dag.py took 0.932 seconds
[2025-06-21T14:17:23.705+0000] {processor.py:161} INFO - Started process (PID=434) to work on /opt/airflow/dags/trustpilot_dag.py
[2025-06-21T14:17:23.707+0000] {processor.py:830} INFO - Processing file /opt/airflow/dags/trustpilot_dag.py for tasks to queue
[2025-06-21T14:17:23.709+0000] {logging_mixin.py:188} INFO - [2025-06-21T14:17:23.709+0000] {dagbag.py:545} INFO - Filling up the DagBag from /opt/airflow/dags/trustpilot_dag.py
[2025-06-21T14:17:24.563+0000] {logging_mixin.py:188} INFO - ✅ Exporter Prometheus lancé sur http://localhost:8000/metrics
[2025-06-21T14:17:24.564+0000] {logging_mixin.py:188} INFO - [2025-06-21T14:17:24.564+0000] {trustpilot_dag.py:26} ERROR - ❌ Fichier manquant empêchant l'import : Fichier de credentials GCP introuvable : config/trustpilot-satisfaction-43aac3dd82a9.json
[2025-06-21T14:17:24.570+0000] {processor.py:840} INFO - DAG(s) 'trustpilot_pipeline' retrieved from /opt/airflow/dags/trustpilot_dag.py
[2025-06-21T14:17:24.592+0000] {logging_mixin.py:188} INFO - [2025-06-21T14:17:24.591+0000] {dag.py:3096} INFO - Sync 1 DAGs
[2025-06-21T14:17:24.609+0000] {logging_mixin.py:188} INFO - [2025-06-21T14:17:24.609+0000] {dag.py:3954} INFO - Setting next_dagrun for trustpilot_pipeline to 2025-06-09 04:00:00+00:00, run_after=2025-06-16 04:00:00+00:00
[2025-06-21T14:17:24.625+0000] {processor.py:183} INFO - Processing /opt/airflow/dags/trustpilot_dag.py took 0.927 seconds
[2025-06-21T14:17:54.833+0000] {processor.py:161} INFO - Started process (PID=441) to work on /opt/airflow/dags/trustpilot_dag.py
[2025-06-21T14:17:54.834+0000] {processor.py:830} INFO - Processing file /opt/airflow/dags/trustpilot_dag.py for tasks to queue
[2025-06-21T14:17:54.836+0000] {logging_mixin.py:188} INFO - [2025-06-21T14:17:54.836+0000] {dagbag.py:545} INFO - Filling up the DagBag from /opt/airflow/dags/trustpilot_dag.py
[2025-06-21T14:17:55.698+0000] {logging_mixin.py:188} INFO - ✅ Exporter Prometheus lancé sur http://localhost:8000/metrics
[2025-06-21T14:17:55.699+0000] {logging_mixin.py:188} INFO - [2025-06-21T14:17:55.698+0000] {trustpilot_dag.py:26} ERROR - ❌ Fichier manquant empêchant l'import : Fichier de credentials GCP introuvable : config/trustpilot-satisfaction-43aac3dd82a9.json
[2025-06-21T14:17:55.705+0000] {processor.py:840} INFO - DAG(s) 'trustpilot_pipeline' retrieved from /opt/airflow/dags/trustpilot_dag.py
[2025-06-21T14:17:55.724+0000] {logging_mixin.py:188} INFO - [2025-06-21T14:17:55.723+0000] {dag.py:3096} INFO - Sync 1 DAGs
[2025-06-21T14:17:55.741+0000] {logging_mixin.py:188} INFO - [2025-06-21T14:17:55.741+0000] {dag.py:3954} INFO - Setting next_dagrun for trustpilot_pipeline to 2025-06-09 04:00:00+00:00, run_after=2025-06-16 04:00:00+00:00
[2025-06-21T14:17:55.757+0000] {processor.py:183} INFO - Processing /opt/airflow/dags/trustpilot_dag.py took 0.931 seconds
[2025-06-21T14:18:25.959+0000] {processor.py:161} INFO - Started process (PID=448) to work on /opt/airflow/dags/trustpilot_dag.py
[2025-06-21T14:18:25.960+0000] {processor.py:830} INFO - Processing file /opt/airflow/dags/trustpilot_dag.py for tasks to queue
[2025-06-21T14:18:25.962+0000] {logging_mixin.py:188} INFO - [2025-06-21T14:18:25.961+0000] {dagbag.py:545} INFO - Filling up the DagBag from /opt/airflow/dags/trustpilot_dag.py
[2025-06-21T14:18:26.947+0000] {logging_mixin.py:188} INFO - ✅ Exporter Prometheus lancé sur http://localhost:8000/metrics
[2025-06-21T14:18:26.948+0000] {logging_mixin.py:188} INFO - [2025-06-21T14:18:26.948+0000] {trustpilot_dag.py:26} ERROR - ❌ Fichier manquant empêchant l'import : Fichier de credentials GCP introuvable : config/trustpilot-satisfaction-43aac3dd82a9.json
[2025-06-21T14:18:26.955+0000] {processor.py:840} INFO - DAG(s) 'trustpilot_pipeline' retrieved from /opt/airflow/dags/trustpilot_dag.py
[2025-06-21T14:18:26.979+0000] {logging_mixin.py:188} INFO - [2025-06-21T14:18:26.978+0000] {dag.py:3096} INFO - Sync 1 DAGs
[2025-06-21T14:18:27.002+0000] {logging_mixin.py:188} INFO - [2025-06-21T14:18:27.001+0000] {dag.py:3954} INFO - Setting next_dagrun for trustpilot_pipeline to 2025-06-09 04:00:00+00:00, run_after=2025-06-16 04:00:00+00:00
[2025-06-21T14:18:27.022+0000] {processor.py:183} INFO - Processing /opt/airflow/dags/trustpilot_dag.py took 1.069 seconds
[2025-06-21T14:18:57.213+0000] {processor.py:161} INFO - Started process (PID=455) to work on /opt/airflow/dags/trustpilot_dag.py
[2025-06-21T14:18:57.214+0000] {processor.py:830} INFO - Processing file /opt/airflow/dags/trustpilot_dag.py for tasks to queue
[2025-06-21T14:18:57.215+0000] {logging_mixin.py:188} INFO - [2025-06-21T14:18:57.215+0000] {dagbag.py:545} INFO - Filling up the DagBag from /opt/airflow/dags/trustpilot_dag.py
[2025-06-21T14:18:58.076+0000] {logging_mixin.py:188} INFO - ✅ Exporter Prometheus lancé sur http://localhost:8000/metrics
[2025-06-21T14:18:58.077+0000] {logging_mixin.py:188} INFO - [2025-06-21T14:18:58.077+0000] {trustpilot_dag.py:26} ERROR - ❌ Fichier manquant empêchant l'import : Fichier de credentials GCP introuvable : config/trustpilot-satisfaction-43aac3dd82a9.json
[2025-06-21T14:18:58.083+0000] {processor.py:840} INFO - DAG(s) 'trustpilot_pipeline' retrieved from /opt/airflow/dags/trustpilot_dag.py
[2025-06-21T14:18:58.102+0000] {logging_mixin.py:188} INFO - [2025-06-21T14:18:58.102+0000] {dag.py:3096} INFO - Sync 1 DAGs
[2025-06-21T14:18:58.121+0000] {logging_mixin.py:188} INFO - [2025-06-21T14:18:58.120+0000] {dag.py:3954} INFO - Setting next_dagrun for trustpilot_pipeline to 2025-06-09 04:00:00+00:00, run_after=2025-06-16 04:00:00+00:00
[2025-06-21T14:18:58.137+0000] {processor.py:183} INFO - Processing /opt/airflow/dags/trustpilot_dag.py took 0.931 seconds
[2025-06-21T14:19:28.358+0000] {processor.py:161} INFO - Started process (PID=462) to work on /opt/airflow/dags/trustpilot_dag.py
[2025-06-21T14:19:28.361+0000] {processor.py:830} INFO - Processing file /opt/airflow/dags/trustpilot_dag.py for tasks to queue
[2025-06-21T14:19:28.362+0000] {logging_mixin.py:188} INFO - [2025-06-21T14:19:28.362+0000] {dagbag.py:545} INFO - Filling up the DagBag from /opt/airflow/dags/trustpilot_dag.py
[2025-06-21T14:19:29.231+0000] {logging_mixin.py:188} INFO - ✅ Exporter Prometheus lancé sur http://localhost:8000/metrics
[2025-06-21T14:19:29.232+0000] {logging_mixin.py:188} INFO - [2025-06-21T14:19:29.232+0000] {trustpilot_dag.py:26} ERROR - ❌ Fichier manquant empêchant l'import : Fichier de credentials GCP introuvable : config/trustpilot-satisfaction-43aac3dd82a9.json
[2025-06-21T14:19:29.237+0000] {processor.py:840} INFO - DAG(s) 'trustpilot_pipeline' retrieved from /opt/airflow/dags/trustpilot_dag.py
[2025-06-21T14:19:29.258+0000] {logging_mixin.py:188} INFO - [2025-06-21T14:19:29.257+0000] {dag.py:3096} INFO - Sync 1 DAGs
[2025-06-21T14:19:29.274+0000] {logging_mixin.py:188} INFO - [2025-06-21T14:19:29.274+0000] {dag.py:3954} INFO - Setting next_dagrun for trustpilot_pipeline to 2025-06-09 04:00:00+00:00, run_after=2025-06-16 04:00:00+00:00
[2025-06-21T14:19:29.291+0000] {processor.py:183} INFO - Processing /opt/airflow/dags/trustpilot_dag.py took 0.939 seconds
[2025-06-21T14:19:59.500+0000] {processor.py:161} INFO - Started process (PID=469) to work on /opt/airflow/dags/trustpilot_dag.py
[2025-06-21T14:19:59.501+0000] {processor.py:830} INFO - Processing file /opt/airflow/dags/trustpilot_dag.py for tasks to queue
[2025-06-21T14:19:59.503+0000] {logging_mixin.py:188} INFO - [2025-06-21T14:19:59.502+0000] {dagbag.py:545} INFO - Filling up the DagBag from /opt/airflow/dags/trustpilot_dag.py
[2025-06-21T14:20:00.363+0000] {logging_mixin.py:188} INFO - ✅ Exporter Prometheus lancé sur http://localhost:8000/metrics
[2025-06-21T14:20:00.364+0000] {logging_mixin.py:188} INFO - [2025-06-21T14:20:00.364+0000] {trustpilot_dag.py:26} ERROR - ❌ Fichier manquant empêchant l'import : Fichier de credentials GCP introuvable : config/trustpilot-satisfaction-43aac3dd82a9.json
[2025-06-21T14:20:00.370+0000] {processor.py:840} INFO - DAG(s) 'trustpilot_pipeline' retrieved from /opt/airflow/dags/trustpilot_dag.py
[2025-06-21T14:20:00.388+0000] {logging_mixin.py:188} INFO - [2025-06-21T14:20:00.388+0000] {dag.py:3096} INFO - Sync 1 DAGs
[2025-06-21T14:20:00.405+0000] {logging_mixin.py:188} INFO - [2025-06-21T14:20:00.404+0000] {dag.py:3954} INFO - Setting next_dagrun for trustpilot_pipeline to 2025-06-09 04:00:00+00:00, run_after=2025-06-16 04:00:00+00:00
[2025-06-21T14:20:00.420+0000] {processor.py:183} INFO - Processing /opt/airflow/dags/trustpilot_dag.py took 0.927 seconds
[2025-06-21T14:20:30.655+0000] {processor.py:161} INFO - Started process (PID=476) to work on /opt/airflow/dags/trustpilot_dag.py
[2025-06-21T14:20:30.659+0000] {processor.py:830} INFO - Processing file /opt/airflow/dags/trustpilot_dag.py for tasks to queue
[2025-06-21T14:20:30.662+0000] {logging_mixin.py:188} INFO - [2025-06-21T14:20:30.662+0000] {dagbag.py:545} INFO - Filling up the DagBag from /opt/airflow/dags/trustpilot_dag.py
[2025-06-21T14:20:31.521+0000] {logging_mixin.py:188} INFO - ✅ Exporter Prometheus lancé sur http://localhost:8000/metrics
[2025-06-21T14:20:31.522+0000] {logging_mixin.py:188} INFO - [2025-06-21T14:20:31.522+0000] {trustpilot_dag.py:26} ERROR - ❌ Fichier manquant empêchant l'import : Fichier de credentials GCP introuvable : config/trustpilot-satisfaction-43aac3dd82a9.json
[2025-06-21T14:20:31.528+0000] {processor.py:840} INFO - DAG(s) 'trustpilot_pipeline' retrieved from /opt/airflow/dags/trustpilot_dag.py
[2025-06-21T14:20:31.548+0000] {logging_mixin.py:188} INFO - [2025-06-21T14:20:31.548+0000] {dag.py:3096} INFO - Sync 1 DAGs
[2025-06-21T14:20:31.565+0000] {logging_mixin.py:188} INFO - [2025-06-21T14:20:31.565+0000] {dag.py:3954} INFO - Setting next_dagrun for trustpilot_pipeline to 2025-06-09 04:00:00+00:00, run_after=2025-06-16 04:00:00+00:00
[2025-06-21T14:20:31.581+0000] {processor.py:183} INFO - Processing /opt/airflow/dags/trustpilot_dag.py took 0.942 seconds
[2025-06-21T14:21:01.804+0000] {processor.py:161} INFO - Started process (PID=483) to work on /opt/airflow/dags/trustpilot_dag.py
[2025-06-21T14:21:01.805+0000] {processor.py:830} INFO - Processing file /opt/airflow/dags/trustpilot_dag.py for tasks to queue
[2025-06-21T14:21:01.808+0000] {logging_mixin.py:188} INFO - [2025-06-21T14:21:01.807+0000] {dagbag.py:545} INFO - Filling up the DagBag from /opt/airflow/dags/trustpilot_dag.py
[2025-06-21T14:21:02.676+0000] {logging_mixin.py:188} INFO - ✅ Exporter Prometheus lancé sur http://localhost:8000/metrics
[2025-06-21T14:21:02.677+0000] {logging_mixin.py:188} INFO - [2025-06-21T14:21:02.677+0000] {trustpilot_dag.py:26} ERROR - ❌ Fichier manquant empêchant l'import : Fichier de credentials GCP introuvable : config/trustpilot-satisfaction-43aac3dd82a9.json
[2025-06-21T14:21:02.683+0000] {processor.py:840} INFO - DAG(s) 'trustpilot_pipeline' retrieved from /opt/airflow/dags/trustpilot_dag.py
[2025-06-21T14:21:02.702+0000] {logging_mixin.py:188} INFO - [2025-06-21T14:21:02.702+0000] {dag.py:3096} INFO - Sync 1 DAGs
[2025-06-21T14:21:02.720+0000] {logging_mixin.py:188} INFO - [2025-06-21T14:21:02.720+0000] {dag.py:3954} INFO - Setting next_dagrun for trustpilot_pipeline to 2025-06-09 04:00:00+00:00, run_after=2025-06-16 04:00:00+00:00
[2025-06-21T14:21:02.737+0000] {processor.py:183} INFO - Processing /opt/airflow/dags/trustpilot_dag.py took 0.946 seconds
[2025-06-21T14:21:32.970+0000] {processor.py:161} INFO - Started process (PID=490) to work on /opt/airflow/dags/trustpilot_dag.py
[2025-06-21T14:21:32.973+0000] {processor.py:830} INFO - Processing file /opt/airflow/dags/trustpilot_dag.py for tasks to queue
[2025-06-21T14:21:32.975+0000] {logging_mixin.py:188} INFO - [2025-06-21T14:21:32.975+0000] {dagbag.py:545} INFO - Filling up the DagBag from /opt/airflow/dags/trustpilot_dag.py
[2025-06-21T14:21:33.837+0000] {logging_mixin.py:188} INFO - ✅ Exporter Prometheus lancé sur http://localhost:8000/metrics
[2025-06-21T14:21:33.838+0000] {logging_mixin.py:188} INFO - [2025-06-21T14:21:33.838+0000] {trustpilot_dag.py:26} ERROR - ❌ Fichier manquant empêchant l'import : Fichier de credentials GCP introuvable : config/trustpilot-satisfaction-43aac3dd82a9.json
[2025-06-21T14:21:33.843+0000] {processor.py:840} INFO - DAG(s) 'trustpilot_pipeline' retrieved from /opt/airflow/dags/trustpilot_dag.py
[2025-06-21T14:21:33.862+0000] {logging_mixin.py:188} INFO - [2025-06-21T14:21:33.861+0000] {dag.py:3096} INFO - Sync 1 DAGs
[2025-06-21T14:21:33.879+0000] {logging_mixin.py:188} INFO - [2025-06-21T14:21:33.879+0000] {dag.py:3954} INFO - Setting next_dagrun for trustpilot_pipeline to 2025-06-09 04:00:00+00:00, run_after=2025-06-16 04:00:00+00:00
[2025-06-21T14:21:33.895+0000] {processor.py:183} INFO - Processing /opt/airflow/dags/trustpilot_dag.py took 0.937 seconds
[2025-06-21T14:22:04.095+0000] {processor.py:161} INFO - Started process (PID=497) to work on /opt/airflow/dags/trustpilot_dag.py
[2025-06-21T14:22:04.096+0000] {processor.py:830} INFO - Processing file /opt/airflow/dags/trustpilot_dag.py for tasks to queue
[2025-06-21T14:22:04.098+0000] {logging_mixin.py:188} INFO - [2025-06-21T14:22:04.098+0000] {dagbag.py:545} INFO - Filling up the DagBag from /opt/airflow/dags/trustpilot_dag.py
[2025-06-21T14:22:04.968+0000] {logging_mixin.py:188} INFO - ✅ Exporter Prometheus lancé sur http://localhost:8000/metrics
[2025-06-21T14:22:04.969+0000] {logging_mixin.py:188} INFO - [2025-06-21T14:22:04.969+0000] {trustpilot_dag.py:26} ERROR - ❌ Fichier manquant empêchant l'import : Fichier de credentials GCP introuvable : config/trustpilot-satisfaction-43aac3dd82a9.json
[2025-06-21T14:22:04.974+0000] {processor.py:840} INFO - DAG(s) 'trustpilot_pipeline' retrieved from /opt/airflow/dags/trustpilot_dag.py
[2025-06-21T14:22:04.995+0000] {logging_mixin.py:188} INFO - [2025-06-21T14:22:04.995+0000] {dag.py:3096} INFO - Sync 1 DAGs
[2025-06-21T14:22:05.014+0000] {logging_mixin.py:188} INFO - [2025-06-21T14:22:05.014+0000] {dag.py:3954} INFO - Setting next_dagrun for trustpilot_pipeline to 2025-06-09 04:00:00+00:00, run_after=2025-06-16 04:00:00+00:00
[2025-06-21T14:22:05.029+0000] {processor.py:183} INFO - Processing /opt/airflow/dags/trustpilot_dag.py took 0.941 seconds
[2025-06-21T14:22:35.250+0000] {processor.py:161} INFO - Started process (PID=504) to work on /opt/airflow/dags/trustpilot_dag.py
[2025-06-21T14:22:35.252+0000] {processor.py:830} INFO - Processing file /opt/airflow/dags/trustpilot_dag.py for tasks to queue
[2025-06-21T14:22:35.254+0000] {logging_mixin.py:188} INFO - [2025-06-21T14:22:35.254+0000] {dagbag.py:545} INFO - Filling up the DagBag from /opt/airflow/dags/trustpilot_dag.py
[2025-06-21T14:22:36.117+0000] {logging_mixin.py:188} INFO - ✅ Exporter Prometheus lancé sur http://localhost:8000/metrics
[2025-06-21T14:22:36.118+0000] {logging_mixin.py:188} INFO - [2025-06-21T14:22:36.118+0000] {trustpilot_dag.py:26} ERROR - ❌ Fichier manquant empêchant l'import : Fichier de credentials GCP introuvable : config/trustpilot-satisfaction-43aac3dd82a9.json
[2025-06-21T14:22:36.123+0000] {processor.py:840} INFO - DAG(s) 'trustpilot_pipeline' retrieved from /opt/airflow/dags/trustpilot_dag.py
[2025-06-21T14:22:36.144+0000] {logging_mixin.py:188} INFO - [2025-06-21T14:22:36.143+0000] {dag.py:3096} INFO - Sync 1 DAGs
[2025-06-21T14:22:36.162+0000] {logging_mixin.py:188} INFO - [2025-06-21T14:22:36.161+0000] {dag.py:3954} INFO - Setting next_dagrun for trustpilot_pipeline to 2025-06-09 04:00:00+00:00, run_after=2025-06-16 04:00:00+00:00
[2025-06-21T14:22:36.179+0000] {processor.py:183} INFO - Processing /opt/airflow/dags/trustpilot_dag.py took 0.936 seconds
[2025-06-21T14:23:06.393+0000] {processor.py:161} INFO - Started process (PID=511) to work on /opt/airflow/dags/trustpilot_dag.py
[2025-06-21T14:23:06.394+0000] {processor.py:830} INFO - Processing file /opt/airflow/dags/trustpilot_dag.py for tasks to queue
[2025-06-21T14:23:06.396+0000] {logging_mixin.py:188} INFO - [2025-06-21T14:23:06.395+0000] {dagbag.py:545} INFO - Filling up the DagBag from /opt/airflow/dags/trustpilot_dag.py
[2025-06-21T14:23:07.293+0000] {logging_mixin.py:188} INFO - ✅ Exporter Prometheus lancé sur http://localhost:8000/metrics
[2025-06-21T14:23:07.294+0000] {logging_mixin.py:188} INFO - [2025-06-21T14:23:07.294+0000] {trustpilot_dag.py:26} ERROR - ❌ Fichier manquant empêchant l'import : Fichier de credentials GCP introuvable : config/trustpilot-satisfaction-43aac3dd82a9.json
[2025-06-21T14:23:07.299+0000] {processor.py:840} INFO - DAG(s) 'trustpilot_pipeline' retrieved from /opt/airflow/dags/trustpilot_dag.py
[2025-06-21T14:23:07.318+0000] {logging_mixin.py:188} INFO - [2025-06-21T14:23:07.318+0000] {dag.py:3096} INFO - Sync 1 DAGs
[2025-06-21T14:23:07.335+0000] {logging_mixin.py:188} INFO - [2025-06-21T14:23:07.335+0000] {dag.py:3954} INFO - Setting next_dagrun for trustpilot_pipeline to 2025-06-09 04:00:00+00:00, run_after=2025-06-16 04:00:00+00:00
[2025-06-21T14:23:07.350+0000] {processor.py:183} INFO - Processing /opt/airflow/dags/trustpilot_dag.py took 0.964 seconds
[2025-06-21T14:23:37.572+0000] {processor.py:161} INFO - Started process (PID=518) to work on /opt/airflow/dags/trustpilot_dag.py
[2025-06-21T14:23:37.573+0000] {processor.py:830} INFO - Processing file /opt/airflow/dags/trustpilot_dag.py for tasks to queue
[2025-06-21T14:23:37.575+0000] {logging_mixin.py:188} INFO - [2025-06-21T14:23:37.574+0000] {dagbag.py:545} INFO - Filling up the DagBag from /opt/airflow/dags/trustpilot_dag.py
[2025-06-21T14:23:38.435+0000] {logging_mixin.py:188} INFO - ✅ Exporter Prometheus lancé sur http://localhost:8000/metrics
[2025-06-21T14:23:38.436+0000] {logging_mixin.py:188} INFO - [2025-06-21T14:23:38.436+0000] {trustpilot_dag.py:26} ERROR - ❌ Fichier manquant empêchant l'import : Fichier de credentials GCP introuvable : config/trustpilot-satisfaction-43aac3dd82a9.json
[2025-06-21T14:23:38.442+0000] {processor.py:840} INFO - DAG(s) 'trustpilot_pipeline' retrieved from /opt/airflow/dags/trustpilot_dag.py
[2025-06-21T14:23:38.461+0000] {logging_mixin.py:188} INFO - [2025-06-21T14:23:38.461+0000] {dag.py:3096} INFO - Sync 1 DAGs
[2025-06-21T14:23:38.478+0000] {logging_mixin.py:188} INFO - [2025-06-21T14:23:38.478+0000] {dag.py:3954} INFO - Setting next_dagrun for trustpilot_pipeline to 2025-06-09 04:00:00+00:00, run_after=2025-06-16 04:00:00+00:00
[2025-06-21T14:23:38.495+0000] {processor.py:183} INFO - Processing /opt/airflow/dags/trustpilot_dag.py took 0.930 seconds
[2025-06-21T14:24:08.705+0000] {processor.py:161} INFO - Started process (PID=525) to work on /opt/airflow/dags/trustpilot_dag.py
[2025-06-21T14:24:08.707+0000] {processor.py:830} INFO - Processing file /opt/airflow/dags/trustpilot_dag.py for tasks to queue
[2025-06-21T14:24:08.709+0000] {logging_mixin.py:188} INFO - [2025-06-21T14:24:08.709+0000] {dagbag.py:545} INFO - Filling up the DagBag from /opt/airflow/dags/trustpilot_dag.py
[2025-06-21T14:24:09.588+0000] {logging_mixin.py:188} INFO - ✅ Exporter Prometheus lancé sur http://localhost:8000/metrics
[2025-06-21T14:24:09.589+0000] {logging_mixin.py:188} INFO - [2025-06-21T14:24:09.589+0000] {trustpilot_dag.py:26} ERROR - ❌ Fichier manquant empêchant l'import : Fichier de credentials GCP introuvable : config/trustpilot-satisfaction-43aac3dd82a9.json
[2025-06-21T14:24:09.594+0000] {processor.py:840} INFO - DAG(s) 'trustpilot_pipeline' retrieved from /opt/airflow/dags/trustpilot_dag.py
[2025-06-21T14:24:09.613+0000] {logging_mixin.py:188} INFO - [2025-06-21T14:24:09.613+0000] {dag.py:3096} INFO - Sync 1 DAGs
[2025-06-21T14:24:09.632+0000] {logging_mixin.py:188} INFO - [2025-06-21T14:24:09.632+0000] {dag.py:3954} INFO - Setting next_dagrun for trustpilot_pipeline to 2025-06-09 04:00:00+00:00, run_after=2025-06-16 04:00:00+00:00
[2025-06-21T14:24:09.648+0000] {processor.py:183} INFO - Processing /opt/airflow/dags/trustpilot_dag.py took 0.951 seconds
[2025-06-21T14:24:39.870+0000] {processor.py:161} INFO - Started process (PID=532) to work on /opt/airflow/dags/trustpilot_dag.py
[2025-06-21T14:24:39.871+0000] {processor.py:830} INFO - Processing file /opt/airflow/dags/trustpilot_dag.py for tasks to queue
[2025-06-21T14:24:39.873+0000] {logging_mixin.py:188} INFO - [2025-06-21T14:24:39.873+0000] {dagbag.py:545} INFO - Filling up the DagBag from /opt/airflow/dags/trustpilot_dag.py
[2025-06-21T14:24:40.739+0000] {logging_mixin.py:188} INFO - ✅ Exporter Prometheus lancé sur http://localhost:8000/metrics
[2025-06-21T14:24:40.740+0000] {logging_mixin.py:188} INFO - [2025-06-21T14:24:40.740+0000] {trustpilot_dag.py:26} ERROR - ❌ Fichier manquant empêchant l'import : Fichier de credentials GCP introuvable : config/trustpilot-satisfaction-43aac3dd82a9.json
[2025-06-21T14:24:40.746+0000] {processor.py:840} INFO - DAG(s) 'trustpilot_pipeline' retrieved from /opt/airflow/dags/trustpilot_dag.py
[2025-06-21T14:24:40.765+0000] {logging_mixin.py:188} INFO - [2025-06-21T14:24:40.764+0000] {dag.py:3096} INFO - Sync 1 DAGs
[2025-06-21T14:24:40.784+0000] {logging_mixin.py:188} INFO - [2025-06-21T14:24:40.784+0000] {dag.py:3954} INFO - Setting next_dagrun for trustpilot_pipeline to 2025-06-09 04:00:00+00:00, run_after=2025-06-16 04:00:00+00:00
[2025-06-21T14:24:40.801+0000] {processor.py:183} INFO - Processing /opt/airflow/dags/trustpilot_dag.py took 0.937 seconds
[2025-06-21T14:25:11.002+0000] {processor.py:161} INFO - Started process (PID=539) to work on /opt/airflow/dags/trustpilot_dag.py
[2025-06-21T14:25:11.004+0000] {processor.py:830} INFO - Processing file /opt/airflow/dags/trustpilot_dag.py for tasks to queue
[2025-06-21T14:25:11.006+0000] {logging_mixin.py:188} INFO - [2025-06-21T14:25:11.005+0000] {dagbag.py:545} INFO - Filling up the DagBag from /opt/airflow/dags/trustpilot_dag.py
[2025-06-21T14:25:11.879+0000] {logging_mixin.py:188} INFO - ✅ Exporter Prometheus lancé sur http://localhost:8000/metrics
[2025-06-21T14:25:11.880+0000] {logging_mixin.py:188} INFO - [2025-06-21T14:25:11.880+0000] {trustpilot_dag.py:26} ERROR - ❌ Fichier manquant empêchant l'import : Fichier de credentials GCP introuvable : config/trustpilot-satisfaction-43aac3dd82a9.json
[2025-06-21T14:25:11.886+0000] {processor.py:840} INFO - DAG(s) 'trustpilot_pipeline' retrieved from /opt/airflow/dags/trustpilot_dag.py
[2025-06-21T14:25:11.906+0000] {logging_mixin.py:188} INFO - [2025-06-21T14:25:11.906+0000] {dag.py:3096} INFO - Sync 1 DAGs
[2025-06-21T14:25:11.923+0000] {logging_mixin.py:188} INFO - [2025-06-21T14:25:11.923+0000] {dag.py:3954} INFO - Setting next_dagrun for trustpilot_pipeline to 2025-06-09 04:00:00+00:00, run_after=2025-06-16 04:00:00+00:00
[2025-06-21T14:25:11.939+0000] {processor.py:183} INFO - Processing /opt/airflow/dags/trustpilot_dag.py took 0.944 seconds
[2025-06-21T14:25:42.152+0000] {processor.py:161} INFO - Started process (PID=546) to work on /opt/airflow/dags/trustpilot_dag.py
[2025-06-21T14:25:42.153+0000] {processor.py:830} INFO - Processing file /opt/airflow/dags/trustpilot_dag.py for tasks to queue
[2025-06-21T14:25:42.154+0000] {logging_mixin.py:188} INFO - [2025-06-21T14:25:42.154+0000] {dagbag.py:545} INFO - Filling up the DagBag from /opt/airflow/dags/trustpilot_dag.py
[2025-06-21T14:25:43.031+0000] {logging_mixin.py:188} INFO - ✅ Exporter Prometheus lancé sur http://localhost:8000/metrics
[2025-06-21T14:25:43.032+0000] {logging_mixin.py:188} INFO - [2025-06-21T14:25:43.032+0000] {trustpilot_dag.py:26} ERROR - ❌ Fichier manquant empêchant l'import : Fichier de credentials GCP introuvable : config/trustpilot-satisfaction-43aac3dd82a9.json
[2025-06-21T14:25:43.039+0000] {processor.py:840} INFO - DAG(s) 'trustpilot_pipeline' retrieved from /opt/airflow/dags/trustpilot_dag.py
[2025-06-21T14:25:43.060+0000] {logging_mixin.py:188} INFO - [2025-06-21T14:25:43.059+0000] {dag.py:3096} INFO - Sync 1 DAGs
[2025-06-21T14:25:43.077+0000] {logging_mixin.py:188} INFO - [2025-06-21T14:25:43.077+0000] {dag.py:3954} INFO - Setting next_dagrun for trustpilot_pipeline to 2025-06-09 04:00:00+00:00, run_after=2025-06-16 04:00:00+00:00
[2025-06-21T14:25:43.093+0000] {processor.py:183} INFO - Processing /opt/airflow/dags/trustpilot_dag.py took 0.948 seconds
[2025-06-21T14:26:13.301+0000] {processor.py:161} INFO - Started process (PID=553) to work on /opt/airflow/dags/trustpilot_dag.py
[2025-06-21T14:26:13.305+0000] {processor.py:830} INFO - Processing file /opt/airflow/dags/trustpilot_dag.py for tasks to queue
[2025-06-21T14:26:13.307+0000] {logging_mixin.py:188} INFO - [2025-06-21T14:26:13.306+0000] {dagbag.py:545} INFO - Filling up the DagBag from /opt/airflow/dags/trustpilot_dag.py
[2025-06-21T14:26:14.165+0000] {logging_mixin.py:188} INFO - ✅ Exporter Prometheus lancé sur http://localhost:8000/metrics
[2025-06-21T14:26:14.166+0000] {logging_mixin.py:188} INFO - [2025-06-21T14:26:14.166+0000] {trustpilot_dag.py:26} ERROR - ❌ Fichier manquant empêchant l'import : Fichier de credentials GCP introuvable : config/trustpilot-satisfaction-43aac3dd82a9.json
[2025-06-21T14:26:14.172+0000] {processor.py:840} INFO - DAG(s) 'trustpilot_pipeline' retrieved from /opt/airflow/dags/trustpilot_dag.py
[2025-06-21T14:26:14.192+0000] {logging_mixin.py:188} INFO - [2025-06-21T14:26:14.191+0000] {dag.py:3096} INFO - Sync 1 DAGs
[2025-06-21T14:26:14.209+0000] {logging_mixin.py:188} INFO - [2025-06-21T14:26:14.209+0000] {dag.py:3954} INFO - Setting next_dagrun for trustpilot_pipeline to 2025-06-09 04:00:00+00:00, run_after=2025-06-16 04:00:00+00:00
[2025-06-21T14:26:14.228+0000] {processor.py:183} INFO - Processing /opt/airflow/dags/trustpilot_dag.py took 0.933 seconds
[2025-06-21T14:26:44.440+0000] {processor.py:161} INFO - Started process (PID=560) to work on /opt/airflow/dags/trustpilot_dag.py
[2025-06-21T14:26:44.440+0000] {processor.py:830} INFO - Processing file /opt/airflow/dags/trustpilot_dag.py for tasks to queue
[2025-06-21T14:26:44.442+0000] {logging_mixin.py:188} INFO - [2025-06-21T14:26:44.442+0000] {dagbag.py:545} INFO - Filling up the DagBag from /opt/airflow/dags/trustpilot_dag.py
[2025-06-21T14:26:45.304+0000] {logging_mixin.py:188} INFO - ✅ Exporter Prometheus lancé sur http://localhost:8000/metrics
[2025-06-21T14:26:45.305+0000] {logging_mixin.py:188} INFO - [2025-06-21T14:26:45.305+0000] {trustpilot_dag.py:26} ERROR - ❌ Fichier manquant empêchant l'import : Fichier de credentials GCP introuvable : config/trustpilot-satisfaction-43aac3dd82a9.json
[2025-06-21T14:26:45.310+0000] {processor.py:840} INFO - DAG(s) 'trustpilot_pipeline' retrieved from /opt/airflow/dags/trustpilot_dag.py
[2025-06-21T14:26:45.329+0000] {logging_mixin.py:188} INFO - [2025-06-21T14:26:45.329+0000] {dag.py:3096} INFO - Sync 1 DAGs
[2025-06-21T14:26:45.346+0000] {logging_mixin.py:188} INFO - [2025-06-21T14:26:45.346+0000] {dag.py:3954} INFO - Setting next_dagrun for trustpilot_pipeline to 2025-06-09 04:00:00+00:00, run_after=2025-06-16 04:00:00+00:00
[2025-06-21T14:26:45.364+0000] {processor.py:183} INFO - Processing /opt/airflow/dags/trustpilot_dag.py took 0.931 seconds
[2025-06-21T14:27:15.588+0000] {processor.py:161} INFO - Started process (PID=567) to work on /opt/airflow/dags/trustpilot_dag.py
[2025-06-21T14:27:15.589+0000] {processor.py:830} INFO - Processing file /opt/airflow/dags/trustpilot_dag.py for tasks to queue
[2025-06-21T14:27:15.591+0000] {logging_mixin.py:188} INFO - [2025-06-21T14:27:15.590+0000] {dagbag.py:545} INFO - Filling up the DagBag from /opt/airflow/dags/trustpilot_dag.py
[2025-06-21T14:27:16.453+0000] {logging_mixin.py:188} INFO - ✅ Exporter Prometheus lancé sur http://localhost:8000/metrics
[2025-06-21T14:27:16.454+0000] {logging_mixin.py:188} INFO - [2025-06-21T14:27:16.454+0000] {trustpilot_dag.py:26} ERROR - ❌ Fichier manquant empêchant l'import : Fichier de credentials GCP introuvable : config/trustpilot-satisfaction-43aac3dd82a9.json
[2025-06-21T14:27:16.460+0000] {processor.py:840} INFO - DAG(s) 'trustpilot_pipeline' retrieved from /opt/airflow/dags/trustpilot_dag.py
[2025-06-21T14:27:16.479+0000] {logging_mixin.py:188} INFO - [2025-06-21T14:27:16.478+0000] {dag.py:3096} INFO - Sync 1 DAGs
[2025-06-21T14:27:16.496+0000] {logging_mixin.py:188} INFO - [2025-06-21T14:27:16.496+0000] {dag.py:3954} INFO - Setting next_dagrun for trustpilot_pipeline to 2025-06-09 04:00:00+00:00, run_after=2025-06-16 04:00:00+00:00
[2025-06-21T14:27:16.511+0000] {processor.py:183} INFO - Processing /opt/airflow/dags/trustpilot_dag.py took 0.930 seconds
[2025-06-21T14:27:46.749+0000] {processor.py:161} INFO - Started process (PID=574) to work on /opt/airflow/dags/trustpilot_dag.py
[2025-06-21T14:27:46.751+0000] {processor.py:830} INFO - Processing file /opt/airflow/dags/trustpilot_dag.py for tasks to queue
[2025-06-21T14:27:46.754+0000] {logging_mixin.py:188} INFO - [2025-06-21T14:27:46.753+0000] {dagbag.py:545} INFO - Filling up the DagBag from /opt/airflow/dags/trustpilot_dag.py
[2025-06-21T14:27:47.647+0000] {logging_mixin.py:188} INFO - ✅ Exporter Prometheus lancé sur http://localhost:8000/metrics
[2025-06-21T14:27:47.649+0000] {logging_mixin.py:188} INFO - [2025-06-21T14:27:47.648+0000] {trustpilot_dag.py:26} ERROR - ❌ Fichier manquant empêchant l'import : Fichier de credentials GCP introuvable : config/trustpilot-satisfaction-43aac3dd82a9.json
[2025-06-21T14:27:47.655+0000] {processor.py:840} INFO - DAG(s) 'trustpilot_pipeline' retrieved from /opt/airflow/dags/trustpilot_dag.py
[2025-06-21T14:27:47.674+0000] {logging_mixin.py:188} INFO - [2025-06-21T14:27:47.674+0000] {dag.py:3096} INFO - Sync 1 DAGs
[2025-06-21T14:27:47.691+0000] {logging_mixin.py:188} INFO - [2025-06-21T14:27:47.691+0000] {dag.py:3954} INFO - Setting next_dagrun for trustpilot_pipeline to 2025-06-09 04:00:00+00:00, run_after=2025-06-16 04:00:00+00:00
[2025-06-21T14:27:47.708+0000] {processor.py:183} INFO - Processing /opt/airflow/dags/trustpilot_dag.py took 0.975 seconds
[2025-06-21T14:28:17.912+0000] {processor.py:161} INFO - Started process (PID=581) to work on /opt/airflow/dags/trustpilot_dag.py
[2025-06-21T14:28:17.914+0000] {processor.py:830} INFO - Processing file /opt/airflow/dags/trustpilot_dag.py for tasks to queue
[2025-06-21T14:28:17.916+0000] {logging_mixin.py:188} INFO - [2025-06-21T14:28:17.916+0000] {dagbag.py:545} INFO - Filling up the DagBag from /opt/airflow/dags/trustpilot_dag.py
[2025-06-21T14:28:18.790+0000] {logging_mixin.py:188} INFO - ✅ Exporter Prometheus lancé sur http://localhost:8000/metrics
[2025-06-21T14:28:18.791+0000] {logging_mixin.py:188} INFO - [2025-06-21T14:28:18.791+0000] {trustpilot_dag.py:26} ERROR - ❌ Fichier manquant empêchant l'import : Fichier de credentials GCP introuvable : config/trustpilot-satisfaction-43aac3dd82a9.json
[2025-06-21T14:28:18.797+0000] {processor.py:840} INFO - DAG(s) 'trustpilot_pipeline' retrieved from /opt/airflow/dags/trustpilot_dag.py
[2025-06-21T14:28:18.818+0000] {logging_mixin.py:188} INFO - [2025-06-21T14:28:18.818+0000] {dag.py:3096} INFO - Sync 1 DAGs
[2025-06-21T14:28:18.836+0000] {logging_mixin.py:188} INFO - [2025-06-21T14:28:18.836+0000] {dag.py:3954} INFO - Setting next_dagrun for trustpilot_pipeline to 2025-06-09 04:00:00+00:00, run_after=2025-06-16 04:00:00+00:00
[2025-06-21T14:28:18.851+0000] {processor.py:183} INFO - Processing /opt/airflow/dags/trustpilot_dag.py took 0.954 seconds
[2025-06-21T14:28:49.032+0000] {processor.py:161} INFO - Started process (PID=588) to work on /opt/airflow/dags/trustpilot_dag.py
[2025-06-21T14:28:49.034+0000] {processor.py:830} INFO - Processing file /opt/airflow/dags/trustpilot_dag.py for tasks to queue
[2025-06-21T14:28:49.037+0000] {logging_mixin.py:188} INFO - [2025-06-21T14:28:49.036+0000] {dagbag.py:545} INFO - Filling up the DagBag from /opt/airflow/dags/trustpilot_dag.py
[2025-06-21T14:28:50.032+0000] {logging_mixin.py:188} INFO - ✅ Exporter Prometheus lancé sur http://localhost:8000/metrics
[2025-06-21T14:28:50.033+0000] {logging_mixin.py:188} INFO - [2025-06-21T14:28:50.033+0000] {trustpilot_dag.py:26} ERROR - ❌ Fichier manquant empêchant l'import : Fichier de credentials GCP introuvable : config/trustpilot-satisfaction-43aac3dd82a9.json
[2025-06-21T14:28:50.041+0000] {processor.py:840} INFO - DAG(s) 'trustpilot_pipeline' retrieved from /opt/airflow/dags/trustpilot_dag.py
[2025-06-21T14:28:50.062+0000] {logging_mixin.py:188} INFO - [2025-06-21T14:28:50.062+0000] {dag.py:3096} INFO - Sync 1 DAGs
[2025-06-21T14:28:50.083+0000] {logging_mixin.py:188} INFO - [2025-06-21T14:28:50.083+0000] {dag.py:3954} INFO - Setting next_dagrun for trustpilot_pipeline to 2025-06-09 04:00:00+00:00, run_after=2025-06-16 04:00:00+00:00
[2025-06-21T14:28:50.100+0000] {processor.py:183} INFO - Processing /opt/airflow/dags/trustpilot_dag.py took 1.082 seconds
[2025-06-21T14:29:20.206+0000] {processor.py:161} INFO - Started process (PID=595) to work on /opt/airflow/dags/trustpilot_dag.py
[2025-06-21T14:29:20.207+0000] {processor.py:830} INFO - Processing file /opt/airflow/dags/trustpilot_dag.py for tasks to queue
[2025-06-21T14:29:20.209+0000] {logging_mixin.py:188} INFO - [2025-06-21T14:29:20.208+0000] {dagbag.py:545} INFO - Filling up the DagBag from /opt/airflow/dags/trustpilot_dag.py
[2025-06-21T14:29:21.356+0000] {logging_mixin.py:188} INFO - ✅ Exporter Prometheus lancé sur http://localhost:8000/metrics
[2025-06-21T14:29:21.358+0000] {logging_mixin.py:188} INFO - [2025-06-21T14:29:21.357+0000] {trustpilot_dag.py:26} ERROR - ❌ Fichier manquant empêchant l'import : Fichier de credentials GCP introuvable : config/trustpilot-satisfaction-43aac3dd82a9.json
[2025-06-21T14:29:21.365+0000] {processor.py:840} INFO - DAG(s) 'trustpilot_pipeline' retrieved from /opt/airflow/dags/trustpilot_dag.py
[2025-06-21T14:29:21.388+0000] {logging_mixin.py:188} INFO - [2025-06-21T14:29:21.387+0000] {dag.py:3096} INFO - Sync 1 DAGs
[2025-06-21T14:29:21.409+0000] {logging_mixin.py:188} INFO - [2025-06-21T14:29:21.409+0000] {dag.py:3954} INFO - Setting next_dagrun for trustpilot_pipeline to 2025-06-09 04:00:00+00:00, run_after=2025-06-16 04:00:00+00:00
[2025-06-21T14:29:21.430+0000] {processor.py:183} INFO - Processing /opt/airflow/dags/trustpilot_dag.py took 1.231 seconds
[2025-06-21T14:29:51.597+0000] {processor.py:161} INFO - Started process (PID=602) to work on /opt/airflow/dags/trustpilot_dag.py
[2025-06-21T14:29:51.598+0000] {processor.py:830} INFO - Processing file /opt/airflow/dags/trustpilot_dag.py for tasks to queue
[2025-06-21T14:29:51.599+0000] {logging_mixin.py:188} INFO - [2025-06-21T14:29:51.599+0000] {dagbag.py:545} INFO - Filling up the DagBag from /opt/airflow/dags/trustpilot_dag.py
[2025-06-21T14:29:52.707+0000] {logging_mixin.py:188} INFO - ✅ Exporter Prometheus lancé sur http://localhost:8000/metrics
[2025-06-21T14:29:52.708+0000] {logging_mixin.py:188} INFO - [2025-06-21T14:29:52.708+0000] {trustpilot_dag.py:26} ERROR - ❌ Fichier manquant empêchant l'import : Fichier de credentials GCP introuvable : config/trustpilot-satisfaction-43aac3dd82a9.json
[2025-06-21T14:29:52.716+0000] {processor.py:840} INFO - DAG(s) 'trustpilot_pipeline' retrieved from /opt/airflow/dags/trustpilot_dag.py
[2025-06-21T14:29:52.743+0000] {logging_mixin.py:188} INFO - [2025-06-21T14:29:52.742+0000] {dag.py:3096} INFO - Sync 1 DAGs
[2025-06-21T14:29:52.767+0000] {logging_mixin.py:188} INFO - [2025-06-21T14:29:52.767+0000] {dag.py:3954} INFO - Setting next_dagrun for trustpilot_pipeline to 2025-06-09 04:00:00+00:00, run_after=2025-06-16 04:00:00+00:00
[2025-06-21T14:29:52.787+0000] {processor.py:183} INFO - Processing /opt/airflow/dags/trustpilot_dag.py took 1.197 seconds
[2025-06-21T14:30:22.972+0000] {processor.py:161} INFO - Started process (PID=609) to work on /opt/airflow/dags/trustpilot_dag.py
[2025-06-21T14:30:22.973+0000] {processor.py:830} INFO - Processing file /opt/airflow/dags/trustpilot_dag.py for tasks to queue
[2025-06-21T14:30:22.975+0000] {logging_mixin.py:188} INFO - [2025-06-21T14:30:22.975+0000] {dagbag.py:545} INFO - Filling up the DagBag from /opt/airflow/dags/trustpilot_dag.py
[2025-06-21T14:30:24.014+0000] {logging_mixin.py:188} INFO - ✅ Exporter Prometheus lancé sur http://localhost:8000/metrics
[2025-06-21T14:30:24.015+0000] {logging_mixin.py:188} INFO - [2025-06-21T14:30:24.015+0000] {trustpilot_dag.py:26} ERROR - ❌ Fichier manquant empêchant l'import : Fichier de credentials GCP introuvable : config/trustpilot-satisfaction-43aac3dd82a9.json
[2025-06-21T14:30:24.023+0000] {processor.py:840} INFO - DAG(s) 'trustpilot_pipeline' retrieved from /opt/airflow/dags/trustpilot_dag.py
[2025-06-21T14:30:24.048+0000] {logging_mixin.py:188} INFO - [2025-06-21T14:30:24.047+0000] {dag.py:3096} INFO - Sync 1 DAGs
[2025-06-21T14:30:24.068+0000] {logging_mixin.py:188} INFO - [2025-06-21T14:30:24.068+0000] {dag.py:3954} INFO - Setting next_dagrun for trustpilot_pipeline to 2025-06-09 04:00:00+00:00, run_after=2025-06-16 04:00:00+00:00
[2025-06-21T14:30:24.086+0000] {processor.py:183} INFO - Processing /opt/airflow/dags/trustpilot_dag.py took 1.124 seconds
[2025-06-21T14:30:54.239+0000] {processor.py:161} INFO - Started process (PID=616) to work on /opt/airflow/dags/trustpilot_dag.py
[2025-06-21T14:30:54.240+0000] {processor.py:830} INFO - Processing file /opt/airflow/dags/trustpilot_dag.py for tasks to queue
[2025-06-21T14:30:54.242+0000] {logging_mixin.py:188} INFO - [2025-06-21T14:30:54.242+0000] {dagbag.py:545} INFO - Filling up the DagBag from /opt/airflow/dags/trustpilot_dag.py
[2025-06-21T14:30:55.289+0000] {logging_mixin.py:188} INFO - ✅ Exporter Prometheus lancé sur http://localhost:8000/metrics
[2025-06-21T14:30:55.290+0000] {logging_mixin.py:188} INFO - [2025-06-21T14:30:55.290+0000] {trustpilot_dag.py:26} ERROR - ❌ Fichier manquant empêchant l'import : Fichier de credentials GCP introuvable : config/trustpilot-satisfaction-43aac3dd82a9.json
[2025-06-21T14:30:55.298+0000] {processor.py:840} INFO - DAG(s) 'trustpilot_pipeline' retrieved from /opt/airflow/dags/trustpilot_dag.py
[2025-06-21T14:30:55.325+0000] {logging_mixin.py:188} INFO - [2025-06-21T14:30:55.324+0000] {dag.py:3096} INFO - Sync 1 DAGs
[2025-06-21T14:30:55.349+0000] {logging_mixin.py:188} INFO - [2025-06-21T14:30:55.348+0000] {dag.py:3954} INFO - Setting next_dagrun for trustpilot_pipeline to 2025-06-09 04:00:00+00:00, run_after=2025-06-16 04:00:00+00:00
[2025-06-21T14:30:55.369+0000] {processor.py:183} INFO - Processing /opt/airflow/dags/trustpilot_dag.py took 1.137 seconds
[2025-06-21T14:31:25.524+0000] {processor.py:161} INFO - Started process (PID=623) to work on /opt/airflow/dags/trustpilot_dag.py
[2025-06-21T14:31:25.526+0000] {processor.py:830} INFO - Processing file /opt/airflow/dags/trustpilot_dag.py for tasks to queue
[2025-06-21T14:31:25.529+0000] {logging_mixin.py:188} INFO - [2025-06-21T14:31:25.528+0000] {dagbag.py:545} INFO - Filling up the DagBag from /opt/airflow/dags/trustpilot_dag.py
[2025-06-21T14:31:26.527+0000] {logging_mixin.py:188} INFO - ✅ Exporter Prometheus lancé sur http://localhost:8000/metrics
[2025-06-21T14:31:26.528+0000] {logging_mixin.py:188} INFO - [2025-06-21T14:31:26.528+0000] {trustpilot_dag.py:26} ERROR - ❌ Fichier manquant empêchant l'import : Fichier de credentials GCP introuvable : config/trustpilot-satisfaction-43aac3dd82a9.json
[2025-06-21T14:31:26.534+0000] {processor.py:840} INFO - DAG(s) 'trustpilot_pipeline' retrieved from /opt/airflow/dags/trustpilot_dag.py
[2025-06-21T14:31:26.558+0000] {logging_mixin.py:188} INFO - [2025-06-21T14:31:26.557+0000] {dag.py:3096} INFO - Sync 1 DAGs
[2025-06-21T14:31:26.580+0000] {logging_mixin.py:188} INFO - [2025-06-21T14:31:26.580+0000] {dag.py:3954} INFO - Setting next_dagrun for trustpilot_pipeline to 2025-06-09 04:00:00+00:00, run_after=2025-06-16 04:00:00+00:00
[2025-06-21T14:31:26.597+0000] {processor.py:183} INFO - Processing /opt/airflow/dags/trustpilot_dag.py took 1.089 seconds
[2025-06-21T14:31:56.670+0000] {processor.py:161} INFO - Started process (PID=630) to work on /opt/airflow/dags/trustpilot_dag.py
[2025-06-21T14:31:56.672+0000] {processor.py:830} INFO - Processing file /opt/airflow/dags/trustpilot_dag.py for tasks to queue
[2025-06-21T14:31:56.674+0000] {logging_mixin.py:188} INFO - [2025-06-21T14:31:56.674+0000] {dagbag.py:545} INFO - Filling up the DagBag from /opt/airflow/dags/trustpilot_dag.py
[2025-06-21T14:31:57.684+0000] {logging_mixin.py:188} INFO - ✅ Exporter Prometheus lancé sur http://localhost:8000/metrics
[2025-06-21T14:31:57.685+0000] {logging_mixin.py:188} INFO - [2025-06-21T14:31:57.685+0000] {trustpilot_dag.py:26} ERROR - ❌ Fichier manquant empêchant l'import : Fichier de credentials GCP introuvable : config/trustpilot-satisfaction-43aac3dd82a9.json
[2025-06-21T14:31:57.692+0000] {processor.py:840} INFO - DAG(s) 'trustpilot_pipeline' retrieved from /opt/airflow/dags/trustpilot_dag.py
[2025-06-21T14:31:57.714+0000] {logging_mixin.py:188} INFO - [2025-06-21T14:31:57.714+0000] {dag.py:3096} INFO - Sync 1 DAGs
[2025-06-21T14:31:57.738+0000] {logging_mixin.py:188} INFO - [2025-06-21T14:31:57.738+0000] {dag.py:3954} INFO - Setting next_dagrun for trustpilot_pipeline to 2025-06-09 04:00:00+00:00, run_after=2025-06-16 04:00:00+00:00
[2025-06-21T14:31:57.760+0000] {processor.py:183} INFO - Processing /opt/airflow/dags/trustpilot_dag.py took 1.103 seconds
[2025-06-21T14:32:27.912+0000] {processor.py:161} INFO - Started process (PID=637) to work on /opt/airflow/dags/trustpilot_dag.py
[2025-06-21T14:32:27.913+0000] {processor.py:830} INFO - Processing file /opt/airflow/dags/trustpilot_dag.py for tasks to queue
[2025-06-21T14:32:27.915+0000] {logging_mixin.py:188} INFO - [2025-06-21T14:32:27.914+0000] {dagbag.py:545} INFO - Filling up the DagBag from /opt/airflow/dags/trustpilot_dag.py
[2025-06-21T14:32:28.976+0000] {logging_mixin.py:188} INFO - ✅ Exporter Prometheus lancé sur http://localhost:8000/metrics
[2025-06-21T14:32:28.978+0000] {logging_mixin.py:188} INFO - [2025-06-21T14:32:28.978+0000] {trustpilot_dag.py:26} ERROR - ❌ Fichier manquant empêchant l'import : Fichier de credentials GCP introuvable : config/trustpilot-satisfaction-43aac3dd82a9.json
[2025-06-21T14:32:28.986+0000] {processor.py:840} INFO - DAG(s) 'trustpilot_pipeline' retrieved from /opt/airflow/dags/trustpilot_dag.py
[2025-06-21T14:32:29.008+0000] {logging_mixin.py:188} INFO - [2025-06-21T14:32:29.007+0000] {dag.py:3096} INFO - Sync 1 DAGs
[2025-06-21T14:32:29.027+0000] {logging_mixin.py:188} INFO - [2025-06-21T14:32:29.026+0000] {dag.py:3954} INFO - Setting next_dagrun for trustpilot_pipeline to 2025-06-09 04:00:00+00:00, run_after=2025-06-16 04:00:00+00:00
[2025-06-21T14:32:29.047+0000] {processor.py:183} INFO - Processing /opt/airflow/dags/trustpilot_dag.py took 1.141 seconds
[2025-06-21T14:32:59.202+0000] {processor.py:161} INFO - Started process (PID=644) to work on /opt/airflow/dags/trustpilot_dag.py
[2025-06-21T14:32:59.205+0000] {processor.py:830} INFO - Processing file /opt/airflow/dags/trustpilot_dag.py for tasks to queue
[2025-06-21T14:32:59.207+0000] {logging_mixin.py:188} INFO - [2025-06-21T14:32:59.206+0000] {dagbag.py:545} INFO - Filling up the DagBag from /opt/airflow/dags/trustpilot_dag.py
[2025-06-21T14:33:00.295+0000] {logging_mixin.py:188} INFO - ✅ Exporter Prometheus lancé sur http://localhost:8000/metrics
[2025-06-21T14:33:00.296+0000] {logging_mixin.py:188} INFO - [2025-06-21T14:33:00.296+0000] {trustpilot_dag.py:26} ERROR - ❌ Fichier manquant empêchant l'import : Fichier de credentials GCP introuvable : config/trustpilot-satisfaction-43aac3dd82a9.json
[2025-06-21T14:33:00.304+0000] {processor.py:840} INFO - DAG(s) 'trustpilot_pipeline' retrieved from /opt/airflow/dags/trustpilot_dag.py
[2025-06-21T14:33:00.326+0000] {logging_mixin.py:188} INFO - [2025-06-21T14:33:00.326+0000] {dag.py:3096} INFO - Sync 1 DAGs
[2025-06-21T14:33:00.349+0000] {logging_mixin.py:188} INFO - [2025-06-21T14:33:00.349+0000] {dag.py:3954} INFO - Setting next_dagrun for trustpilot_pipeline to 2025-06-09 04:00:00+00:00, run_after=2025-06-16 04:00:00+00:00
[2025-06-21T14:33:00.367+0000] {processor.py:183} INFO - Processing /opt/airflow/dags/trustpilot_dag.py took 1.172 seconds
[2025-06-21T14:33:30.533+0000] {processor.py:161} INFO - Started process (PID=651) to work on /opt/airflow/dags/trustpilot_dag.py
[2025-06-21T14:33:30.534+0000] {processor.py:830} INFO - Processing file /opt/airflow/dags/trustpilot_dag.py for tasks to queue
[2025-06-21T14:33:30.537+0000] {logging_mixin.py:188} INFO - [2025-06-21T14:33:30.536+0000] {dagbag.py:545} INFO - Filling up the DagBag from /opt/airflow/dags/trustpilot_dag.py
[2025-06-21T14:33:31.927+0000] {logging_mixin.py:188} INFO - ✅ Exporter Prometheus lancé sur http://localhost:8000/metrics
[2025-06-21T14:33:31.928+0000] {logging_mixin.py:188} INFO - [2025-06-21T14:33:31.928+0000] {trustpilot_dag.py:26} ERROR - ❌ Fichier manquant empêchant l'import : Fichier de credentials GCP introuvable : config/trustpilot-satisfaction-43aac3dd82a9.json
[2025-06-21T14:33:31.935+0000] {processor.py:840} INFO - DAG(s) 'trustpilot_pipeline' retrieved from /opt/airflow/dags/trustpilot_dag.py
[2025-06-21T14:33:31.965+0000] {logging_mixin.py:188} INFO - [2025-06-21T14:33:31.964+0000] {dag.py:3096} INFO - Sync 1 DAGs
[2025-06-21T14:33:31.997+0000] {logging_mixin.py:188} INFO - [2025-06-21T14:33:31.997+0000] {dag.py:3954} INFO - Setting next_dagrun for trustpilot_pipeline to 2025-06-09 04:00:00+00:00, run_after=2025-06-16 04:00:00+00:00
[2025-06-21T14:33:32.019+0000] {processor.py:183} INFO - Processing /opt/airflow/dags/trustpilot_dag.py took 1.497 seconds
[2025-06-21T14:34:02.198+0000] {processor.py:161} INFO - Started process (PID=658) to work on /opt/airflow/dags/trustpilot_dag.py
[2025-06-21T14:34:02.201+0000] {processor.py:830} INFO - Processing file /opt/airflow/dags/trustpilot_dag.py for tasks to queue
[2025-06-21T14:34:02.204+0000] {logging_mixin.py:188} INFO - [2025-06-21T14:34:02.203+0000] {dagbag.py:545} INFO - Filling up the DagBag from /opt/airflow/dags/trustpilot_dag.py
[2025-06-21T14:34:03.243+0000] {logging_mixin.py:188} INFO - ✅ Exporter Prometheus lancé sur http://localhost:8000/metrics
[2025-06-21T14:34:03.244+0000] {logging_mixin.py:188} INFO - [2025-06-21T14:34:03.244+0000] {trustpilot_dag.py:26} ERROR - ❌ Fichier manquant empêchant l'import : Fichier de credentials GCP introuvable : config/trustpilot-satisfaction-43aac3dd82a9.json
[2025-06-21T14:34:03.251+0000] {processor.py:840} INFO - DAG(s) 'trustpilot_pipeline' retrieved from /opt/airflow/dags/trustpilot_dag.py
[2025-06-21T14:34:03.280+0000] {logging_mixin.py:188} INFO - [2025-06-21T14:34:03.279+0000] {dag.py:3096} INFO - Sync 1 DAGs
[2025-06-21T14:34:03.302+0000] {logging_mixin.py:188} INFO - [2025-06-21T14:34:03.302+0000] {dag.py:3954} INFO - Setting next_dagrun for trustpilot_pipeline to 2025-06-09 04:00:00+00:00, run_after=2025-06-16 04:00:00+00:00
[2025-06-21T14:34:03.324+0000] {processor.py:183} INFO - Processing /opt/airflow/dags/trustpilot_dag.py took 1.141 seconds
[2025-06-21T14:34:33.488+0000] {processor.py:161} INFO - Started process (PID=665) to work on /opt/airflow/dags/trustpilot_dag.py
[2025-06-21T14:34:33.489+0000] {processor.py:830} INFO - Processing file /opt/airflow/dags/trustpilot_dag.py for tasks to queue
[2025-06-21T14:34:33.492+0000] {logging_mixin.py:188} INFO - [2025-06-21T14:34:33.491+0000] {dagbag.py:545} INFO - Filling up the DagBag from /opt/airflow/dags/trustpilot_dag.py
[2025-06-21T14:34:34.739+0000] {logging_mixin.py:188} INFO - ✅ Exporter Prometheus lancé sur http://localhost:8000/metrics
[2025-06-21T14:34:34.740+0000] {logging_mixin.py:188} INFO - [2025-06-21T14:34:34.740+0000] {trustpilot_dag.py:26} ERROR - ❌ Fichier manquant empêchant l'import : Fichier de credentials GCP introuvable : config/trustpilot-satisfaction-43aac3dd82a9.json
[2025-06-21T14:34:34.751+0000] {processor.py:840} INFO - DAG(s) 'trustpilot_pipeline' retrieved from /opt/airflow/dags/trustpilot_dag.py
[2025-06-21T14:34:34.774+0000] {logging_mixin.py:188} INFO - [2025-06-21T14:34:34.774+0000] {dag.py:3096} INFO - Sync 1 DAGs
[2025-06-21T14:34:34.802+0000] {logging_mixin.py:188} INFO - [2025-06-21T14:34:34.801+0000] {dag.py:3954} INFO - Setting next_dagrun for trustpilot_pipeline to 2025-06-09 04:00:00+00:00, run_after=2025-06-16 04:00:00+00:00
[2025-06-21T14:34:34.825+0000] {processor.py:183} INFO - Processing /opt/airflow/dags/trustpilot_dag.py took 1.346 seconds
[2025-06-21T14:35:04.993+0000] {processor.py:161} INFO - Started process (PID=672) to work on /opt/airflow/dags/trustpilot_dag.py
[2025-06-21T14:35:04.994+0000] {processor.py:830} INFO - Processing file /opt/airflow/dags/trustpilot_dag.py for tasks to queue
[2025-06-21T14:35:04.996+0000] {logging_mixin.py:188} INFO - [2025-06-21T14:35:04.996+0000] {dagbag.py:545} INFO - Filling up the DagBag from /opt/airflow/dags/trustpilot_dag.py
[2025-06-21T14:35:06.204+0000] {logging_mixin.py:188} INFO - ✅ Exporter Prometheus lancé sur http://localhost:8000/metrics
[2025-06-21T14:35:06.205+0000] {logging_mixin.py:188} INFO - [2025-06-21T14:35:06.205+0000] {trustpilot_dag.py:26} ERROR - ❌ Fichier manquant empêchant l'import : Fichier de credentials GCP introuvable : config/trustpilot-satisfaction-43aac3dd82a9.json
[2025-06-21T14:35:06.212+0000] {processor.py:840} INFO - DAG(s) 'trustpilot_pipeline' retrieved from /opt/airflow/dags/trustpilot_dag.py
[2025-06-21T14:35:06.235+0000] {logging_mixin.py:188} INFO - [2025-06-21T14:35:06.234+0000] {dag.py:3096} INFO - Sync 1 DAGs
[2025-06-21T14:35:06.258+0000] {logging_mixin.py:188} INFO - [2025-06-21T14:35:06.258+0000] {dag.py:3954} INFO - Setting next_dagrun for trustpilot_pipeline to 2025-06-09 04:00:00+00:00, run_after=2025-06-16 04:00:00+00:00
[2025-06-21T14:35:06.279+0000] {processor.py:183} INFO - Processing /opt/airflow/dags/trustpilot_dag.py took 1.298 seconds
[2025-06-21T14:35:36.458+0000] {processor.py:161} INFO - Started process (PID=679) to work on /opt/airflow/dags/trustpilot_dag.py
[2025-06-21T14:35:36.460+0000] {processor.py:830} INFO - Processing file /opt/airflow/dags/trustpilot_dag.py for tasks to queue
[2025-06-21T14:35:36.463+0000] {logging_mixin.py:188} INFO - [2025-06-21T14:35:36.462+0000] {dagbag.py:545} INFO - Filling up the DagBag from /opt/airflow/dags/trustpilot_dag.py
[2025-06-21T14:35:37.477+0000] {logging_mixin.py:188} INFO - ✅ Exporter Prometheus lancé sur http://localhost:8000/metrics
[2025-06-21T14:35:37.479+0000] {logging_mixin.py:188} INFO - [2025-06-21T14:35:37.479+0000] {trustpilot_dag.py:26} ERROR - ❌ Fichier manquant empêchant l'import : Fichier de credentials GCP introuvable : config/trustpilot-satisfaction-43aac3dd82a9.json
[2025-06-21T14:35:37.485+0000] {processor.py:840} INFO - DAG(s) 'trustpilot_pipeline' retrieved from /opt/airflow/dags/trustpilot_dag.py
[2025-06-21T14:35:37.507+0000] {logging_mixin.py:188} INFO - [2025-06-21T14:35:37.507+0000] {dag.py:3096} INFO - Sync 1 DAGs
[2025-06-21T14:35:37.527+0000] {logging_mixin.py:188} INFO - [2025-06-21T14:35:37.527+0000] {dag.py:3954} INFO - Setting next_dagrun for trustpilot_pipeline to 2025-06-09 04:00:00+00:00, run_after=2025-06-16 04:00:00+00:00
[2025-06-21T14:35:37.544+0000] {processor.py:183} INFO - Processing /opt/airflow/dags/trustpilot_dag.py took 1.102 seconds
[2025-06-21T14:36:07.604+0000] {processor.py:161} INFO - Started process (PID=686) to work on /opt/airflow/dags/trustpilot_dag.py
[2025-06-21T14:36:07.606+0000] {processor.py:830} INFO - Processing file /opt/airflow/dags/trustpilot_dag.py for tasks to queue
[2025-06-21T14:36:07.609+0000] {logging_mixin.py:188} INFO - [2025-06-21T14:36:07.609+0000] {dagbag.py:545} INFO - Filling up the DagBag from /opt/airflow/dags/trustpilot_dag.py
[2025-06-21T14:36:08.749+0000] {logging_mixin.py:188} INFO - ✅ Exporter Prometheus lancé sur http://localhost:8000/metrics
[2025-06-21T14:36:08.750+0000] {logging_mixin.py:188} INFO - [2025-06-21T14:36:08.750+0000] {trustpilot_dag.py:26} ERROR - ❌ Fichier manquant empêchant l'import : Fichier de credentials GCP introuvable : config/trustpilot-satisfaction-43aac3dd82a9.json
[2025-06-21T14:36:08.760+0000] {processor.py:840} INFO - DAG(s) 'trustpilot_pipeline' retrieved from /opt/airflow/dags/trustpilot_dag.py
[2025-06-21T14:36:08.786+0000] {logging_mixin.py:188} INFO - [2025-06-21T14:36:08.785+0000] {dag.py:3096} INFO - Sync 1 DAGs
[2025-06-21T14:36:08.810+0000] {logging_mixin.py:188} INFO - [2025-06-21T14:36:08.810+0000] {dag.py:3954} INFO - Setting next_dagrun for trustpilot_pipeline to 2025-06-09 04:00:00+00:00, run_after=2025-06-16 04:00:00+00:00
[2025-06-21T14:36:08.830+0000] {processor.py:183} INFO - Processing /opt/airflow/dags/trustpilot_dag.py took 1.238 seconds
[2025-06-21T14:36:39.011+0000] {processor.py:161} INFO - Started process (PID=693) to work on /opt/airflow/dags/trustpilot_dag.py
[2025-06-21T14:36:39.012+0000] {processor.py:830} INFO - Processing file /opt/airflow/dags/trustpilot_dag.py for tasks to queue
[2025-06-21T14:36:39.014+0000] {logging_mixin.py:188} INFO - [2025-06-21T14:36:39.014+0000] {dagbag.py:545} INFO - Filling up the DagBag from /opt/airflow/dags/trustpilot_dag.py
[2025-06-21T14:36:40.111+0000] {logging_mixin.py:188} INFO - ✅ Exporter Prometheus lancé sur http://localhost:8000/metrics
[2025-06-21T14:36:40.112+0000] {logging_mixin.py:188} INFO - [2025-06-21T14:36:40.112+0000] {trustpilot_dag.py:26} ERROR - ❌ Fichier manquant empêchant l'import : Fichier de credentials GCP introuvable : config/trustpilot-satisfaction-43aac3dd82a9.json
[2025-06-21T14:36:40.119+0000] {processor.py:840} INFO - DAG(s) 'trustpilot_pipeline' retrieved from /opt/airflow/dags/trustpilot_dag.py
[2025-06-21T14:36:40.144+0000] {logging_mixin.py:188} INFO - [2025-06-21T14:36:40.144+0000] {dag.py:3096} INFO - Sync 1 DAGs
[2025-06-21T14:36:40.170+0000] {logging_mixin.py:188} INFO - [2025-06-21T14:36:40.170+0000] {dag.py:3954} INFO - Setting next_dagrun for trustpilot_pipeline to 2025-06-09 04:00:00+00:00, run_after=2025-06-16 04:00:00+00:00
[2025-06-21T14:36:40.189+0000] {processor.py:183} INFO - Processing /opt/airflow/dags/trustpilot_dag.py took 1.190 seconds
[2025-06-21T14:37:10.364+0000] {processor.py:161} INFO - Started process (PID=700) to work on /opt/airflow/dags/trustpilot_dag.py
[2025-06-21T14:37:10.364+0000] {processor.py:830} INFO - Processing file /opt/airflow/dags/trustpilot_dag.py for tasks to queue
[2025-06-21T14:37:10.366+0000] {logging_mixin.py:188} INFO - [2025-06-21T14:37:10.366+0000] {dagbag.py:545} INFO - Filling up the DagBag from /opt/airflow/dags/trustpilot_dag.py
[2025-06-21T14:37:11.561+0000] {logging_mixin.py:188} INFO - ✅ Exporter Prometheus lancé sur http://localhost:8000/metrics
[2025-06-21T14:37:11.562+0000] {logging_mixin.py:188} INFO - [2025-06-21T14:37:11.562+0000] {trustpilot_dag.py:26} ERROR - ❌ Fichier manquant empêchant l'import : Fichier de credentials GCP introuvable : config/trustpilot-satisfaction-43aac3dd82a9.json
[2025-06-21T14:37:11.571+0000] {processor.py:840} INFO - DAG(s) 'trustpilot_pipeline' retrieved from /opt/airflow/dags/trustpilot_dag.py
[2025-06-21T14:37:11.595+0000] {logging_mixin.py:188} INFO - [2025-06-21T14:37:11.595+0000] {dag.py:3096} INFO - Sync 1 DAGs
[2025-06-21T14:37:11.617+0000] {logging_mixin.py:188} INFO - [2025-06-21T14:37:11.617+0000] {dag.py:3954} INFO - Setting next_dagrun for trustpilot_pipeline to 2025-06-09 04:00:00+00:00, run_after=2025-06-16 04:00:00+00:00
[2025-06-21T14:37:11.633+0000] {processor.py:183} INFO - Processing /opt/airflow/dags/trustpilot_dag.py took 1.277 seconds
[2025-06-21T14:37:41.828+0000] {processor.py:161} INFO - Started process (PID=707) to work on /opt/airflow/dags/trustpilot_dag.py
[2025-06-21T14:37:41.830+0000] {processor.py:830} INFO - Processing file /opt/airflow/dags/trustpilot_dag.py for tasks to queue
[2025-06-21T14:37:41.833+0000] {logging_mixin.py:188} INFO - [2025-06-21T14:37:41.832+0000] {dagbag.py:545} INFO - Filling up the DagBag from /opt/airflow/dags/trustpilot_dag.py
[2025-06-21T14:37:42.742+0000] {logging_mixin.py:188} INFO - ✅ Exporter Prometheus lancé sur http://localhost:8000/metrics
[2025-06-21T14:37:42.743+0000] {logging_mixin.py:188} INFO - [2025-06-21T14:37:42.743+0000] {trustpilot_dag.py:26} ERROR - ❌ Fichier manquant empêchant l'import : Fichier de credentials GCP introuvable : config/trustpilot-satisfaction-43aac3dd82a9.json
[2025-06-21T14:37:42.749+0000] {processor.py:840} INFO - DAG(s) 'trustpilot_pipeline' retrieved from /opt/airflow/dags/trustpilot_dag.py
[2025-06-21T14:37:42.769+0000] {logging_mixin.py:188} INFO - [2025-06-21T14:37:42.769+0000] {dag.py:3096} INFO - Sync 1 DAGs
[2025-06-21T14:37:42.787+0000] {logging_mixin.py:188} INFO - [2025-06-21T14:37:42.786+0000] {dag.py:3954} INFO - Setting next_dagrun for trustpilot_pipeline to 2025-06-09 04:00:00+00:00, run_after=2025-06-16 04:00:00+00:00
[2025-06-21T14:37:42.804+0000] {processor.py:183} INFO - Processing /opt/airflow/dags/trustpilot_dag.py took 0.992 seconds
[2025-06-21T14:40:38.631+0000] {processor.py:161} INFO - Started process (PID=180) to work on /opt/airflow/dags/trustpilot_dag.py
[2025-06-21T14:40:38.632+0000] {processor.py:830} INFO - Processing file /opt/airflow/dags/trustpilot_dag.py for tasks to queue
[2025-06-21T14:40:38.634+0000] {logging_mixin.py:188} INFO - [2025-06-21T14:40:38.634+0000] {dagbag.py:545} INFO - Filling up the DagBag from /opt/airflow/dags/trustpilot_dag.py
[2025-06-21T14:40:41.595+0000] {logging_mixin.py:188} INFO - ✅ Exporter Prometheus lancé sur http://localhost:8000/metrics
[2025-06-21T14:40:41.596+0000] {logging_mixin.py:188} INFO - [2025-06-21T14:40:41.596+0000] {trustpilot_dag.py:26} ERROR - ❌ Fichier manquant empêchant l'import : Fichier de credentials GCP introuvable : config/trustpilot-satisfaction-43aac3dd82a9.json
[2025-06-21T14:40:41.625+0000] {processor.py:840} INFO - DAG(s) 'trustpilot_pipeline' retrieved from /opt/airflow/dags/trustpilot_dag.py
[2025-06-21T14:40:41.921+0000] {logging_mixin.py:188} INFO - [2025-06-21T14:40:41.920+0000] {override.py:1829} INFO - Created Permission View: can delete on DAG:trustpilot_pipeline
[2025-06-21T14:40:41.930+0000] {logging_mixin.py:188} INFO - [2025-06-21T14:40:41.930+0000] {override.py:1829} INFO - Created Permission View: can read on DAG:trustpilot_pipeline
[2025-06-21T14:40:41.939+0000] {logging_mixin.py:188} INFO - [2025-06-21T14:40:41.938+0000] {override.py:1829} INFO - Created Permission View: can edit on DAG:trustpilot_pipeline
[2025-06-21T14:40:41.939+0000] {logging_mixin.py:188} INFO - [2025-06-21T14:40:41.939+0000] {dag.py:3096} INFO - Sync 1 DAGs
[2025-06-21T14:40:41.952+0000] {logging_mixin.py:188} INFO - [2025-06-21T14:40:41.952+0000] {dag.py:3118} INFO - Creating ORM DAG for trustpilot_pipeline
[2025-06-21T14:40:41.962+0000] {logging_mixin.py:188} INFO - [2025-06-21T14:40:41.962+0000] {dag.py:3954} INFO - Setting next_dagrun for trustpilot_pipeline to 2025-06-09 04:00:00+00:00, run_after=2025-06-16 04:00:00+00:00
[2025-06-21T14:40:41.980+0000] {processor.py:183} INFO - Processing /opt/airflow/dags/trustpilot_dag.py took 3.355 seconds
[2025-06-21T14:41:12.170+0000] {processor.py:161} INFO - Started process (PID=187) to work on /opt/airflow/dags/trustpilot_dag.py
[2025-06-21T14:41:12.173+0000] {processor.py:830} INFO - Processing file /opt/airflow/dags/trustpilot_dag.py for tasks to queue
[2025-06-21T14:41:12.177+0000] {logging_mixin.py:188} INFO - [2025-06-21T14:41:12.176+0000] {dagbag.py:545} INFO - Filling up the DagBag from /opt/airflow/dags/trustpilot_dag.py
[2025-06-21T14:41:13.236+0000] {logging_mixin.py:188} INFO - ✅ Exporter Prometheus lancé sur http://localhost:8000/metrics
[2025-06-21T14:41:13.238+0000] {logging_mixin.py:188} INFO - [2025-06-21T14:41:13.237+0000] {trustpilot_dag.py:26} ERROR - ❌ Fichier manquant empêchant l'import : Fichier de credentials GCP introuvable : config/trustpilot-satisfaction-43aac3dd82a9.json
[2025-06-21T14:41:13.244+0000] {processor.py:840} INFO - DAG(s) 'trustpilot_pipeline' retrieved from /opt/airflow/dags/trustpilot_dag.py
[2025-06-21T14:41:13.266+0000] {logging_mixin.py:188} INFO - [2025-06-21T14:41:13.266+0000] {dag.py:3096} INFO - Sync 1 DAGs
[2025-06-21T14:41:13.288+0000] {logging_mixin.py:188} INFO - [2025-06-21T14:41:13.288+0000] {dag.py:3954} INFO - Setting next_dagrun for trustpilot_pipeline to 2025-06-09 04:00:00+00:00, run_after=2025-06-16 04:00:00+00:00
[2025-06-21T14:41:13.305+0000] {processor.py:183} INFO - Processing /opt/airflow/dags/trustpilot_dag.py took 1.149 seconds
[2025-06-21T14:41:43.581+0000] {processor.py:161} INFO - Started process (PID=194) to work on /opt/airflow/dags/trustpilot_dag.py
[2025-06-21T14:41:43.582+0000] {processor.py:830} INFO - Processing file /opt/airflow/dags/trustpilot_dag.py for tasks to queue
[2025-06-21T14:41:43.584+0000] {logging_mixin.py:188} INFO - [2025-06-21T14:41:43.584+0000] {dagbag.py:545} INFO - Filling up the DagBag from /opt/airflow/dags/trustpilot_dag.py
[2025-06-21T14:41:44.607+0000] {logging_mixin.py:188} INFO - ✅ Exporter Prometheus lancé sur http://localhost:8000/metrics
[2025-06-21T14:41:44.608+0000] {logging_mixin.py:188} INFO - [2025-06-21T14:41:44.608+0000] {trustpilot_dag.py:26} ERROR - ❌ Fichier manquant empêchant l'import : Fichier de credentials GCP introuvable : config/trustpilot-satisfaction-43aac3dd82a9.json
[2025-06-21T14:41:44.615+0000] {processor.py:840} INFO - DAG(s) 'trustpilot_pipeline' retrieved from /opt/airflow/dags/trustpilot_dag.py
[2025-06-21T14:41:44.639+0000] {logging_mixin.py:188} INFO - [2025-06-21T14:41:44.638+0000] {dag.py:3096} INFO - Sync 1 DAGs
[2025-06-21T14:41:44.660+0000] {logging_mixin.py:188} INFO - [2025-06-21T14:41:44.659+0000] {dag.py:3954} INFO - Setting next_dagrun for trustpilot_pipeline to 2025-06-09 04:00:00+00:00, run_after=2025-06-16 04:00:00+00:00
[2025-06-21T14:41:44.677+0000] {processor.py:183} INFO - Processing /opt/airflow/dags/trustpilot_dag.py took 1.102 seconds
[2025-06-21T14:42:14.838+0000] {processor.py:161} INFO - Started process (PID=201) to work on /opt/airflow/dags/trustpilot_dag.py
[2025-06-21T14:42:14.840+0000] {processor.py:830} INFO - Processing file /opt/airflow/dags/trustpilot_dag.py for tasks to queue
[2025-06-21T14:42:14.843+0000] {logging_mixin.py:188} INFO - [2025-06-21T14:42:14.842+0000] {dagbag.py:545} INFO - Filling up the DagBag from /opt/airflow/dags/trustpilot_dag.py
[2025-06-21T14:42:15.814+0000] {logging_mixin.py:188} INFO - ✅ Exporter Prometheus lancé sur http://localhost:8000/metrics
[2025-06-21T14:42:15.815+0000] {logging_mixin.py:188} INFO - [2025-06-21T14:42:15.815+0000] {trustpilot_dag.py:26} ERROR - ❌ Fichier manquant empêchant l'import : Fichier de credentials GCP introuvable : config/trustpilot-satisfaction-43aac3dd82a9.json
[2025-06-21T14:42:15.822+0000] {processor.py:840} INFO - DAG(s) 'trustpilot_pipeline' retrieved from /opt/airflow/dags/trustpilot_dag.py
[2025-06-21T14:42:15.844+0000] {logging_mixin.py:188} INFO - [2025-06-21T14:42:15.843+0000] {dag.py:3096} INFO - Sync 1 DAGs
[2025-06-21T14:42:15.864+0000] {logging_mixin.py:188} INFO - [2025-06-21T14:42:15.864+0000] {dag.py:3954} INFO - Setting next_dagrun for trustpilot_pipeline to 2025-06-09 04:00:00+00:00, run_after=2025-06-16 04:00:00+00:00
[2025-06-21T14:42:15.881+0000] {processor.py:183} INFO - Processing /opt/airflow/dags/trustpilot_dag.py took 1.058 seconds
[2025-06-21T14:42:45.992+0000] {processor.py:161} INFO - Started process (PID=208) to work on /opt/airflow/dags/trustpilot_dag.py
[2025-06-21T14:42:45.993+0000] {processor.py:830} INFO - Processing file /opt/airflow/dags/trustpilot_dag.py for tasks to queue
[2025-06-21T14:42:45.996+0000] {logging_mixin.py:188} INFO - [2025-06-21T14:42:45.995+0000] {dagbag.py:545} INFO - Filling up the DagBag from /opt/airflow/dags/trustpilot_dag.py
[2025-06-21T14:42:47.048+0000] {logging_mixin.py:188} INFO - ✅ Exporter Prometheus lancé sur http://localhost:8000/metrics
[2025-06-21T14:42:47.049+0000] {logging_mixin.py:188} INFO - [2025-06-21T14:42:47.049+0000] {trustpilot_dag.py:26} ERROR - ❌ Fichier manquant empêchant l'import : Fichier de credentials GCP introuvable : config/trustpilot-satisfaction-43aac3dd82a9.json
[2025-06-21T14:42:47.055+0000] {processor.py:840} INFO - DAG(s) 'trustpilot_pipeline' retrieved from /opt/airflow/dags/trustpilot_dag.py
[2025-06-21T14:42:47.075+0000] {logging_mixin.py:188} INFO - [2025-06-21T14:42:47.074+0000] {dag.py:3096} INFO - Sync 1 DAGs
[2025-06-21T14:42:47.094+0000] {logging_mixin.py:188} INFO - [2025-06-21T14:42:47.093+0000] {dag.py:3954} INFO - Setting next_dagrun for trustpilot_pipeline to 2025-06-09 04:00:00+00:00, run_after=2025-06-16 04:00:00+00:00
[2025-06-21T14:42:47.109+0000] {processor.py:183} INFO - Processing /opt/airflow/dags/trustpilot_dag.py took 1.131 seconds
[2025-06-21T16:49:27.551+0000] {processor.py:161} INFO - Started process (PID=244) to work on /opt/airflow/dags/trustpilot_dag.py
[2025-06-21T16:49:27.552+0000] {processor.py:830} INFO - Processing file /opt/airflow/dags/trustpilot_dag.py for tasks to queue
[2025-06-21T16:49:27.554+0000] {logging_mixin.py:188} INFO - [2025-06-21T16:49:27.554+0000] {dagbag.py:545} INFO - Filling up the DagBag from /opt/airflow/dags/trustpilot_dag.py
[2025-06-21T16:49:28.838+0000] {logging_mixin.py:188} INFO - ✅ Exporter Prometheus lancé sur http://localhost:8000/metrics
[2025-06-21T16:49:28.848+0000] {processor.py:840} INFO - DAG(s) 'trustpilot_pipeline' retrieved from /opt/airflow/dags/trustpilot_dag.py
[2025-06-21T16:49:28.986+0000] {logging_mixin.py:188} INFO - [2025-06-21T16:49:28.985+0000] {dag.py:3096} INFO - Sync 1 DAGs
[2025-06-21T16:49:29.009+0000] {logging_mixin.py:188} INFO - [2025-06-21T16:49:29.008+0000] {dag.py:3954} INFO - Setting next_dagrun for trustpilot_pipeline to 2025-06-16 04:00:00+00:00, run_after=2025-06-23 04:00:00+00:00
[2025-06-21T16:49:29.029+0000] {processor.py:183} INFO - Processing /opt/airflow/dags/trustpilot_dag.py took 1.487 seconds
[2025-06-21T16:49:59.193+0000] {processor.py:161} INFO - Started process (PID=267) to work on /opt/airflow/dags/trustpilot_dag.py
[2025-06-21T16:49:59.194+0000] {processor.py:830} INFO - Processing file /opt/airflow/dags/trustpilot_dag.py for tasks to queue
[2025-06-21T16:49:59.196+0000] {logging_mixin.py:188} INFO - [2025-06-21T16:49:59.196+0000] {dagbag.py:545} INFO - Filling up the DagBag from /opt/airflow/dags/trustpilot_dag.py
[2025-06-21T16:50:00.291+0000] {logging_mixin.py:188} INFO - [2025-06-21T16:50:00.289+0000] {dagbag.py:355} ERROR - Failed to import: /opt/airflow/dags/trustpilot_dag.py
Traceback (most recent call last):
  File "/home/airflow/.local/lib/python3.11/site-packages/airflow/models/dagbag.py", line 351, in parse
    loader.exec_module(new_module)
  File "<frozen importlib._bootstrap_external>", line 940, in exec_module
  File "<frozen importlib._bootstrap>", line 241, in _call_with_frames_removed
  File "/opt/airflow/dags/trustpilot_dag.py", line 23, in <module>
    from api.analyze_and_insert import process_and_insert_all
  File "/opt/airflow/project/api/analyze_and_insert.py", line 12, in <module>
    monitor_start(port=8000)
  File "/opt/airflow/project/monitoring/metrics.py", line 44, in monitor_start
    start_http_server(port)
  File "/home/airflow/.local/lib/python3.11/site-packages/prometheus_client/exposition.py", line 221, in start_wsgi_server
    httpd = make_server(addr, port, app, TmpServer, handler_class=_SilentHandler)
            ^^^^^^^^^^^^^^^^^^^^^^^^^^^^^^^^^^^^^^^^^^^^^^^^^^^^^^^^^^^^^^^^^^^^^
  File "/usr/local/lib/python3.11/wsgiref/simple_server.py", line 154, in make_server
    server = server_class((host, port), handler_class)
             ^^^^^^^^^^^^^^^^^^^^^^^^^^^^^^^^^^^^^^^^^
  File "/usr/local/lib/python3.11/socketserver.py", line 456, in __init__
    self.server_bind()
  File "/usr/local/lib/python3.11/wsgiref/simple_server.py", line 50, in server_bind
    HTTPServer.server_bind(self)
  File "/usr/local/lib/python3.11/http/server.py", line 136, in server_bind
    socketserver.TCPServer.server_bind(self)
  File "/usr/local/lib/python3.11/socketserver.py", line 472, in server_bind
    self.socket.bind(self.server_address)
OSError: [Errno 98] Address already in use
[2025-06-21T16:50:00.291+0000] {processor.py:842} WARNING - No viable dags retrieved from /opt/airflow/dags/trustpilot_dag.py
[2025-06-21T16:50:00.308+0000] {processor.py:183} INFO - Processing /opt/airflow/dags/trustpilot_dag.py took 1.125 seconds
[2025-06-21T16:50:30.447+0000] {processor.py:161} INFO - Started process (PID=273) to work on /opt/airflow/dags/trustpilot_dag.py
[2025-06-21T16:50:30.449+0000] {processor.py:830} INFO - Processing file /opt/airflow/dags/trustpilot_dag.py for tasks to queue
[2025-06-21T16:50:30.451+0000] {logging_mixin.py:188} INFO - [2025-06-21T16:50:30.451+0000] {dagbag.py:545} INFO - Filling up the DagBag from /opt/airflow/dags/trustpilot_dag.py
[2025-06-21T16:50:31.762+0000] {logging_mixin.py:188} INFO - [2025-06-21T16:50:31.759+0000] {dagbag.py:355} ERROR - Failed to import: /opt/airflow/dags/trustpilot_dag.py
Traceback (most recent call last):
  File "/home/airflow/.local/lib/python3.11/site-packages/airflow/models/dagbag.py", line 351, in parse
    loader.exec_module(new_module)
  File "<frozen importlib._bootstrap_external>", line 940, in exec_module
  File "<frozen importlib._bootstrap>", line 241, in _call_with_frames_removed
  File "/opt/airflow/dags/trustpilot_dag.py", line 23, in <module>
    from api.analyze_and_insert import process_and_insert_all
  File "/opt/airflow/project/api/analyze_and_insert.py", line 12, in <module>
    monitor_start(port=8000)
  File "/opt/airflow/project/monitoring/metrics.py", line 44, in monitor_start
    start_http_server(port)
  File "/home/airflow/.local/lib/python3.11/site-packages/prometheus_client/exposition.py", line 221, in start_wsgi_server
    httpd = make_server(addr, port, app, TmpServer, handler_class=_SilentHandler)
            ^^^^^^^^^^^^^^^^^^^^^^^^^^^^^^^^^^^^^^^^^^^^^^^^^^^^^^^^^^^^^^^^^^^^^
  File "/usr/local/lib/python3.11/wsgiref/simple_server.py", line 154, in make_server
    server = server_class((host, port), handler_class)
             ^^^^^^^^^^^^^^^^^^^^^^^^^^^^^^^^^^^^^^^^^
  File "/usr/local/lib/python3.11/socketserver.py", line 456, in __init__
    self.server_bind()
  File "/usr/local/lib/python3.11/wsgiref/simple_server.py", line 50, in server_bind
    HTTPServer.server_bind(self)
  File "/usr/local/lib/python3.11/http/server.py", line 136, in server_bind
    socketserver.TCPServer.server_bind(self)
  File "/usr/local/lib/python3.11/socketserver.py", line 472, in server_bind
    self.socket.bind(self.server_address)
OSError: [Errno 98] Address already in use
[2025-06-21T16:50:31.763+0000] {processor.py:842} WARNING - No viable dags retrieved from /opt/airflow/dags/trustpilot_dag.py
[2025-06-21T16:50:31.781+0000] {processor.py:183} INFO - Processing /opt/airflow/dags/trustpilot_dag.py took 1.341 seconds
[2025-06-21T16:51:01.902+0000] {processor.py:161} INFO - Started process (PID=279) to work on /opt/airflow/dags/trustpilot_dag.py
[2025-06-21T16:51:01.903+0000] {processor.py:830} INFO - Processing file /opt/airflow/dags/trustpilot_dag.py for tasks to queue
[2025-06-21T16:51:01.905+0000] {logging_mixin.py:188} INFO - [2025-06-21T16:51:01.904+0000] {dagbag.py:545} INFO - Filling up the DagBag from /opt/airflow/dags/trustpilot_dag.py
[2025-06-21T16:51:02.960+0000] {logging_mixin.py:188} INFO - ✅ Exporter Prometheus lancé sur http://localhost:8000/metrics
[2025-06-21T16:51:02.968+0000] {processor.py:840} INFO - DAG(s) 'trustpilot_pipeline' retrieved from /opt/airflow/dags/trustpilot_dag.py
[2025-06-21T16:51:02.991+0000] {logging_mixin.py:188} INFO - [2025-06-21T16:51:02.990+0000] {dag.py:3096} INFO - Sync 1 DAGs
[2025-06-21T16:51:03.012+0000] {logging_mixin.py:188} INFO - [2025-06-21T16:51:03.012+0000] {dag.py:3954} INFO - Setting next_dagrun for trustpilot_pipeline to 2025-06-16 04:00:00+00:00, run_after=2025-06-23 04:00:00+00:00
[2025-06-21T16:51:03.033+0000] {processor.py:183} INFO - Processing /opt/airflow/dags/trustpilot_dag.py took 1.138 seconds
[2025-06-21T16:51:33.167+0000] {processor.py:161} INFO - Started process (PID=286) to work on /opt/airflow/dags/trustpilot_dag.py
[2025-06-21T16:51:33.169+0000] {processor.py:830} INFO - Processing file /opt/airflow/dags/trustpilot_dag.py for tasks to queue
[2025-06-21T16:51:33.171+0000] {logging_mixin.py:188} INFO - [2025-06-21T16:51:33.170+0000] {dagbag.py:545} INFO - Filling up the DagBag from /opt/airflow/dags/trustpilot_dag.py
[2025-06-21T16:51:34.212+0000] {logging_mixin.py:188} INFO - ✅ Exporter Prometheus lancé sur http://localhost:8000/metrics
[2025-06-21T16:51:34.220+0000] {processor.py:840} INFO - DAG(s) 'trustpilot_pipeline' retrieved from /opt/airflow/dags/trustpilot_dag.py
[2025-06-21T16:51:34.241+0000] {logging_mixin.py:188} INFO - [2025-06-21T16:51:34.240+0000] {dag.py:3096} INFO - Sync 1 DAGs
[2025-06-21T16:51:34.263+0000] {logging_mixin.py:188} INFO - [2025-06-21T16:51:34.263+0000] {dag.py:3954} INFO - Setting next_dagrun for trustpilot_pipeline to 2025-06-16 04:00:00+00:00, run_after=2025-06-23 04:00:00+00:00
[2025-06-21T16:51:34.282+0000] {processor.py:183} INFO - Processing /opt/airflow/dags/trustpilot_dag.py took 1.123 seconds
[2025-06-21T16:52:04.438+0000] {processor.py:161} INFO - Started process (PID=293) to work on /opt/airflow/dags/trustpilot_dag.py
[2025-06-21T16:52:04.439+0000] {processor.py:830} INFO - Processing file /opt/airflow/dags/trustpilot_dag.py for tasks to queue
[2025-06-21T16:52:04.442+0000] {logging_mixin.py:188} INFO - [2025-06-21T16:52:04.442+0000] {dagbag.py:545} INFO - Filling up the DagBag from /opt/airflow/dags/trustpilot_dag.py
[2025-06-21T16:52:05.639+0000] {logging_mixin.py:188} INFO - ✅ Exporter Prometheus lancé sur http://localhost:8000/metrics
[2025-06-21T16:52:05.647+0000] {processor.py:840} INFO - DAG(s) 'trustpilot_pipeline' retrieved from /opt/airflow/dags/trustpilot_dag.py
[2025-06-21T16:52:05.671+0000] {logging_mixin.py:188} INFO - [2025-06-21T16:52:05.671+0000] {dag.py:3096} INFO - Sync 1 DAGs
[2025-06-21T16:52:05.701+0000] {logging_mixin.py:188} INFO - [2025-06-21T16:52:05.701+0000] {dag.py:3954} INFO - Setting next_dagrun for trustpilot_pipeline to 2025-06-16 04:00:00+00:00, run_after=2025-06-23 04:00:00+00:00
[2025-06-21T16:52:05.720+0000] {processor.py:183} INFO - Processing /opt/airflow/dags/trustpilot_dag.py took 1.291 seconds
[2025-06-21T16:52:35.877+0000] {processor.py:161} INFO - Started process (PID=300) to work on /opt/airflow/dags/trustpilot_dag.py
[2025-06-21T16:52:35.879+0000] {processor.py:830} INFO - Processing file /opt/airflow/dags/trustpilot_dag.py for tasks to queue
[2025-06-21T16:52:35.882+0000] {logging_mixin.py:188} INFO - [2025-06-21T16:52:35.882+0000] {dagbag.py:545} INFO - Filling up the DagBag from /opt/airflow/dags/trustpilot_dag.py
[2025-06-21T16:52:36.900+0000] {logging_mixin.py:188} INFO - ✅ Exporter Prometheus lancé sur http://localhost:8000/metrics
[2025-06-21T16:52:36.908+0000] {processor.py:840} INFO - DAG(s) 'trustpilot_pipeline' retrieved from /opt/airflow/dags/trustpilot_dag.py
[2025-06-21T16:52:36.932+0000] {logging_mixin.py:188} INFO - [2025-06-21T16:52:36.931+0000] {dag.py:3096} INFO - Sync 1 DAGs
[2025-06-21T16:52:36.953+0000] {logging_mixin.py:188} INFO - [2025-06-21T16:52:36.953+0000] {dag.py:3954} INFO - Setting next_dagrun for trustpilot_pipeline to 2025-06-16 04:00:00+00:00, run_after=2025-06-23 04:00:00+00:00
[2025-06-21T16:52:36.973+0000] {processor.py:183} INFO - Processing /opt/airflow/dags/trustpilot_dag.py took 1.104 seconds
[2025-06-21T16:53:07.139+0000] {processor.py:161} INFO - Started process (PID=307) to work on /opt/airflow/dags/trustpilot_dag.py
[2025-06-21T16:53:07.142+0000] {processor.py:830} INFO - Processing file /opt/airflow/dags/trustpilot_dag.py for tasks to queue
[2025-06-21T16:53:07.144+0000] {logging_mixin.py:188} INFO - [2025-06-21T16:53:07.143+0000] {dagbag.py:545} INFO - Filling up the DagBag from /opt/airflow/dags/trustpilot_dag.py
[2025-06-21T16:53:08.133+0000] {logging_mixin.py:188} INFO - ✅ Exporter Prometheus lancé sur http://localhost:8000/metrics
[2025-06-21T16:53:08.141+0000] {processor.py:840} INFO - DAG(s) 'trustpilot_pipeline' retrieved from /opt/airflow/dags/trustpilot_dag.py
[2025-06-21T16:53:08.162+0000] {logging_mixin.py:188} INFO - [2025-06-21T16:53:08.162+0000] {dag.py:3096} INFO - Sync 1 DAGs
[2025-06-21T16:53:08.184+0000] {logging_mixin.py:188} INFO - [2025-06-21T16:53:08.184+0000] {dag.py:3954} INFO - Setting next_dagrun for trustpilot_pipeline to 2025-06-16 04:00:00+00:00, run_after=2025-06-23 04:00:00+00:00
[2025-06-21T16:53:08.202+0000] {processor.py:183} INFO - Processing /opt/airflow/dags/trustpilot_dag.py took 1.072 seconds
[2025-06-21T17:00:33.063+0000] {processor.py:161} INFO - Started process (PID=207) to work on /opt/airflow/dags/trustpilot_dag.py
[2025-06-21T17:00:33.065+0000] {processor.py:830} INFO - Processing file /opt/airflow/dags/trustpilot_dag.py for tasks to queue
[2025-06-21T17:00:33.067+0000] {logging_mixin.py:188} INFO - [2025-06-21T17:00:33.067+0000] {dagbag.py:545} INFO - Filling up the DagBag from /opt/airflow/dags/trustpilot_dag.py
[2025-06-21T17:00:34.639+0000] {processor.py:840} INFO - DAG(s) 'trustpilot_pipeline' retrieved from /opt/airflow/dags/trustpilot_dag.py
[2025-06-21T17:00:34.781+0000] {logging_mixin.py:188} INFO - [2025-06-21T17:00:34.780+0000] {dag.py:3096} INFO - Sync 1 DAGs
[2025-06-21T17:00:34.806+0000] {logging_mixin.py:188} INFO - [2025-06-21T17:00:34.806+0000] {dag.py:3954} INFO - Setting next_dagrun for trustpilot_pipeline to 2025-06-16 04:00:00+00:00, run_after=2025-06-23 04:00:00+00:00
[2025-06-21T17:00:34.832+0000] {processor.py:183} INFO - Processing /opt/airflow/dags/trustpilot_dag.py took 1.776 seconds
[2025-06-21T17:01:04.986+0000] {processor.py:161} INFO - Started process (PID=238) to work on /opt/airflow/dags/trustpilot_dag.py
[2025-06-21T17:01:04.987+0000] {processor.py:830} INFO - Processing file /opt/airflow/dags/trustpilot_dag.py for tasks to queue
[2025-06-21T17:01:04.989+0000] {logging_mixin.py:188} INFO - [2025-06-21T17:01:04.989+0000] {dagbag.py:545} INFO - Filling up the DagBag from /opt/airflow/dags/trustpilot_dag.py
[2025-06-21T17:01:06.103+0000] {processor.py:840} INFO - DAG(s) 'trustpilot_pipeline' retrieved from /opt/airflow/dags/trustpilot_dag.py
[2025-06-21T17:01:06.126+0000] {logging_mixin.py:188} INFO - [2025-06-21T17:01:06.125+0000] {dag.py:3096} INFO - Sync 1 DAGs
[2025-06-21T17:01:06.145+0000] {logging_mixin.py:188} INFO - [2025-06-21T17:01:06.145+0000] {dag.py:3954} INFO - Setting next_dagrun for trustpilot_pipeline to 2025-06-16 04:00:00+00:00, run_after=2025-06-23 04:00:00+00:00
[2025-06-21T17:01:06.163+0000] {processor.py:183} INFO - Processing /opt/airflow/dags/trustpilot_dag.py took 1.187 seconds
[2025-06-21T17:01:36.312+0000] {processor.py:161} INFO - Started process (PID=244) to work on /opt/airflow/dags/trustpilot_dag.py
[2025-06-21T17:01:36.313+0000] {processor.py:830} INFO - Processing file /opt/airflow/dags/trustpilot_dag.py for tasks to queue
[2025-06-21T17:01:36.316+0000] {logging_mixin.py:188} INFO - [2025-06-21T17:01:36.315+0000] {dagbag.py:545} INFO - Filling up the DagBag from /opt/airflow/dags/trustpilot_dag.py
[2025-06-21T17:01:37.436+0000] {processor.py:840} INFO - DAG(s) 'trustpilot_pipeline' retrieved from /opt/airflow/dags/trustpilot_dag.py
[2025-06-21T17:01:37.459+0000] {logging_mixin.py:188} INFO - [2025-06-21T17:01:37.459+0000] {dag.py:3096} INFO - Sync 1 DAGs
[2025-06-21T17:01:37.482+0000] {logging_mixin.py:188} INFO - [2025-06-21T17:01:37.482+0000] {dag.py:3954} INFO - Setting next_dagrun for trustpilot_pipeline to 2025-06-16 04:00:00+00:00, run_after=2025-06-23 04:00:00+00:00
[2025-06-21T17:01:37.500+0000] {processor.py:183} INFO - Processing /opt/airflow/dags/trustpilot_dag.py took 1.197 seconds
[2025-06-21T17:02:07.793+0000] {processor.py:161} INFO - Started process (PID=250) to work on /opt/airflow/dags/trustpilot_dag.py
[2025-06-21T17:02:07.794+0000] {processor.py:830} INFO - Processing file /opt/airflow/dags/trustpilot_dag.py for tasks to queue
[2025-06-21T17:02:07.796+0000] {logging_mixin.py:188} INFO - [2025-06-21T17:02:07.795+0000] {dagbag.py:545} INFO - Filling up the DagBag from /opt/airflow/dags/trustpilot_dag.py
[2025-06-21T17:02:08.959+0000] {processor.py:840} INFO - DAG(s) 'trustpilot_pipeline' retrieved from /opt/airflow/dags/trustpilot_dag.py
[2025-06-21T17:02:08.981+0000] {logging_mixin.py:188} INFO - [2025-06-21T17:02:08.981+0000] {dag.py:3096} INFO - Sync 1 DAGs
[2025-06-21T17:02:09.007+0000] {logging_mixin.py:188} INFO - [2025-06-21T17:02:09.007+0000] {dag.py:3954} INFO - Setting next_dagrun for trustpilot_pipeline to 2025-06-16 04:00:00+00:00, run_after=2025-06-23 04:00:00+00:00
[2025-06-21T17:02:09.027+0000] {processor.py:183} INFO - Processing /opt/airflow/dags/trustpilot_dag.py took 1.241 seconds
[2025-06-21T17:02:39.161+0000] {processor.py:161} INFO - Started process (PID=256) to work on /opt/airflow/dags/trustpilot_dag.py
[2025-06-21T17:02:39.162+0000] {processor.py:830} INFO - Processing file /opt/airflow/dags/trustpilot_dag.py for tasks to queue
[2025-06-21T17:02:39.164+0000] {logging_mixin.py:188} INFO - [2025-06-21T17:02:39.163+0000] {dagbag.py:545} INFO - Filling up the DagBag from /opt/airflow/dags/trustpilot_dag.py
[2025-06-21T17:02:40.294+0000] {processor.py:840} INFO - DAG(s) 'trustpilot_pipeline' retrieved from /opt/airflow/dags/trustpilot_dag.py
[2025-06-21T17:02:40.314+0000] {logging_mixin.py:188} INFO - [2025-06-21T17:02:40.314+0000] {dag.py:3096} INFO - Sync 1 DAGs
[2025-06-21T17:02:40.339+0000] {logging_mixin.py:188} INFO - [2025-06-21T17:02:40.339+0000] {dag.py:3954} INFO - Setting next_dagrun for trustpilot_pipeline to 2025-06-16 04:00:00+00:00, run_after=2025-06-23 04:00:00+00:00
[2025-06-21T17:02:40.355+0000] {processor.py:183} INFO - Processing /opt/airflow/dags/trustpilot_dag.py took 1.204 seconds
[2025-06-21T17:03:10.486+0000] {processor.py:161} INFO - Started process (PID=262) to work on /opt/airflow/dags/trustpilot_dag.py
[2025-06-21T17:03:10.487+0000] {processor.py:830} INFO - Processing file /opt/airflow/dags/trustpilot_dag.py for tasks to queue
[2025-06-21T17:03:10.489+0000] {logging_mixin.py:188} INFO - [2025-06-21T17:03:10.489+0000] {dagbag.py:545} INFO - Filling up the DagBag from /opt/airflow/dags/trustpilot_dag.py
[2025-06-21T17:03:11.630+0000] {processor.py:840} INFO - DAG(s) 'trustpilot_pipeline' retrieved from /opt/airflow/dags/trustpilot_dag.py
[2025-06-21T17:03:11.654+0000] {logging_mixin.py:188} INFO - [2025-06-21T17:03:11.653+0000] {dag.py:3096} INFO - Sync 1 DAGs
[2025-06-21T17:03:11.676+0000] {logging_mixin.py:188} INFO - [2025-06-21T17:03:11.676+0000] {dag.py:3954} INFO - Setting next_dagrun for trustpilot_pipeline to 2025-06-16 04:00:00+00:00, run_after=2025-06-23 04:00:00+00:00
[2025-06-21T17:03:11.696+0000] {processor.py:183} INFO - Processing /opt/airflow/dags/trustpilot_dag.py took 1.218 seconds
[2025-06-21T17:03:41.831+0000] {processor.py:161} INFO - Started process (PID=268) to work on /opt/airflow/dags/trustpilot_dag.py
[2025-06-21T17:03:41.832+0000] {processor.py:830} INFO - Processing file /opt/airflow/dags/trustpilot_dag.py for tasks to queue
[2025-06-21T17:03:41.835+0000] {logging_mixin.py:188} INFO - [2025-06-21T17:03:41.834+0000] {dagbag.py:545} INFO - Filling up the DagBag from /opt/airflow/dags/trustpilot_dag.py
[2025-06-21T17:03:42.837+0000] {processor.py:840} INFO - DAG(s) 'trustpilot_pipeline' retrieved from /opt/airflow/dags/trustpilot_dag.py
[2025-06-21T17:03:42.862+0000] {logging_mixin.py:188} INFO - [2025-06-21T17:03:42.861+0000] {dag.py:3096} INFO - Sync 1 DAGs
[2025-06-21T17:03:42.885+0000] {logging_mixin.py:188} INFO - [2025-06-21T17:03:42.885+0000] {dag.py:3954} INFO - Setting next_dagrun for trustpilot_pipeline to 2025-06-16 04:00:00+00:00, run_after=2025-06-23 04:00:00+00:00
[2025-06-21T17:03:42.901+0000] {processor.py:183} INFO - Processing /opt/airflow/dags/trustpilot_dag.py took 1.079 seconds
[2025-06-21T17:04:12.944+0000] {processor.py:161} INFO - Started process (PID=274) to work on /opt/airflow/dags/trustpilot_dag.py
[2025-06-21T17:04:12.946+0000] {processor.py:830} INFO - Processing file /opt/airflow/dags/trustpilot_dag.py for tasks to queue
[2025-06-21T17:04:12.948+0000] {logging_mixin.py:188} INFO - [2025-06-21T17:04:12.948+0000] {dagbag.py:545} INFO - Filling up the DagBag from /opt/airflow/dags/trustpilot_dag.py
[2025-06-21T17:04:14.051+0000] {processor.py:840} INFO - DAG(s) 'trustpilot_pipeline' retrieved from /opt/airflow/dags/trustpilot_dag.py
[2025-06-21T17:04:14.073+0000] {logging_mixin.py:188} INFO - [2025-06-21T17:04:14.072+0000] {dag.py:3096} INFO - Sync 1 DAGs
[2025-06-21T17:04:14.094+0000] {logging_mixin.py:188} INFO - [2025-06-21T17:04:14.094+0000] {dag.py:3954} INFO - Setting next_dagrun for trustpilot_pipeline to 2025-06-16 04:00:00+00:00, run_after=2025-06-23 04:00:00+00:00
[2025-06-21T17:04:14.110+0000] {processor.py:183} INFO - Processing /opt/airflow/dags/trustpilot_dag.py took 1.175 seconds
[2025-06-21T17:04:44.254+0000] {processor.py:161} INFO - Started process (PID=280) to work on /opt/airflow/dags/trustpilot_dag.py
[2025-06-21T17:04:44.255+0000] {processor.py:830} INFO - Processing file /opt/airflow/dags/trustpilot_dag.py for tasks to queue
[2025-06-21T17:04:44.258+0000] {logging_mixin.py:188} INFO - [2025-06-21T17:04:44.258+0000] {dagbag.py:545} INFO - Filling up the DagBag from /opt/airflow/dags/trustpilot_dag.py
[2025-06-21T17:04:45.296+0000] {processor.py:840} INFO - DAG(s) 'trustpilot_pipeline' retrieved from /opt/airflow/dags/trustpilot_dag.py
[2025-06-21T17:04:45.317+0000] {logging_mixin.py:188} INFO - [2025-06-21T17:04:45.317+0000] {dag.py:3096} INFO - Sync 1 DAGs
[2025-06-21T17:04:45.338+0000] {logging_mixin.py:188} INFO - [2025-06-21T17:04:45.338+0000] {dag.py:3954} INFO - Setting next_dagrun for trustpilot_pipeline to 2025-06-16 04:00:00+00:00, run_after=2025-06-23 04:00:00+00:00
[2025-06-21T17:04:45.355+0000] {processor.py:183} INFO - Processing /opt/airflow/dags/trustpilot_dag.py took 1.109 seconds
[2025-06-21T17:05:15.508+0000] {processor.py:161} INFO - Started process (PID=286) to work on /opt/airflow/dags/trustpilot_dag.py
[2025-06-21T17:05:15.509+0000] {processor.py:830} INFO - Processing file /opt/airflow/dags/trustpilot_dag.py for tasks to queue
[2025-06-21T17:05:15.512+0000] {logging_mixin.py:188} INFO - [2025-06-21T17:05:15.512+0000] {dagbag.py:545} INFO - Filling up the DagBag from /opt/airflow/dags/trustpilot_dag.py
[2025-06-21T17:05:16.637+0000] {processor.py:840} INFO - DAG(s) 'trustpilot_pipeline' retrieved from /opt/airflow/dags/trustpilot_dag.py
[2025-06-21T17:05:16.660+0000] {logging_mixin.py:188} INFO - [2025-06-21T17:05:16.659+0000] {dag.py:3096} INFO - Sync 1 DAGs
[2025-06-21T17:05:16.680+0000] {logging_mixin.py:188} INFO - [2025-06-21T17:05:16.680+0000] {dag.py:3954} INFO - Setting next_dagrun for trustpilot_pipeline to 2025-06-16 04:00:00+00:00, run_after=2025-06-23 04:00:00+00:00
[2025-06-21T17:05:16.702+0000] {processor.py:183} INFO - Processing /opt/airflow/dags/trustpilot_dag.py took 1.208 seconds
[2025-06-21T17:05:46.866+0000] {processor.py:161} INFO - Started process (PID=292) to work on /opt/airflow/dags/trustpilot_dag.py
[2025-06-21T17:05:46.868+0000] {processor.py:830} INFO - Processing file /opt/airflow/dags/trustpilot_dag.py for tasks to queue
[2025-06-21T17:05:46.870+0000] {logging_mixin.py:188} INFO - [2025-06-21T17:05:46.869+0000] {dagbag.py:545} INFO - Filling up the DagBag from /opt/airflow/dags/trustpilot_dag.py
[2025-06-21T17:05:47.884+0000] {processor.py:840} INFO - DAG(s) 'trustpilot_pipeline' retrieved from /opt/airflow/dags/trustpilot_dag.py
[2025-06-21T17:05:47.905+0000] {logging_mixin.py:188} INFO - [2025-06-21T17:05:47.904+0000] {dag.py:3096} INFO - Sync 1 DAGs
[2025-06-21T17:05:47.928+0000] {logging_mixin.py:188} INFO - [2025-06-21T17:05:47.928+0000] {dag.py:3954} INFO - Setting next_dagrun for trustpilot_pipeline to 2025-06-16 04:00:00+00:00, run_after=2025-06-23 04:00:00+00:00
[2025-06-21T17:05:47.944+0000] {processor.py:183} INFO - Processing /opt/airflow/dags/trustpilot_dag.py took 1.090 seconds
[2025-06-21T17:06:18.003+0000] {processor.py:161} INFO - Started process (PID=298) to work on /opt/airflow/dags/trustpilot_dag.py
[2025-06-21T17:06:18.006+0000] {processor.py:830} INFO - Processing file /opt/airflow/dags/trustpilot_dag.py for tasks to queue
[2025-06-21T17:06:18.008+0000] {logging_mixin.py:188} INFO - [2025-06-21T17:06:18.008+0000] {dagbag.py:545} INFO - Filling up the DagBag from /opt/airflow/dags/trustpilot_dag.py
[2025-06-21T17:06:19.070+0000] {processor.py:840} INFO - DAG(s) 'trustpilot_pipeline' retrieved from /opt/airflow/dags/trustpilot_dag.py
[2025-06-21T17:06:19.093+0000] {logging_mixin.py:188} INFO - [2025-06-21T17:06:19.092+0000] {dag.py:3096} INFO - Sync 1 DAGs
[2025-06-21T17:06:19.114+0000] {logging_mixin.py:188} INFO - [2025-06-21T17:06:19.114+0000] {dag.py:3954} INFO - Setting next_dagrun for trustpilot_pipeline to 2025-06-16 04:00:00+00:00, run_after=2025-06-23 04:00:00+00:00
[2025-06-21T17:06:19.131+0000] {processor.py:183} INFO - Processing /opt/airflow/dags/trustpilot_dag.py took 1.138 seconds
[2025-06-21T17:06:49.249+0000] {processor.py:161} INFO - Started process (PID=304) to work on /opt/airflow/dags/trustpilot_dag.py
[2025-06-21T17:06:49.252+0000] {processor.py:830} INFO - Processing file /opt/airflow/dags/trustpilot_dag.py for tasks to queue
[2025-06-21T17:06:49.255+0000] {logging_mixin.py:188} INFO - [2025-06-21T17:06:49.255+0000] {dagbag.py:545} INFO - Filling up the DagBag from /opt/airflow/dags/trustpilot_dag.py
[2025-06-21T17:06:50.282+0000] {processor.py:840} INFO - DAG(s) 'trustpilot_pipeline' retrieved from /opt/airflow/dags/trustpilot_dag.py
[2025-06-21T17:06:50.304+0000] {logging_mixin.py:188} INFO - [2025-06-21T17:06:50.304+0000] {dag.py:3096} INFO - Sync 1 DAGs
[2025-06-21T17:06:50.327+0000] {logging_mixin.py:188} INFO - [2025-06-21T17:06:50.327+0000] {dag.py:3954} INFO - Setting next_dagrun for trustpilot_pipeline to 2025-06-16 04:00:00+00:00, run_after=2025-06-23 04:00:00+00:00
[2025-06-21T17:06:50.345+0000] {processor.py:183} INFO - Processing /opt/airflow/dags/trustpilot_dag.py took 1.109 seconds
[2025-06-21T17:07:20.438+0000] {processor.py:161} INFO - Started process (PID=310) to work on /opt/airflow/dags/trustpilot_dag.py
[2025-06-21T17:07:20.439+0000] {processor.py:830} INFO - Processing file /opt/airflow/dags/trustpilot_dag.py for tasks to queue
[2025-06-21T17:07:20.440+0000] {logging_mixin.py:188} INFO - [2025-06-21T17:07:20.440+0000] {dagbag.py:545} INFO - Filling up the DagBag from /opt/airflow/dags/trustpilot_dag.py
[2025-06-21T17:07:21.425+0000] {processor.py:840} INFO - DAG(s) 'trustpilot_pipeline' retrieved from /opt/airflow/dags/trustpilot_dag.py
[2025-06-21T17:07:21.445+0000] {logging_mixin.py:188} INFO - [2025-06-21T17:07:21.445+0000] {dag.py:3096} INFO - Sync 1 DAGs
[2025-06-21T17:07:21.465+0000] {logging_mixin.py:188} INFO - [2025-06-21T17:07:21.465+0000] {dag.py:3954} INFO - Setting next_dagrun for trustpilot_pipeline to 2025-06-16 04:00:00+00:00, run_after=2025-06-23 04:00:00+00:00
[2025-06-21T17:07:21.479+0000] {processor.py:183} INFO - Processing /opt/airflow/dags/trustpilot_dag.py took 1.051 seconds
[2025-06-21T17:07:51.650+0000] {processor.py:161} INFO - Started process (PID=316) to work on /opt/airflow/dags/trustpilot_dag.py
[2025-06-21T17:07:51.653+0000] {processor.py:830} INFO - Processing file /opt/airflow/dags/trustpilot_dag.py for tasks to queue
[2025-06-21T17:07:51.655+0000] {logging_mixin.py:188} INFO - [2025-06-21T17:07:51.655+0000] {dagbag.py:545} INFO - Filling up the DagBag from /opt/airflow/dags/trustpilot_dag.py
[2025-06-21T17:07:52.646+0000] {processor.py:840} INFO - DAG(s) 'trustpilot_pipeline' retrieved from /opt/airflow/dags/trustpilot_dag.py
[2025-06-21T17:07:52.668+0000] {logging_mixin.py:188} INFO - [2025-06-21T17:07:52.667+0000] {dag.py:3096} INFO - Sync 1 DAGs
[2025-06-21T17:07:52.687+0000] {logging_mixin.py:188} INFO - [2025-06-21T17:07:52.687+0000] {dag.py:3954} INFO - Setting next_dagrun for trustpilot_pipeline to 2025-06-16 04:00:00+00:00, run_after=2025-06-23 04:00:00+00:00
[2025-06-21T17:07:52.707+0000] {processor.py:183} INFO - Processing /opt/airflow/dags/trustpilot_dag.py took 1.070 seconds
[2025-06-21T17:08:22.818+0000] {processor.py:161} INFO - Started process (PID=322) to work on /opt/airflow/dags/trustpilot_dag.py
[2025-06-21T17:08:22.821+0000] {processor.py:830} INFO - Processing file /opt/airflow/dags/trustpilot_dag.py for tasks to queue
[2025-06-21T17:08:22.824+0000] {logging_mixin.py:188} INFO - [2025-06-21T17:08:22.823+0000] {dagbag.py:545} INFO - Filling up the DagBag from /opt/airflow/dags/trustpilot_dag.py
[2025-06-21T17:08:23.859+0000] {processor.py:840} INFO - DAG(s) 'trustpilot_pipeline' retrieved from /opt/airflow/dags/trustpilot_dag.py
[2025-06-21T17:08:23.880+0000] {logging_mixin.py:188} INFO - [2025-06-21T17:08:23.880+0000] {dag.py:3096} INFO - Sync 1 DAGs
[2025-06-21T17:08:23.901+0000] {logging_mixin.py:188} INFO - [2025-06-21T17:08:23.901+0000] {dag.py:3954} INFO - Setting next_dagrun for trustpilot_pipeline to 2025-06-16 04:00:00+00:00, run_after=2025-06-23 04:00:00+00:00
[2025-06-21T17:08:23.919+0000] {processor.py:183} INFO - Processing /opt/airflow/dags/trustpilot_dag.py took 1.116 seconds
[2025-06-21T17:08:54.025+0000] {processor.py:161} INFO - Started process (PID=328) to work on /opt/airflow/dags/trustpilot_dag.py
[2025-06-21T17:08:54.026+0000] {processor.py:830} INFO - Processing file /opt/airflow/dags/trustpilot_dag.py for tasks to queue
[2025-06-21T17:08:54.029+0000] {logging_mixin.py:188} INFO - [2025-06-21T17:08:54.029+0000] {dagbag.py:545} INFO - Filling up the DagBag from /opt/airflow/dags/trustpilot_dag.py
[2025-06-21T17:08:55.021+0000] {processor.py:840} INFO - DAG(s) 'trustpilot_pipeline' retrieved from /opt/airflow/dags/trustpilot_dag.py
[2025-06-21T17:08:55.043+0000] {logging_mixin.py:188} INFO - [2025-06-21T17:08:55.043+0000] {dag.py:3096} INFO - Sync 1 DAGs
[2025-06-21T17:08:55.068+0000] {logging_mixin.py:188} INFO - [2025-06-21T17:08:55.067+0000] {dag.py:3954} INFO - Setting next_dagrun for trustpilot_pipeline to 2025-06-16 04:00:00+00:00, run_after=2025-06-23 04:00:00+00:00
[2025-06-21T17:08:55.084+0000] {processor.py:183} INFO - Processing /opt/airflow/dags/trustpilot_dag.py took 1.073 seconds
[2025-06-21T17:09:25.227+0000] {processor.py:161} INFO - Started process (PID=334) to work on /opt/airflow/dags/trustpilot_dag.py
[2025-06-21T17:09:25.230+0000] {processor.py:830} INFO - Processing file /opt/airflow/dags/trustpilot_dag.py for tasks to queue
[2025-06-21T17:09:25.232+0000] {logging_mixin.py:188} INFO - [2025-06-21T17:09:25.232+0000] {dagbag.py:545} INFO - Filling up the DagBag from /opt/airflow/dags/trustpilot_dag.py
[2025-06-21T17:09:26.244+0000] {processor.py:840} INFO - DAG(s) 'trustpilot_pipeline' retrieved from /opt/airflow/dags/trustpilot_dag.py
[2025-06-21T17:09:26.267+0000] {logging_mixin.py:188} INFO - [2025-06-21T17:09:26.267+0000] {dag.py:3096} INFO - Sync 1 DAGs
[2025-06-21T17:09:26.289+0000] {logging_mixin.py:188} INFO - [2025-06-21T17:09:26.289+0000] {dag.py:3954} INFO - Setting next_dagrun for trustpilot_pipeline to 2025-06-16 04:00:00+00:00, run_after=2025-06-23 04:00:00+00:00
[2025-06-21T17:09:26.308+0000] {processor.py:183} INFO - Processing /opt/airflow/dags/trustpilot_dag.py took 1.092 seconds
[2025-06-21T17:09:56.397+0000] {processor.py:161} INFO - Started process (PID=340) to work on /opt/airflow/dags/trustpilot_dag.py
[2025-06-21T17:09:56.400+0000] {processor.py:830} INFO - Processing file /opt/airflow/dags/trustpilot_dag.py for tasks to queue
[2025-06-21T17:09:56.403+0000] {logging_mixin.py:188} INFO - [2025-06-21T17:09:56.402+0000] {dagbag.py:545} INFO - Filling up the DagBag from /opt/airflow/dags/trustpilot_dag.py
[2025-06-21T17:09:57.373+0000] {processor.py:840} INFO - DAG(s) 'trustpilot_pipeline' retrieved from /opt/airflow/dags/trustpilot_dag.py
[2025-06-21T17:09:57.396+0000] {logging_mixin.py:188} INFO - [2025-06-21T17:09:57.396+0000] {dag.py:3096} INFO - Sync 1 DAGs
[2025-06-21T17:09:57.418+0000] {logging_mixin.py:188} INFO - [2025-06-21T17:09:57.418+0000] {dag.py:3954} INFO - Setting next_dagrun for trustpilot_pipeline to 2025-06-16 04:00:00+00:00, run_after=2025-06-23 04:00:00+00:00
[2025-06-21T17:09:57.435+0000] {processor.py:183} INFO - Processing /opt/airflow/dags/trustpilot_dag.py took 1.050 seconds
[2025-06-21T17:10:27.618+0000] {processor.py:161} INFO - Started process (PID=346) to work on /opt/airflow/dags/trustpilot_dag.py
[2025-06-21T17:10:27.621+0000] {processor.py:830} INFO - Processing file /opt/airflow/dags/trustpilot_dag.py for tasks to queue
[2025-06-21T17:10:27.623+0000] {logging_mixin.py:188} INFO - [2025-06-21T17:10:27.622+0000] {dagbag.py:545} INFO - Filling up the DagBag from /opt/airflow/dags/trustpilot_dag.py
[2025-06-21T17:10:28.607+0000] {processor.py:840} INFO - DAG(s) 'trustpilot_pipeline' retrieved from /opt/airflow/dags/trustpilot_dag.py
[2025-06-21T17:10:28.629+0000] {logging_mixin.py:188} INFO - [2025-06-21T17:10:28.629+0000] {dag.py:3096} INFO - Sync 1 DAGs
[2025-06-21T17:10:28.650+0000] {logging_mixin.py:188} INFO - [2025-06-21T17:10:28.650+0000] {dag.py:3954} INFO - Setting next_dagrun for trustpilot_pipeline to 2025-06-16 04:00:00+00:00, run_after=2025-06-23 04:00:00+00:00
[2025-06-21T17:10:28.667+0000] {processor.py:183} INFO - Processing /opt/airflow/dags/trustpilot_dag.py took 1.060 seconds
[2025-06-21T17:10:58.785+0000] {processor.py:161} INFO - Started process (PID=352) to work on /opt/airflow/dags/trustpilot_dag.py
[2025-06-21T17:10:58.787+0000] {processor.py:830} INFO - Processing file /opt/airflow/dags/trustpilot_dag.py for tasks to queue
[2025-06-21T17:10:58.789+0000] {logging_mixin.py:188} INFO - [2025-06-21T17:10:58.789+0000] {dagbag.py:545} INFO - Filling up the DagBag from /opt/airflow/dags/trustpilot_dag.py
[2025-06-21T17:10:59.836+0000] {processor.py:840} INFO - DAG(s) 'trustpilot_pipeline' retrieved from /opt/airflow/dags/trustpilot_dag.py
[2025-06-21T17:10:59.856+0000] {logging_mixin.py:188} INFO - [2025-06-21T17:10:59.855+0000] {dag.py:3096} INFO - Sync 1 DAGs
[2025-06-21T17:10:59.875+0000] {logging_mixin.py:188} INFO - [2025-06-21T17:10:59.874+0000] {dag.py:3954} INFO - Setting next_dagrun for trustpilot_pipeline to 2025-06-16 04:00:00+00:00, run_after=2025-06-23 04:00:00+00:00
[2025-06-21T17:10:59.891+0000] {processor.py:183} INFO - Processing /opt/airflow/dags/trustpilot_dag.py took 1.118 seconds
[2025-06-21T17:11:29.943+0000] {processor.py:161} INFO - Started process (PID=358) to work on /opt/airflow/dags/trustpilot_dag.py
[2025-06-21T17:11:29.944+0000] {processor.py:830} INFO - Processing file /opt/airflow/dags/trustpilot_dag.py for tasks to queue
[2025-06-21T17:11:29.946+0000] {logging_mixin.py:188} INFO - [2025-06-21T17:11:29.946+0000] {dagbag.py:545} INFO - Filling up the DagBag from /opt/airflow/dags/trustpilot_dag.py
[2025-06-21T17:11:31.043+0000] {processor.py:840} INFO - DAG(s) 'trustpilot_pipeline' retrieved from /opt/airflow/dags/trustpilot_dag.py
[2025-06-21T17:11:31.066+0000] {logging_mixin.py:188} INFO - [2025-06-21T17:11:31.065+0000] {dag.py:3096} INFO - Sync 1 DAGs
[2025-06-21T17:11:31.091+0000] {logging_mixin.py:188} INFO - [2025-06-21T17:11:31.091+0000] {dag.py:3954} INFO - Setting next_dagrun for trustpilot_pipeline to 2025-06-16 04:00:00+00:00, run_after=2025-06-23 04:00:00+00:00
[2025-06-21T17:11:31.109+0000] {processor.py:183} INFO - Processing /opt/airflow/dags/trustpilot_dag.py took 1.176 seconds
[2025-06-21T17:12:01.246+0000] {processor.py:161} INFO - Started process (PID=364) to work on /opt/airflow/dags/trustpilot_dag.py
[2025-06-21T17:12:01.247+0000] {processor.py:830} INFO - Processing file /opt/airflow/dags/trustpilot_dag.py for tasks to queue
[2025-06-21T17:12:01.249+0000] {logging_mixin.py:188} INFO - [2025-06-21T17:12:01.248+0000] {dagbag.py:545} INFO - Filling up the DagBag from /opt/airflow/dags/trustpilot_dag.py
[2025-06-21T17:12:02.413+0000] {processor.py:840} INFO - DAG(s) 'trustpilot_pipeline' retrieved from /opt/airflow/dags/trustpilot_dag.py
[2025-06-21T17:12:02.436+0000] {logging_mixin.py:188} INFO - [2025-06-21T17:12:02.436+0000] {dag.py:3096} INFO - Sync 1 DAGs
[2025-06-21T17:12:02.462+0000] {logging_mixin.py:188} INFO - [2025-06-21T17:12:02.462+0000] {dag.py:3954} INFO - Setting next_dagrun for trustpilot_pipeline to 2025-06-16 04:00:00+00:00, run_after=2025-06-23 04:00:00+00:00
[2025-06-21T17:12:02.478+0000] {processor.py:183} INFO - Processing /opt/airflow/dags/trustpilot_dag.py took 1.239 seconds
[2025-06-21T17:12:32.613+0000] {processor.py:161} INFO - Started process (PID=370) to work on /opt/airflow/dags/trustpilot_dag.py
[2025-06-21T17:12:32.615+0000] {processor.py:830} INFO - Processing file /opt/airflow/dags/trustpilot_dag.py for tasks to queue
[2025-06-21T17:12:32.618+0000] {logging_mixin.py:188} INFO - [2025-06-21T17:12:32.617+0000] {dagbag.py:545} INFO - Filling up the DagBag from /opt/airflow/dags/trustpilot_dag.py
[2025-06-21T17:12:33.767+0000] {processor.py:840} INFO - DAG(s) 'trustpilot_pipeline' retrieved from /opt/airflow/dags/trustpilot_dag.py
[2025-06-21T17:12:33.789+0000] {logging_mixin.py:188} INFO - [2025-06-21T17:12:33.789+0000] {dag.py:3096} INFO - Sync 1 DAGs
[2025-06-21T17:12:33.809+0000] {logging_mixin.py:188} INFO - [2025-06-21T17:12:33.809+0000] {dag.py:3954} INFO - Setting next_dagrun for trustpilot_pipeline to 2025-06-16 04:00:00+00:00, run_after=2025-06-23 04:00:00+00:00
[2025-06-21T17:12:33.830+0000] {processor.py:183} INFO - Processing /opt/airflow/dags/trustpilot_dag.py took 1.223 seconds
[2025-06-21T17:13:03.975+0000] {processor.py:161} INFO - Started process (PID=376) to work on /opt/airflow/dags/trustpilot_dag.py
[2025-06-21T17:13:03.976+0000] {processor.py:830} INFO - Processing file /opt/airflow/dags/trustpilot_dag.py for tasks to queue
[2025-06-21T17:13:03.979+0000] {logging_mixin.py:188} INFO - [2025-06-21T17:13:03.979+0000] {dagbag.py:545} INFO - Filling up the DagBag from /opt/airflow/dags/trustpilot_dag.py
[2025-06-21T17:13:05.064+0000] {processor.py:840} INFO - DAG(s) 'trustpilot_pipeline' retrieved from /opt/airflow/dags/trustpilot_dag.py
[2025-06-21T17:13:05.085+0000] {logging_mixin.py:188} INFO - [2025-06-21T17:13:05.084+0000] {dag.py:3096} INFO - Sync 1 DAGs
[2025-06-21T17:13:05.110+0000] {logging_mixin.py:188} INFO - [2025-06-21T17:13:05.110+0000] {dag.py:3954} INFO - Setting next_dagrun for trustpilot_pipeline to 2025-06-16 04:00:00+00:00, run_after=2025-06-23 04:00:00+00:00
[2025-06-21T17:13:05.128+0000] {processor.py:183} INFO - Processing /opt/airflow/dags/trustpilot_dag.py took 1.165 seconds
[2025-06-21T17:13:35.278+0000] {processor.py:161} INFO - Started process (PID=382) to work on /opt/airflow/dags/trustpilot_dag.py
[2025-06-21T17:13:35.279+0000] {processor.py:830} INFO - Processing file /opt/airflow/dags/trustpilot_dag.py for tasks to queue
[2025-06-21T17:13:35.281+0000] {logging_mixin.py:188} INFO - [2025-06-21T17:13:35.281+0000] {dagbag.py:545} INFO - Filling up the DagBag from /opt/airflow/dags/trustpilot_dag.py
[2025-06-21T17:13:36.314+0000] {processor.py:840} INFO - DAG(s) 'trustpilot_pipeline' retrieved from /opt/airflow/dags/trustpilot_dag.py
[2025-06-21T17:13:36.337+0000] {logging_mixin.py:188} INFO - [2025-06-21T17:13:36.337+0000] {dag.py:3096} INFO - Sync 1 DAGs
[2025-06-21T17:13:36.359+0000] {logging_mixin.py:188} INFO - [2025-06-21T17:13:36.359+0000] {dag.py:3954} INFO - Setting next_dagrun for trustpilot_pipeline to 2025-06-16 04:00:00+00:00, run_after=2025-06-23 04:00:00+00:00
[2025-06-21T17:13:36.380+0000] {processor.py:183} INFO - Processing /opt/airflow/dags/trustpilot_dag.py took 1.108 seconds
[2025-06-21T17:14:06.534+0000] {processor.py:161} INFO - Started process (PID=388) to work on /opt/airflow/dags/trustpilot_dag.py
[2025-06-21T17:14:06.536+0000] {processor.py:830} INFO - Processing file /opt/airflow/dags/trustpilot_dag.py for tasks to queue
[2025-06-21T17:14:06.538+0000] {logging_mixin.py:188} INFO - [2025-06-21T17:14:06.538+0000] {dagbag.py:545} INFO - Filling up the DagBag from /opt/airflow/dags/trustpilot_dag.py
[2025-06-21T17:14:07.545+0000] {processor.py:840} INFO - DAG(s) 'trustpilot_pipeline' retrieved from /opt/airflow/dags/trustpilot_dag.py
[2025-06-21T17:14:07.569+0000] {logging_mixin.py:188} INFO - [2025-06-21T17:14:07.568+0000] {dag.py:3096} INFO - Sync 1 DAGs
[2025-06-21T17:14:07.588+0000] {logging_mixin.py:188} INFO - [2025-06-21T17:14:07.588+0000] {dag.py:3954} INFO - Setting next_dagrun for trustpilot_pipeline to 2025-06-16 04:00:00+00:00, run_after=2025-06-23 04:00:00+00:00
[2025-06-21T17:14:07.605+0000] {processor.py:183} INFO - Processing /opt/airflow/dags/trustpilot_dag.py took 1.084 seconds
[2025-06-21T17:14:37.685+0000] {processor.py:161} INFO - Started process (PID=394) to work on /opt/airflow/dags/trustpilot_dag.py
[2025-06-21T17:14:37.687+0000] {processor.py:830} INFO - Processing file /opt/airflow/dags/trustpilot_dag.py for tasks to queue
[2025-06-21T17:14:37.690+0000] {logging_mixin.py:188} INFO - [2025-06-21T17:14:37.689+0000] {dagbag.py:545} INFO - Filling up the DagBag from /opt/airflow/dags/trustpilot_dag.py
[2025-06-21T17:14:38.693+0000] {processor.py:840} INFO - DAG(s) 'trustpilot_pipeline' retrieved from /opt/airflow/dags/trustpilot_dag.py
[2025-06-21T17:14:38.714+0000] {logging_mixin.py:188} INFO - [2025-06-21T17:14:38.713+0000] {dag.py:3096} INFO - Sync 1 DAGs
[2025-06-21T17:14:38.735+0000] {logging_mixin.py:188} INFO - [2025-06-21T17:14:38.735+0000] {dag.py:3954} INFO - Setting next_dagrun for trustpilot_pipeline to 2025-06-16 04:00:00+00:00, run_after=2025-06-23 04:00:00+00:00
[2025-06-21T17:14:38.752+0000] {processor.py:183} INFO - Processing /opt/airflow/dags/trustpilot_dag.py took 1.080 seconds
[2025-06-21T17:15:08.901+0000] {processor.py:161} INFO - Started process (PID=400) to work on /opt/airflow/dags/trustpilot_dag.py
[2025-06-21T17:15:08.903+0000] {processor.py:830} INFO - Processing file /opt/airflow/dags/trustpilot_dag.py for tasks to queue
[2025-06-21T17:15:08.905+0000] {logging_mixin.py:188} INFO - [2025-06-21T17:15:08.905+0000] {dagbag.py:545} INFO - Filling up the DagBag from /opt/airflow/dags/trustpilot_dag.py
[2025-06-21T17:15:09.963+0000] {processor.py:840} INFO - DAG(s) 'trustpilot_pipeline' retrieved from /opt/airflow/dags/trustpilot_dag.py
[2025-06-21T17:15:09.991+0000] {logging_mixin.py:188} INFO - [2025-06-21T17:15:09.990+0000] {dag.py:3096} INFO - Sync 1 DAGs
[2025-06-21T17:15:10.012+0000] {logging_mixin.py:188} INFO - [2025-06-21T17:15:10.011+0000] {dag.py:3954} INFO - Setting next_dagrun for trustpilot_pipeline to 2025-06-16 04:00:00+00:00, run_after=2025-06-23 04:00:00+00:00
[2025-06-21T17:15:10.032+0000] {processor.py:183} INFO - Processing /opt/airflow/dags/trustpilot_dag.py took 1.143 seconds
[2025-06-21T17:15:40.180+0000] {processor.py:161} INFO - Started process (PID=406) to work on /opt/airflow/dags/trustpilot_dag.py
[2025-06-21T17:15:40.181+0000] {processor.py:830} INFO - Processing file /opt/airflow/dags/trustpilot_dag.py for tasks to queue
[2025-06-21T17:15:40.184+0000] {logging_mixin.py:188} INFO - [2025-06-21T17:15:40.183+0000] {dagbag.py:545} INFO - Filling up the DagBag from /opt/airflow/dags/trustpilot_dag.py
[2025-06-21T17:15:41.253+0000] {processor.py:840} INFO - DAG(s) 'trustpilot_pipeline' retrieved from /opt/airflow/dags/trustpilot_dag.py
[2025-06-21T17:15:41.276+0000] {logging_mixin.py:188} INFO - [2025-06-21T17:15:41.275+0000] {dag.py:3096} INFO - Sync 1 DAGs
[2025-06-21T17:15:41.301+0000] {logging_mixin.py:188} INFO - [2025-06-21T17:15:41.301+0000] {dag.py:3954} INFO - Setting next_dagrun for trustpilot_pipeline to 2025-06-16 04:00:00+00:00, run_after=2025-06-23 04:00:00+00:00
[2025-06-21T17:15:41.318+0000] {processor.py:183} INFO - Processing /opt/airflow/dags/trustpilot_dag.py took 1.148 seconds
[2025-06-21T17:16:11.483+0000] {processor.py:161} INFO - Started process (PID=412) to work on /opt/airflow/dags/trustpilot_dag.py
[2025-06-21T17:16:11.485+0000] {processor.py:830} INFO - Processing file /opt/airflow/dags/trustpilot_dag.py for tasks to queue
[2025-06-21T17:16:11.487+0000] {logging_mixin.py:188} INFO - [2025-06-21T17:16:11.487+0000] {dagbag.py:545} INFO - Filling up the DagBag from /opt/airflow/dags/trustpilot_dag.py
[2025-06-21T17:16:12.572+0000] {processor.py:840} INFO - DAG(s) 'trustpilot_pipeline' retrieved from /opt/airflow/dags/trustpilot_dag.py
[2025-06-21T17:16:12.595+0000] {logging_mixin.py:188} INFO - [2025-06-21T17:16:12.595+0000] {dag.py:3096} INFO - Sync 1 DAGs
[2025-06-21T17:16:12.616+0000] {logging_mixin.py:188} INFO - [2025-06-21T17:16:12.616+0000] {dag.py:3954} INFO - Setting next_dagrun for trustpilot_pipeline to 2025-06-16 04:00:00+00:00, run_after=2025-06-23 04:00:00+00:00
[2025-06-21T17:16:12.634+0000] {processor.py:183} INFO - Processing /opt/airflow/dags/trustpilot_dag.py took 1.161 seconds
[2025-06-21T17:16:42.806+0000] {processor.py:161} INFO - Started process (PID=418) to work on /opt/airflow/dags/trustpilot_dag.py
[2025-06-21T17:16:42.808+0000] {processor.py:830} INFO - Processing file /opt/airflow/dags/trustpilot_dag.py for tasks to queue
[2025-06-21T17:16:42.811+0000] {logging_mixin.py:188} INFO - [2025-06-21T17:16:42.811+0000] {dagbag.py:545} INFO - Filling up the DagBag from /opt/airflow/dags/trustpilot_dag.py
[2025-06-21T17:16:43.887+0000] {processor.py:840} INFO - DAG(s) 'trustpilot_pipeline' retrieved from /opt/airflow/dags/trustpilot_dag.py
[2025-06-21T17:16:43.911+0000] {logging_mixin.py:188} INFO - [2025-06-21T17:16:43.911+0000] {dag.py:3096} INFO - Sync 1 DAGs
[2025-06-21T17:16:43.935+0000] {logging_mixin.py:188} INFO - [2025-06-21T17:16:43.935+0000] {dag.py:3954} INFO - Setting next_dagrun for trustpilot_pipeline to 2025-06-16 04:00:00+00:00, run_after=2025-06-23 04:00:00+00:00
[2025-06-21T17:16:43.955+0000] {processor.py:183} INFO - Processing /opt/airflow/dags/trustpilot_dag.py took 1.162 seconds
[2025-06-21T17:17:14.126+0000] {processor.py:161} INFO - Started process (PID=424) to work on /opt/airflow/dags/trustpilot_dag.py
[2025-06-21T17:17:14.127+0000] {processor.py:830} INFO - Processing file /opt/airflow/dags/trustpilot_dag.py for tasks to queue
[2025-06-21T17:17:14.130+0000] {logging_mixin.py:188} INFO - [2025-06-21T17:17:14.130+0000] {dagbag.py:545} INFO - Filling up the DagBag from /opt/airflow/dags/trustpilot_dag.py
[2025-06-21T17:17:15.306+0000] {processor.py:840} INFO - DAG(s) 'trustpilot_pipeline' retrieved from /opt/airflow/dags/trustpilot_dag.py
[2025-06-21T17:17:15.328+0000] {logging_mixin.py:188} INFO - [2025-06-21T17:17:15.328+0000] {dag.py:3096} INFO - Sync 1 DAGs
[2025-06-21T17:17:15.355+0000] {logging_mixin.py:188} INFO - [2025-06-21T17:17:15.355+0000] {dag.py:3954} INFO - Setting next_dagrun for trustpilot_pipeline to 2025-06-16 04:00:00+00:00, run_after=2025-06-23 04:00:00+00:00
[2025-06-21T17:17:15.372+0000] {processor.py:183} INFO - Processing /opt/airflow/dags/trustpilot_dag.py took 1.260 seconds
[2025-06-21T17:17:45.525+0000] {processor.py:161} INFO - Started process (PID=430) to work on /opt/airflow/dags/trustpilot_dag.py
[2025-06-21T17:17:45.527+0000] {processor.py:830} INFO - Processing file /opt/airflow/dags/trustpilot_dag.py for tasks to queue
[2025-06-21T17:17:45.529+0000] {logging_mixin.py:188} INFO - [2025-06-21T17:17:45.528+0000] {dagbag.py:545} INFO - Filling up the DagBag from /opt/airflow/dags/trustpilot_dag.py
[2025-06-21T17:17:46.669+0000] {processor.py:840} INFO - DAG(s) 'trustpilot_pipeline' retrieved from /opt/airflow/dags/trustpilot_dag.py
[2025-06-21T17:17:46.694+0000] {logging_mixin.py:188} INFO - [2025-06-21T17:17:46.694+0000] {dag.py:3096} INFO - Sync 1 DAGs
[2025-06-21T17:17:46.721+0000] {logging_mixin.py:188} INFO - [2025-06-21T17:17:46.721+0000] {dag.py:3954} INFO - Setting next_dagrun for trustpilot_pipeline to 2025-06-16 04:00:00+00:00, run_after=2025-06-23 04:00:00+00:00
[2025-06-21T17:17:46.743+0000] {processor.py:183} INFO - Processing /opt/airflow/dags/trustpilot_dag.py took 1.224 seconds
[2025-06-21T17:18:16.914+0000] {processor.py:161} INFO - Started process (PID=436) to work on /opt/airflow/dags/trustpilot_dag.py
[2025-06-21T17:18:16.916+0000] {processor.py:830} INFO - Processing file /opt/airflow/dags/trustpilot_dag.py for tasks to queue
[2025-06-21T17:18:16.918+0000] {logging_mixin.py:188} INFO - [2025-06-21T17:18:16.918+0000] {dagbag.py:545} INFO - Filling up the DagBag from /opt/airflow/dags/trustpilot_dag.py
[2025-06-21T17:18:17.979+0000] {processor.py:840} INFO - DAG(s) 'trustpilot_pipeline' retrieved from /opt/airflow/dags/trustpilot_dag.py
[2025-06-21T17:18:18.004+0000] {logging_mixin.py:188} INFO - [2025-06-21T17:18:18.003+0000] {dag.py:3096} INFO - Sync 1 DAGs
[2025-06-21T17:18:18.026+0000] {logging_mixin.py:188} INFO - [2025-06-21T17:18:18.025+0000] {dag.py:3954} INFO - Setting next_dagrun for trustpilot_pipeline to 2025-06-16 04:00:00+00:00, run_after=2025-06-23 04:00:00+00:00
[2025-06-21T17:18:18.044+0000] {processor.py:183} INFO - Processing /opt/airflow/dags/trustpilot_dag.py took 1.145 seconds
[2025-06-21T17:18:48.195+0000] {processor.py:161} INFO - Started process (PID=442) to work on /opt/airflow/dags/trustpilot_dag.py
[2025-06-21T17:18:48.196+0000] {processor.py:830} INFO - Processing file /opt/airflow/dags/trustpilot_dag.py for tasks to queue
[2025-06-21T17:18:48.198+0000] {logging_mixin.py:188} INFO - [2025-06-21T17:18:48.198+0000] {dagbag.py:545} INFO - Filling up the DagBag from /opt/airflow/dags/trustpilot_dag.py
[2025-06-21T17:18:49.290+0000] {processor.py:840} INFO - DAG(s) 'trustpilot_pipeline' retrieved from /opt/airflow/dags/trustpilot_dag.py
[2025-06-21T17:18:49.314+0000] {logging_mixin.py:188} INFO - [2025-06-21T17:18:49.313+0000] {dag.py:3096} INFO - Sync 1 DAGs
[2025-06-21T17:18:49.337+0000] {logging_mixin.py:188} INFO - [2025-06-21T17:18:49.337+0000] {dag.py:3954} INFO - Setting next_dagrun for trustpilot_pipeline to 2025-06-16 04:00:00+00:00, run_after=2025-06-23 04:00:00+00:00
[2025-06-21T17:18:49.355+0000] {processor.py:183} INFO - Processing /opt/airflow/dags/trustpilot_dag.py took 1.169 seconds
[2025-06-21T17:19:19.521+0000] {processor.py:161} INFO - Started process (PID=448) to work on /opt/airflow/dags/trustpilot_dag.py
[2025-06-21T17:19:19.523+0000] {processor.py:830} INFO - Processing file /opt/airflow/dags/trustpilot_dag.py for tasks to queue
[2025-06-21T17:19:19.525+0000] {logging_mixin.py:188} INFO - [2025-06-21T17:19:19.525+0000] {dagbag.py:545} INFO - Filling up the DagBag from /opt/airflow/dags/trustpilot_dag.py
[2025-06-21T17:19:20.590+0000] {processor.py:840} INFO - DAG(s) 'trustpilot_pipeline' retrieved from /opt/airflow/dags/trustpilot_dag.py
[2025-06-21T17:19:20.612+0000] {logging_mixin.py:188} INFO - [2025-06-21T17:19:20.612+0000] {dag.py:3096} INFO - Sync 1 DAGs
[2025-06-21T17:19:20.634+0000] {logging_mixin.py:188} INFO - [2025-06-21T17:19:20.634+0000] {dag.py:3954} INFO - Setting next_dagrun for trustpilot_pipeline to 2025-06-16 04:00:00+00:00, run_after=2025-06-23 04:00:00+00:00
[2025-06-21T17:19:20.652+0000] {processor.py:183} INFO - Processing /opt/airflow/dags/trustpilot_dag.py took 1.143 seconds
[2025-06-21T17:19:50.827+0000] {processor.py:161} INFO - Started process (PID=454) to work on /opt/airflow/dags/trustpilot_dag.py
[2025-06-21T17:19:50.832+0000] {processor.py:830} INFO - Processing file /opt/airflow/dags/trustpilot_dag.py for tasks to queue
[2025-06-21T17:19:50.834+0000] {logging_mixin.py:188} INFO - [2025-06-21T17:19:50.834+0000] {dagbag.py:545} INFO - Filling up the DagBag from /opt/airflow/dags/trustpilot_dag.py
[2025-06-21T17:19:51.955+0000] {processor.py:840} INFO - DAG(s) 'trustpilot_pipeline' retrieved from /opt/airflow/dags/trustpilot_dag.py
[2025-06-21T17:19:51.976+0000] {logging_mixin.py:188} INFO - [2025-06-21T17:19:51.976+0000] {dag.py:3096} INFO - Sync 1 DAGs
[2025-06-21T17:19:51.999+0000] {logging_mixin.py:188} INFO - [2025-06-21T17:19:51.999+0000] {dag.py:3954} INFO - Setting next_dagrun for trustpilot_pipeline to 2025-06-16 04:00:00+00:00, run_after=2025-06-23 04:00:00+00:00
[2025-06-21T17:19:52.019+0000] {processor.py:183} INFO - Processing /opt/airflow/dags/trustpilot_dag.py took 1.207 seconds
[2025-06-21T17:20:22.194+0000] {processor.py:161} INFO - Started process (PID=460) to work on /opt/airflow/dags/trustpilot_dag.py
[2025-06-21T17:20:22.195+0000] {processor.py:830} INFO - Processing file /opt/airflow/dags/trustpilot_dag.py for tasks to queue
[2025-06-21T17:20:22.197+0000] {logging_mixin.py:188} INFO - [2025-06-21T17:20:22.197+0000] {dagbag.py:545} INFO - Filling up the DagBag from /opt/airflow/dags/trustpilot_dag.py
[2025-06-21T17:20:23.231+0000] {processor.py:840} INFO - DAG(s) 'trustpilot_pipeline' retrieved from /opt/airflow/dags/trustpilot_dag.py
[2025-06-21T17:20:23.254+0000] {logging_mixin.py:188} INFO - [2025-06-21T17:20:23.253+0000] {dag.py:3096} INFO - Sync 1 DAGs
[2025-06-21T17:20:23.276+0000] {logging_mixin.py:188} INFO - [2025-06-21T17:20:23.276+0000] {dag.py:3954} INFO - Setting next_dagrun for trustpilot_pipeline to 2025-06-16 04:00:00+00:00, run_after=2025-06-23 04:00:00+00:00
[2025-06-21T17:20:23.294+0000] {processor.py:183} INFO - Processing /opt/airflow/dags/trustpilot_dag.py took 1.111 seconds
[2025-06-21T17:20:53.337+0000] {processor.py:161} INFO - Started process (PID=466) to work on /opt/airflow/dags/trustpilot_dag.py
[2025-06-21T17:20:53.339+0000] {processor.py:830} INFO - Processing file /opt/airflow/dags/trustpilot_dag.py for tasks to queue
[2025-06-21T17:20:53.341+0000] {logging_mixin.py:188} INFO - [2025-06-21T17:20:53.340+0000] {dagbag.py:545} INFO - Filling up the DagBag from /opt/airflow/dags/trustpilot_dag.py
[2025-06-21T17:20:54.563+0000] {processor.py:840} INFO - DAG(s) 'trustpilot_pipeline' retrieved from /opt/airflow/dags/trustpilot_dag.py
[2025-06-21T17:20:54.588+0000] {logging_mixin.py:188} INFO - [2025-06-21T17:20:54.588+0000] {dag.py:3096} INFO - Sync 1 DAGs
[2025-06-21T17:20:54.620+0000] {logging_mixin.py:188} INFO - [2025-06-21T17:20:54.620+0000] {dag.py:3954} INFO - Setting next_dagrun for trustpilot_pipeline to 2025-06-16 04:00:00+00:00, run_after=2025-06-23 04:00:00+00:00
[2025-06-21T17:20:54.636+0000] {processor.py:183} INFO - Processing /opt/airflow/dags/trustpilot_dag.py took 1.305 seconds
[2025-06-21T17:48:54.440+0000] {processor.py:161} INFO - Started process (PID=227) to work on /opt/airflow/dags/trustpilot_dag.py
[2025-06-21T17:48:54.441+0000] {processor.py:830} INFO - Processing file /opt/airflow/dags/trustpilot_dag.py for tasks to queue
[2025-06-21T17:48:54.442+0000] {logging_mixin.py:188} INFO - [2025-06-21T17:48:54.442+0000] {dagbag.py:545} INFO - Filling up the DagBag from /opt/airflow/dags/trustpilot_dag.py
[2025-06-21T17:48:55.512+0000] {processor.py:840} INFO - DAG(s) 'trustpilot_pipeline' retrieved from /opt/airflow/dags/trustpilot_dag.py
[2025-06-21T17:48:55.622+0000] {logging_mixin.py:188} INFO - [2025-06-21T17:48:55.621+0000] {dag.py:3096} INFO - Sync 1 DAGs
[2025-06-21T17:48:55.640+0000] {logging_mixin.py:188} INFO - [2025-06-21T17:48:55.640+0000] {dag.py:3954} INFO - Setting next_dagrun for trustpilot_pipeline to 2025-06-16 04:00:00+00:00, run_after=2025-06-23 04:00:00+00:00
[2025-06-21T17:48:55.658+0000] {processor.py:183} INFO - Processing /opt/airflow/dags/trustpilot_dag.py took 1.224 seconds
[2025-06-21T17:49:25.814+0000] {processor.py:161} INFO - Started process (PID=234) to work on /opt/airflow/dags/trustpilot_dag.py
[2025-06-21T17:49:25.816+0000] {processor.py:830} INFO - Processing file /opt/airflow/dags/trustpilot_dag.py for tasks to queue
[2025-06-21T17:49:25.818+0000] {logging_mixin.py:188} INFO - [2025-06-21T17:49:25.817+0000] {dagbag.py:545} INFO - Filling up the DagBag from /opt/airflow/dags/trustpilot_dag.py
[2025-06-21T17:49:27.015+0000] {processor.py:840} INFO - DAG(s) 'trustpilot_pipeline' retrieved from /opt/airflow/dags/trustpilot_dag.py
[2025-06-21T17:49:27.041+0000] {logging_mixin.py:188} INFO - [2025-06-21T17:49:27.041+0000] {dag.py:3096} INFO - Sync 1 DAGs
[2025-06-21T17:49:27.066+0000] {logging_mixin.py:188} INFO - [2025-06-21T17:49:27.066+0000] {dag.py:3954} INFO - Setting next_dagrun for trustpilot_pipeline to 2025-06-16 04:00:00+00:00, run_after=2025-06-23 04:00:00+00:00
[2025-06-21T17:49:27.086+0000] {processor.py:183} INFO - Processing /opt/airflow/dags/trustpilot_dag.py took 1.279 seconds
[2025-06-21T17:49:57.266+0000] {processor.py:161} INFO - Started process (PID=240) to work on /opt/airflow/dags/trustpilot_dag.py
[2025-06-21T17:49:57.268+0000] {processor.py:830} INFO - Processing file /opt/airflow/dags/trustpilot_dag.py for tasks to queue
[2025-06-21T17:49:57.271+0000] {logging_mixin.py:188} INFO - [2025-06-21T17:49:57.270+0000] {dagbag.py:545} INFO - Filling up the DagBag from /opt/airflow/dags/trustpilot_dag.py
[2025-06-21T17:49:58.328+0000] {processor.py:840} INFO - DAG(s) 'trustpilot_pipeline' retrieved from /opt/airflow/dags/trustpilot_dag.py
[2025-06-21T17:49:58.351+0000] {logging_mixin.py:188} INFO - [2025-06-21T17:49:58.351+0000] {dag.py:3096} INFO - Sync 1 DAGs
[2025-06-21T17:49:58.373+0000] {logging_mixin.py:188} INFO - [2025-06-21T17:49:58.372+0000] {dag.py:3954} INFO - Setting next_dagrun for trustpilot_pipeline to 2025-06-16 04:00:00+00:00, run_after=2025-06-23 04:00:00+00:00
[2025-06-21T17:49:58.389+0000] {processor.py:183} INFO - Processing /opt/airflow/dags/trustpilot_dag.py took 1.135 seconds
[2025-06-21T17:50:28.532+0000] {processor.py:161} INFO - Started process (PID=246) to work on /opt/airflow/dags/trustpilot_dag.py
[2025-06-21T17:50:28.534+0000] {processor.py:830} INFO - Processing file /opt/airflow/dags/trustpilot_dag.py for tasks to queue
[2025-06-21T17:50:28.536+0000] {logging_mixin.py:188} INFO - [2025-06-21T17:50:28.536+0000] {dagbag.py:545} INFO - Filling up the DagBag from /opt/airflow/dags/trustpilot_dag.py
[2025-06-21T17:50:54.791+0000] {processor.py:161} INFO - Started process (PID=188) to work on /opt/airflow/dags/trustpilot_dag.py
[2025-06-21T17:50:54.792+0000] {processor.py:830} INFO - Processing file /opt/airflow/dags/trustpilot_dag.py for tasks to queue
[2025-06-21T17:50:54.795+0000] {logging_mixin.py:188} INFO - [2025-06-21T17:50:54.794+0000] {dagbag.py:545} INFO - Filling up the DagBag from /opt/airflow/dags/trustpilot_dag.py
[2025-06-21T17:50:56.050+0000] {processor.py:840} INFO - DAG(s) 'trustpilot_pipeline' retrieved from /opt/airflow/dags/trustpilot_dag.py
[2025-06-21T17:50:56.089+0000] {logging_mixin.py:188} INFO - [2025-06-21T17:50:56.089+0000] {dag.py:3096} INFO - Sync 1 DAGs
[2025-06-21T17:50:56.111+0000] {logging_mixin.py:188} INFO - [2025-06-21T17:50:56.111+0000] {dag.py:3954} INFO - Setting next_dagrun for trustpilot_pipeline to 2025-06-16 04:00:00+00:00, run_after=2025-06-23 04:00:00+00:00
[2025-06-21T17:50:56.133+0000] {processor.py:183} INFO - Processing /opt/airflow/dags/trustpilot_dag.py took 1.351 seconds
[2025-06-21T17:51:26.261+0000] {processor.py:161} INFO - Started process (PID=215) to work on /opt/airflow/dags/trustpilot_dag.py
[2025-06-21T17:51:26.262+0000] {processor.py:830} INFO - Processing file /opt/airflow/dags/trustpilot_dag.py for tasks to queue
[2025-06-21T17:51:26.264+0000] {logging_mixin.py:188} INFO - [2025-06-21T17:51:26.263+0000] {dagbag.py:545} INFO - Filling up the DagBag from /opt/airflow/dags/trustpilot_dag.py
[2025-06-21T17:51:27.414+0000] {processor.py:840} INFO - DAG(s) 'trustpilot_pipeline' retrieved from /opt/airflow/dags/trustpilot_dag.py
[2025-06-21T17:51:27.437+0000] {logging_mixin.py:188} INFO - [2025-06-21T17:51:27.437+0000] {dag.py:3096} INFO - Sync 1 DAGs
[2025-06-21T17:51:27.460+0000] {logging_mixin.py:188} INFO - [2025-06-21T17:51:27.460+0000] {dag.py:3954} INFO - Setting next_dagrun for trustpilot_pipeline to 2025-06-16 04:00:00+00:00, run_after=2025-06-23 04:00:00+00:00
[2025-06-21T17:51:27.478+0000] {processor.py:183} INFO - Processing /opt/airflow/dags/trustpilot_dag.py took 1.224 seconds
[2025-06-21T17:51:57.643+0000] {processor.py:161} INFO - Started process (PID=221) to work on /opt/airflow/dags/trustpilot_dag.py
[2025-06-21T17:51:57.645+0000] {processor.py:830} INFO - Processing file /opt/airflow/dags/trustpilot_dag.py for tasks to queue
[2025-06-21T17:51:57.647+0000] {logging_mixin.py:188} INFO - [2025-06-21T17:51:57.646+0000] {dagbag.py:545} INFO - Filling up the DagBag from /opt/airflow/dags/trustpilot_dag.py
[2025-06-21T17:51:58.727+0000] {processor.py:840} INFO - DAG(s) 'trustpilot_pipeline' retrieved from /opt/airflow/dags/trustpilot_dag.py
[2025-06-21T17:51:58.750+0000] {logging_mixin.py:188} INFO - [2025-06-21T17:51:58.750+0000] {dag.py:3096} INFO - Sync 1 DAGs
[2025-06-21T17:51:58.771+0000] {logging_mixin.py:188} INFO - [2025-06-21T17:51:58.770+0000] {dag.py:3954} INFO - Setting next_dagrun for trustpilot_pipeline to 2025-06-16 04:00:00+00:00, run_after=2025-06-23 04:00:00+00:00
[2025-06-21T17:51:58.788+0000] {processor.py:183} INFO - Processing /opt/airflow/dags/trustpilot_dag.py took 1.158 seconds
[2025-06-21T17:52:28.940+0000] {processor.py:161} INFO - Started process (PID=227) to work on /opt/airflow/dags/trustpilot_dag.py
[2025-06-21T17:52:28.941+0000] {processor.py:830} INFO - Processing file /opt/airflow/dags/trustpilot_dag.py for tasks to queue
[2025-06-21T17:52:28.943+0000] {logging_mixin.py:188} INFO - [2025-06-21T17:52:28.943+0000] {dagbag.py:545} INFO - Filling up the DagBag from /opt/airflow/dags/trustpilot_dag.py
[2025-06-21T17:52:29.929+0000] {processor.py:840} INFO - DAG(s) 'trustpilot_pipeline' retrieved from /opt/airflow/dags/trustpilot_dag.py
[2025-06-21T17:52:29.952+0000] {logging_mixin.py:188} INFO - [2025-06-21T17:52:29.952+0000] {dag.py:3096} INFO - Sync 1 DAGs
[2025-06-21T17:52:29.973+0000] {logging_mixin.py:188} INFO - [2025-06-21T17:52:29.972+0000] {dag.py:3954} INFO - Setting next_dagrun for trustpilot_pipeline to 2025-06-16 04:00:00+00:00, run_after=2025-06-23 04:00:00+00:00
[2025-06-21T17:52:29.991+0000] {processor.py:183} INFO - Processing /opt/airflow/dags/trustpilot_dag.py took 1.058 seconds
[2025-06-21T17:53:00.120+0000] {processor.py:161} INFO - Started process (PID=233) to work on /opt/airflow/dags/trustpilot_dag.py
[2025-06-21T17:53:00.122+0000] {processor.py:830} INFO - Processing file /opt/airflow/dags/trustpilot_dag.py for tasks to queue
[2025-06-21T17:53:00.124+0000] {logging_mixin.py:188} INFO - [2025-06-21T17:53:00.124+0000] {dagbag.py:545} INFO - Filling up the DagBag from /opt/airflow/dags/trustpilot_dag.py
[2025-06-21T17:53:01.096+0000] {processor.py:840} INFO - DAG(s) 'trustpilot_pipeline' retrieved from /opt/airflow/dags/trustpilot_dag.py
[2025-06-21T17:53:01.118+0000] {logging_mixin.py:188} INFO - [2025-06-21T17:53:01.117+0000] {dag.py:3096} INFO - Sync 1 DAGs
[2025-06-21T17:53:01.138+0000] {logging_mixin.py:188} INFO - [2025-06-21T17:53:01.138+0000] {dag.py:3954} INFO - Setting next_dagrun for trustpilot_pipeline to 2025-06-16 04:00:00+00:00, run_after=2025-06-23 04:00:00+00:00
[2025-06-21T17:53:01.159+0000] {processor.py:183} INFO - Processing /opt/airflow/dags/trustpilot_dag.py took 1.049 seconds
[2025-06-21T17:53:31.321+0000] {processor.py:161} INFO - Started process (PID=239) to work on /opt/airflow/dags/trustpilot_dag.py
[2025-06-21T17:53:31.323+0000] {processor.py:830} INFO - Processing file /opt/airflow/dags/trustpilot_dag.py for tasks to queue
[2025-06-21T17:53:31.326+0000] {logging_mixin.py:188} INFO - [2025-06-21T17:53:31.326+0000] {dagbag.py:545} INFO - Filling up the DagBag from /opt/airflow/dags/trustpilot_dag.py
[2025-06-21T17:53:32.281+0000] {processor.py:840} INFO - DAG(s) 'trustpilot_pipeline' retrieved from /opt/airflow/dags/trustpilot_dag.py
[2025-06-21T17:53:32.303+0000] {logging_mixin.py:188} INFO - [2025-06-21T17:53:32.302+0000] {dag.py:3096} INFO - Sync 1 DAGs
[2025-06-21T17:53:32.327+0000] {logging_mixin.py:188} INFO - [2025-06-21T17:53:32.327+0000] {dag.py:3954} INFO - Setting next_dagrun for trustpilot_pipeline to 2025-06-16 04:00:00+00:00, run_after=2025-06-23 04:00:00+00:00
[2025-06-21T17:53:32.344+0000] {processor.py:183} INFO - Processing /opt/airflow/dags/trustpilot_dag.py took 1.037 seconds
[2025-06-21T17:54:02.495+0000] {processor.py:161} INFO - Started process (PID=245) to work on /opt/airflow/dags/trustpilot_dag.py
[2025-06-21T17:54:02.498+0000] {processor.py:830} INFO - Processing file /opt/airflow/dags/trustpilot_dag.py for tasks to queue
[2025-06-21T17:54:02.500+0000] {logging_mixin.py:188} INFO - [2025-06-21T17:54:02.500+0000] {dagbag.py:545} INFO - Filling up the DagBag from /opt/airflow/dags/trustpilot_dag.py
[2025-06-21T17:54:03.477+0000] {processor.py:840} INFO - DAG(s) 'trustpilot_pipeline' retrieved from /opt/airflow/dags/trustpilot_dag.py
[2025-06-21T17:54:03.499+0000] {logging_mixin.py:188} INFO - [2025-06-21T17:54:03.499+0000] {dag.py:3096} INFO - Sync 1 DAGs
[2025-06-21T17:54:03.521+0000] {logging_mixin.py:188} INFO - [2025-06-21T17:54:03.521+0000] {dag.py:3954} INFO - Setting next_dagrun for trustpilot_pipeline to 2025-06-16 04:00:00+00:00, run_after=2025-06-23 04:00:00+00:00
[2025-06-21T17:54:03.540+0000] {processor.py:183} INFO - Processing /opt/airflow/dags/trustpilot_dag.py took 1.059 seconds
[2025-06-21T17:54:33.680+0000] {processor.py:161} INFO - Started process (PID=251) to work on /opt/airflow/dags/trustpilot_dag.py
[2025-06-21T17:54:33.683+0000] {processor.py:830} INFO - Processing file /opt/airflow/dags/trustpilot_dag.py for tasks to queue
[2025-06-21T17:54:33.685+0000] {logging_mixin.py:188} INFO - [2025-06-21T17:54:33.685+0000] {dagbag.py:545} INFO - Filling up the DagBag from /opt/airflow/dags/trustpilot_dag.py
[2025-06-21T17:54:34.660+0000] {processor.py:840} INFO - DAG(s) 'trustpilot_pipeline' retrieved from /opt/airflow/dags/trustpilot_dag.py
[2025-06-21T17:54:34.682+0000] {logging_mixin.py:188} INFO - [2025-06-21T17:54:34.681+0000] {dag.py:3096} INFO - Sync 1 DAGs
[2025-06-21T17:54:34.704+0000] {logging_mixin.py:188} INFO - [2025-06-21T17:54:34.704+0000] {dag.py:3954} INFO - Setting next_dagrun for trustpilot_pipeline to 2025-06-16 04:00:00+00:00, run_after=2025-06-23 04:00:00+00:00
[2025-06-21T17:54:34.723+0000] {processor.py:183} INFO - Processing /opt/airflow/dags/trustpilot_dag.py took 1.057 seconds
[2025-06-21T17:55:04.881+0000] {processor.py:161} INFO - Started process (PID=257) to work on /opt/airflow/dags/trustpilot_dag.py
[2025-06-21T17:55:04.884+0000] {processor.py:830} INFO - Processing file /opt/airflow/dags/trustpilot_dag.py for tasks to queue
[2025-06-21T17:55:04.887+0000] {logging_mixin.py:188} INFO - [2025-06-21T17:55:04.886+0000] {dagbag.py:545} INFO - Filling up the DagBag from /opt/airflow/dags/trustpilot_dag.py
[2025-06-21T17:55:05.877+0000] {processor.py:840} INFO - DAG(s) 'trustpilot_pipeline' retrieved from /opt/airflow/dags/trustpilot_dag.py
[2025-06-21T17:55:05.899+0000] {logging_mixin.py:188} INFO - [2025-06-21T17:55:05.898+0000] {dag.py:3096} INFO - Sync 1 DAGs
[2025-06-21T17:55:05.920+0000] {logging_mixin.py:188} INFO - [2025-06-21T17:55:05.920+0000] {dag.py:3954} INFO - Setting next_dagrun for trustpilot_pipeline to 2025-06-16 04:00:00+00:00, run_after=2025-06-23 04:00:00+00:00
[2025-06-21T17:55:05.939+0000] {processor.py:183} INFO - Processing /opt/airflow/dags/trustpilot_dag.py took 1.072 seconds
[2025-06-21T17:55:36.062+0000] {processor.py:161} INFO - Started process (PID=263) to work on /opt/airflow/dags/trustpilot_dag.py
[2025-06-21T17:55:36.065+0000] {processor.py:830} INFO - Processing file /opt/airflow/dags/trustpilot_dag.py for tasks to queue
[2025-06-21T17:55:36.068+0000] {logging_mixin.py:188} INFO - [2025-06-21T17:55:36.067+0000] {dagbag.py:545} INFO - Filling up the DagBag from /opt/airflow/dags/trustpilot_dag.py
[2025-06-21T17:55:37.062+0000] {processor.py:840} INFO - DAG(s) 'trustpilot_pipeline' retrieved from /opt/airflow/dags/trustpilot_dag.py
[2025-06-21T17:55:37.082+0000] {logging_mixin.py:188} INFO - [2025-06-21T17:55:37.082+0000] {dag.py:3096} INFO - Sync 1 DAGs
[2025-06-21T17:55:37.105+0000] {logging_mixin.py:188} INFO - [2025-06-21T17:55:37.105+0000] {dag.py:3954} INFO - Setting next_dagrun for trustpilot_pipeline to 2025-06-16 04:00:00+00:00, run_after=2025-06-23 04:00:00+00:00
[2025-06-21T17:55:37.124+0000] {processor.py:183} INFO - Processing /opt/airflow/dags/trustpilot_dag.py took 1.077 seconds
[2025-06-21T17:56:07.298+0000] {processor.py:161} INFO - Started process (PID=269) to work on /opt/airflow/dags/trustpilot_dag.py
[2025-06-21T17:56:07.299+0000] {processor.py:830} INFO - Processing file /opt/airflow/dags/trustpilot_dag.py for tasks to queue
[2025-06-21T17:56:07.301+0000] {logging_mixin.py:188} INFO - [2025-06-21T17:56:07.301+0000] {dagbag.py:545} INFO - Filling up the DagBag from /opt/airflow/dags/trustpilot_dag.py
[2025-06-21T17:56:08.276+0000] {processor.py:840} INFO - DAG(s) 'trustpilot_pipeline' retrieved from /opt/airflow/dags/trustpilot_dag.py
[2025-06-21T17:56:08.297+0000] {logging_mixin.py:188} INFO - [2025-06-21T17:56:08.297+0000] {dag.py:3096} INFO - Sync 1 DAGs
[2025-06-21T17:56:08.319+0000] {logging_mixin.py:188} INFO - [2025-06-21T17:56:08.319+0000] {dag.py:3954} INFO - Setting next_dagrun for trustpilot_pipeline to 2025-06-16 04:00:00+00:00, run_after=2025-06-23 04:00:00+00:00
[2025-06-21T17:56:08.337+0000] {processor.py:183} INFO - Processing /opt/airflow/dags/trustpilot_dag.py took 1.047 seconds
[2025-06-21T17:56:38.488+0000] {processor.py:161} INFO - Started process (PID=275) to work on /opt/airflow/dags/trustpilot_dag.py
[2025-06-21T17:56:38.490+0000] {processor.py:830} INFO - Processing file /opt/airflow/dags/trustpilot_dag.py for tasks to queue
[2025-06-21T17:56:38.493+0000] {logging_mixin.py:188} INFO - [2025-06-21T17:56:38.492+0000] {dagbag.py:545} INFO - Filling up the DagBag from /opt/airflow/dags/trustpilot_dag.py
[2025-06-21T17:56:39.479+0000] {processor.py:840} INFO - DAG(s) 'trustpilot_pipeline' retrieved from /opt/airflow/dags/trustpilot_dag.py
[2025-06-21T17:56:39.500+0000] {logging_mixin.py:188} INFO - [2025-06-21T17:56:39.500+0000] {dag.py:3096} INFO - Sync 1 DAGs
[2025-06-21T17:56:39.522+0000] {logging_mixin.py:188} INFO - [2025-06-21T17:56:39.522+0000] {dag.py:3954} INFO - Setting next_dagrun for trustpilot_pipeline to 2025-06-16 04:00:00+00:00, run_after=2025-06-23 04:00:00+00:00
[2025-06-21T17:56:39.540+0000] {processor.py:183} INFO - Processing /opt/airflow/dags/trustpilot_dag.py took 1.067 seconds
[2025-06-21T17:57:09.692+0000] {processor.py:161} INFO - Started process (PID=281) to work on /opt/airflow/dags/trustpilot_dag.py
[2025-06-21T17:57:09.696+0000] {processor.py:830} INFO - Processing file /opt/airflow/dags/trustpilot_dag.py for tasks to queue
[2025-06-21T17:57:09.699+0000] {logging_mixin.py:188} INFO - [2025-06-21T17:57:09.698+0000] {dagbag.py:545} INFO - Filling up the DagBag from /opt/airflow/dags/trustpilot_dag.py
[2025-06-21T17:57:10.687+0000] {processor.py:840} INFO - DAG(s) 'trustpilot_pipeline' retrieved from /opt/airflow/dags/trustpilot_dag.py
[2025-06-21T17:57:10.709+0000] {logging_mixin.py:188} INFO - [2025-06-21T17:57:10.709+0000] {dag.py:3096} INFO - Sync 1 DAGs
[2025-06-21T17:57:10.730+0000] {logging_mixin.py:188} INFO - [2025-06-21T17:57:10.730+0000] {dag.py:3954} INFO - Setting next_dagrun for trustpilot_pipeline to 2025-06-16 04:00:00+00:00, run_after=2025-06-23 04:00:00+00:00
[2025-06-21T17:57:10.747+0000] {processor.py:183} INFO - Processing /opt/airflow/dags/trustpilot_dag.py took 1.073 seconds
[2025-06-21T17:57:40.892+0000] {processor.py:161} INFO - Started process (PID=287) to work on /opt/airflow/dags/trustpilot_dag.py
[2025-06-21T17:57:40.895+0000] {processor.py:830} INFO - Processing file /opt/airflow/dags/trustpilot_dag.py for tasks to queue
[2025-06-21T17:57:40.897+0000] {logging_mixin.py:188} INFO - [2025-06-21T17:57:40.897+0000] {dagbag.py:545} INFO - Filling up the DagBag from /opt/airflow/dags/trustpilot_dag.py
[2025-06-21T17:57:41.906+0000] {processor.py:840} INFO - DAG(s) 'trustpilot_pipeline' retrieved from /opt/airflow/dags/trustpilot_dag.py
[2025-06-21T17:57:41.930+0000] {logging_mixin.py:188} INFO - [2025-06-21T17:57:41.930+0000] {dag.py:3096} INFO - Sync 1 DAGs
[2025-06-21T17:57:41.951+0000] {logging_mixin.py:188} INFO - [2025-06-21T17:57:41.951+0000] {dag.py:3954} INFO - Setting next_dagrun for trustpilot_pipeline to 2025-06-16 04:00:00+00:00, run_after=2025-06-23 04:00:00+00:00
[2025-06-21T17:57:41.970+0000] {processor.py:183} INFO - Processing /opt/airflow/dags/trustpilot_dag.py took 1.092 seconds
[2025-06-21T17:58:12.096+0000] {processor.py:161} INFO - Started process (PID=293) to work on /opt/airflow/dags/trustpilot_dag.py
[2025-06-21T17:58:12.098+0000] {processor.py:830} INFO - Processing file /opt/airflow/dags/trustpilot_dag.py for tasks to queue
[2025-06-21T17:58:12.101+0000] {logging_mixin.py:188} INFO - [2025-06-21T17:58:12.100+0000] {dagbag.py:545} INFO - Filling up the DagBag from /opt/airflow/dags/trustpilot_dag.py
[2025-06-21T17:58:13.080+0000] {processor.py:840} INFO - DAG(s) 'trustpilot_pipeline' retrieved from /opt/airflow/dags/trustpilot_dag.py
[2025-06-21T17:58:13.102+0000] {logging_mixin.py:188} INFO - [2025-06-21T17:58:13.102+0000] {dag.py:3096} INFO - Sync 1 DAGs
[2025-06-21T17:58:13.126+0000] {logging_mixin.py:188} INFO - [2025-06-21T17:58:13.125+0000] {dag.py:3954} INFO - Setting next_dagrun for trustpilot_pipeline to 2025-06-16 04:00:00+00:00, run_after=2025-06-23 04:00:00+00:00
[2025-06-21T17:58:13.143+0000] {processor.py:183} INFO - Processing /opt/airflow/dags/trustpilot_dag.py took 1.064 seconds
[2025-06-21T17:58:43.308+0000] {processor.py:161} INFO - Started process (PID=299) to work on /opt/airflow/dags/trustpilot_dag.py
[2025-06-21T17:58:43.309+0000] {processor.py:830} INFO - Processing file /opt/airflow/dags/trustpilot_dag.py for tasks to queue
[2025-06-21T17:58:43.311+0000] {logging_mixin.py:188} INFO - [2025-06-21T17:58:43.310+0000] {dagbag.py:545} INFO - Filling up the DagBag from /opt/airflow/dags/trustpilot_dag.py
[2025-06-21T17:58:44.290+0000] {processor.py:840} INFO - DAG(s) 'trustpilot_pipeline' retrieved from /opt/airflow/dags/trustpilot_dag.py
[2025-06-21T17:58:44.312+0000] {logging_mixin.py:188} INFO - [2025-06-21T17:58:44.312+0000] {dag.py:3096} INFO - Sync 1 DAGs
[2025-06-21T17:58:44.333+0000] {logging_mixin.py:188} INFO - [2025-06-21T17:58:44.333+0000] {dag.py:3954} INFO - Setting next_dagrun for trustpilot_pipeline to 2025-06-16 04:00:00+00:00, run_after=2025-06-23 04:00:00+00:00
[2025-06-21T17:58:44.354+0000] {processor.py:183} INFO - Processing /opt/airflow/dags/trustpilot_dag.py took 1.058 seconds
[2025-06-21T17:59:14.492+0000] {processor.py:161} INFO - Started process (PID=305) to work on /opt/airflow/dags/trustpilot_dag.py
[2025-06-21T17:59:14.495+0000] {processor.py:830} INFO - Processing file /opt/airflow/dags/trustpilot_dag.py for tasks to queue
[2025-06-21T17:59:14.498+0000] {logging_mixin.py:188} INFO - [2025-06-21T17:59:14.497+0000] {dagbag.py:545} INFO - Filling up the DagBag from /opt/airflow/dags/trustpilot_dag.py
[2025-06-21T17:59:15.477+0000] {processor.py:840} INFO - DAG(s) 'trustpilot_pipeline' retrieved from /opt/airflow/dags/trustpilot_dag.py
[2025-06-21T17:59:15.499+0000] {logging_mixin.py:188} INFO - [2025-06-21T17:59:15.498+0000] {dag.py:3096} INFO - Sync 1 DAGs
[2025-06-21T17:59:15.521+0000] {logging_mixin.py:188} INFO - [2025-06-21T17:59:15.521+0000] {dag.py:3954} INFO - Setting next_dagrun for trustpilot_pipeline to 2025-06-16 04:00:00+00:00, run_after=2025-06-23 04:00:00+00:00
[2025-06-21T17:59:15.539+0000] {processor.py:183} INFO - Processing /opt/airflow/dags/trustpilot_dag.py took 1.061 seconds
[2025-06-21T17:59:45.702+0000] {processor.py:161} INFO - Started process (PID=311) to work on /opt/airflow/dags/trustpilot_dag.py
[2025-06-21T17:59:45.704+0000] {processor.py:830} INFO - Processing file /opt/airflow/dags/trustpilot_dag.py for tasks to queue
[2025-06-21T17:59:45.707+0000] {logging_mixin.py:188} INFO - [2025-06-21T17:59:45.706+0000] {dagbag.py:545} INFO - Filling up the DagBag from /opt/airflow/dags/trustpilot_dag.py
[2025-06-21T17:59:46.686+0000] {processor.py:840} INFO - DAG(s) 'trustpilot_pipeline' retrieved from /opt/airflow/dags/trustpilot_dag.py
[2025-06-21T17:59:46.707+0000] {logging_mixin.py:188} INFO - [2025-06-21T17:59:46.706+0000] {dag.py:3096} INFO - Sync 1 DAGs
[2025-06-21T17:59:46.729+0000] {logging_mixin.py:188} INFO - [2025-06-21T17:59:46.729+0000] {dag.py:3954} INFO - Setting next_dagrun for trustpilot_pipeline to 2025-06-16 04:00:00+00:00, run_after=2025-06-23 04:00:00+00:00
[2025-06-21T17:59:46.746+0000] {processor.py:183} INFO - Processing /opt/airflow/dags/trustpilot_dag.py took 1.059 seconds
[2025-06-21T18:00:16.883+0000] {processor.py:161} INFO - Started process (PID=317) to work on /opt/airflow/dags/trustpilot_dag.py
[2025-06-21T18:00:16.886+0000] {processor.py:830} INFO - Processing file /opt/airflow/dags/trustpilot_dag.py for tasks to queue
[2025-06-21T18:00:16.888+0000] {logging_mixin.py:188} INFO - [2025-06-21T18:00:16.888+0000] {dagbag.py:545} INFO - Filling up the DagBag from /opt/airflow/dags/trustpilot_dag.py
[2025-06-21T18:00:17.877+0000] {processor.py:840} INFO - DAG(s) 'trustpilot_pipeline' retrieved from /opt/airflow/dags/trustpilot_dag.py
[2025-06-21T18:00:17.901+0000] {logging_mixin.py:188} INFO - [2025-06-21T18:00:17.900+0000] {dag.py:3096} INFO - Sync 1 DAGs
[2025-06-21T18:00:17.922+0000] {logging_mixin.py:188} INFO - [2025-06-21T18:00:17.922+0000] {dag.py:3954} INFO - Setting next_dagrun for trustpilot_pipeline to 2025-06-16 04:00:00+00:00, run_after=2025-06-23 04:00:00+00:00
[2025-06-21T18:00:17.939+0000] {processor.py:183} INFO - Processing /opt/airflow/dags/trustpilot_dag.py took 1.069 seconds
[2025-06-21T18:00:48.083+0000] {processor.py:161} INFO - Started process (PID=323) to work on /opt/airflow/dags/trustpilot_dag.py
[2025-06-21T18:00:48.086+0000] {processor.py:830} INFO - Processing file /opt/airflow/dags/trustpilot_dag.py for tasks to queue
[2025-06-21T18:00:48.088+0000] {logging_mixin.py:188} INFO - [2025-06-21T18:00:48.088+0000] {dagbag.py:545} INFO - Filling up the DagBag from /opt/airflow/dags/trustpilot_dag.py
[2025-06-21T18:00:49.079+0000] {processor.py:840} INFO - DAG(s) 'trustpilot_pipeline' retrieved from /opt/airflow/dags/trustpilot_dag.py
[2025-06-21T18:00:49.100+0000] {logging_mixin.py:188} INFO - [2025-06-21T18:00:49.100+0000] {dag.py:3096} INFO - Sync 1 DAGs
[2025-06-21T18:00:49.121+0000] {logging_mixin.py:188} INFO - [2025-06-21T18:00:49.120+0000] {dag.py:3954} INFO - Setting next_dagrun for trustpilot_pipeline to 2025-06-16 04:00:00+00:00, run_after=2025-06-23 04:00:00+00:00
[2025-06-21T18:00:49.139+0000] {processor.py:183} INFO - Processing /opt/airflow/dags/trustpilot_dag.py took 1.072 seconds
[2025-06-21T18:01:19.278+0000] {processor.py:161} INFO - Started process (PID=329) to work on /opt/airflow/dags/trustpilot_dag.py
[2025-06-21T18:01:19.280+0000] {processor.py:830} INFO - Processing file /opt/airflow/dags/trustpilot_dag.py for tasks to queue
[2025-06-21T18:01:19.283+0000] {logging_mixin.py:188} INFO - [2025-06-21T18:01:19.283+0000] {dagbag.py:545} INFO - Filling up the DagBag from /opt/airflow/dags/trustpilot_dag.py
[2025-06-21T18:01:20.267+0000] {processor.py:840} INFO - DAG(s) 'trustpilot_pipeline' retrieved from /opt/airflow/dags/trustpilot_dag.py
[2025-06-21T18:01:20.289+0000] {logging_mixin.py:188} INFO - [2025-06-21T18:01:20.289+0000] {dag.py:3096} INFO - Sync 1 DAGs
[2025-06-21T18:01:20.309+0000] {logging_mixin.py:188} INFO - [2025-06-21T18:01:20.309+0000] {dag.py:3954} INFO - Setting next_dagrun for trustpilot_pipeline to 2025-06-16 04:00:00+00:00, run_after=2025-06-23 04:00:00+00:00
[2025-06-21T18:01:20.327+0000] {processor.py:183} INFO - Processing /opt/airflow/dags/trustpilot_dag.py took 1.063 seconds
[2025-06-21T18:01:50.490+0000] {processor.py:161} INFO - Started process (PID=335) to work on /opt/airflow/dags/trustpilot_dag.py
[2025-06-21T18:01:50.493+0000] {processor.py:830} INFO - Processing file /opt/airflow/dags/trustpilot_dag.py for tasks to queue
[2025-06-21T18:01:50.495+0000] {logging_mixin.py:188} INFO - [2025-06-21T18:01:50.495+0000] {dagbag.py:545} INFO - Filling up the DagBag from /opt/airflow/dags/trustpilot_dag.py
[2025-06-21T18:01:51.712+0000] {processor.py:840} INFO - DAG(s) 'trustpilot_pipeline' retrieved from /opt/airflow/dags/trustpilot_dag.py
[2025-06-21T18:01:51.736+0000] {logging_mixin.py:188} INFO - [2025-06-21T18:01:51.735+0000] {dag.py:3096} INFO - Sync 1 DAGs
[2025-06-21T18:01:51.758+0000] {logging_mixin.py:188} INFO - [2025-06-21T18:01:51.758+0000] {dag.py:3954} INFO - Setting next_dagrun for trustpilot_pipeline to 2025-06-16 04:00:00+00:00, run_after=2025-06-23 04:00:00+00:00
[2025-06-21T18:01:51.776+0000] {processor.py:183} INFO - Processing /opt/airflow/dags/trustpilot_dag.py took 1.295 seconds
[2025-06-21T18:02:21.969+0000] {processor.py:161} INFO - Started process (PID=341) to work on /opt/airflow/dags/trustpilot_dag.py
[2025-06-21T18:02:21.971+0000] {processor.py:830} INFO - Processing file /opt/airflow/dags/trustpilot_dag.py for tasks to queue
[2025-06-21T18:02:21.973+0000] {logging_mixin.py:188} INFO - [2025-06-21T18:02:21.973+0000] {dagbag.py:545} INFO - Filling up the DagBag from /opt/airflow/dags/trustpilot_dag.py
[2025-06-21T18:02:23.014+0000] {processor.py:840} INFO - DAG(s) 'trustpilot_pipeline' retrieved from /opt/airflow/dags/trustpilot_dag.py
[2025-06-21T18:02:23.038+0000] {logging_mixin.py:188} INFO - [2025-06-21T18:02:23.038+0000] {dag.py:3096} INFO - Sync 1 DAGs
[2025-06-21T18:02:23.065+0000] {logging_mixin.py:188} INFO - [2025-06-21T18:02:23.065+0000] {dag.py:3954} INFO - Setting next_dagrun for trustpilot_pipeline to 2025-06-16 04:00:00+00:00, run_after=2025-06-23 04:00:00+00:00
[2025-06-21T18:02:23.085+0000] {processor.py:183} INFO - Processing /opt/airflow/dags/trustpilot_dag.py took 1.132 seconds
[2025-06-21T18:02:53.244+0000] {processor.py:161} INFO - Started process (PID=347) to work on /opt/airflow/dags/trustpilot_dag.py
[2025-06-21T18:02:53.244+0000] {processor.py:830} INFO - Processing file /opt/airflow/dags/trustpilot_dag.py for tasks to queue
[2025-06-21T18:02:53.246+0000] {logging_mixin.py:188} INFO - [2025-06-21T18:02:53.246+0000] {dagbag.py:545} INFO - Filling up the DagBag from /opt/airflow/dags/trustpilot_dag.py
[2025-06-21T18:02:54.240+0000] {processor.py:840} INFO - DAG(s) 'trustpilot_pipeline' retrieved from /opt/airflow/dags/trustpilot_dag.py
[2025-06-21T18:02:54.264+0000] {logging_mixin.py:188} INFO - [2025-06-21T18:02:54.263+0000] {dag.py:3096} INFO - Sync 1 DAGs
[2025-06-21T18:02:54.283+0000] {logging_mixin.py:188} INFO - [2025-06-21T18:02:54.283+0000] {dag.py:3954} INFO - Setting next_dagrun for trustpilot_pipeline to 2025-06-16 04:00:00+00:00, run_after=2025-06-23 04:00:00+00:00
[2025-06-21T18:02:54.299+0000] {processor.py:183} INFO - Processing /opt/airflow/dags/trustpilot_dag.py took 1.063 seconds
[2025-06-21T18:03:24.401+0000] {processor.py:161} INFO - Started process (PID=353) to work on /opt/airflow/dags/trustpilot_dag.py
[2025-06-21T18:03:24.403+0000] {processor.py:830} INFO - Processing file /opt/airflow/dags/trustpilot_dag.py for tasks to queue
[2025-06-21T18:03:24.406+0000] {logging_mixin.py:188} INFO - [2025-06-21T18:03:24.405+0000] {dagbag.py:545} INFO - Filling up the DagBag from /opt/airflow/dags/trustpilot_dag.py
[2025-06-21T18:03:25.568+0000] {processor.py:840} INFO - DAG(s) 'trustpilot_pipeline' retrieved from /opt/airflow/dags/trustpilot_dag.py
[2025-06-21T18:03:25.593+0000] {logging_mixin.py:188} INFO - [2025-06-21T18:03:25.592+0000] {dag.py:3096} INFO - Sync 1 DAGs
[2025-06-21T18:03:25.616+0000] {logging_mixin.py:188} INFO - [2025-06-21T18:03:25.615+0000] {dag.py:3954} INFO - Setting next_dagrun for trustpilot_pipeline to 2025-06-16 04:00:00+00:00, run_after=2025-06-23 04:00:00+00:00
[2025-06-21T18:03:25.634+0000] {processor.py:183} INFO - Processing /opt/airflow/dags/trustpilot_dag.py took 1.243 seconds
[2025-06-21T18:03:55.767+0000] {processor.py:161} INFO - Started process (PID=359) to work on /opt/airflow/dags/trustpilot_dag.py
[2025-06-21T18:03:55.768+0000] {processor.py:830} INFO - Processing file /opt/airflow/dags/trustpilot_dag.py for tasks to queue
[2025-06-21T18:03:55.771+0000] {logging_mixin.py:188} INFO - [2025-06-21T18:03:55.770+0000] {dagbag.py:545} INFO - Filling up the DagBag from /opt/airflow/dags/trustpilot_dag.py
[2025-06-21T18:03:57.109+0000] {processor.py:840} INFO - DAG(s) 'trustpilot_pipeline' retrieved from /opt/airflow/dags/trustpilot_dag.py
[2025-06-21T18:03:57.135+0000] {logging_mixin.py:188} INFO - [2025-06-21T18:03:57.135+0000] {dag.py:3096} INFO - Sync 1 DAGs
[2025-06-21T18:03:57.157+0000] {logging_mixin.py:188} INFO - [2025-06-21T18:03:57.157+0000] {dag.py:3954} INFO - Setting next_dagrun for trustpilot_pipeline to 2025-06-16 04:00:00+00:00, run_after=2025-06-23 04:00:00+00:00
[2025-06-21T18:03:57.178+0000] {processor.py:183} INFO - Processing /opt/airflow/dags/trustpilot_dag.py took 1.421 seconds
[2025-06-21T18:04:27.324+0000] {processor.py:161} INFO - Started process (PID=365) to work on /opt/airflow/dags/trustpilot_dag.py
[2025-06-21T18:04:27.325+0000] {processor.py:830} INFO - Processing file /opt/airflow/dags/trustpilot_dag.py for tasks to queue
[2025-06-21T18:04:27.327+0000] {logging_mixin.py:188} INFO - [2025-06-21T18:04:27.327+0000] {dagbag.py:545} INFO - Filling up the DagBag from /opt/airflow/dags/trustpilot_dag.py
[2025-06-21T18:04:28.524+0000] {processor.py:840} INFO - DAG(s) 'trustpilot_pipeline' retrieved from /opt/airflow/dags/trustpilot_dag.py
[2025-06-21T18:04:28.550+0000] {logging_mixin.py:188} INFO - [2025-06-21T18:04:28.549+0000] {dag.py:3096} INFO - Sync 1 DAGs
[2025-06-21T18:04:28.571+0000] {logging_mixin.py:188} INFO - [2025-06-21T18:04:28.571+0000] {dag.py:3954} INFO - Setting next_dagrun for trustpilot_pipeline to 2025-06-16 04:00:00+00:00, run_after=2025-06-23 04:00:00+00:00
[2025-06-21T18:04:28.589+0000] {processor.py:183} INFO - Processing /opt/airflow/dags/trustpilot_dag.py took 1.273 seconds
[2025-06-21T18:04:58.752+0000] {processor.py:161} INFO - Started process (PID=371) to work on /opt/airflow/dags/trustpilot_dag.py
[2025-06-21T18:04:58.753+0000] {processor.py:830} INFO - Processing file /opt/airflow/dags/trustpilot_dag.py for tasks to queue
[2025-06-21T18:04:58.755+0000] {logging_mixin.py:188} INFO - [2025-06-21T18:04:58.755+0000] {dagbag.py:545} INFO - Filling up the DagBag from /opt/airflow/dags/trustpilot_dag.py
[2025-06-21T18:04:59.813+0000] {processor.py:840} INFO - DAG(s) 'trustpilot_pipeline' retrieved from /opt/airflow/dags/trustpilot_dag.py
[2025-06-21T18:04:59.835+0000] {logging_mixin.py:188} INFO - [2025-06-21T18:04:59.835+0000] {dag.py:3096} INFO - Sync 1 DAGs
[2025-06-21T18:04:59.856+0000] {logging_mixin.py:188} INFO - [2025-06-21T18:04:59.856+0000] {dag.py:3954} INFO - Setting next_dagrun for trustpilot_pipeline to 2025-06-16 04:00:00+00:00, run_after=2025-06-23 04:00:00+00:00
[2025-06-21T18:04:59.876+0000] {processor.py:183} INFO - Processing /opt/airflow/dags/trustpilot_dag.py took 1.131 seconds
[2025-06-21T18:05:30.018+0000] {processor.py:161} INFO - Started process (PID=377) to work on /opt/airflow/dags/trustpilot_dag.py
[2025-06-21T18:05:30.019+0000] {processor.py:830} INFO - Processing file /opt/airflow/dags/trustpilot_dag.py for tasks to queue
[2025-06-21T18:05:30.022+0000] {logging_mixin.py:188} INFO - [2025-06-21T18:05:30.021+0000] {dagbag.py:545} INFO - Filling up the DagBag from /opt/airflow/dags/trustpilot_dag.py
[2025-06-21T18:05:31.118+0000] {processor.py:840} INFO - DAG(s) 'trustpilot_pipeline' retrieved from /opt/airflow/dags/trustpilot_dag.py
[2025-06-21T18:05:31.147+0000] {logging_mixin.py:188} INFO - [2025-06-21T18:05:31.147+0000] {dag.py:3096} INFO - Sync 1 DAGs
[2025-06-21T18:05:31.180+0000] {logging_mixin.py:188} INFO - [2025-06-21T18:05:31.179+0000] {dag.py:3954} INFO - Setting next_dagrun for trustpilot_pipeline to 2025-06-16 04:00:00+00:00, run_after=2025-06-23 04:00:00+00:00
[2025-06-21T18:05:31.201+0000] {processor.py:183} INFO - Processing /opt/airflow/dags/trustpilot_dag.py took 1.191 seconds
[2025-06-21T18:06:01.364+0000] {processor.py:161} INFO - Started process (PID=383) to work on /opt/airflow/dags/trustpilot_dag.py
[2025-06-21T18:06:01.366+0000] {processor.py:830} INFO - Processing file /opt/airflow/dags/trustpilot_dag.py for tasks to queue
[2025-06-21T18:06:01.369+0000] {logging_mixin.py:188} INFO - [2025-06-21T18:06:01.368+0000] {dagbag.py:545} INFO - Filling up the DagBag from /opt/airflow/dags/trustpilot_dag.py
[2025-06-21T18:06:02.397+0000] {processor.py:840} INFO - DAG(s) 'trustpilot_pipeline' retrieved from /opt/airflow/dags/trustpilot_dag.py
[2025-06-21T18:06:02.421+0000] {logging_mixin.py:188} INFO - [2025-06-21T18:06:02.420+0000] {dag.py:3096} INFO - Sync 1 DAGs
[2025-06-21T18:06:02.442+0000] {logging_mixin.py:188} INFO - [2025-06-21T18:06:02.442+0000] {dag.py:3954} INFO - Setting next_dagrun for trustpilot_pipeline to 2025-06-16 04:00:00+00:00, run_after=2025-06-23 04:00:00+00:00
[2025-06-21T18:06:02.460+0000] {processor.py:183} INFO - Processing /opt/airflow/dags/trustpilot_dag.py took 1.109 seconds
[2025-06-21T18:06:32.618+0000] {processor.py:161} INFO - Started process (PID=389) to work on /opt/airflow/dags/trustpilot_dag.py
[2025-06-21T18:06:32.621+0000] {processor.py:830} INFO - Processing file /opt/airflow/dags/trustpilot_dag.py for tasks to queue
[2025-06-21T18:06:32.623+0000] {logging_mixin.py:188} INFO - [2025-06-21T18:06:32.623+0000] {dagbag.py:545} INFO - Filling up the DagBag from /opt/airflow/dags/trustpilot_dag.py
[2025-06-21T18:06:33.706+0000] {processor.py:840} INFO - DAG(s) 'trustpilot_pipeline' retrieved from /opt/airflow/dags/trustpilot_dag.py
[2025-06-21T18:06:33.728+0000] {logging_mixin.py:188} INFO - [2025-06-21T18:06:33.728+0000] {dag.py:3096} INFO - Sync 1 DAGs
[2025-06-21T18:06:33.747+0000] {logging_mixin.py:188} INFO - [2025-06-21T18:06:33.747+0000] {dag.py:3954} INFO - Setting next_dagrun for trustpilot_pipeline to 2025-06-16 04:00:00+00:00, run_after=2025-06-23 04:00:00+00:00
[2025-06-21T18:06:33.765+0000] {processor.py:183} INFO - Processing /opt/airflow/dags/trustpilot_dag.py took 1.161 seconds
[2025-06-21T18:07:03.928+0000] {processor.py:161} INFO - Started process (PID=395) to work on /opt/airflow/dags/trustpilot_dag.py
[2025-06-21T18:07:03.928+0000] {processor.py:830} INFO - Processing file /opt/airflow/dags/trustpilot_dag.py for tasks to queue
[2025-06-21T18:07:03.930+0000] {logging_mixin.py:188} INFO - [2025-06-21T18:07:03.930+0000] {dagbag.py:545} INFO - Filling up the DagBag from /opt/airflow/dags/trustpilot_dag.py
[2025-06-21T18:07:05.053+0000] {processor.py:840} INFO - DAG(s) 'trustpilot_pipeline' retrieved from /opt/airflow/dags/trustpilot_dag.py
[2025-06-21T18:07:05.079+0000] {logging_mixin.py:188} INFO - [2025-06-21T18:07:05.079+0000] {dag.py:3096} INFO - Sync 1 DAGs
[2025-06-21T18:07:05.101+0000] {logging_mixin.py:188} INFO - [2025-06-21T18:07:05.101+0000] {dag.py:3954} INFO - Setting next_dagrun for trustpilot_pipeline to 2025-06-16 04:00:00+00:00, run_after=2025-06-23 04:00:00+00:00
[2025-06-21T18:07:05.119+0000] {processor.py:183} INFO - Processing /opt/airflow/dags/trustpilot_dag.py took 1.198 seconds
[2025-06-21T18:07:35.288+0000] {processor.py:161} INFO - Started process (PID=401) to work on /opt/airflow/dags/trustpilot_dag.py
[2025-06-21T18:07:35.290+0000] {processor.py:830} INFO - Processing file /opt/airflow/dags/trustpilot_dag.py for tasks to queue
[2025-06-21T18:07:35.292+0000] {logging_mixin.py:188} INFO - [2025-06-21T18:07:35.292+0000] {dagbag.py:545} INFO - Filling up the DagBag from /opt/airflow/dags/trustpilot_dag.py
[2025-06-21T18:07:36.300+0000] {processor.py:840} INFO - DAG(s) 'trustpilot_pipeline' retrieved from /opt/airflow/dags/trustpilot_dag.py
[2025-06-21T18:07:36.321+0000] {logging_mixin.py:188} INFO - [2025-06-21T18:07:36.321+0000] {dag.py:3096} INFO - Sync 1 DAGs
[2025-06-21T18:07:36.343+0000] {logging_mixin.py:188} INFO - [2025-06-21T18:07:36.342+0000] {dag.py:3954} INFO - Setting next_dagrun for trustpilot_pipeline to 2025-06-16 04:00:00+00:00, run_after=2025-06-23 04:00:00+00:00
[2025-06-21T18:07:36.362+0000] {processor.py:183} INFO - Processing /opt/airflow/dags/trustpilot_dag.py took 1.088 seconds
[2025-06-21T18:08:06.450+0000] {processor.py:161} INFO - Started process (PID=407) to work on /opt/airflow/dags/trustpilot_dag.py
[2025-06-21T18:08:06.452+0000] {processor.py:830} INFO - Processing file /opt/airflow/dags/trustpilot_dag.py for tasks to queue
[2025-06-21T18:08:06.455+0000] {logging_mixin.py:188} INFO - [2025-06-21T18:08:06.454+0000] {dagbag.py:545} INFO - Filling up the DagBag from /opt/airflow/dags/trustpilot_dag.py
[2025-06-21T18:08:07.472+0000] {processor.py:840} INFO - DAG(s) 'trustpilot_pipeline' retrieved from /opt/airflow/dags/trustpilot_dag.py
[2025-06-21T18:08:07.496+0000] {logging_mixin.py:188} INFO - [2025-06-21T18:08:07.496+0000] {dag.py:3096} INFO - Sync 1 DAGs
[2025-06-21T18:08:07.522+0000] {logging_mixin.py:188} INFO - [2025-06-21T18:08:07.522+0000] {dag.py:3954} INFO - Setting next_dagrun for trustpilot_pipeline to 2025-06-16 04:00:00+00:00, run_after=2025-06-23 04:00:00+00:00
[2025-06-21T18:08:07.542+0000] {processor.py:183} INFO - Processing /opt/airflow/dags/trustpilot_dag.py took 1.107 seconds
[2025-06-21T18:08:37.634+0000] {processor.py:161} INFO - Started process (PID=413) to work on /opt/airflow/dags/trustpilot_dag.py
[2025-06-21T18:08:37.635+0000] {processor.py:830} INFO - Processing file /opt/airflow/dags/trustpilot_dag.py for tasks to queue
[2025-06-21T18:08:37.638+0000] {logging_mixin.py:188} INFO - [2025-06-21T18:08:37.637+0000] {dagbag.py:545} INFO - Filling up the DagBag from /opt/airflow/dags/trustpilot_dag.py
[2025-06-21T18:08:38.772+0000] {processor.py:840} INFO - DAG(s) 'trustpilot_pipeline' retrieved from /opt/airflow/dags/trustpilot_dag.py
[2025-06-21T18:08:38.794+0000] {logging_mixin.py:188} INFO - [2025-06-21T18:08:38.793+0000] {dag.py:3096} INFO - Sync 1 DAGs
[2025-06-21T18:08:38.813+0000] {logging_mixin.py:188} INFO - [2025-06-21T18:08:38.813+0000] {dag.py:3954} INFO - Setting next_dagrun for trustpilot_pipeline to 2025-06-16 04:00:00+00:00, run_after=2025-06-23 04:00:00+00:00
[2025-06-21T18:08:38.832+0000] {processor.py:183} INFO - Processing /opt/airflow/dags/trustpilot_dag.py took 1.205 seconds
[2025-06-21T18:09:08.985+0000] {processor.py:161} INFO - Started process (PID=419) to work on /opt/airflow/dags/trustpilot_dag.py
[2025-06-21T18:09:08.986+0000] {processor.py:830} INFO - Processing file /opt/airflow/dags/trustpilot_dag.py for tasks to queue
[2025-06-21T18:09:08.987+0000] {logging_mixin.py:188} INFO - [2025-06-21T18:09:08.987+0000] {dagbag.py:545} INFO - Filling up the DagBag from /opt/airflow/dags/trustpilot_dag.py
[2025-06-21T18:09:10.019+0000] {processor.py:840} INFO - DAG(s) 'trustpilot_pipeline' retrieved from /opt/airflow/dags/trustpilot_dag.py
[2025-06-21T18:09:10.045+0000] {logging_mixin.py:188} INFO - [2025-06-21T18:09:10.045+0000] {dag.py:3096} INFO - Sync 1 DAGs
[2025-06-21T18:09:10.068+0000] {logging_mixin.py:188} INFO - [2025-06-21T18:09:10.068+0000] {dag.py:3954} INFO - Setting next_dagrun for trustpilot_pipeline to 2025-06-16 04:00:00+00:00, run_after=2025-06-23 04:00:00+00:00
[2025-06-21T18:09:10.087+0000] {processor.py:183} INFO - Processing /opt/airflow/dags/trustpilot_dag.py took 1.109 seconds
[2025-06-21T18:09:40.229+0000] {processor.py:161} INFO - Started process (PID=425) to work on /opt/airflow/dags/trustpilot_dag.py
[2025-06-21T18:09:40.230+0000] {processor.py:830} INFO - Processing file /opt/airflow/dags/trustpilot_dag.py for tasks to queue
[2025-06-21T18:09:40.231+0000] {logging_mixin.py:188} INFO - [2025-06-21T18:09:40.231+0000] {dagbag.py:545} INFO - Filling up the DagBag from /opt/airflow/dags/trustpilot_dag.py
[2025-06-21T18:09:41.292+0000] {processor.py:840} INFO - DAG(s) 'trustpilot_pipeline' retrieved from /opt/airflow/dags/trustpilot_dag.py
[2025-06-21T18:09:41.313+0000] {logging_mixin.py:188} INFO - [2025-06-21T18:09:41.313+0000] {dag.py:3096} INFO - Sync 1 DAGs
[2025-06-21T18:09:41.334+0000] {logging_mixin.py:188} INFO - [2025-06-21T18:09:41.334+0000] {dag.py:3954} INFO - Setting next_dagrun for trustpilot_pipeline to 2025-06-16 04:00:00+00:00, run_after=2025-06-23 04:00:00+00:00
[2025-06-21T18:09:41.352+0000] {processor.py:183} INFO - Processing /opt/airflow/dags/trustpilot_dag.py took 1.129 seconds
[2025-06-21T18:10:11.494+0000] {processor.py:161} INFO - Started process (PID=431) to work on /opt/airflow/dags/trustpilot_dag.py
[2025-06-21T18:10:11.495+0000] {processor.py:830} INFO - Processing file /opt/airflow/dags/trustpilot_dag.py for tasks to queue
[2025-06-21T18:10:11.497+0000] {logging_mixin.py:188} INFO - [2025-06-21T18:10:11.496+0000] {dagbag.py:545} INFO - Filling up the DagBag from /opt/airflow/dags/trustpilot_dag.py
[2025-06-21T18:10:12.618+0000] {processor.py:840} INFO - DAG(s) 'trustpilot_pipeline' retrieved from /opt/airflow/dags/trustpilot_dag.py
[2025-06-21T18:10:12.640+0000] {logging_mixin.py:188} INFO - [2025-06-21T18:10:12.640+0000] {dag.py:3096} INFO - Sync 1 DAGs
[2025-06-21T18:10:12.661+0000] {logging_mixin.py:188} INFO - [2025-06-21T18:10:12.661+0000] {dag.py:3954} INFO - Setting next_dagrun for trustpilot_pipeline to 2025-06-16 04:00:00+00:00, run_after=2025-06-23 04:00:00+00:00
[2025-06-21T18:10:12.681+0000] {processor.py:183} INFO - Processing /opt/airflow/dags/trustpilot_dag.py took 1.194 seconds
[2025-06-21T18:10:42.836+0000] {processor.py:161} INFO - Started process (PID=437) to work on /opt/airflow/dags/trustpilot_dag.py
[2025-06-21T18:10:42.838+0000] {processor.py:830} INFO - Processing file /opt/airflow/dags/trustpilot_dag.py for tasks to queue
[2025-06-21T18:10:42.840+0000] {logging_mixin.py:188} INFO - [2025-06-21T18:10:42.839+0000] {dagbag.py:545} INFO - Filling up the DagBag from /opt/airflow/dags/trustpilot_dag.py
[2025-06-21T18:10:43.951+0000] {processor.py:840} INFO - DAG(s) 'trustpilot_pipeline' retrieved from /opt/airflow/dags/trustpilot_dag.py
[2025-06-21T18:10:43.974+0000] {logging_mixin.py:188} INFO - [2025-06-21T18:10:43.973+0000] {dag.py:3096} INFO - Sync 1 DAGs
[2025-06-21T18:10:44.000+0000] {logging_mixin.py:188} INFO - [2025-06-21T18:10:44.000+0000] {dag.py:3954} INFO - Setting next_dagrun for trustpilot_pipeline to 2025-06-16 04:00:00+00:00, run_after=2025-06-23 04:00:00+00:00
[2025-06-21T18:10:44.019+0000] {processor.py:183} INFO - Processing /opt/airflow/dags/trustpilot_dag.py took 1.195 seconds
[2025-06-21T18:11:14.171+0000] {processor.py:161} INFO - Started process (PID=443) to work on /opt/airflow/dags/trustpilot_dag.py
[2025-06-21T18:11:14.172+0000] {processor.py:830} INFO - Processing file /opt/airflow/dags/trustpilot_dag.py for tasks to queue
[2025-06-21T18:11:14.174+0000] {logging_mixin.py:188} INFO - [2025-06-21T18:11:14.174+0000] {dagbag.py:545} INFO - Filling up the DagBag from /opt/airflow/dags/trustpilot_dag.py
[2025-06-21T18:11:15.267+0000] {processor.py:840} INFO - DAG(s) 'trustpilot_pipeline' retrieved from /opt/airflow/dags/trustpilot_dag.py
[2025-06-21T18:11:15.293+0000] {logging_mixin.py:188} INFO - [2025-06-21T18:11:15.293+0000] {dag.py:3096} INFO - Sync 1 DAGs
[2025-06-21T18:11:15.313+0000] {logging_mixin.py:188} INFO - [2025-06-21T18:11:15.313+0000] {dag.py:3954} INFO - Setting next_dagrun for trustpilot_pipeline to 2025-06-16 04:00:00+00:00, run_after=2025-06-23 04:00:00+00:00
[2025-06-21T18:11:15.331+0000] {processor.py:183} INFO - Processing /opt/airflow/dags/trustpilot_dag.py took 1.170 seconds
[2025-06-21T18:11:45.509+0000] {processor.py:161} INFO - Started process (PID=449) to work on /opt/airflow/dags/trustpilot_dag.py
[2025-06-21T18:11:45.510+0000] {processor.py:830} INFO - Processing file /opt/airflow/dags/trustpilot_dag.py for tasks to queue
[2025-06-21T18:11:45.513+0000] {logging_mixin.py:188} INFO - [2025-06-21T18:11:45.513+0000] {dagbag.py:545} INFO - Filling up the DagBag from /opt/airflow/dags/trustpilot_dag.py
[2025-06-21T18:11:46.567+0000] {processor.py:840} INFO - DAG(s) 'trustpilot_pipeline' retrieved from /opt/airflow/dags/trustpilot_dag.py
[2025-06-21T18:11:46.591+0000] {logging_mixin.py:188} INFO - [2025-06-21T18:11:46.591+0000] {dag.py:3096} INFO - Sync 1 DAGs
[2025-06-21T18:11:46.611+0000] {logging_mixin.py:188} INFO - [2025-06-21T18:11:46.611+0000] {dag.py:3954} INFO - Setting next_dagrun for trustpilot_pipeline to 2025-06-16 04:00:00+00:00, run_after=2025-06-23 04:00:00+00:00
[2025-06-21T18:11:46.630+0000] {processor.py:183} INFO - Processing /opt/airflow/dags/trustpilot_dag.py took 1.136 seconds
[2025-06-21T18:12:16.767+0000] {processor.py:161} INFO - Started process (PID=455) to work on /opt/airflow/dags/trustpilot_dag.py
[2025-06-21T18:12:16.768+0000] {processor.py:830} INFO - Processing file /opt/airflow/dags/trustpilot_dag.py for tasks to queue
[2025-06-21T18:12:16.770+0000] {logging_mixin.py:188} INFO - [2025-06-21T18:12:16.770+0000] {dagbag.py:545} INFO - Filling up the DagBag from /opt/airflow/dags/trustpilot_dag.py
[2025-06-21T18:12:17.859+0000] {processor.py:840} INFO - DAG(s) 'trustpilot_pipeline' retrieved from /opt/airflow/dags/trustpilot_dag.py
[2025-06-21T18:12:17.884+0000] {logging_mixin.py:188} INFO - [2025-06-21T18:12:17.883+0000] {dag.py:3096} INFO - Sync 1 DAGs
[2025-06-21T18:12:17.911+0000] {logging_mixin.py:188} INFO - [2025-06-21T18:12:17.910+0000] {dag.py:3954} INFO - Setting next_dagrun for trustpilot_pipeline to 2025-06-16 04:00:00+00:00, run_after=2025-06-23 04:00:00+00:00
[2025-06-21T18:12:17.930+0000] {processor.py:183} INFO - Processing /opt/airflow/dags/trustpilot_dag.py took 1.171 seconds
[2025-06-21T18:12:48.078+0000] {processor.py:161} INFO - Started process (PID=461) to work on /opt/airflow/dags/trustpilot_dag.py
[2025-06-21T18:12:48.080+0000] {processor.py:830} INFO - Processing file /opt/airflow/dags/trustpilot_dag.py for tasks to queue
[2025-06-21T18:12:48.083+0000] {logging_mixin.py:188} INFO - [2025-06-21T18:12:48.082+0000] {dagbag.py:545} INFO - Filling up the DagBag from /opt/airflow/dags/trustpilot_dag.py
[2025-06-21T18:12:49.115+0000] {processor.py:840} INFO - DAG(s) 'trustpilot_pipeline' retrieved from /opt/airflow/dags/trustpilot_dag.py
[2025-06-21T18:12:49.139+0000] {logging_mixin.py:188} INFO - [2025-06-21T18:12:49.138+0000] {dag.py:3096} INFO - Sync 1 DAGs
[2025-06-21T18:12:49.160+0000] {logging_mixin.py:188} INFO - [2025-06-21T18:12:49.159+0000] {dag.py:3954} INFO - Setting next_dagrun for trustpilot_pipeline to 2025-06-16 04:00:00+00:00, run_after=2025-06-23 04:00:00+00:00
[2025-06-21T18:12:49.182+0000] {processor.py:183} INFO - Processing /opt/airflow/dags/trustpilot_dag.py took 1.115 seconds
[2025-06-21T18:13:19.329+0000] {processor.py:161} INFO - Started process (PID=467) to work on /opt/airflow/dags/trustpilot_dag.py
[2025-06-21T18:13:19.330+0000] {processor.py:830} INFO - Processing file /opt/airflow/dags/trustpilot_dag.py for tasks to queue
[2025-06-21T18:13:19.332+0000] {logging_mixin.py:188} INFO - [2025-06-21T18:13:19.331+0000] {dagbag.py:545} INFO - Filling up the DagBag from /opt/airflow/dags/trustpilot_dag.py
[2025-06-21T18:13:20.404+0000] {processor.py:840} INFO - DAG(s) 'trustpilot_pipeline' retrieved from /opt/airflow/dags/trustpilot_dag.py
[2025-06-21T18:13:20.426+0000] {logging_mixin.py:188} INFO - [2025-06-21T18:13:20.426+0000] {dag.py:3096} INFO - Sync 1 DAGs
[2025-06-21T18:13:20.447+0000] {logging_mixin.py:188} INFO - [2025-06-21T18:13:20.447+0000] {dag.py:3954} INFO - Setting next_dagrun for trustpilot_pipeline to 2025-06-16 04:00:00+00:00, run_after=2025-06-23 04:00:00+00:00
[2025-06-21T18:13:20.468+0000] {processor.py:183} INFO - Processing /opt/airflow/dags/trustpilot_dag.py took 1.146 seconds
[2025-06-21T18:13:50.608+0000] {processor.py:161} INFO - Started process (PID=473) to work on /opt/airflow/dags/trustpilot_dag.py
[2025-06-21T18:13:50.609+0000] {processor.py:830} INFO - Processing file /opt/airflow/dags/trustpilot_dag.py for tasks to queue
[2025-06-21T18:13:50.611+0000] {logging_mixin.py:188} INFO - [2025-06-21T18:13:50.610+0000] {dagbag.py:545} INFO - Filling up the DagBag from /opt/airflow/dags/trustpilot_dag.py
[2025-06-21T18:13:51.696+0000] {processor.py:840} INFO - DAG(s) 'trustpilot_pipeline' retrieved from /opt/airflow/dags/trustpilot_dag.py
[2025-06-21T18:13:51.722+0000] {logging_mixin.py:188} INFO - [2025-06-21T18:13:51.721+0000] {dag.py:3096} INFO - Sync 1 DAGs
[2025-06-21T18:13:51.746+0000] {logging_mixin.py:188} INFO - [2025-06-21T18:13:51.746+0000] {dag.py:3954} INFO - Setting next_dagrun for trustpilot_pipeline to 2025-06-16 04:00:00+00:00, run_after=2025-06-23 04:00:00+00:00
[2025-06-21T18:13:51.767+0000] {processor.py:183} INFO - Processing /opt/airflow/dags/trustpilot_dag.py took 1.166 seconds
[2025-06-21T18:14:21.914+0000] {processor.py:161} INFO - Started process (PID=479) to work on /opt/airflow/dags/trustpilot_dag.py
[2025-06-21T18:14:21.917+0000] {processor.py:830} INFO - Processing file /opt/airflow/dags/trustpilot_dag.py for tasks to queue
[2025-06-21T18:14:21.921+0000] {logging_mixin.py:188} INFO - [2025-06-21T18:14:21.920+0000] {dagbag.py:545} INFO - Filling up the DagBag from /opt/airflow/dags/trustpilot_dag.py
[2025-06-21T18:14:23.074+0000] {processor.py:840} INFO - DAG(s) 'trustpilot_pipeline' retrieved from /opt/airflow/dags/trustpilot_dag.py
[2025-06-21T18:14:23.097+0000] {logging_mixin.py:188} INFO - [2025-06-21T18:14:23.097+0000] {dag.py:3096} INFO - Sync 1 DAGs
[2025-06-21T18:14:23.120+0000] {logging_mixin.py:188} INFO - [2025-06-21T18:14:23.119+0000] {dag.py:3954} INFO - Setting next_dagrun for trustpilot_pipeline to 2025-06-16 04:00:00+00:00, run_after=2025-06-23 04:00:00+00:00
[2025-06-21T18:14:23.138+0000] {processor.py:183} INFO - Processing /opt/airflow/dags/trustpilot_dag.py took 1.234 seconds
[2025-06-21T18:14:53.267+0000] {processor.py:161} INFO - Started process (PID=485) to work on /opt/airflow/dags/trustpilot_dag.py
[2025-06-21T18:14:53.268+0000] {processor.py:830} INFO - Processing file /opt/airflow/dags/trustpilot_dag.py for tasks to queue
[2025-06-21T18:14:53.270+0000] {logging_mixin.py:188} INFO - [2025-06-21T18:14:53.269+0000] {dagbag.py:545} INFO - Filling up the DagBag from /opt/airflow/dags/trustpilot_dag.py
[2025-06-21T18:14:54.416+0000] {processor.py:840} INFO - DAG(s) 'trustpilot_pipeline' retrieved from /opt/airflow/dags/trustpilot_dag.py
[2025-06-21T18:14:54.444+0000] {logging_mixin.py:188} INFO - [2025-06-21T18:14:54.444+0000] {dag.py:3096} INFO - Sync 1 DAGs
[2025-06-21T18:14:54.467+0000] {logging_mixin.py:188} INFO - [2025-06-21T18:14:54.466+0000] {dag.py:3954} INFO - Setting next_dagrun for trustpilot_pipeline to 2025-06-16 04:00:00+00:00, run_after=2025-06-23 04:00:00+00:00
[2025-06-21T18:14:54.485+0000] {processor.py:183} INFO - Processing /opt/airflow/dags/trustpilot_dag.py took 1.226 seconds
[2025-06-21T18:15:24.628+0000] {processor.py:161} INFO - Started process (PID=491) to work on /opt/airflow/dags/trustpilot_dag.py
[2025-06-21T18:15:24.630+0000] {processor.py:830} INFO - Processing file /opt/airflow/dags/trustpilot_dag.py for tasks to queue
[2025-06-21T18:15:24.633+0000] {logging_mixin.py:188} INFO - [2025-06-21T18:15:24.632+0000] {dagbag.py:545} INFO - Filling up the DagBag from /opt/airflow/dags/trustpilot_dag.py
[2025-06-21T18:15:25.762+0000] {processor.py:840} INFO - DAG(s) 'trustpilot_pipeline' retrieved from /opt/airflow/dags/trustpilot_dag.py
[2025-06-21T18:15:25.786+0000] {logging_mixin.py:188} INFO - [2025-06-21T18:15:25.786+0000] {dag.py:3096} INFO - Sync 1 DAGs
[2025-06-21T18:15:25.812+0000] {logging_mixin.py:188} INFO - [2025-06-21T18:15:25.812+0000] {dag.py:3954} INFO - Setting next_dagrun for trustpilot_pipeline to 2025-06-16 04:00:00+00:00, run_after=2025-06-23 04:00:00+00:00
[2025-06-21T18:15:25.830+0000] {processor.py:183} INFO - Processing /opt/airflow/dags/trustpilot_dag.py took 1.211 seconds
[2025-06-21T18:15:55.990+0000] {processor.py:161} INFO - Started process (PID=497) to work on /opt/airflow/dags/trustpilot_dag.py
[2025-06-21T18:15:55.991+0000] {processor.py:830} INFO - Processing file /opt/airflow/dags/trustpilot_dag.py for tasks to queue
[2025-06-21T18:15:55.993+0000] {logging_mixin.py:188} INFO - [2025-06-21T18:15:55.993+0000] {dagbag.py:545} INFO - Filling up the DagBag from /opt/airflow/dags/trustpilot_dag.py
[2025-06-21T18:15:57.194+0000] {processor.py:840} INFO - DAG(s) 'trustpilot_pipeline' retrieved from /opt/airflow/dags/trustpilot_dag.py
[2025-06-21T18:15:57.219+0000] {logging_mixin.py:188} INFO - [2025-06-21T18:15:57.218+0000] {dag.py:3096} INFO - Sync 1 DAGs
[2025-06-21T18:15:57.241+0000] {logging_mixin.py:188} INFO - [2025-06-21T18:15:57.241+0000] {dag.py:3954} INFO - Setting next_dagrun for trustpilot_pipeline to 2025-06-16 04:00:00+00:00, run_after=2025-06-23 04:00:00+00:00
[2025-06-21T18:15:57.261+0000] {processor.py:183} INFO - Processing /opt/airflow/dags/trustpilot_dag.py took 1.280 seconds
[2025-06-21T18:16:27.415+0000] {processor.py:161} INFO - Started process (PID=503) to work on /opt/airflow/dags/trustpilot_dag.py
[2025-06-21T18:16:27.418+0000] {processor.py:830} INFO - Processing file /opt/airflow/dags/trustpilot_dag.py for tasks to queue
[2025-06-21T18:16:27.421+0000] {logging_mixin.py:188} INFO - [2025-06-21T18:16:27.421+0000] {dagbag.py:545} INFO - Filling up the DagBag from /opt/airflow/dags/trustpilot_dag.py
[2025-06-21T18:16:28.477+0000] {processor.py:840} INFO - DAG(s) 'trustpilot_pipeline' retrieved from /opt/airflow/dags/trustpilot_dag.py
[2025-06-21T18:16:28.504+0000] {logging_mixin.py:188} INFO - [2025-06-21T18:16:28.503+0000] {dag.py:3096} INFO - Sync 1 DAGs
[2025-06-21T18:16:28.532+0000] {logging_mixin.py:188} INFO - [2025-06-21T18:16:28.531+0000] {dag.py:3954} INFO - Setting next_dagrun for trustpilot_pipeline to 2025-06-16 04:00:00+00:00, run_after=2025-06-23 04:00:00+00:00
[2025-06-21T18:16:28.552+0000] {processor.py:183} INFO - Processing /opt/airflow/dags/trustpilot_dag.py took 1.150 seconds
[2025-06-21T18:16:58.712+0000] {processor.py:161} INFO - Started process (PID=509) to work on /opt/airflow/dags/trustpilot_dag.py
[2025-06-21T18:16:58.713+0000] {processor.py:830} INFO - Processing file /opt/airflow/dags/trustpilot_dag.py for tasks to queue
[2025-06-21T18:16:58.715+0000] {logging_mixin.py:188} INFO - [2025-06-21T18:16:58.714+0000] {dagbag.py:545} INFO - Filling up the DagBag from /opt/airflow/dags/trustpilot_dag.py
[2025-06-21T18:16:59.714+0000] {processor.py:840} INFO - DAG(s) 'trustpilot_pipeline' retrieved from /opt/airflow/dags/trustpilot_dag.py
[2025-06-21T18:16:59.737+0000] {logging_mixin.py:188} INFO - [2025-06-21T18:16:59.737+0000] {dag.py:3096} INFO - Sync 1 DAGs
[2025-06-21T18:16:59.761+0000] {logging_mixin.py:188} INFO - [2025-06-21T18:16:59.760+0000] {dag.py:3954} INFO - Setting next_dagrun for trustpilot_pipeline to 2025-06-16 04:00:00+00:00, run_after=2025-06-23 04:00:00+00:00
[2025-06-21T18:16:59.778+0000] {processor.py:183} INFO - Processing /opt/airflow/dags/trustpilot_dag.py took 1.077 seconds
[2025-06-21T18:17:29.870+0000] {processor.py:161} INFO - Started process (PID=515) to work on /opt/airflow/dags/trustpilot_dag.py
[2025-06-21T18:17:29.873+0000] {processor.py:830} INFO - Processing file /opt/airflow/dags/trustpilot_dag.py for tasks to queue
[2025-06-21T18:17:29.875+0000] {logging_mixin.py:188} INFO - [2025-06-21T18:17:29.875+0000] {dagbag.py:545} INFO - Filling up the DagBag from /opt/airflow/dags/trustpilot_dag.py
[2025-06-21T18:17:30.935+0000] {processor.py:840} INFO - DAG(s) 'trustpilot_pipeline' retrieved from /opt/airflow/dags/trustpilot_dag.py
[2025-06-21T18:17:30.959+0000] {logging_mixin.py:188} INFO - [2025-06-21T18:17:30.958+0000] {dag.py:3096} INFO - Sync 1 DAGs
[2025-06-21T18:17:30.980+0000] {logging_mixin.py:188} INFO - [2025-06-21T18:17:30.980+0000] {dag.py:3954} INFO - Setting next_dagrun for trustpilot_pipeline to 2025-06-16 04:00:00+00:00, run_after=2025-06-23 04:00:00+00:00
[2025-06-21T18:17:31.000+0000] {processor.py:183} INFO - Processing /opt/airflow/dags/trustpilot_dag.py took 1.144 seconds
[2025-06-21T18:18:01.061+0000] {processor.py:161} INFO - Started process (PID=521) to work on /opt/airflow/dags/trustpilot_dag.py
[2025-06-21T18:18:01.063+0000] {processor.py:830} INFO - Processing file /opt/airflow/dags/trustpilot_dag.py for tasks to queue
[2025-06-21T18:18:01.065+0000] {logging_mixin.py:188} INFO - [2025-06-21T18:18:01.065+0000] {dagbag.py:545} INFO - Filling up the DagBag from /opt/airflow/dags/trustpilot_dag.py
[2025-06-21T18:18:02.119+0000] {processor.py:840} INFO - DAG(s) 'trustpilot_pipeline' retrieved from /opt/airflow/dags/trustpilot_dag.py
[2025-06-21T18:18:02.143+0000] {logging_mixin.py:188} INFO - [2025-06-21T18:18:02.143+0000] {dag.py:3096} INFO - Sync 1 DAGs
[2025-06-21T18:18:02.164+0000] {logging_mixin.py:188} INFO - [2025-06-21T18:18:02.164+0000] {dag.py:3954} INFO - Setting next_dagrun for trustpilot_pipeline to 2025-06-16 04:00:00+00:00, run_after=2025-06-23 04:00:00+00:00
[2025-06-21T18:18:02.182+0000] {processor.py:183} INFO - Processing /opt/airflow/dags/trustpilot_dag.py took 1.131 seconds
[2025-06-21T18:18:32.311+0000] {processor.py:161} INFO - Started process (PID=527) to work on /opt/airflow/dags/trustpilot_dag.py
[2025-06-21T18:18:32.314+0000] {processor.py:830} INFO - Processing file /opt/airflow/dags/trustpilot_dag.py for tasks to queue
[2025-06-21T18:18:32.316+0000] {logging_mixin.py:188} INFO - [2025-06-21T18:18:32.315+0000] {dagbag.py:545} INFO - Filling up the DagBag from /opt/airflow/dags/trustpilot_dag.py
[2025-06-21T18:18:33.336+0000] {processor.py:840} INFO - DAG(s) 'trustpilot_pipeline' retrieved from /opt/airflow/dags/trustpilot_dag.py
[2025-06-21T18:18:33.359+0000] {logging_mixin.py:188} INFO - [2025-06-21T18:18:33.358+0000] {dag.py:3096} INFO - Sync 1 DAGs
[2025-06-21T18:18:33.378+0000] {logging_mixin.py:188} INFO - [2025-06-21T18:18:33.378+0000] {dag.py:3954} INFO - Setting next_dagrun for trustpilot_pipeline to 2025-06-16 04:00:00+00:00, run_after=2025-06-23 04:00:00+00:00
[2025-06-21T18:18:33.399+0000] {processor.py:183} INFO - Processing /opt/airflow/dags/trustpilot_dag.py took 1.100 seconds
[2025-06-21T18:19:03.485+0000] {processor.py:161} INFO - Started process (PID=533) to work on /opt/airflow/dags/trustpilot_dag.py
[2025-06-21T18:19:03.486+0000] {processor.py:830} INFO - Processing file /opt/airflow/dags/trustpilot_dag.py for tasks to queue
[2025-06-21T18:19:03.488+0000] {logging_mixin.py:188} INFO - [2025-06-21T18:19:03.488+0000] {dagbag.py:545} INFO - Filling up the DagBag from /opt/airflow/dags/trustpilot_dag.py
[2025-06-21T18:19:04.607+0000] {processor.py:840} INFO - DAG(s) 'trustpilot_pipeline' retrieved from /opt/airflow/dags/trustpilot_dag.py
[2025-06-21T18:19:04.630+0000] {logging_mixin.py:188} INFO - [2025-06-21T18:19:04.629+0000] {dag.py:3096} INFO - Sync 1 DAGs
[2025-06-21T18:19:04.653+0000] {logging_mixin.py:188} INFO - [2025-06-21T18:19:04.653+0000] {dag.py:3954} INFO - Setting next_dagrun for trustpilot_pipeline to 2025-06-16 04:00:00+00:00, run_after=2025-06-23 04:00:00+00:00
[2025-06-21T18:19:04.674+0000] {processor.py:183} INFO - Processing /opt/airflow/dags/trustpilot_dag.py took 1.197 seconds
[2025-06-21T18:19:34.831+0000] {processor.py:161} INFO - Started process (PID=539) to work on /opt/airflow/dags/trustpilot_dag.py
[2025-06-21T18:19:34.832+0000] {processor.py:830} INFO - Processing file /opt/airflow/dags/trustpilot_dag.py for tasks to queue
[2025-06-21T18:19:34.834+0000] {logging_mixin.py:188} INFO - [2025-06-21T18:19:34.834+0000] {dagbag.py:545} INFO - Filling up the DagBag from /opt/airflow/dags/trustpilot_dag.py
[2025-06-21T18:19:35.931+0000] {processor.py:840} INFO - DAG(s) 'trustpilot_pipeline' retrieved from /opt/airflow/dags/trustpilot_dag.py
[2025-06-21T18:19:35.955+0000] {logging_mixin.py:188} INFO - [2025-06-21T18:19:35.954+0000] {dag.py:3096} INFO - Sync 1 DAGs
[2025-06-21T18:19:35.977+0000] {logging_mixin.py:188} INFO - [2025-06-21T18:19:35.977+0000] {dag.py:3954} INFO - Setting next_dagrun for trustpilot_pipeline to 2025-06-16 04:00:00+00:00, run_after=2025-06-23 04:00:00+00:00
[2025-06-21T18:19:35.998+0000] {processor.py:183} INFO - Processing /opt/airflow/dags/trustpilot_dag.py took 1.177 seconds
[2025-06-21T18:20:06.149+0000] {processor.py:161} INFO - Started process (PID=545) to work on /opt/airflow/dags/trustpilot_dag.py
[2025-06-21T18:20:06.150+0000] {processor.py:830} INFO - Processing file /opt/airflow/dags/trustpilot_dag.py for tasks to queue
[2025-06-21T18:20:06.152+0000] {logging_mixin.py:188} INFO - [2025-06-21T18:20:06.152+0000] {dagbag.py:545} INFO - Filling up the DagBag from /opt/airflow/dags/trustpilot_dag.py
[2025-06-21T18:20:07.233+0000] {processor.py:840} INFO - DAG(s) 'trustpilot_pipeline' retrieved from /opt/airflow/dags/trustpilot_dag.py
[2025-06-21T18:20:07.259+0000] {logging_mixin.py:188} INFO - [2025-06-21T18:20:07.259+0000] {dag.py:3096} INFO - Sync 1 DAGs
[2025-06-21T18:20:07.281+0000] {logging_mixin.py:188} INFO - [2025-06-21T18:20:07.281+0000] {dag.py:3954} INFO - Setting next_dagrun for trustpilot_pipeline to 2025-06-16 04:00:00+00:00, run_after=2025-06-23 04:00:00+00:00
[2025-06-21T18:20:07.304+0000] {processor.py:183} INFO - Processing /opt/airflow/dags/trustpilot_dag.py took 1.164 seconds
[2025-06-21T18:20:37.454+0000] {processor.py:161} INFO - Started process (PID=551) to work on /opt/airflow/dags/trustpilot_dag.py
[2025-06-21T18:20:37.456+0000] {processor.py:830} INFO - Processing file /opt/airflow/dags/trustpilot_dag.py for tasks to queue
[2025-06-21T18:20:37.458+0000] {logging_mixin.py:188} INFO - [2025-06-21T18:20:37.457+0000] {dagbag.py:545} INFO - Filling up the DagBag from /opt/airflow/dags/trustpilot_dag.py
[2025-06-21T18:20:38.569+0000] {processor.py:840} INFO - DAG(s) 'trustpilot_pipeline' retrieved from /opt/airflow/dags/trustpilot_dag.py
[2025-06-21T18:20:38.594+0000] {logging_mixin.py:188} INFO - [2025-06-21T18:20:38.593+0000] {dag.py:3096} INFO - Sync 1 DAGs
[2025-06-21T18:20:38.614+0000] {logging_mixin.py:188} INFO - [2025-06-21T18:20:38.613+0000] {dag.py:3954} INFO - Setting next_dagrun for trustpilot_pipeline to 2025-06-16 04:00:00+00:00, run_after=2025-06-23 04:00:00+00:00
[2025-06-21T18:20:38.632+0000] {processor.py:183} INFO - Processing /opt/airflow/dags/trustpilot_dag.py took 1.188 seconds
[2025-06-21T18:21:08.772+0000] {processor.py:161} INFO - Started process (PID=557) to work on /opt/airflow/dags/trustpilot_dag.py
[2025-06-21T18:21:08.775+0000] {processor.py:830} INFO - Processing file /opt/airflow/dags/trustpilot_dag.py for tasks to queue
[2025-06-21T18:21:08.777+0000] {logging_mixin.py:188} INFO - [2025-06-21T18:21:08.776+0000] {dagbag.py:545} INFO - Filling up the DagBag from /opt/airflow/dags/trustpilot_dag.py
[2025-06-21T18:21:10.110+0000] {processor.py:840} INFO - DAG(s) 'trustpilot_pipeline' retrieved from /opt/airflow/dags/trustpilot_dag.py
[2025-06-21T18:21:10.138+0000] {logging_mixin.py:188} INFO - [2025-06-21T18:21:10.138+0000] {dag.py:3096} INFO - Sync 1 DAGs
[2025-06-21T18:21:10.163+0000] {logging_mixin.py:188} INFO - [2025-06-21T18:21:10.162+0000] {dag.py:3954} INFO - Setting next_dagrun for trustpilot_pipeline to 2025-06-16 04:00:00+00:00, run_after=2025-06-23 04:00:00+00:00
[2025-06-21T18:21:10.186+0000] {processor.py:183} INFO - Processing /opt/airflow/dags/trustpilot_dag.py took 1.422 seconds
[2025-06-21T18:21:40.355+0000] {processor.py:161} INFO - Started process (PID=563) to work on /opt/airflow/dags/trustpilot_dag.py
[2025-06-21T18:21:40.356+0000] {processor.py:830} INFO - Processing file /opt/airflow/dags/trustpilot_dag.py for tasks to queue
[2025-06-21T18:21:40.359+0000] {logging_mixin.py:188} INFO - [2025-06-21T18:21:40.358+0000] {dagbag.py:545} INFO - Filling up the DagBag from /opt/airflow/dags/trustpilot_dag.py
[2025-06-21T18:21:41.420+0000] {processor.py:840} INFO - DAG(s) 'trustpilot_pipeline' retrieved from /opt/airflow/dags/trustpilot_dag.py
[2025-06-21T18:21:41.441+0000] {logging_mixin.py:188} INFO - [2025-06-21T18:21:41.441+0000] {dag.py:3096} INFO - Sync 1 DAGs
[2025-06-21T18:21:41.465+0000] {logging_mixin.py:188} INFO - [2025-06-21T18:21:41.465+0000] {dag.py:3954} INFO - Setting next_dagrun for trustpilot_pipeline to 2025-06-16 04:00:00+00:00, run_after=2025-06-23 04:00:00+00:00
[2025-06-21T18:21:41.482+0000] {processor.py:183} INFO - Processing /opt/airflow/dags/trustpilot_dag.py took 1.140 seconds
[2025-06-21T18:22:11.627+0000] {processor.py:161} INFO - Started process (PID=569) to work on /opt/airflow/dags/trustpilot_dag.py
[2025-06-21T18:22:11.628+0000] {processor.py:830} INFO - Processing file /opt/airflow/dags/trustpilot_dag.py for tasks to queue
[2025-06-21T18:22:11.630+0000] {logging_mixin.py:188} INFO - [2025-06-21T18:22:11.630+0000] {dagbag.py:545} INFO - Filling up the DagBag from /opt/airflow/dags/trustpilot_dag.py
[2025-06-21T18:22:12.802+0000] {processor.py:840} INFO - DAG(s) 'trustpilot_pipeline' retrieved from /opt/airflow/dags/trustpilot_dag.py
[2025-06-21T18:22:12.825+0000] {logging_mixin.py:188} INFO - [2025-06-21T18:22:12.825+0000] {dag.py:3096} INFO - Sync 1 DAGs
[2025-06-21T18:22:12.851+0000] {logging_mixin.py:188} INFO - [2025-06-21T18:22:12.850+0000] {dag.py:3954} INFO - Setting next_dagrun for trustpilot_pipeline to 2025-06-16 04:00:00+00:00, run_after=2025-06-23 04:00:00+00:00
[2025-06-21T18:22:12.871+0000] {processor.py:183} INFO - Processing /opt/airflow/dags/trustpilot_dag.py took 1.251 seconds
[2025-06-21T18:22:43.011+0000] {processor.py:161} INFO - Started process (PID=575) to work on /opt/airflow/dags/trustpilot_dag.py
[2025-06-21T18:22:43.013+0000] {processor.py:830} INFO - Processing file /opt/airflow/dags/trustpilot_dag.py for tasks to queue
[2025-06-21T18:22:43.014+0000] {logging_mixin.py:188} INFO - [2025-06-21T18:22:43.014+0000] {dagbag.py:545} INFO - Filling up the DagBag from /opt/airflow/dags/trustpilot_dag.py
[2025-06-21T18:22:44.091+0000] {processor.py:840} INFO - DAG(s) 'trustpilot_pipeline' retrieved from /opt/airflow/dags/trustpilot_dag.py
[2025-06-21T18:22:44.113+0000] {logging_mixin.py:188} INFO - [2025-06-21T18:22:44.113+0000] {dag.py:3096} INFO - Sync 1 DAGs
[2025-06-21T18:22:44.136+0000] {logging_mixin.py:188} INFO - [2025-06-21T18:22:44.136+0000] {dag.py:3954} INFO - Setting next_dagrun for trustpilot_pipeline to 2025-06-16 04:00:00+00:00, run_after=2025-06-23 04:00:00+00:00
[2025-06-21T18:22:44.156+0000] {processor.py:183} INFO - Processing /opt/airflow/dags/trustpilot_dag.py took 1.151 seconds
[2025-06-21T18:23:14.327+0000] {processor.py:161} INFO - Started process (PID=581) to work on /opt/airflow/dags/trustpilot_dag.py
[2025-06-21T18:23:14.327+0000] {processor.py:830} INFO - Processing file /opt/airflow/dags/trustpilot_dag.py for tasks to queue
[2025-06-21T18:23:14.329+0000] {logging_mixin.py:188} INFO - [2025-06-21T18:23:14.329+0000] {dagbag.py:545} INFO - Filling up the DagBag from /opt/airflow/dags/trustpilot_dag.py
[2025-06-21T18:23:15.357+0000] {processor.py:840} INFO - DAG(s) 'trustpilot_pipeline' retrieved from /opt/airflow/dags/trustpilot_dag.py
[2025-06-21T18:23:15.383+0000] {logging_mixin.py:188} INFO - [2025-06-21T18:23:15.383+0000] {dag.py:3096} INFO - Sync 1 DAGs
[2025-06-21T18:23:15.404+0000] {logging_mixin.py:188} INFO - [2025-06-21T18:23:15.404+0000] {dag.py:3954} INFO - Setting next_dagrun for trustpilot_pipeline to 2025-06-16 04:00:00+00:00, run_after=2025-06-23 04:00:00+00:00
[2025-06-21T18:23:15.421+0000] {processor.py:183} INFO - Processing /opt/airflow/dags/trustpilot_dag.py took 1.104 seconds
[2025-06-21T18:23:45.546+0000] {processor.py:161} INFO - Started process (PID=587) to work on /opt/airflow/dags/trustpilot_dag.py
[2025-06-21T18:23:45.547+0000] {processor.py:830} INFO - Processing file /opt/airflow/dags/trustpilot_dag.py for tasks to queue
[2025-06-21T18:23:45.549+0000] {logging_mixin.py:188} INFO - [2025-06-21T18:23:45.548+0000] {dagbag.py:545} INFO - Filling up the DagBag from /opt/airflow/dags/trustpilot_dag.py
[2025-06-21T18:23:46.669+0000] {processor.py:840} INFO - DAG(s) 'trustpilot_pipeline' retrieved from /opt/airflow/dags/trustpilot_dag.py
[2025-06-21T18:23:46.693+0000] {logging_mixin.py:188} INFO - [2025-06-21T18:23:46.693+0000] {dag.py:3096} INFO - Sync 1 DAGs
[2025-06-21T18:23:46.714+0000] {logging_mixin.py:188} INFO - [2025-06-21T18:23:46.714+0000] {dag.py:3954} INFO - Setting next_dagrun for trustpilot_pipeline to 2025-06-16 04:00:00+00:00, run_after=2025-06-23 04:00:00+00:00
[2025-06-21T18:23:46.731+0000] {processor.py:183} INFO - Processing /opt/airflow/dags/trustpilot_dag.py took 1.192 seconds
[2025-06-21T18:24:16.892+0000] {processor.py:161} INFO - Started process (PID=593) to work on /opt/airflow/dags/trustpilot_dag.py
[2025-06-21T18:24:16.893+0000] {processor.py:830} INFO - Processing file /opt/airflow/dags/trustpilot_dag.py for tasks to queue
[2025-06-21T18:24:16.895+0000] {logging_mixin.py:188} INFO - [2025-06-21T18:24:16.895+0000] {dagbag.py:545} INFO - Filling up the DagBag from /opt/airflow/dags/trustpilot_dag.py
[2025-06-21T18:24:17.929+0000] {processor.py:840} INFO - DAG(s) 'trustpilot_pipeline' retrieved from /opt/airflow/dags/trustpilot_dag.py
[2025-06-21T18:24:17.950+0000] {logging_mixin.py:188} INFO - [2025-06-21T18:24:17.950+0000] {dag.py:3096} INFO - Sync 1 DAGs
[2025-06-21T18:24:17.970+0000] {logging_mixin.py:188} INFO - [2025-06-21T18:24:17.970+0000] {dag.py:3954} INFO - Setting next_dagrun for trustpilot_pipeline to 2025-06-16 04:00:00+00:00, run_after=2025-06-23 04:00:00+00:00
[2025-06-21T18:24:17.987+0000] {processor.py:183} INFO - Processing /opt/airflow/dags/trustpilot_dag.py took 1.110 seconds
[2025-06-21T18:24:48.127+0000] {processor.py:161} INFO - Started process (PID=609) to work on /opt/airflow/dags/trustpilot_dag.py
[2025-06-21T18:24:48.128+0000] {processor.py:830} INFO - Processing file /opt/airflow/dags/trustpilot_dag.py for tasks to queue
[2025-06-21T18:24:48.130+0000] {logging_mixin.py:188} INFO - [2025-06-21T18:24:48.130+0000] {dagbag.py:545} INFO - Filling up the DagBag from /opt/airflow/dags/trustpilot_dag.py
[2025-06-21T18:24:49.284+0000] {processor.py:840} INFO - DAG(s) 'trustpilot_pipeline' retrieved from /opt/airflow/dags/trustpilot_dag.py
[2025-06-21T18:24:49.309+0000] {logging_mixin.py:188} INFO - [2025-06-21T18:24:49.309+0000] {dag.py:3096} INFO - Sync 1 DAGs
[2025-06-21T18:24:49.336+0000] {logging_mixin.py:188} INFO - [2025-06-21T18:24:49.336+0000] {dag.py:3954} INFO - Setting next_dagrun for trustpilot_pipeline to 2025-06-16 04:00:00+00:00, run_after=2025-06-23 04:00:00+00:00
[2025-06-21T18:24:49.357+0000] {processor.py:183} INFO - Processing /opt/airflow/dags/trustpilot_dag.py took 1.238 seconds
[2025-06-21T18:25:19.505+0000] {processor.py:161} INFO - Started process (PID=615) to work on /opt/airflow/dags/trustpilot_dag.py
[2025-06-21T18:25:19.506+0000] {processor.py:830} INFO - Processing file /opt/airflow/dags/trustpilot_dag.py for tasks to queue
[2025-06-21T18:25:19.508+0000] {logging_mixin.py:188} INFO - [2025-06-21T18:25:19.508+0000] {dagbag.py:545} INFO - Filling up the DagBag from /opt/airflow/dags/trustpilot_dag.py
[2025-06-21T18:25:20.566+0000] {processor.py:840} INFO - DAG(s) 'trustpilot_pipeline' retrieved from /opt/airflow/dags/trustpilot_dag.py
[2025-06-21T18:25:20.590+0000] {logging_mixin.py:188} INFO - [2025-06-21T18:25:20.590+0000] {dag.py:3096} INFO - Sync 1 DAGs
[2025-06-21T18:25:20.612+0000] {logging_mixin.py:188} INFO - [2025-06-21T18:25:20.612+0000] {dag.py:3954} INFO - Setting next_dagrun for trustpilot_pipeline to 2025-06-16 04:00:00+00:00, run_after=2025-06-23 04:00:00+00:00
[2025-06-21T18:25:20.633+0000] {processor.py:183} INFO - Processing /opt/airflow/dags/trustpilot_dag.py took 1.135 seconds
[2025-06-21T18:25:50.789+0000] {processor.py:161} INFO - Started process (PID=621) to work on /opt/airflow/dags/trustpilot_dag.py
[2025-06-21T18:25:50.790+0000] {processor.py:830} INFO - Processing file /opt/airflow/dags/trustpilot_dag.py for tasks to queue
[2025-06-21T18:25:50.792+0000] {logging_mixin.py:188} INFO - [2025-06-21T18:25:50.792+0000] {dagbag.py:545} INFO - Filling up the DagBag from /opt/airflow/dags/trustpilot_dag.py
[2025-06-21T18:25:51.832+0000] {processor.py:840} INFO - DAG(s) 'trustpilot_pipeline' retrieved from /opt/airflow/dags/trustpilot_dag.py
[2025-06-21T18:25:51.854+0000] {logging_mixin.py:188} INFO - [2025-06-21T18:25:51.853+0000] {dag.py:3096} INFO - Sync 1 DAGs
[2025-06-21T18:25:51.875+0000] {logging_mixin.py:188} INFO - [2025-06-21T18:25:51.875+0000] {dag.py:3954} INFO - Setting next_dagrun for trustpilot_pipeline to 2025-06-16 04:00:00+00:00, run_after=2025-06-23 04:00:00+00:00
[2025-06-21T18:25:51.892+0000] {processor.py:183} INFO - Processing /opt/airflow/dags/trustpilot_dag.py took 1.112 seconds
[2025-06-21T18:26:21.962+0000] {processor.py:161} INFO - Started process (PID=627) to work on /opt/airflow/dags/trustpilot_dag.py
[2025-06-21T18:26:21.964+0000] {processor.py:830} INFO - Processing file /opt/airflow/dags/trustpilot_dag.py for tasks to queue
[2025-06-21T18:26:21.968+0000] {logging_mixin.py:188} INFO - [2025-06-21T18:26:21.967+0000] {dagbag.py:545} INFO - Filling up the DagBag from /opt/airflow/dags/trustpilot_dag.py
[2025-06-21T18:26:22.996+0000] {processor.py:840} INFO - DAG(s) 'trustpilot_pipeline' retrieved from /opt/airflow/dags/trustpilot_dag.py
[2025-06-21T18:26:23.020+0000] {logging_mixin.py:188} INFO - [2025-06-21T18:26:23.019+0000] {dag.py:3096} INFO - Sync 1 DAGs
[2025-06-21T18:26:23.040+0000] {logging_mixin.py:188} INFO - [2025-06-21T18:26:23.040+0000] {dag.py:3954} INFO - Setting next_dagrun for trustpilot_pipeline to 2025-06-16 04:00:00+00:00, run_after=2025-06-23 04:00:00+00:00
[2025-06-21T18:26:23.055+0000] {processor.py:183} INFO - Processing /opt/airflow/dags/trustpilot_dag.py took 1.108 seconds
[2025-06-21T18:26:53.145+0000] {processor.py:161} INFO - Started process (PID=633) to work on /opt/airflow/dags/trustpilot_dag.py
[2025-06-21T18:26:53.146+0000] {processor.py:830} INFO - Processing file /opt/airflow/dags/trustpilot_dag.py for tasks to queue
[2025-06-21T18:26:53.148+0000] {logging_mixin.py:188} INFO - [2025-06-21T18:26:53.147+0000] {dagbag.py:545} INFO - Filling up the DagBag from /opt/airflow/dags/trustpilot_dag.py
[2025-06-21T18:26:54.214+0000] {processor.py:840} INFO - DAG(s) 'trustpilot_pipeline' retrieved from /opt/airflow/dags/trustpilot_dag.py
[2025-06-21T18:26:54.239+0000] {logging_mixin.py:188} INFO - [2025-06-21T18:26:54.239+0000] {dag.py:3096} INFO - Sync 1 DAGs
[2025-06-21T18:26:54.265+0000] {logging_mixin.py:188} INFO - [2025-06-21T18:26:54.265+0000] {dag.py:3954} INFO - Setting next_dagrun for trustpilot_pipeline to 2025-06-16 04:00:00+00:00, run_after=2025-06-23 04:00:00+00:00
[2025-06-21T18:26:54.285+0000] {processor.py:183} INFO - Processing /opt/airflow/dags/trustpilot_dag.py took 1.147 seconds
[2025-06-21T18:27:24.444+0000] {processor.py:161} INFO - Started process (PID=639) to work on /opt/airflow/dags/trustpilot_dag.py
[2025-06-21T18:27:24.446+0000] {processor.py:830} INFO - Processing file /opt/airflow/dags/trustpilot_dag.py for tasks to queue
[2025-06-21T18:27:24.448+0000] {logging_mixin.py:188} INFO - [2025-06-21T18:27:24.448+0000] {dagbag.py:545} INFO - Filling up the DagBag from /opt/airflow/dags/trustpilot_dag.py
[2025-06-21T18:27:25.480+0000] {processor.py:840} INFO - DAG(s) 'trustpilot_pipeline' retrieved from /opt/airflow/dags/trustpilot_dag.py
[2025-06-21T18:27:25.503+0000] {logging_mixin.py:188} INFO - [2025-06-21T18:27:25.503+0000] {dag.py:3096} INFO - Sync 1 DAGs
[2025-06-21T18:27:25.525+0000] {logging_mixin.py:188} INFO - [2025-06-21T18:27:25.525+0000] {dag.py:3954} INFO - Setting next_dagrun for trustpilot_pipeline to 2025-06-16 04:00:00+00:00, run_after=2025-06-23 04:00:00+00:00
[2025-06-21T18:27:25.543+0000] {processor.py:183} INFO - Processing /opt/airflow/dags/trustpilot_dag.py took 1.112 seconds
[2025-06-21T18:27:55.681+0000] {processor.py:161} INFO - Started process (PID=645) to work on /opt/airflow/dags/trustpilot_dag.py
[2025-06-21T18:27:55.682+0000] {processor.py:830} INFO - Processing file /opt/airflow/dags/trustpilot_dag.py for tasks to queue
[2025-06-21T18:27:55.685+0000] {logging_mixin.py:188} INFO - [2025-06-21T18:27:55.684+0000] {dagbag.py:545} INFO - Filling up the DagBag from /opt/airflow/dags/trustpilot_dag.py
[2025-06-21T18:27:56.807+0000] {processor.py:840} INFO - DAG(s) 'trustpilot_pipeline' retrieved from /opt/airflow/dags/trustpilot_dag.py
[2025-06-21T18:27:56.838+0000] {logging_mixin.py:188} INFO - [2025-06-21T18:27:56.837+0000] {dag.py:3096} INFO - Sync 1 DAGs
[2025-06-21T18:27:56.867+0000] {logging_mixin.py:188} INFO - [2025-06-21T18:27:56.867+0000] {dag.py:3954} INFO - Setting next_dagrun for trustpilot_pipeline to 2025-06-16 04:00:00+00:00, run_after=2025-06-23 04:00:00+00:00
[2025-06-21T18:27:56.891+0000] {processor.py:183} INFO - Processing /opt/airflow/dags/trustpilot_dag.py took 1.217 seconds
[2025-06-21T18:28:27.033+0000] {processor.py:161} INFO - Started process (PID=651) to work on /opt/airflow/dags/trustpilot_dag.py
[2025-06-21T18:28:27.035+0000] {processor.py:830} INFO - Processing file /opt/airflow/dags/trustpilot_dag.py for tasks to queue
[2025-06-21T18:28:27.038+0000] {logging_mixin.py:188} INFO - [2025-06-21T18:28:27.038+0000] {dagbag.py:545} INFO - Filling up the DagBag from /opt/airflow/dags/trustpilot_dag.py
[2025-06-21T18:28:28.031+0000] {processor.py:840} INFO - DAG(s) 'trustpilot_pipeline' retrieved from /opt/airflow/dags/trustpilot_dag.py
[2025-06-21T18:28:28.056+0000] {logging_mixin.py:188} INFO - [2025-06-21T18:28:28.056+0000] {dag.py:3096} INFO - Sync 1 DAGs
[2025-06-21T18:28:28.079+0000] {logging_mixin.py:188} INFO - [2025-06-21T18:28:28.079+0000] {dag.py:3954} INFO - Setting next_dagrun for trustpilot_pipeline to 2025-06-16 04:00:00+00:00, run_after=2025-06-23 04:00:00+00:00
[2025-06-21T18:28:28.099+0000] {processor.py:183} INFO - Processing /opt/airflow/dags/trustpilot_dag.py took 1.077 seconds
[2025-06-21T18:28:58.171+0000] {processor.py:161} INFO - Started process (PID=657) to work on /opt/airflow/dags/trustpilot_dag.py
[2025-06-21T18:28:58.173+0000] {processor.py:830} INFO - Processing file /opt/airflow/dags/trustpilot_dag.py for tasks to queue
[2025-06-21T18:28:58.175+0000] {logging_mixin.py:188} INFO - [2025-06-21T18:28:58.175+0000] {dagbag.py:545} INFO - Filling up the DagBag from /opt/airflow/dags/trustpilot_dag.py
[2025-06-21T18:28:59.316+0000] {processor.py:840} INFO - DAG(s) 'trustpilot_pipeline' retrieved from /opt/airflow/dags/trustpilot_dag.py
[2025-06-21T18:28:59.343+0000] {logging_mixin.py:188} INFO - [2025-06-21T18:28:59.342+0000] {dag.py:3096} INFO - Sync 1 DAGs
[2025-06-21T18:28:59.365+0000] {logging_mixin.py:188} INFO - [2025-06-21T18:28:59.365+0000] {dag.py:3954} INFO - Setting next_dagrun for trustpilot_pipeline to 2025-06-16 04:00:00+00:00, run_after=2025-06-23 04:00:00+00:00
[2025-06-21T18:28:59.383+0000] {processor.py:183} INFO - Processing /opt/airflow/dags/trustpilot_dag.py took 1.227 seconds
[2025-06-21T18:29:29.511+0000] {processor.py:161} INFO - Started process (PID=663) to work on /opt/airflow/dags/trustpilot_dag.py
[2025-06-21T18:29:29.512+0000] {processor.py:830} INFO - Processing file /opt/airflow/dags/trustpilot_dag.py for tasks to queue
[2025-06-21T18:29:29.514+0000] {logging_mixin.py:188} INFO - [2025-06-21T18:29:29.513+0000] {dagbag.py:545} INFO - Filling up the DagBag from /opt/airflow/dags/trustpilot_dag.py
[2025-06-21T18:29:30.623+0000] {processor.py:840} INFO - DAG(s) 'trustpilot_pipeline' retrieved from /opt/airflow/dags/trustpilot_dag.py
[2025-06-21T18:29:30.655+0000] {logging_mixin.py:188} INFO - [2025-06-21T18:29:30.655+0000] {dag.py:3096} INFO - Sync 1 DAGs
[2025-06-21T18:29:30.687+0000] {logging_mixin.py:188} INFO - [2025-06-21T18:29:30.687+0000] {dag.py:3954} INFO - Setting next_dagrun for trustpilot_pipeline to 2025-06-16 04:00:00+00:00, run_after=2025-06-23 04:00:00+00:00
[2025-06-21T18:29:30.710+0000] {processor.py:183} INFO - Processing /opt/airflow/dags/trustpilot_dag.py took 1.207 seconds
[2025-06-21T18:30:00.857+0000] {processor.py:161} INFO - Started process (PID=669) to work on /opt/airflow/dags/trustpilot_dag.py
[2025-06-21T18:30:00.859+0000] {processor.py:830} INFO - Processing file /opt/airflow/dags/trustpilot_dag.py for tasks to queue
[2025-06-21T18:30:00.861+0000] {logging_mixin.py:188} INFO - [2025-06-21T18:30:00.860+0000] {dagbag.py:545} INFO - Filling up the DagBag from /opt/airflow/dags/trustpilot_dag.py
[2025-06-21T18:30:01.937+0000] {processor.py:840} INFO - DAG(s) 'trustpilot_pipeline' retrieved from /opt/airflow/dags/trustpilot_dag.py
[2025-06-21T18:30:01.960+0000] {logging_mixin.py:188} INFO - [2025-06-21T18:30:01.960+0000] {dag.py:3096} INFO - Sync 1 DAGs
[2025-06-21T18:30:01.984+0000] {logging_mixin.py:188} INFO - [2025-06-21T18:30:01.983+0000] {dag.py:3954} INFO - Setting next_dagrun for trustpilot_pipeline to 2025-06-16 04:00:00+00:00, run_after=2025-06-23 04:00:00+00:00
[2025-06-21T18:30:02.000+0000] {processor.py:183} INFO - Processing /opt/airflow/dags/trustpilot_dag.py took 1.154 seconds
[2025-06-21T18:30:32.175+0000] {processor.py:161} INFO - Started process (PID=675) to work on /opt/airflow/dags/trustpilot_dag.py
[2025-06-21T18:30:32.177+0000] {processor.py:830} INFO - Processing file /opt/airflow/dags/trustpilot_dag.py for tasks to queue
[2025-06-21T18:30:32.179+0000] {logging_mixin.py:188} INFO - [2025-06-21T18:30:32.179+0000] {dagbag.py:545} INFO - Filling up the DagBag from /opt/airflow/dags/trustpilot_dag.py
[2025-06-21T18:30:33.240+0000] {processor.py:840} INFO - DAG(s) 'trustpilot_pipeline' retrieved from /opt/airflow/dags/trustpilot_dag.py
[2025-06-21T18:30:33.268+0000] {logging_mixin.py:188} INFO - [2025-06-21T18:30:33.267+0000] {dag.py:3096} INFO - Sync 1 DAGs
[2025-06-21T18:30:33.290+0000] {logging_mixin.py:188} INFO - [2025-06-21T18:30:33.290+0000] {dag.py:3954} INFO - Setting next_dagrun for trustpilot_pipeline to 2025-06-16 04:00:00+00:00, run_after=2025-06-23 04:00:00+00:00
[2025-06-21T18:30:33.311+0000] {processor.py:183} INFO - Processing /opt/airflow/dags/trustpilot_dag.py took 1.148 seconds
[2025-06-21T18:31:03.482+0000] {processor.py:161} INFO - Started process (PID=681) to work on /opt/airflow/dags/trustpilot_dag.py
[2025-06-21T18:31:03.484+0000] {processor.py:830} INFO - Processing file /opt/airflow/dags/trustpilot_dag.py for tasks to queue
[2025-06-21T18:31:03.488+0000] {logging_mixin.py:188} INFO - [2025-06-21T18:31:03.488+0000] {dagbag.py:545} INFO - Filling up the DagBag from /opt/airflow/dags/trustpilot_dag.py
[2025-06-21T18:31:04.569+0000] {processor.py:840} INFO - DAG(s) 'trustpilot_pipeline' retrieved from /opt/airflow/dags/trustpilot_dag.py
[2025-06-21T18:31:04.594+0000] {logging_mixin.py:188} INFO - [2025-06-21T18:31:04.593+0000] {dag.py:3096} INFO - Sync 1 DAGs
[2025-06-21T18:31:04.619+0000] {logging_mixin.py:188} INFO - [2025-06-21T18:31:04.619+0000] {dag.py:3954} INFO - Setting next_dagrun for trustpilot_pipeline to 2025-06-16 04:00:00+00:00, run_after=2025-06-23 04:00:00+00:00
[2025-06-21T18:31:04.637+0000] {processor.py:183} INFO - Processing /opt/airflow/dags/trustpilot_dag.py took 1.168 seconds
[2025-06-21T18:31:34.819+0000] {processor.py:161} INFO - Started process (PID=687) to work on /opt/airflow/dags/trustpilot_dag.py
[2025-06-21T18:31:34.821+0000] {processor.py:830} INFO - Processing file /opt/airflow/dags/trustpilot_dag.py for tasks to queue
[2025-06-21T18:31:34.825+0000] {logging_mixin.py:188} INFO - [2025-06-21T18:31:34.824+0000] {dagbag.py:545} INFO - Filling up the DagBag from /opt/airflow/dags/trustpilot_dag.py
[2025-06-21T18:31:35.843+0000] {processor.py:840} INFO - DAG(s) 'trustpilot_pipeline' retrieved from /opt/airflow/dags/trustpilot_dag.py
[2025-06-21T18:31:35.867+0000] {logging_mixin.py:188} INFO - [2025-06-21T18:31:35.866+0000] {dag.py:3096} INFO - Sync 1 DAGs
[2025-06-21T18:31:35.891+0000] {logging_mixin.py:188} INFO - [2025-06-21T18:31:35.891+0000] {dag.py:3954} INFO - Setting next_dagrun for trustpilot_pipeline to 2025-06-16 04:00:00+00:00, run_after=2025-06-23 04:00:00+00:00
[2025-06-21T18:31:35.909+0000] {processor.py:183} INFO - Processing /opt/airflow/dags/trustpilot_dag.py took 1.106 seconds
[2025-06-21T18:32:06.081+0000] {processor.py:161} INFO - Started process (PID=693) to work on /opt/airflow/dags/trustpilot_dag.py
[2025-06-21T18:32:06.082+0000] {processor.py:830} INFO - Processing file /opt/airflow/dags/trustpilot_dag.py for tasks to queue
[2025-06-21T18:32:06.085+0000] {logging_mixin.py:188} INFO - [2025-06-21T18:32:06.084+0000] {dagbag.py:545} INFO - Filling up the DagBag from /opt/airflow/dags/trustpilot_dag.py
[2025-06-21T18:32:07.121+0000] {processor.py:840} INFO - DAG(s) 'trustpilot_pipeline' retrieved from /opt/airflow/dags/trustpilot_dag.py
[2025-06-21T18:32:07.145+0000] {logging_mixin.py:188} INFO - [2025-06-21T18:32:07.145+0000] {dag.py:3096} INFO - Sync 1 DAGs
[2025-06-21T18:32:07.164+0000] {logging_mixin.py:188} INFO - [2025-06-21T18:32:07.164+0000] {dag.py:3954} INFO - Setting next_dagrun for trustpilot_pipeline to 2025-06-16 04:00:00+00:00, run_after=2025-06-23 04:00:00+00:00
[2025-06-21T18:32:07.185+0000] {processor.py:183} INFO - Processing /opt/airflow/dags/trustpilot_dag.py took 1.116 seconds
[2025-06-21T18:32:37.354+0000] {processor.py:161} INFO - Started process (PID=699) to work on /opt/airflow/dags/trustpilot_dag.py
[2025-06-21T18:32:37.355+0000] {processor.py:830} INFO - Processing file /opt/airflow/dags/trustpilot_dag.py for tasks to queue
[2025-06-21T18:32:37.357+0000] {logging_mixin.py:188} INFO - [2025-06-21T18:32:37.357+0000] {dagbag.py:545} INFO - Filling up the DagBag from /opt/airflow/dags/trustpilot_dag.py
[2025-06-21T18:32:38.377+0000] {processor.py:840} INFO - DAG(s) 'trustpilot_pipeline' retrieved from /opt/airflow/dags/trustpilot_dag.py
[2025-06-21T18:32:38.399+0000] {logging_mixin.py:188} INFO - [2025-06-21T18:32:38.399+0000] {dag.py:3096} INFO - Sync 1 DAGs
[2025-06-21T18:32:38.421+0000] {logging_mixin.py:188} INFO - [2025-06-21T18:32:38.420+0000] {dag.py:3954} INFO - Setting next_dagrun for trustpilot_pipeline to 2025-06-16 04:00:00+00:00, run_after=2025-06-23 04:00:00+00:00
[2025-06-21T18:32:38.437+0000] {processor.py:183} INFO - Processing /opt/airflow/dags/trustpilot_dag.py took 1.096 seconds
[2025-06-21T18:33:08.498+0000] {processor.py:161} INFO - Started process (PID=705) to work on /opt/airflow/dags/trustpilot_dag.py
[2025-06-21T18:33:08.501+0000] {processor.py:830} INFO - Processing file /opt/airflow/dags/trustpilot_dag.py for tasks to queue
[2025-06-21T18:33:08.503+0000] {logging_mixin.py:188} INFO - [2025-06-21T18:33:08.502+0000] {dagbag.py:545} INFO - Filling up the DagBag from /opt/airflow/dags/trustpilot_dag.py
[2025-06-21T18:33:09.499+0000] {processor.py:840} INFO - DAG(s) 'trustpilot_pipeline' retrieved from /opt/airflow/dags/trustpilot_dag.py
[2025-06-21T18:33:09.521+0000] {logging_mixin.py:188} INFO - [2025-06-21T18:33:09.520+0000] {dag.py:3096} INFO - Sync 1 DAGs
[2025-06-21T18:33:09.543+0000] {logging_mixin.py:188} INFO - [2025-06-21T18:33:09.542+0000] {dag.py:3954} INFO - Setting next_dagrun for trustpilot_pipeline to 2025-06-16 04:00:00+00:00, run_after=2025-06-23 04:00:00+00:00
[2025-06-21T18:33:09.564+0000] {processor.py:183} INFO - Processing /opt/airflow/dags/trustpilot_dag.py took 1.079 seconds
[2025-06-21T18:33:39.747+0000] {processor.py:161} INFO - Started process (PID=711) to work on /opt/airflow/dags/trustpilot_dag.py
[2025-06-21T18:33:39.750+0000] {processor.py:830} INFO - Processing file /opt/airflow/dags/trustpilot_dag.py for tasks to queue
[2025-06-21T18:33:39.753+0000] {logging_mixin.py:188} INFO - [2025-06-21T18:33:39.752+0000] {dagbag.py:545} INFO - Filling up the DagBag from /opt/airflow/dags/trustpilot_dag.py
[2025-06-21T18:33:40.742+0000] {processor.py:840} INFO - DAG(s) 'trustpilot_pipeline' retrieved from /opt/airflow/dags/trustpilot_dag.py
[2025-06-21T18:33:40.767+0000] {logging_mixin.py:188} INFO - [2025-06-21T18:33:40.767+0000] {dag.py:3096} INFO - Sync 1 DAGs
[2025-06-21T18:33:40.790+0000] {logging_mixin.py:188} INFO - [2025-06-21T18:33:40.790+0000] {dag.py:3954} INFO - Setting next_dagrun for trustpilot_pipeline to 2025-06-16 04:00:00+00:00, run_after=2025-06-23 04:00:00+00:00
[2025-06-21T18:33:40.811+0000] {processor.py:183} INFO - Processing /opt/airflow/dags/trustpilot_dag.py took 1.076 seconds
[2025-06-21T18:34:10.891+0000] {processor.py:161} INFO - Started process (PID=717) to work on /opt/airflow/dags/trustpilot_dag.py
[2025-06-21T18:34:10.892+0000] {processor.py:830} INFO - Processing file /opt/airflow/dags/trustpilot_dag.py for tasks to queue
[2025-06-21T18:34:10.895+0000] {logging_mixin.py:188} INFO - [2025-06-21T18:34:10.894+0000] {dagbag.py:545} INFO - Filling up the DagBag from /opt/airflow/dags/trustpilot_dag.py
[2025-06-21T18:34:11.927+0000] {processor.py:840} INFO - DAG(s) 'trustpilot_pipeline' retrieved from /opt/airflow/dags/trustpilot_dag.py
[2025-06-21T18:34:11.950+0000] {logging_mixin.py:188} INFO - [2025-06-21T18:34:11.949+0000] {dag.py:3096} INFO - Sync 1 DAGs
[2025-06-21T18:34:11.972+0000] {logging_mixin.py:188} INFO - [2025-06-21T18:34:11.972+0000] {dag.py:3954} INFO - Setting next_dagrun for trustpilot_pipeline to 2025-06-16 04:00:00+00:00, run_after=2025-06-23 04:00:00+00:00
[2025-06-21T18:34:11.989+0000] {processor.py:183} INFO - Processing /opt/airflow/dags/trustpilot_dag.py took 1.110 seconds
[2025-06-21T18:34:42.098+0000] {processor.py:161} INFO - Started process (PID=723) to work on /opt/airflow/dags/trustpilot_dag.py
[2025-06-21T18:34:42.099+0000] {processor.py:830} INFO - Processing file /opt/airflow/dags/trustpilot_dag.py for tasks to queue
[2025-06-21T18:34:42.102+0000] {logging_mixin.py:188} INFO - [2025-06-21T18:34:42.102+0000] {dagbag.py:545} INFO - Filling up the DagBag from /opt/airflow/dags/trustpilot_dag.py
[2025-06-21T18:34:43.241+0000] {processor.py:840} INFO - DAG(s) 'trustpilot_pipeline' retrieved from /opt/airflow/dags/trustpilot_dag.py
[2025-06-21T18:34:43.266+0000] {logging_mixin.py:188} INFO - [2025-06-21T18:34:43.265+0000] {dag.py:3096} INFO - Sync 1 DAGs
[2025-06-21T18:34:43.293+0000] {logging_mixin.py:188} INFO - [2025-06-21T18:34:43.293+0000] {dag.py:3954} INFO - Setting next_dagrun for trustpilot_pipeline to 2025-06-16 04:00:00+00:00, run_after=2025-06-23 04:00:00+00:00
[2025-06-21T18:34:43.313+0000] {processor.py:183} INFO - Processing /opt/airflow/dags/trustpilot_dag.py took 1.222 seconds
[2025-06-21T18:35:13.447+0000] {processor.py:161} INFO - Started process (PID=729) to work on /opt/airflow/dags/trustpilot_dag.py
[2025-06-21T18:35:13.448+0000] {processor.py:830} INFO - Processing file /opt/airflow/dags/trustpilot_dag.py for tasks to queue
[2025-06-21T18:35:13.450+0000] {logging_mixin.py:188} INFO - [2025-06-21T18:35:13.450+0000] {dagbag.py:545} INFO - Filling up the DagBag from /opt/airflow/dags/trustpilot_dag.py
[2025-06-21T18:35:14.565+0000] {processor.py:840} INFO - DAG(s) 'trustpilot_pipeline' retrieved from /opt/airflow/dags/trustpilot_dag.py
[2025-06-21T18:35:14.595+0000] {logging_mixin.py:188} INFO - [2025-06-21T18:35:14.594+0000] {dag.py:3096} INFO - Sync 1 DAGs
[2025-06-21T18:35:14.620+0000] {logging_mixin.py:188} INFO - [2025-06-21T18:35:14.620+0000] {dag.py:3954} INFO - Setting next_dagrun for trustpilot_pipeline to 2025-06-16 04:00:00+00:00, run_after=2025-06-23 04:00:00+00:00
[2025-06-21T18:35:14.642+0000] {processor.py:183} INFO - Processing /opt/airflow/dags/trustpilot_dag.py took 1.203 seconds
[2025-06-21T18:35:44.778+0000] {processor.py:161} INFO - Started process (PID=735) to work on /opt/airflow/dags/trustpilot_dag.py
[2025-06-21T18:35:44.779+0000] {processor.py:830} INFO - Processing file /opt/airflow/dags/trustpilot_dag.py for tasks to queue
[2025-06-21T18:35:44.781+0000] {logging_mixin.py:188} INFO - [2025-06-21T18:35:44.781+0000] {dagbag.py:545} INFO - Filling up the DagBag from /opt/airflow/dags/trustpilot_dag.py
[2025-06-21T18:35:45.869+0000] {processor.py:840} INFO - DAG(s) 'trustpilot_pipeline' retrieved from /opt/airflow/dags/trustpilot_dag.py
[2025-06-21T18:35:45.892+0000] {logging_mixin.py:188} INFO - [2025-06-21T18:35:45.891+0000] {dag.py:3096} INFO - Sync 1 DAGs
[2025-06-21T18:35:45.913+0000] {logging_mixin.py:188} INFO - [2025-06-21T18:35:45.913+0000] {dag.py:3954} INFO - Setting next_dagrun for trustpilot_pipeline to 2025-06-16 04:00:00+00:00, run_after=2025-06-23 04:00:00+00:00
[2025-06-21T18:35:45.935+0000] {processor.py:183} INFO - Processing /opt/airflow/dags/trustpilot_dag.py took 1.165 seconds
[2025-06-21T18:36:16.096+0000] {processor.py:161} INFO - Started process (PID=741) to work on /opt/airflow/dags/trustpilot_dag.py
[2025-06-21T18:36:16.098+0000] {processor.py:830} INFO - Processing file /opt/airflow/dags/trustpilot_dag.py for tasks to queue
[2025-06-21T18:36:16.101+0000] {logging_mixin.py:188} INFO - [2025-06-21T18:36:16.100+0000] {dagbag.py:545} INFO - Filling up the DagBag from /opt/airflow/dags/trustpilot_dag.py
[2025-06-21T18:36:17.215+0000] {processor.py:840} INFO - DAG(s) 'trustpilot_pipeline' retrieved from /opt/airflow/dags/trustpilot_dag.py
[2025-06-21T18:36:17.236+0000] {logging_mixin.py:188} INFO - [2025-06-21T18:36:17.235+0000] {dag.py:3096} INFO - Sync 1 DAGs
[2025-06-21T18:36:17.259+0000] {logging_mixin.py:188} INFO - [2025-06-21T18:36:17.258+0000] {dag.py:3954} INFO - Setting next_dagrun for trustpilot_pipeline to 2025-06-16 04:00:00+00:00, run_after=2025-06-23 04:00:00+00:00
[2025-06-21T18:36:17.278+0000] {processor.py:183} INFO - Processing /opt/airflow/dags/trustpilot_dag.py took 1.195 seconds
[2025-06-21T18:36:47.459+0000] {processor.py:161} INFO - Started process (PID=747) to work on /opt/airflow/dags/trustpilot_dag.py
[2025-06-21T18:36:47.461+0000] {processor.py:830} INFO - Processing file /opt/airflow/dags/trustpilot_dag.py for tasks to queue
[2025-06-21T18:36:47.463+0000] {logging_mixin.py:188} INFO - [2025-06-21T18:36:47.463+0000] {dagbag.py:545} INFO - Filling up the DagBag from /opt/airflow/dags/trustpilot_dag.py
[2025-06-21T18:36:48.452+0000] {processor.py:840} INFO - DAG(s) 'trustpilot_pipeline' retrieved from /opt/airflow/dags/trustpilot_dag.py
[2025-06-21T18:36:48.472+0000] {logging_mixin.py:188} INFO - [2025-06-21T18:36:48.472+0000] {dag.py:3096} INFO - Sync 1 DAGs
[2025-06-21T18:36:48.493+0000] {logging_mixin.py:188} INFO - [2025-06-21T18:36:48.493+0000] {dag.py:3954} INFO - Setting next_dagrun for trustpilot_pipeline to 2025-06-16 04:00:00+00:00, run_after=2025-06-23 04:00:00+00:00
[2025-06-21T18:36:48.513+0000] {processor.py:183} INFO - Processing /opt/airflow/dags/trustpilot_dag.py took 1.064 seconds
[2025-06-21T18:37:18.610+0000] {processor.py:161} INFO - Started process (PID=753) to work on /opt/airflow/dags/trustpilot_dag.py
[2025-06-21T18:37:18.610+0000] {processor.py:830} INFO - Processing file /opt/airflow/dags/trustpilot_dag.py for tasks to queue
[2025-06-21T18:37:18.612+0000] {logging_mixin.py:188} INFO - [2025-06-21T18:37:18.612+0000] {dagbag.py:545} INFO - Filling up the DagBag from /opt/airflow/dags/trustpilot_dag.py
[2025-06-21T18:37:19.567+0000] {processor.py:840} INFO - DAG(s) 'trustpilot_pipeline' retrieved from /opt/airflow/dags/trustpilot_dag.py
[2025-06-21T18:37:19.590+0000] {logging_mixin.py:188} INFO - [2025-06-21T18:37:19.589+0000] {dag.py:3096} INFO - Sync 1 DAGs
[2025-06-21T18:37:19.613+0000] {logging_mixin.py:188} INFO - [2025-06-21T18:37:19.612+0000] {dag.py:3954} INFO - Setting next_dagrun for trustpilot_pipeline to 2025-06-16 04:00:00+00:00, run_after=2025-06-23 04:00:00+00:00
[2025-06-21T18:37:19.630+0000] {processor.py:183} INFO - Processing /opt/airflow/dags/trustpilot_dag.py took 1.030 seconds
[2025-06-21T18:37:49.764+0000] {processor.py:161} INFO - Started process (PID=759) to work on /opt/airflow/dags/trustpilot_dag.py
[2025-06-21T18:37:49.765+0000] {processor.py:830} INFO - Processing file /opt/airflow/dags/trustpilot_dag.py for tasks to queue
[2025-06-21T18:37:49.768+0000] {logging_mixin.py:188} INFO - [2025-06-21T18:37:49.767+0000] {dagbag.py:545} INFO - Filling up the DagBag from /opt/airflow/dags/trustpilot_dag.py
[2025-06-21T18:37:50.758+0000] {processor.py:840} INFO - DAG(s) 'trustpilot_pipeline' retrieved from /opt/airflow/dags/trustpilot_dag.py
[2025-06-21T18:37:50.784+0000] {logging_mixin.py:188} INFO - [2025-06-21T18:37:50.783+0000] {dag.py:3096} INFO - Sync 1 DAGs
[2025-06-21T18:37:50.808+0000] {logging_mixin.py:188} INFO - [2025-06-21T18:37:50.808+0000] {dag.py:3954} INFO - Setting next_dagrun for trustpilot_pipeline to 2025-06-16 04:00:00+00:00, run_after=2025-06-23 04:00:00+00:00
[2025-06-21T18:37:50.827+0000] {processor.py:183} INFO - Processing /opt/airflow/dags/trustpilot_dag.py took 1.074 seconds
[2025-06-21T18:38:20.907+0000] {processor.py:161} INFO - Started process (PID=765) to work on /opt/airflow/dags/trustpilot_dag.py
[2025-06-21T18:38:20.908+0000] {processor.py:830} INFO - Processing file /opt/airflow/dags/trustpilot_dag.py for tasks to queue
[2025-06-21T18:38:20.910+0000] {logging_mixin.py:188} INFO - [2025-06-21T18:38:20.910+0000] {dagbag.py:545} INFO - Filling up the DagBag from /opt/airflow/dags/trustpilot_dag.py
[2025-06-21T18:38:21.947+0000] {processor.py:840} INFO - DAG(s) 'trustpilot_pipeline' retrieved from /opt/airflow/dags/trustpilot_dag.py
[2025-06-21T18:38:21.969+0000] {logging_mixin.py:188} INFO - [2025-06-21T18:38:21.969+0000] {dag.py:3096} INFO - Sync 1 DAGs
[2025-06-21T18:38:21.991+0000] {logging_mixin.py:188} INFO - [2025-06-21T18:38:21.991+0000] {dag.py:3954} INFO - Setting next_dagrun for trustpilot_pipeline to 2025-06-16 04:00:00+00:00, run_after=2025-06-23 04:00:00+00:00
[2025-06-21T18:38:22.009+0000] {processor.py:183} INFO - Processing /opt/airflow/dags/trustpilot_dag.py took 1.109 seconds
[2025-06-21T18:38:52.072+0000] {processor.py:161} INFO - Started process (PID=771) to work on /opt/airflow/dags/trustpilot_dag.py
[2025-06-21T18:38:52.073+0000] {processor.py:830} INFO - Processing file /opt/airflow/dags/trustpilot_dag.py for tasks to queue
[2025-06-21T18:38:52.075+0000] {logging_mixin.py:188} INFO - [2025-06-21T18:38:52.074+0000] {dagbag.py:545} INFO - Filling up the DagBag from /opt/airflow/dags/trustpilot_dag.py
[2025-06-21T18:38:53.374+0000] {processor.py:840} INFO - DAG(s) 'trustpilot_pipeline' retrieved from /opt/airflow/dags/trustpilot_dag.py
[2025-06-21T18:38:53.399+0000] {logging_mixin.py:188} INFO - [2025-06-21T18:38:53.398+0000] {dag.py:3096} INFO - Sync 1 DAGs
[2025-06-21T18:38:53.428+0000] {logging_mixin.py:188} INFO - [2025-06-21T18:38:53.428+0000] {dag.py:3954} INFO - Setting next_dagrun for trustpilot_pipeline to 2025-06-16 04:00:00+00:00, run_after=2025-06-23 04:00:00+00:00
[2025-06-21T18:38:53.453+0000] {processor.py:183} INFO - Processing /opt/airflow/dags/trustpilot_dag.py took 1.389 seconds
[2025-06-21T18:39:23.583+0000] {processor.py:161} INFO - Started process (PID=777) to work on /opt/airflow/dags/trustpilot_dag.py
[2025-06-21T18:39:23.584+0000] {processor.py:830} INFO - Processing file /opt/airflow/dags/trustpilot_dag.py for tasks to queue
[2025-06-21T18:39:23.586+0000] {logging_mixin.py:188} INFO - [2025-06-21T18:39:23.586+0000] {dagbag.py:545} INFO - Filling up the DagBag from /opt/airflow/dags/trustpilot_dag.py
[2025-06-21T18:39:24.660+0000] {processor.py:840} INFO - DAG(s) 'trustpilot_pipeline' retrieved from /opt/airflow/dags/trustpilot_dag.py
[2025-06-21T18:39:24.682+0000] {logging_mixin.py:188} INFO - [2025-06-21T18:39:24.681+0000] {dag.py:3096} INFO - Sync 1 DAGs
[2025-06-21T18:39:24.704+0000] {logging_mixin.py:188} INFO - [2025-06-21T18:39:24.703+0000] {dag.py:3954} INFO - Setting next_dagrun for trustpilot_pipeline to 2025-06-16 04:00:00+00:00, run_after=2025-06-23 04:00:00+00:00
[2025-06-21T18:39:24.721+0000] {processor.py:183} INFO - Processing /opt/airflow/dags/trustpilot_dag.py took 1.146 seconds
[2025-06-21T18:39:54.878+0000] {processor.py:161} INFO - Started process (PID=783) to work on /opt/airflow/dags/trustpilot_dag.py
[2025-06-21T18:39:54.880+0000] {processor.py:830} INFO - Processing file /opt/airflow/dags/trustpilot_dag.py for tasks to queue
[2025-06-21T18:39:54.882+0000] {logging_mixin.py:188} INFO - [2025-06-21T18:39:54.881+0000] {dagbag.py:545} INFO - Filling up the DagBag from /opt/airflow/dags/trustpilot_dag.py
[2025-06-21T18:39:55.879+0000] {processor.py:840} INFO - DAG(s) 'trustpilot_pipeline' retrieved from /opt/airflow/dags/trustpilot_dag.py
[2025-06-21T18:39:55.901+0000] {logging_mixin.py:188} INFO - [2025-06-21T18:39:55.900+0000] {dag.py:3096} INFO - Sync 1 DAGs
[2025-06-21T18:39:55.921+0000] {logging_mixin.py:188} INFO - [2025-06-21T18:39:55.921+0000] {dag.py:3954} INFO - Setting next_dagrun for trustpilot_pipeline to 2025-06-16 04:00:00+00:00, run_after=2025-06-23 04:00:00+00:00
[2025-06-21T18:39:55.939+0000] {processor.py:183} INFO - Processing /opt/airflow/dags/trustpilot_dag.py took 1.073 seconds
[2025-06-21T18:40:26.027+0000] {processor.py:161} INFO - Started process (PID=789) to work on /opt/airflow/dags/trustpilot_dag.py
[2025-06-21T18:40:26.030+0000] {processor.py:830} INFO - Processing file /opt/airflow/dags/trustpilot_dag.py for tasks to queue
[2025-06-21T18:40:26.034+0000] {logging_mixin.py:188} INFO - [2025-06-21T18:40:26.033+0000] {dagbag.py:545} INFO - Filling up the DagBag from /opt/airflow/dags/trustpilot_dag.py
[2025-06-21T18:40:27.075+0000] {processor.py:840} INFO - DAG(s) 'trustpilot_pipeline' retrieved from /opt/airflow/dags/trustpilot_dag.py
[2025-06-21T18:40:27.096+0000] {logging_mixin.py:188} INFO - [2025-06-21T18:40:27.096+0000] {dag.py:3096} INFO - Sync 1 DAGs
[2025-06-21T18:40:27.116+0000] {logging_mixin.py:188} INFO - [2025-06-21T18:40:27.116+0000] {dag.py:3954} INFO - Setting next_dagrun for trustpilot_pipeline to 2025-06-16 04:00:00+00:00, run_after=2025-06-23 04:00:00+00:00
[2025-06-21T18:40:27.134+0000] {processor.py:183} INFO - Processing /opt/airflow/dags/trustpilot_dag.py took 1.124 seconds
[2025-06-21T18:40:57.211+0000] {processor.py:161} INFO - Started process (PID=795) to work on /opt/airflow/dags/trustpilot_dag.py
[2025-06-21T18:40:57.212+0000] {processor.py:830} INFO - Processing file /opt/airflow/dags/trustpilot_dag.py for tasks to queue
[2025-06-21T18:40:57.215+0000] {logging_mixin.py:188} INFO - [2025-06-21T18:40:57.214+0000] {dagbag.py:545} INFO - Filling up the DagBag from /opt/airflow/dags/trustpilot_dag.py
[2025-06-21T18:40:58.309+0000] {processor.py:840} INFO - DAG(s) 'trustpilot_pipeline' retrieved from /opt/airflow/dags/trustpilot_dag.py
[2025-06-21T18:40:58.331+0000] {logging_mixin.py:188} INFO - [2025-06-21T18:40:58.331+0000] {dag.py:3096} INFO - Sync 1 DAGs
[2025-06-21T18:40:58.353+0000] {logging_mixin.py:188} INFO - [2025-06-21T18:40:58.353+0000] {dag.py:3954} INFO - Setting next_dagrun for trustpilot_pipeline to 2025-06-16 04:00:00+00:00, run_after=2025-06-23 04:00:00+00:00
[2025-06-21T18:40:58.372+0000] {processor.py:183} INFO - Processing /opt/airflow/dags/trustpilot_dag.py took 1.168 seconds
[2025-06-21T18:41:28.524+0000] {processor.py:161} INFO - Started process (PID=801) to work on /opt/airflow/dags/trustpilot_dag.py
[2025-06-21T18:41:28.525+0000] {processor.py:830} INFO - Processing file /opt/airflow/dags/trustpilot_dag.py for tasks to queue
[2025-06-21T18:41:28.527+0000] {logging_mixin.py:188} INFO - [2025-06-21T18:41:28.526+0000] {dagbag.py:545} INFO - Filling up the DagBag from /opt/airflow/dags/trustpilot_dag.py
[2025-06-21T18:41:29.543+0000] {processor.py:840} INFO - DAG(s) 'trustpilot_pipeline' retrieved from /opt/airflow/dags/trustpilot_dag.py
[2025-06-21T18:41:29.564+0000] {logging_mixin.py:188} INFO - [2025-06-21T18:41:29.564+0000] {dag.py:3096} INFO - Sync 1 DAGs
[2025-06-21T18:41:29.583+0000] {logging_mixin.py:188} INFO - [2025-06-21T18:41:29.583+0000] {dag.py:3954} INFO - Setting next_dagrun for trustpilot_pipeline to 2025-06-16 04:00:00+00:00, run_after=2025-06-23 04:00:00+00:00
[2025-06-21T18:41:29.598+0000] {processor.py:183} INFO - Processing /opt/airflow/dags/trustpilot_dag.py took 1.082 seconds
[2025-06-21T18:41:59.723+0000] {processor.py:161} INFO - Started process (PID=807) to work on /opt/airflow/dags/trustpilot_dag.py
[2025-06-21T18:41:59.724+0000] {processor.py:830} INFO - Processing file /opt/airflow/dags/trustpilot_dag.py for tasks to queue
[2025-06-21T18:41:59.726+0000] {logging_mixin.py:188} INFO - [2025-06-21T18:41:59.726+0000] {dagbag.py:545} INFO - Filling up the DagBag from /opt/airflow/dags/trustpilot_dag.py
[2025-06-21T18:42:00.754+0000] {processor.py:840} INFO - DAG(s) 'trustpilot_pipeline' retrieved from /opt/airflow/dags/trustpilot_dag.py
[2025-06-21T18:42:00.777+0000] {logging_mixin.py:188} INFO - [2025-06-21T18:42:00.777+0000] {dag.py:3096} INFO - Sync 1 DAGs
[2025-06-21T18:42:00.799+0000] {logging_mixin.py:188} INFO - [2025-06-21T18:42:00.798+0000] {dag.py:3954} INFO - Setting next_dagrun for trustpilot_pipeline to 2025-06-16 04:00:00+00:00, run_after=2025-06-23 04:00:00+00:00
[2025-06-21T18:42:00.818+0000] {processor.py:183} INFO - Processing /opt/airflow/dags/trustpilot_dag.py took 1.105 seconds
[2025-06-21T18:42:30.941+0000] {processor.py:161} INFO - Started process (PID=813) to work on /opt/airflow/dags/trustpilot_dag.py
[2025-06-21T18:42:30.942+0000] {processor.py:830} INFO - Processing file /opt/airflow/dags/trustpilot_dag.py for tasks to queue
[2025-06-21T18:42:30.945+0000] {logging_mixin.py:188} INFO - [2025-06-21T18:42:30.944+0000] {dagbag.py:545} INFO - Filling up the DagBag from /opt/airflow/dags/trustpilot_dag.py
[2025-06-21T18:42:31.974+0000] {processor.py:840} INFO - DAG(s) 'trustpilot_pipeline' retrieved from /opt/airflow/dags/trustpilot_dag.py
[2025-06-21T18:42:31.994+0000] {logging_mixin.py:188} INFO - [2025-06-21T18:42:31.994+0000] {dag.py:3096} INFO - Sync 1 DAGs
[2025-06-21T18:42:32.017+0000] {logging_mixin.py:188} INFO - [2025-06-21T18:42:32.017+0000] {dag.py:3954} INFO - Setting next_dagrun for trustpilot_pipeline to 2025-06-16 04:00:00+00:00, run_after=2025-06-23 04:00:00+00:00
[2025-06-21T18:42:32.035+0000] {processor.py:183} INFO - Processing /opt/airflow/dags/trustpilot_dag.py took 1.102 seconds
[2025-06-21T18:43:02.180+0000] {processor.py:161} INFO - Started process (PID=819) to work on /opt/airflow/dags/trustpilot_dag.py
[2025-06-21T18:43:02.181+0000] {processor.py:830} INFO - Processing file /opt/airflow/dags/trustpilot_dag.py for tasks to queue
[2025-06-21T18:43:02.184+0000] {logging_mixin.py:188} INFO - [2025-06-21T18:43:02.183+0000] {dagbag.py:545} INFO - Filling up the DagBag from /opt/airflow/dags/trustpilot_dag.py
[2025-06-21T18:43:03.182+0000] {processor.py:840} INFO - DAG(s) 'trustpilot_pipeline' retrieved from /opt/airflow/dags/trustpilot_dag.py
[2025-06-21T18:43:03.202+0000] {logging_mixin.py:188} INFO - [2025-06-21T18:43:03.202+0000] {dag.py:3096} INFO - Sync 1 DAGs
[2025-06-21T18:43:03.223+0000] {logging_mixin.py:188} INFO - [2025-06-21T18:43:03.223+0000] {dag.py:3954} INFO - Setting next_dagrun for trustpilot_pipeline to 2025-06-16 04:00:00+00:00, run_after=2025-06-23 04:00:00+00:00
[2025-06-21T18:43:03.239+0000] {processor.py:183} INFO - Processing /opt/airflow/dags/trustpilot_dag.py took 1.072 seconds
[2025-06-21T18:43:33.305+0000] {processor.py:161} INFO - Started process (PID=825) to work on /opt/airflow/dags/trustpilot_dag.py
[2025-06-21T18:43:33.308+0000] {processor.py:830} INFO - Processing file /opt/airflow/dags/trustpilot_dag.py for tasks to queue
[2025-06-21T18:43:33.311+0000] {logging_mixin.py:188} INFO - [2025-06-21T18:43:33.310+0000] {dagbag.py:545} INFO - Filling up the DagBag from /opt/airflow/dags/trustpilot_dag.py
[2025-06-21T18:43:34.353+0000] {processor.py:840} INFO - DAG(s) 'trustpilot_pipeline' retrieved from /opt/airflow/dags/trustpilot_dag.py
[2025-06-21T18:43:34.377+0000] {logging_mixin.py:188} INFO - [2025-06-21T18:43:34.377+0000] {dag.py:3096} INFO - Sync 1 DAGs
[2025-06-21T18:43:34.395+0000] {logging_mixin.py:188} INFO - [2025-06-21T18:43:34.395+0000] {dag.py:3954} INFO - Setting next_dagrun for trustpilot_pipeline to 2025-06-16 04:00:00+00:00, run_after=2025-06-23 04:00:00+00:00
[2025-06-21T18:43:34.414+0000] {processor.py:183} INFO - Processing /opt/airflow/dags/trustpilot_dag.py took 1.117 seconds
[2025-06-21T18:44:04.522+0000] {processor.py:161} INFO - Started process (PID=831) to work on /opt/airflow/dags/trustpilot_dag.py
[2025-06-21T18:44:04.524+0000] {processor.py:830} INFO - Processing file /opt/airflow/dags/trustpilot_dag.py for tasks to queue
[2025-06-21T18:44:04.527+0000] {logging_mixin.py:188} INFO - [2025-06-21T18:44:04.527+0000] {dagbag.py:545} INFO - Filling up the DagBag from /opt/airflow/dags/trustpilot_dag.py
[2025-06-21T18:44:05.608+0000] {processor.py:840} INFO - DAG(s) 'trustpilot_pipeline' retrieved from /opt/airflow/dags/trustpilot_dag.py
[2025-06-21T18:44:05.636+0000] {logging_mixin.py:188} INFO - [2025-06-21T18:44:05.636+0000] {dag.py:3096} INFO - Sync 1 DAGs
[2025-06-21T18:44:05.660+0000] {logging_mixin.py:188} INFO - [2025-06-21T18:44:05.660+0000] {dag.py:3954} INFO - Setting next_dagrun for trustpilot_pipeline to 2025-06-16 04:00:00+00:00, run_after=2025-06-23 04:00:00+00:00
[2025-06-21T18:44:05.683+0000] {processor.py:183} INFO - Processing /opt/airflow/dags/trustpilot_dag.py took 1.174 seconds
[2025-06-21T18:44:35.848+0000] {processor.py:161} INFO - Started process (PID=837) to work on /opt/airflow/dags/trustpilot_dag.py
[2025-06-21T18:44:35.851+0000] {processor.py:830} INFO - Processing file /opt/airflow/dags/trustpilot_dag.py for tasks to queue
[2025-06-21T18:44:35.853+0000] {logging_mixin.py:188} INFO - [2025-06-21T18:44:35.852+0000] {dagbag.py:545} INFO - Filling up the DagBag from /opt/airflow/dags/trustpilot_dag.py
[2025-06-21T18:44:36.831+0000] {processor.py:840} INFO - DAG(s) 'trustpilot_pipeline' retrieved from /opt/airflow/dags/trustpilot_dag.py
[2025-06-21T18:44:36.852+0000] {logging_mixin.py:188} INFO - [2025-06-21T18:44:36.852+0000] {dag.py:3096} INFO - Sync 1 DAGs
[2025-06-21T18:44:36.872+0000] {logging_mixin.py:188} INFO - [2025-06-21T18:44:36.872+0000] {dag.py:3954} INFO - Setting next_dagrun for trustpilot_pipeline to 2025-06-16 04:00:00+00:00, run_after=2025-06-23 04:00:00+00:00
[2025-06-21T18:44:36.891+0000] {processor.py:183} INFO - Processing /opt/airflow/dags/trustpilot_dag.py took 1.055 seconds
[2025-06-21T18:45:06.983+0000] {processor.py:161} INFO - Started process (PID=843) to work on /opt/airflow/dags/trustpilot_dag.py
[2025-06-21T18:45:06.986+0000] {processor.py:830} INFO - Processing file /opt/airflow/dags/trustpilot_dag.py for tasks to queue
[2025-06-21T18:45:06.989+0000] {logging_mixin.py:188} INFO - [2025-06-21T18:45:06.989+0000] {dagbag.py:545} INFO - Filling up the DagBag from /opt/airflow/dags/trustpilot_dag.py
[2025-06-21T18:45:07.942+0000] {processor.py:840} INFO - DAG(s) 'trustpilot_pipeline' retrieved from /opt/airflow/dags/trustpilot_dag.py
[2025-06-21T18:45:07.963+0000] {logging_mixin.py:188} INFO - [2025-06-21T18:45:07.963+0000] {dag.py:3096} INFO - Sync 1 DAGs
[2025-06-21T18:45:07.984+0000] {logging_mixin.py:188} INFO - [2025-06-21T18:45:07.984+0000] {dag.py:3954} INFO - Setting next_dagrun for trustpilot_pipeline to 2025-06-16 04:00:00+00:00, run_after=2025-06-23 04:00:00+00:00
[2025-06-21T18:45:08.004+0000] {processor.py:183} INFO - Processing /opt/airflow/dags/trustpilot_dag.py took 1.035 seconds
[2025-06-21T18:45:38.132+0000] {processor.py:161} INFO - Started process (PID=849) to work on /opt/airflow/dags/trustpilot_dag.py
[2025-06-21T18:45:38.134+0000] {processor.py:830} INFO - Processing file /opt/airflow/dags/trustpilot_dag.py for tasks to queue
[2025-06-21T18:45:38.137+0000] {logging_mixin.py:188} INFO - [2025-06-21T18:45:38.136+0000] {dagbag.py:545} INFO - Filling up the DagBag from /opt/airflow/dags/trustpilot_dag.py
[2025-06-21T18:45:39.166+0000] {processor.py:840} INFO - DAG(s) 'trustpilot_pipeline' retrieved from /opt/airflow/dags/trustpilot_dag.py
[2025-06-21T18:45:39.188+0000] {logging_mixin.py:188} INFO - [2025-06-21T18:45:39.188+0000] {dag.py:3096} INFO - Sync 1 DAGs
[2025-06-21T18:45:39.209+0000] {logging_mixin.py:188} INFO - [2025-06-21T18:45:39.209+0000] {dag.py:3954} INFO - Setting next_dagrun for trustpilot_pipeline to 2025-06-16 04:00:00+00:00, run_after=2025-06-23 04:00:00+00:00
[2025-06-21T18:45:39.225+0000] {processor.py:183} INFO - Processing /opt/airflow/dags/trustpilot_dag.py took 1.107 seconds
[2025-06-21T18:46:09.309+0000] {processor.py:161} INFO - Started process (PID=855) to work on /opt/airflow/dags/trustpilot_dag.py
[2025-06-21T18:46:09.310+0000] {processor.py:830} INFO - Processing file /opt/airflow/dags/trustpilot_dag.py for tasks to queue
[2025-06-21T18:46:09.313+0000] {logging_mixin.py:188} INFO - [2025-06-21T18:46:09.312+0000] {dagbag.py:545} INFO - Filling up the DagBag from /opt/airflow/dags/trustpilot_dag.py
[2025-06-21T18:46:10.317+0000] {processor.py:840} INFO - DAG(s) 'trustpilot_pipeline' retrieved from /opt/airflow/dags/trustpilot_dag.py
[2025-06-21T18:46:10.340+0000] {logging_mixin.py:188} INFO - [2025-06-21T18:46:10.340+0000] {dag.py:3096} INFO - Sync 1 DAGs
[2025-06-21T18:46:10.360+0000] {logging_mixin.py:188} INFO - [2025-06-21T18:46:10.360+0000] {dag.py:3954} INFO - Setting next_dagrun for trustpilot_pipeline to 2025-06-16 04:00:00+00:00, run_after=2025-06-23 04:00:00+00:00
[2025-06-21T18:46:10.376+0000] {processor.py:183} INFO - Processing /opt/airflow/dags/trustpilot_dag.py took 1.080 seconds
